key,distance,patch,basis,rounds,source,decoder,prior,shots,errors,test_shots,test_errors,agree_with_google_cm,seconds
d7_at_q6_7/X/r190,7,q6_7,X,190,ours,pymatching,si1000,50000,20823,15000,6304,30150,11.61
d7_at_q6_7/X/r190,7,q6_7,X,190,ours,pymatching_correlated,si1000,50000,15369,15000,4538,42582,42.81
d7_at_q6_7/X/r190,7,q6_7,X,190,ours,pymatching,rl,50000,20589,15000,6216,30573,13.42
d7_at_q6_7/X/r190,7,q6_7,X,190,ours,pymatching_correlated,rl,50000,15052,15000,4452,39744,44.52
d7_at_q6_7/X/r190,7,q6_7,X,190,google,correlated_matching,si1000,50000,15531,15000,4618,,
d7_at_q6_7/X/r190,7,q6_7,X,190,google,correlated_matching,rl,50000,14772,15000,4367,,
d7_at_q6_7/X/r190,7,q6_7,X,190,google,harmony,si1000,50000,14918,15000,4480,,
d7_at_q6_7/X/r190,7,q6_7,X,190,google,harmony,rl,50000,14621,15000,4325,,
d7_at_q6_7/X/r190,7,q6_7,X,190,google,libra,rl,50000,13018,15000,3858,,
d7_at_q6_7/Z/r190,7,q6_7,Z,190,ours,pymatching,si1000,50000,20362,15000,6143,30599,11.69
d7_at_q6_7/Z/r190,7,q6_7,Z,190,ours,pymatching_correlated,si1000,50000,15172,15000,4515,42503,43.78
d7_at_q6_7/Z/r190,7,q6_7,Z,190,ours,pymatching,rl,50000,20360,15000,6047,30836,13.31
d7_at_q6_7/Z/r190,7,q6_7,Z,190,ours,pymatching_correlated,rl,50000,14546,15000,4413,40652,44.79
d7_at_q6_7/Z/r190,7,q6_7,Z,190,google,correlated_matching,si1000,50000,14871,15000,4468,,
d7_at_q6_7/Z/r190,7,q6_7,Z,190,google,correlated_matching,rl,50000,13926,15000,4209,,
d7_at_q6_7/Z/r190,7,q6_7,Z,190,google,harmony,si1000,50000,14429,15000,4276,,
d7_at_q6_7/Z/r190,7,q6_7,Z,190,google,harmony,rl,50000,13776,15000,4123,,
d7_at_q6_7/Z/r190,7,q6_7,Z,190,google,libra,rl,50000,12192,15000,3621,,
d7_at_q6_7/X/r210,7,q6_7,X,210,ours,pymatching,si1000,50000,20587,15000,6068,30520,12.08
d7_at_q6_7/X/r210,7,q6_7,X,210,ours,pymatching_correlated,si1000,50000,15118,15000,4561,42631,45.59
d7_at_q6_7/X/r210,7,q6_7,X,210,ours,pymatching,rl,50000,20549,15000,6035,30578,14.04
d7_at_q6_7/X/r210,7,q6_7,X,210,ours,pymatching_correlated,rl,50000,14875,15000,4531,39760,47.29
d7_at_q6_7/X/r210,7,q6_7,X,210,google,correlated_matching,si1000,50000,15069,15000,4536,,
d7_at_q6_7/X/r210,7,q6_7,X,210,google,correlated_matching,rl,50000,14627,15000,4427,,
d7_at_q6_7/X/r210,7,q6_7,X,210,google,harmony,si1000,50000,14591,15000,4418,,
d7_at_q6_7/X/r210,7,q6_7,X,210,google,harmony,rl,50000,14545,15000,4342,,
d7_at_q6_7/X/r210,7,q6_7,X,210,google,libra,rl,50000,12873,15000,3944,,
d7_at_q6_7/Z/r210,7,q6_7,Z,210,ours,pymatching,si1000,50000,20442,15000,6075,30809,12.47
d7_at_q6_7/Z/r210,7,q6_7,Z,210,ours,pymatching_correlated,si1000,50000,14729,15000,4405,42706,46.59
d7_at_q6_7/Z/r210,7,q6_7,Z,210,ours,pymatching,rl,50000,20400,15000,6080,30685,14.28
d7_at_q6_7/Z/r210,7,q6_7,Z,210,ours,pymatching_correlated,rl,50000,14750,15000,4428,40385,48.32
d7_at_q6_7/Z/r210,7,q6_7,Z,210,google,correlated_matching,si1000,50000,14665,15000,4365,,
d7_at_q6_7/Z/r210,7,q6_7,Z,210,google,correlated_matching,rl,50000,13765,15000,4219,,
d7_at_q6_7/Z/r210,7,q6_7,Z,210,google,harmony,si1000,50000,14067,15000,4206,,
d7_at_q6_7/Z/r210,7,q6_7,Z,210,google,harmony,rl,50000,13620,15000,4123,,
d7_at_q6_7/Z/r210,7,q6_7,Z,210,google,libra,rl,50000,11965,15000,3578,,
d7_at_q6_7/Z/r230,7,q6_7,Z,230,ours,pymatching,si1000,50000,21110,15000,6334,29906,14.12
d7_at_q6_7/Z/r230,7,q6_7,Z,230,ours,pymatching_correlated,si1000,50000,15892,15000,4737,41954,52.9
d7_at_q6_7/Z/r230,7,q6_7,Z,230,ours,pymatching,rl,50000,20894,15000,6245,30086,16.07
d7_at_q6_7/Z/r230,7,q6_7,Z,230,ours,pymatching_correlated,rl,50000,15267,15000,4604,40115,54.49
d7_at_q6_7/Z/r230,7,q6_7,Z,230,google,correlated_matching,si1000,50000,15594,15000,4636,,
d7_at_q6_7/Z/r230,7,q6_7,Z,230,google,correlated_matching,rl,50000,14512,15000,4382,,
d7_at_q6_7/Z/r230,7,q6_7,Z,230,google,harmony,si1000,50000,15241,15000,4616,,
d7_at_q6_7/Z/r230,7,q6_7,Z,230,google,harmony,rl,50000,14614,15000,4415,,
d7_at_q6_7/Z/r230,7,q6_7,Z,230,google,libra,rl,50000,12776,15000,3844,,
d7_at_q6_7/X/r230,7,q6_7,X,230,ours,pymatching,si1000,50000,22112,15000,6651,28663,14.26
d7_at_q6_7/X/r230,7,q6_7,X,230,ours,pymatching_correlated,si1000,50000,16968,15000,5069,41465,53.69
d7_at_q6_7/X/r230,7,q6_7,X,230,ours,pymatching,rl,50000,21909,15000,6597,29026,16.43
d7_at_q6_7/X/r230,7,q6_7,X,230,ours,pymatching_correlated,rl,50000,16339,15000,4924,38390,56.57
d7_at_q6_7/X/r230,7,q6_7,X,230,google,correlated_matching,si1000,50000,16781,15000,5010,,
d7_at_q6_7/X/r230,7,q6_7,X,230,google,correlated_matching,rl,50000,16465,15000,4934,,
d7_at_q6_7/X/r230,7,q6_7,X,230,google,harmony,si1000,50000,16505,15000,4853,,
d7_at_q6_7/X/r230,7,q6_7,X,230,google,harmony,rl,50000,16159,15000,4813,,
d7_at_q6_7/X/r230,7,q6_7,X,230,google,libra,rl,50000,14579,15000,4406,,
d7_at_q6_7/Z/r250,7,q6_7,Z,250,ours,pymatching,si1000,50000,20809,15000,6213,29898,14.9
d7_at_q6_7/Z/r250,7,q6_7,Z,250,ours,pymatching_correlated,si1000,50000,15749,15000,4727,42128,56.6
d7_at_q6_7/Z/r250,7,q6_7,Z,250,ours,pymatching,rl,50000,20596,15000,6186,30278,17.17
d7_at_q6_7/Z/r250,7,q6_7,Z,250,ours,pymatching_correlated,rl,50000,14957,15000,4476,40151,58.55
d7_at_q6_7/Z/r250,7,q6_7,Z,250,google,correlated_matching,si1000,50000,15319,15000,4594,,
d7_at_q6_7/Z/r250,7,q6_7,Z,250,google,correlated_matching,rl,50000,14130,15000,4252,,
d7_at_q6_7/Z/r250,7,q6_7,Z,250,google,harmony,si1000,50000,14829,15000,4395,,
d7_at_q6_7/Z/r250,7,q6_7,Z,250,google,harmony,rl,50000,14322,15000,4306,,
d7_at_q6_7/Z/r250,7,q6_7,Z,250,google,libra,rl,50000,12505,15000,3806,,
d7_at_q6_7/X/r250,7,q6_7,X,250,ours,pymatching,si1000,50000,21983,15000,6562,28905,15.53
d7_at_q6_7/X/r250,7,q6_7,X,250,ours,pymatching_correlated,si1000,50000,16774,15000,5062,41612,57.26
d7_at_q6_7/X/r250,7,q6_7,X,250,ours,pymatching,rl,50000,21707,15000,6427,29291,17.75
d7_at_q6_7/X/r250,7,q6_7,X,250,ours,pymatching_correlated,rl,50000,16254,15000,4918,38664,59.9
d7_at_q6_7/X/r250,7,q6_7,X,250,google,correlated_matching,si1000,50000,16698,15000,5106,,
d7_at_q6_7/X/r250,7,q6_7,X,250,google,correlated_matching,rl,50000,16044,15000,4818,,
d7_at_q6_7/X/r250,7,q6_7,X,250,google,harmony,si1000,50000,16251,15000,4894,,
d7_at_q6_7/X/r250,7,q6_7,X,250,google,harmony,rl,50000,16149,15000,4795,,
d7_at_q6_7/X/r250,7,q6_7,X,250,google,libra,rl,50000,14215,15000,4286,,
d5_at_q4_7/X/r250,5,q4_7,X,250,ours,pymatching,si1000,50000,23639,15000,7103,27423,5.38
d5_at_q4_7/X/r250,5,q4_7,X,250,ours,pymatching_correlated,si1000,50000,21287,15000,6342,39363,19.04
d5_at_q4_7/X/r250,5,q4_7,X,250,ours,pymatching,rl,50000,23525,15000,7092,27484,5.59
d5_at_q4_7/X/r250,5,q4_7,X,250,ours,pymatching_correlated,rl,50000,20841,15000,6337,35402,19.24
d5_at_q4_7/X/r250,5,q4_7,X,250,google,correlated_matching,si1000,50000,21196,15000,6331,,
d5_at_q4_7/X/r250,5,q4_7,X,250,google,correlated_matching,rl,50000,20689,15000,6175,,
d5_at_q4_7/X/r250,5,q4_7,X,250,google,harmony,si1000,50000,20933,15000,6305,,
d5_at_q4_7/X/r250,5,q4_7,X,250,google,harmony,rl,50000,20502,15000,6048,,
d5_at_q4_7/X/r250,5,q4_7,X,250,google,libra,rl,50000,19454,15000,5800,,
d5_at_q4_7/Z/r250,5,q4_7,Z,250,ours,pymatching,si1000,50000,22834,15000,6819,28491,5.35
d5_at_q4_7/Z/r250,5,q4_7,Z,250,ours,pymatching_correlated,si1000,50000,20232,15000,5992,40337,18.77
d5_at_q4_7/Z/r250,5,q4_7,Z,250,ours,pymatching,rl,50000,22545,15000,6736,28758,5.54
d5_at_q4_7/Z/r250,5,q4_7,Z,250,ours,pymatching_correlated,rl,50000,19425,15000,5793,38306,19.52
d5_at_q4_7/Z/r250,5,q4_7,Z,250,google,correlated_matching,si1000,50000,19911,15000,5917,,
d5_at_q4_7/Z/r250,5,q4_7,Z,250,google,correlated_matching,rl,50000,18955,15000,5644,,
d5_at_q4_7/Z/r250,5,q4_7,Z,250,google,harmony,si1000,50000,19421,15000,5788,,
d5_at_q4_7/Z/r250,5,q4_7,Z,250,google,harmony,rl,50000,18890,15000,5585,,
d5_at_q4_7/Z/r250,5,q4_7,Z,250,google,libra,rl,50000,17749,15000,5225,,
d7_at_q6_7/X/r150,7,q6_7,X,150,ours,pymatching,si1000,50000,18370,15000,5593,32965,9.34
d7_at_q6_7/X/r150,7,q6_7,X,150,ours,pymatching_correlated,si1000,50000,12796,15000,3787,44281,31.19
d7_at_q6_7/X/r150,7,q6_7,X,150,ours,pymatching,rl,50000,18125,15000,5470,33261,9.94
d7_at_q6_7/X/r150,7,q6_7,X,150,ours,pymatching_correlated,rl,50000,12366,15000,3726,41904,31.32
d7_at_q6_7/X/r150,7,q6_7,X,150,google,correlated_matching,si1000,50000,12643,15000,3751,,
d7_at_q6_7/X/r150,7,q6_7,X,150,google,correlated_matching,rl,50000,12150,15000,3604,,
d7_at_q6_7/X/r150,7,q6_7,X,150,google,harmony,si1000,50000,12128,15000,3555,,
d7_at_q6_7/X/r150,7,q6_7,X,150,google,harmony,rl,50000,11975,15000,3615,,
d7_at_q6_7/X/r150,7,q6_7,X,150,google,libra,rl,50000,10348,15000,3071,,
d7_at_q6_7/Z/r150,7,q6_7,Z,150,ours,pymatching,si1000,50000,17614,15000,5306,33308,9.53
d7_at_q6_7/Z/r150,7,q6_7,Z,150,ours,pymatching_correlated,si1000,50000,12363,15000,3728,44289,31.7
d7_at_q6_7/Z/r150,7,q6_7,Z,150,ours,pymatching,rl,50000,17574,15000,5296,33464,10.05
d7_at_q6_7/Z/r150,7,q6_7,Z,150,ours,pymatching_correlated,rl,50000,11715,15000,3527,42753,31.45
d7_at_q6_7/Z/r150,7,q6_7,Z,150,google,correlated_matching,si1000,50000,12126,15000,3661,,
d7_at_q6_7/Z/r150,7,q6_7,Z,150,google,correlated_matching,rl,50000,10874,15000,3309,,
d7_at_q6_7/Z/r150,7,q6_7,Z,150,google,harmony,si1000,50000,11444,15000,3442,,
d7_at_q6_7/Z/r150,7,q6_7,Z,150,google,harmony,rl,50000,10659,15000,3206,,
d7_at_q6_7/Z/r150,7,q6_7,Z,150,google,libra,rl,50000,9457,15000,2866,,
d7_at_q6_7/Z/r170,7,q6_7,Z,170,ours,pymatching,si1000,50000,18398,15000,5429,32621,10.89
d7_at_q6_7/Z/r170,7,q6_7,Z,170,ours,pymatching_correlated,si1000,50000,13107,15000,3940,43810,36.66
d7_at_q6_7/Z/r170,7,q6_7,Z,170,ours,pymatching,rl,50000,18467,15000,5482,32438,11.45
d7_at_q6_7/Z/r170,7,q6_7,Z,170,ours,pymatching_correlated,rl,50000,12706,15000,3851,42167,36.01
d7_at_q6_7/Z/r170,7,q6_7,Z,170,google,correlated_matching,si1000,50000,12807,15000,3806,,
d7_at_q6_7/Z/r170,7,q6_7,Z,170,google,correlated_matching,rl,50000,11795,15000,3553,,
d7_at_q6_7/Z/r170,7,q6_7,Z,170,google,harmony,si1000,50000,12292,15000,3750,,
d7_at_q6_7/Z/r170,7,q6_7,Z,170,google,harmony,rl,50000,11692,15000,3518,,
d7_at_q6_7/Z/r170,7,q6_7,Z,170,google,libra,rl,50000,10179,15000,3096,,
d7_at_q6_7/Z/r130,7,q6_7,Z,130,ours,pymatching,si1000,50000,15676,15000,4717,35280,7.75
d7_at_q6_7/Z/r130,7,q6_7,Z,130,ours,pymatching_correlated,si1000,50000,10419,15000,3119,45457,25.6
d7_at_q6_7/Z/r130,7,q6_7,Z,130,ours,pymatching,rl,50000,15543,15000,4640,35518,8.15
d7_at_q6_7/Z/r130,7,q6_7,Z,130,ours,pymatching_correlated,rl,50000,9948,15000,2971,44141,26.11
d7_at_q6_7/Z/r130,7,q6_7,Z,130,google,correlated_matching,si1000,50000,10098,15000,3021,,
d7_at_q6_7/Z/r130,7,q6_7,Z,130,google,correlated_matching,rl,50000,9295,15000,2755,,
d7_at_q6_7/Z/r130,7,q6_7,Z,130,google,harmony,si1000,50000,9531,15000,2869,,
d7_at_q6_7/Z/r130,7,q6_7,Z,130,google,harmony,rl,50000,8994,15000,2657,,
d7_at_q6_7/Z/r130,7,q6_7,Z,130,google,libra,rl,50000,7887,15000,2359,,
d7_at_q6_7/X/r130,7,q6_7,X,130,ours,pymatching,si1000,50000,17755,15000,5383,33502,8.14
d7_at_q6_7/X/r130,7,q6_7,X,130,ours,pymatching_correlated,si1000,50000,12029,15000,3597,44652,27.01
d7_at_q6_7/X/r130,7,q6_7,X,130,ours,pymatching,rl,50000,17312,15000,5179,33809,8.76
d7_at_q6_7/X/r130,7,q6_7,X,130,ours,pymatching_correlated,rl,50000,11626,15000,3494,42483,27.67
d7_at_q6_7/X/r130,7,q6_7,X,130,google,correlated_matching,si1000,50000,11927,15000,3550,,
d7_at_q6_7/X/r130,7,q6_7,X,130,google,correlated_matching,rl,50000,11381,15000,3412,,
d7_at_q6_7/X/r130,7,q6_7,X,130,google,harmony,si1000,50000,11373,15000,3371,,
d7_at_q6_7/X/r130,7,q6_7,X,130,google,harmony,rl,50000,11052,15000,3344,,
d7_at_q6_7/X/r130,7,q6_7,X,130,google,libra,rl,50000,9690,15000,2874,,
d7_at_q6_7/X/r170,7,q6_7,X,170,ours,pymatching,si1000,50000,20405,15000,6143,30830,11.45
d7_at_q6_7/X/r170,7,q6_7,X,170,ours,pymatching_correlated,si1000,50000,14986,15000,4459,42909,37.68
d7_at_q6_7/X/r170,7,q6_7,X,170,ours,pymatching,rl,50000,20087,15000,6025,31162,11.98
d7_at_q6_7/X/r170,7,q6_7,X,170,ours,pymatching_correlated,rl,50000,14402,15000,4288,40281,37.7
d7_at_q6_7/X/r170,7,q6_7,X,170,google,correlated_matching,si1000,50000,14787,15000,4412,,
d7_at_q6_7/X/r170,7,q6_7,X,170,google,correlated_matching,rl,50000,14411,15000,4286,,
d7_at_q6_7/X/r170,7,q6_7,X,170,google,harmony,si1000,50000,14255,15000,4316,,
d7_at_q6_7/X/r170,7,q6_7,X,170,google,harmony,rl,50000,14154,15000,4250,,
d7_at_q6_7/X/r170,7,q6_7,X,170,google,libra,rl,50000,12595,15000,3804,,
d5_at_q6_5/X/r250,5,q6_5,X,250,ours,pymatching,si1000,50000,24055,15000,7182,26851,5.64
d5_at_q6_5/X/r250,5,q6_5,X,250,ours,pymatching_correlated,si1000,50000,21976,15000,6559,38742,19.38
d5_at_q6_5/X/r250,5,q6_5,X,250,ours,pymatching,rl,50000,23975,15000,7194,27157,5.63
d5_at_q6_5/X/r250,5,q6_5,X,250,ours,pymatching_correlated,rl,50000,21570,15000,6448,33438,19.33
d5_at_q6_5/X/r250,5,q6_5,X,250,google,correlated_matching,si1000,50000,21824,15000,6498,,
d5_at_q6_5/X/r250,5,q6_5,X,250,google,correlated_matching,rl,50000,21260,15000,6372,,
d5_at_q6_5/X/r250,5,q6_5,X,250,google,harmony,si1000,50000,21459,15000,6444,,
d5_at_q6_5/X/r250,5,q6_5,X,250,google,harmony,rl,50000,21189,15000,6376,,
d5_at_q6_5/X/r250,5,q6_5,X,250,google,libra,rl,50000,20336,15000,6145,,
d5_at_q6_5/Z/r250,5,q6_5,Z,250,ours,pymatching,si1000,50000,22801,15000,6790,28537,5.55
d5_at_q6_5/Z/r250,5,q6_5,Z,250,ours,pymatching_correlated,si1000,50000,19868,15000,5877,40062,19.01
d5_at_q6_5/Z/r250,5,q6_5,Z,250,ours,pymatching,rl,50000,22793,15000,6799,28673,5.66
d5_at_q6_5/Z/r250,5,q6_5,Z,250,ours,pymatching_correlated,rl,50000,19686,15000,5838,37716,18.88
d5_at_q6_5/Z/r250,5,q6_5,Z,250,google,correlated_matching,si1000,50000,19980,15000,5890,,
d5_at_q6_5/Z/r250,5,q6_5,Z,250,google,correlated_matching,rl,50000,18766,15000,5610,,
d5_at_q6_5/Z/r250,5,q6_5,Z,250,google,harmony,si1000,50000,19448,15000,5728,,
d5_at_q6_5/Z/r250,5,q6_5,Z,250,google,harmony,rl,50000,18527,15000,5499,,
d5_at_q6_5/Z/r250,5,q6_5,Z,250,google,libra,rl,50000,17441,15000,5226,,
d5_at_q4_7/X/r230,5,q4_7,X,230,ours,pymatching,si1000,50000,23481,15000,7071,27812,5.06
d5_at_q4_7/X/r230,5,q4_7,X,230,ours,pymatching_correlated,si1000,50000,20966,15000,6344,39803,17.42
d5_at_q4_7/X/r230,5,q4_7,X,230,ours,pymatching,rl,50000,23402,15000,7038,27952,5.3
d5_at_q4_7/X/r230,5,q4_7,X,230,ours,pymatching_correlated,rl,50000,20465,15000,6162,35959,17.55
d5_at_q4_7/X/r230,5,q4_7,X,230,google,correlated_matching,si1000,50000,21025,15000,6386,,
d5_at_q4_7/X/r230,5,q4_7,X,230,google,correlated_matching,rl,50000,20590,15000,6137,,
d5_at_q4_7/X/r230,5,q4_7,X,230,google,harmony,si1000,50000,20459,15000,6153,,
d5_at_q4_7/X/r230,5,q4_7,X,230,google,harmony,rl,50000,20136,15000,6110,,
d5_at_q4_7/X/r230,5,q4_7,X,230,google,libra,rl,50000,19204,15000,5760,,
d5_at_q4_7/Z/r230,5,q4_7,Z,230,ours,pymatching,si1000,50000,22279,15000,6699,29075,4.91
d5_at_q4_7/Z/r230,5,q4_7,Z,230,ours,pymatching_correlated,si1000,50000,19328,15000,5773,40730,16.99
d5_at_q4_7/Z/r230,5,q4_7,Z,230,ours,pymatching,rl,50000,22143,15000,6668,29329,5.1
d5_at_q4_7/Z/r230,5,q4_7,Z,230,ours,pymatching_correlated,rl,50000,18576,15000,5576,38918,17.24
d5_at_q4_7/Z/r230,5,q4_7,Z,230,google,correlated_matching,si1000,50000,19010,15000,5695,,
d5_at_q4_7/Z/r230,5,q4_7,Z,230,google,correlated_matching,rl,50000,18246,15000,5513,,
d5_at_q4_7/Z/r230,5,q4_7,Z,230,google,harmony,si1000,50000,18616,15000,5554,,
d5_at_q4_7/Z/r230,5,q4_7,Z,230,google,harmony,rl,50000,18128,15000,5450,,
d5_at_q4_7/Z/r230,5,q4_7,Z,230,google,libra,rl,50000,17198,15000,5225,,
d5_at_q6_9/X/r250,5,q6_9,X,250,ours,pymatching,si1000,50000,24258,15000,7234,26303,6.38
d5_at_q6_9/X/r250,5,q6_9,X,250,ours,pymatching_correlated,si1000,50000,22775,15000,6865,37166,21.73
d5_at_q6_9/X/r250,5,q6_9,X,250,ours,pymatching,rl,50000,24297,15000,7288,26522,6.66
d5_at_q6_9/X/r250,5,q6_9,X,250,ours,pymatching_correlated,rl,50000,22743,15000,6848,33152,22.08
d5_at_q6_9/X/r250,5,q6_9,X,250,google,correlated_matching,si1000,50000,22733,15000,6827,,
d5_at_q6_9/X/r250,5,q6_9,X,250,google,correlated_matching,rl,50000,22583,15000,6897,,
d5_at_q6_9/X/r250,5,q6_9,X,250,google,harmony,si1000,50000,22564,15000,6885,,
d5_at_q6_9/X/r250,5,q6_9,X,250,google,harmony,rl,50000,22390,15000,6763,,
d5_at_q6_9/X/r250,5,q6_9,X,250,google,libra,rl,50000,21636,15000,6459,,
d5_at_q6_9/Z/r250,5,q6_9,Z,250,ours,pymatching,si1000,50000,24336,15000,7244,26667,6.42
d5_at_q6_9/Z/r250,5,q6_9,Z,250,ours,pymatching_correlated,si1000,50000,22881,15000,6877,37012,22.16
d5_at_q6_9/Z/r250,5,q6_9,Z,250,ours,pymatching,rl,50000,23920,15000,7225,26877,6.57
d5_at_q6_9/Z/r250,5,q6_9,Z,250,ours,pymatching_correlated,rl,50000,22211,15000,6683,35004,21.92
d5_at_q6_9/Z/r250,5,q6_9,Z,250,google,correlated_matching,si1000,50000,22541,15000,6756,,
d5_at_q6_9/Z/r250,5,q6_9,Z,250,google,correlated_matching,rl,50000,21843,15000,6483,,
d5_at_q6_9/Z/r250,5,q6_9,Z,250,google,harmony,si1000,50000,22478,15000,6688,,
d5_at_q6_9/Z/r250,5,q6_9,Z,250,google,harmony,rl,50000,21750,15000,6528,,
d5_at_q6_9/Z/r250,5,q6_9,Z,250,google,libra,rl,50000,20955,15000,6326,,
d5_at_q8_7/Z/r250,5,q8_7,Z,250,ours,pymatching,si1000,50000,24123,15000,7260,26821,6.3
d5_at_q8_7/Z/r250,5,q8_7,Z,250,ours,pymatching_correlated,si1000,50000,21952,15000,6497,37890,21.48
d5_at_q8_7/Z/r250,5,q8_7,Z,250,ours,pymatching,rl,50000,23994,15000,7208,26901,6.6
d5_at_q8_7/Z/r250,5,q8_7,Z,250,ours,pymatching_correlated,rl,50000,21750,15000,6373,34143,21.71
d5_at_q8_7/Z/r250,5,q8_7,Z,250,google,correlated_matching,si1000,50000,21802,15000,6509,,
d5_at_q8_7/Z/r250,5,q8_7,Z,250,google,correlated_matching,rl,50000,20877,15000,6178,,
d5_at_q8_7/Z/r250,5,q8_7,Z,250,google,harmony,si1000,50000,21471,15000,6433,,
d5_at_q8_7/Z/r250,5,q8_7,Z,250,google,harmony,rl,50000,20812,15000,6175,,
d5_at_q8_7/Z/r250,5,q8_7,Z,250,google,libra,rl,50000,19772,15000,5809,,
d5_at_q8_7/X/r250,5,q8_7,X,250,ours,pymatching,si1000,50000,24624,15000,7413,26273,6.51
d5_at_q8_7/X/r250,5,q8_7,X,250,ours,pymatching_correlated,si1000,50000,22999,15000,6826,37266,22.11
d5_at_q8_7/X/r250,5,q8_7,X,250,ours,pymatching,rl,50000,24500,15000,7360,26461,6.72
d5_at_q8_7/X/r250,5,q8_7,X,250,ours,pymatching_correlated,rl,50000,22760,15000,6774,34329,21.89
d5_at_q8_7/X/r250,5,q8_7,X,250,google,correlated_matching,si1000,50000,22953,15000,6837,,
d5_at_q8_7/X/r250,5,q8_7,X,250,google,correlated_matching,rl,50000,22315,15000,6638,,
d5_at_q8_7/X/r250,5,q8_7,X,250,google,harmony,si1000,50000,22831,15000,6802,,
d5_at_q8_7/X/r250,5,q8_7,X,250,google,harmony,rl,50000,22376,15000,6631,,
d5_at_q8_7/X/r250,5,q8_7,X,250,google,libra,rl,50000,21492,15000,6413,,
d5_at_q6_5/Z/r230,5,q6_5,Z,230,ours,pymatching,si1000,50000,22548,15000,6799,28653,5.13
d5_at_q6_5/Z/r230,5,q6_5,Z,230,ours,pymatching_correlated,si1000,50000,19570,15000,5913,40521,17.11
d5_at_q6_5/Z/r230,5,q6_5,Z,230,ours,pymatching,rl,50000,22352,15000,6693,29021,5.22
d5_at_q6_5/Z/r230,5,q6_5,Z,230,ours,pymatching_correlated,rl,50000,19123,15000,5751,38038,17.13
d5_at_q6_5/Z/r230,5,q6_5,Z,230,google,correlated_matching,si1000,50000,19395,15000,5817,,
d5_at_q6_5/Z/r230,5,q6_5,Z,230,google,correlated_matching,rl,50000,18271,15000,5393,,
d5_at_q6_5/Z/r230,5,q6_5,Z,230,google,harmony,si1000,50000,18808,15000,5581,,
d5_at_q6_5/Z/r230,5,q6_5,Z,230,google,harmony,rl,50000,18147,15000,5374,,
d5_at_q6_5/Z/r230,5,q6_5,Z,230,google,libra,rl,50000,17063,15000,5101,,
d5_at_q6_5/X/r230,5,q6_5,X,230,ours,pymatching,si1000,50000,24464,15000,7260,26276,6.19
d5_at_q6_5/X/r230,5,q6_5,X,230,ours,pymatching_correlated,si1000,50000,22327,15000,6763,37753,19.88
d5_at_q6_5/X/r230,5,q6_5,X,230,ours,pymatching,rl,50000,24308,15000,7240,26222,6.18
d5_at_q6_5/X/r230,5,q6_5,X,230,ours,pymatching_correlated,rl,50000,22160,15000,6641,33146,19.92
d5_at_q6_5/X/r230,5,q6_5,X,230,google,correlated_matching,si1000,50000,22292,15000,6746,,
d5_at_q6_5/X/r230,5,q6_5,X,230,google,correlated_matching,rl,50000,22094,15000,6719,,
d5_at_q6_5/X/r230,5,q6_5,X,230,google,harmony,si1000,50000,22141,15000,6702,,
d5_at_q6_5/X/r230,5,q6_5,X,230,google,harmony,rl,50000,21848,15000,6528,,
d5_at_q6_5/X/r230,5,q6_5,X,230,google,libra,rl,50000,20993,15000,6328,,
d5_at_q6_9/X/r230,5,q6_9,X,230,ours,pymatching,si1000,50000,24056,15000,7137,26729,5.9
d5_at_q6_9/X/r230,5,q6_9,X,230,ours,pymatching_correlated,si1000,50000,22629,15000,6842,37408,19.77
d5_at_q6_9/X/r230,5,q6_9,X,230,ours,pymatching,rl,50000,24066,15000,7230,26688,6.08
d5_at_q6_9/X/r230,5,q6_9,X,230,ours,pymatching_correlated,rl,50000,22299,15000,6671,33657,19.9
d5_at_q6_9/X/r230,5,q6_9,X,230,google,correlated_matching,si1000,50000,22619,15000,6765,,
d5_at_q6_9/X/r230,5,q6_9,X,230,google,correlated_matching,rl,50000,22294,15000,6774,,
d5_at_q6_9/X/r230,5,q6_9,X,230,google,harmony,si1000,50000,22482,15000,6800,,
d5_at_q6_9/X/r230,5,q6_9,X,230,google,harmony,rl,50000,22024,15000,6616,,
d5_at_q6_9/X/r230,5,q6_9,X,230,google,libra,rl,50000,21476,15000,6582,,
d5_at_q6_9/Z/r230,5,q6_9,Z,230,ours,pymatching,si1000,50000,24077,15000,7225,26858,6.0
d5_at_q6_9/Z/r230,5,q6_9,Z,230,ours,pymatching_correlated,si1000,50000,22495,15000,6765,37228,20.22
d5_at_q6_9/Z/r230,5,q6_9,Z,230,ours,pymatching,rl,50000,24108,15000,7258,27291,6.13
d5_at_q6_9/Z/r230,5,q6_9,Z,230,ours,pymatching_correlated,rl,50000,21958,15000,6624,35167,19.78
d5_at_q6_9/Z/r230,5,q6_9,Z,230,google,correlated_matching,si1000,50000,22367,15000,6764,,
d5_at_q6_9/Z/r230,5,q6_9,Z,230,google,correlated_matching,rl,50000,21559,15000,6463,,
d5_at_q6_9/Z/r230,5,q6_9,Z,230,google,harmony,si1000,50000,21990,15000,6526,,
d5_at_q6_9/Z/r230,5,q6_9,Z,230,google,harmony,rl,50000,21547,15000,6477,,
d5_at_q6_9/Z/r230,5,q6_9,Z,230,google,libra,rl,50000,20646,15000,6169,,
d5_at_q8_7/X/r230,5,q8_7,X,230,ours,pymatching,si1000,50000,24483,15000,7299,26212,6.16
d5_at_q8_7/X/r230,5,q8_7,X,230,ours,pymatching_correlated,si1000,50000,23232,15000,6903,36359,20.47
d5_at_q8_7/X/r230,5,q8_7,X,230,ours,pymatching,rl,50000,24278,15000,7264,26271,6.34
d5_at_q8_7/X/r230,5,q8_7,X,230,ours,pymatching_correlated,rl,50000,23190,15000,6964,33083,20.55
d5_at_q8_7/X/r230,5,q8_7,X,230,google,correlated_matching,si1000,50000,23047,15000,6873,,
d5_at_q8_7/X/r230,5,q8_7,X,230,google,correlated_matching,rl,50000,23193,15000,6906,,
d5_at_q8_7/X/r230,5,q8_7,X,230,google,harmony,si1000,50000,22881,15000,6878,,
d5_at_q8_7/X/r230,5,q8_7,X,230,google,harmony,rl,50000,23075,15000,6958,,
d5_at_q8_7/X/r230,5,q8_7,X,230,google,libra,rl,50000,22220,15000,6702,,
d5_at_q8_7/Z/r230,5,q8_7,Z,230,ours,pymatching,si1000,50000,23942,15000,7229,26870,5.96
d5_at_q8_7/Z/r230,5,q8_7,Z,230,ours,pymatching_correlated,si1000,50000,21827,15000,6495,38047,19.59
d5_at_q8_7/Z/r230,5,q8_7,Z,230,ours,pymatching,rl,50000,23754,15000,7207,27150,6.18
d5_at_q8_7/Z/r230,5,q8_7,Z,230,ours,pymatching_correlated,rl,50000,21540,15000,6424,34208,20.0
d5_at_q8_7/Z/r230,5,q8_7,Z,230,google,correlated_matching,si1000,50000,21620,15000,6488,,
d5_at_q8_7/Z/r230,5,q8_7,Z,230,google,correlated_matching,rl,50000,21144,15000,6365,,
d5_at_q8_7/Z/r230,5,q8_7,Z,230,google,harmony,si1000,50000,21346,15000,6369,,
d5_at_q8_7/Z/r230,5,q8_7,Z,230,google,harmony,rl,50000,21124,15000,6366,,
d5_at_q8_7/Z/r230,5,q8_7,Z,230,google,libra,rl,50000,20028,15000,5967,,
d7_at_q6_7/Z/r110,7,q6_7,Z,110,ours,pymatching,si1000,50000,14655,15000,4366,36271,6.53
d7_at_q6_7/Z/r110,7,q6_7,Z,110,ours,pymatching_correlated,si1000,50000,9563,15000,2878,45931,20.06
d7_at_q6_7/Z/r110,7,q6_7,Z,110,ours,pymatching,rl,50000,14747,15000,4362,36413,6.85
d7_at_q6_7/Z/r110,7,q6_7,Z,110,ours,pymatching_correlated,rl,50000,9088,15000,2742,44600,20.69
d7_at_q6_7/Z/r110,7,q6_7,Z,110,google,correlated_matching,si1000,50000,9478,15000,2819,,
d7_at_q6_7/Z/r110,7,q6_7,Z,110,google,correlated_matching,rl,50000,8436,15000,2532,,
d7_at_q6_7/Z/r110,7,q6_7,Z,110,google,harmony,si1000,50000,8593,15000,2525,,
d7_at_q6_7/Z/r110,7,q6_7,Z,110,google,harmony,rl,50000,8029,15000,2401,,
d7_at_q6_7/Z/r110,7,q6_7,Z,110,google,libra,rl,50000,7070,15000,2082,,
d7_at_q6_7/X/r110,7,q6_7,X,110,ours,pymatching,si1000,50000,15702,15000,4713,35459,6.6
d7_at_q6_7/X/r110,7,q6_7,X,110,ours,pymatching_correlated,si1000,50000,10366,15000,3145,45577,20.53
d7_at_q6_7/X/r110,7,q6_7,X,110,ours,pymatching,rl,50000,15286,15000,4608,35725,7.07
d7_at_q6_7/X/r110,7,q6_7,X,110,ours,pymatching_correlated,rl,50000,9962,15000,2983,43505,21.32
d7_at_q6_7/X/r110,7,q6_7,X,110,google,correlated_matching,si1000,50000,10163,15000,3109,,
d7_at_q6_7/X/r110,7,q6_7,X,110,google,correlated_matching,rl,50000,9823,15000,2995,,
d7_at_q6_7/X/r110,7,q6_7,X,110,google,harmony,si1000,50000,9569,15000,2886,,
d7_at_q6_7/X/r110,7,q6_7,X,110,google,harmony,rl,50000,9349,15000,2839,,
d7_at_q6_7/X/r110,7,q6_7,X,110,google,libra,rl,50000,8198,15000,2459,,
d5_at_q4_7/X/r210,5,q4_7,X,210,ours,pymatching,si1000,50000,23016,15000,6922,28427,4.55
d5_at_q4_7/X/r210,5,q4_7,X,210,ours,pymatching_correlated,si1000,50000,20481,15000,6134,40094,15.31
d5_at_q4_7/X/r210,5,q4_7,X,210,ours,pymatching,rl,50000,22926,15000,6948,28482,4.76
d5_at_q4_7/X/r210,5,q4_7,X,210,ours,pymatching_correlated,rl,50000,20044,15000,6030,36434,15.31
d5_at_q4_7/X/r210,5,q4_7,X,210,google,correlated_matching,si1000,50000,20197,15000,6048,,
d5_at_q4_7/X/r210,5,q4_7,X,210,google,correlated_matching,rl,50000,19896,15000,5886,,
d5_at_q4_7/X/r210,5,q4_7,X,210,google,harmony,si1000,50000,19938,15000,5879,,
d5_at_q4_7/X/r210,5,q4_7,X,210,google,harmony,rl,50000,19554,15000,5833,,
d5_at_q4_7/X/r210,5,q4_7,X,210,google,libra,rl,50000,18702,15000,5502,,
d5_at_q4_7/Z/r210,5,q4_7,Z,210,ours,pymatching,si1000,50000,21840,15000,6655,29341,4.65
d5_at_q4_7/Z/r210,5,q4_7,Z,210,ours,pymatching_correlated,si1000,50000,18858,15000,5697,40961,15.34
d5_at_q4_7/Z/r210,5,q4_7,Z,210,ours,pymatching,rl,50000,21815,15000,6652,29810,4.74
d5_at_q4_7/Z/r210,5,q4_7,Z,210,ours,pymatching_correlated,rl,50000,18064,15000,5515,39197,15.59
d5_at_q4_7/Z/r210,5,q4_7,Z,210,google,correlated_matching,si1000,50000,18755,15000,5682,,
d5_at_q4_7/Z/r210,5,q4_7,Z,210,google,correlated_matching,rl,50000,17735,15000,5347,,
d5_at_q4_7/Z/r210,5,q4_7,Z,210,google,harmony,si1000,50000,17933,15000,5393,,
d5_at_q4_7/Z/r210,5,q4_7,Z,210,google,harmony,rl,50000,17627,15000,5344,,
d5_at_q4_7/Z/r210,5,q4_7,Z,210,google,libra,rl,50000,16643,15000,5010,,
d5_at_q6_5/X/r210,5,q6_5,X,210,ours,pymatching,si1000,50000,23448,15000,7062,28126,4.67
d5_at_q6_5/X/r210,5,q6_5,X,210,ours,pymatching_correlated,si1000,50000,20712,15000,6208,40198,15.1
d5_at_q6_5/X/r210,5,q6_5,X,210,ours,pymatching,rl,50000,23236,15000,6972,28330,4.72
d5_at_q6_5/X/r210,5,q6_5,X,210,ours,pymatching_correlated,rl,50000,20352,15000,6137,35338,14.94
d5_at_q6_5/X/r210,5,q6_5,X,210,google,correlated_matching,si1000,50000,20618,15000,6174,,
d5_at_q6_5/X/r210,5,q6_5,X,210,google,correlated_matching,rl,50000,20020,15000,6014,,
d5_at_q6_5/X/r210,5,q6_5,X,210,google,harmony,si1000,50000,19980,15000,6023,,
d5_at_q6_5/X/r210,5,q6_5,X,210,google,harmony,rl,50000,19842,15000,5965,,
d5_at_q6_5/X/r210,5,q6_5,X,210,google,libra,rl,50000,18925,15000,5745,,
d5_at_q6_5/Z/r210,5,q6_5,Z,210,ours,pymatching,si1000,50000,22824,15000,6881,28690,4.94
d5_at_q6_5/Z/r210,5,q6_5,Z,210,ours,pymatching_correlated,si1000,50000,19896,15000,5956,40112,15.68
d5_at_q6_5/Z/r210,5,q6_5,Z,210,ours,pymatching,rl,50000,22973,15000,6903,28638,5.07
d5_at_q6_5/Z/r210,5,q6_5,Z,210,ours,pymatching_correlated,rl,50000,20052,15000,5988,37363,15.8
d5_at_q6_5/Z/r210,5,q6_5,Z,210,google,correlated_matching,si1000,50000,19976,15000,6022,,
d5_at_q6_5/Z/r210,5,q6_5,Z,210,google,correlated_matching,rl,50000,18975,15000,5653,,
d5_at_q6_5/Z/r210,5,q6_5,Z,210,google,harmony,si1000,50000,19252,15000,5795,,
d5_at_q6_5/Z/r210,5,q6_5,Z,210,google,harmony,rl,50000,18808,15000,5665,,
d5_at_q6_5/Z/r210,5,q6_5,Z,210,google,libra,rl,50000,17801,15000,5317,,
d5_at_q6_9/X/r210,5,q6_9,X,210,ours,pymatching,si1000,50000,23619,15000,7079,27248,5.09
d5_at_q6_9/X/r210,5,q6_9,X,210,ours,pymatching_correlated,si1000,50000,21514,15000,6328,38965,16.68
d5_at_q6_9/X/r210,5,q6_9,X,210,ours,pymatching,rl,50000,23636,15000,7086,27612,5.38
d5_at_q6_9/X/r210,5,q6_9,X,210,ours,pymatching_correlated,rl,50000,21426,15000,6367,35088,17.33
d5_at_q6_9/X/r210,5,q6_9,X,210,google,correlated_matching,si1000,50000,21491,15000,6430,,
d5_at_q6_9/X/r210,5,q6_9,X,210,google,correlated_matching,rl,50000,21182,15000,6326,,
d5_at_q6_9/X/r210,5,q6_9,X,210,google,harmony,si1000,50000,21342,15000,6353,,
d5_at_q6_9/X/r210,5,q6_9,X,210,google,harmony,rl,50000,20967,15000,6293,,
d5_at_q6_9/X/r210,5,q6_9,X,210,google,libra,rl,50000,20262,15000,6113,,
d5_at_q6_9/Z/r210,5,q6_9,Z,210,ours,pymatching,si1000,50000,23330,15000,7004,27761,5.17
d5_at_q6_9/Z/r210,5,q6_9,Z,210,ours,pymatching_correlated,si1000,50000,21200,15000,6445,38865,17.1
d5_at_q6_9/Z/r210,5,q6_9,Z,210,ours,pymatching,rl,50000,23248,15000,6984,28329,5.27
d5_at_q6_9/Z/r210,5,q6_9,Z,210,ours,pymatching_correlated,rl,50000,20627,15000,6219,36986,17.32
d5_at_q6_9/Z/r210,5,q6_9,Z,210,google,correlated_matching,si1000,50000,21083,15000,6357,,
d5_at_q6_9/Z/r210,5,q6_9,Z,210,google,correlated_matching,rl,50000,20229,15000,5973,,
d5_at_q6_9/Z/r210,5,q6_9,Z,210,google,harmony,si1000,50000,20709,15000,6258,,
d5_at_q6_9/Z/r210,5,q6_9,Z,210,google,harmony,rl,50000,19977,15000,5935,,
d5_at_q6_9/Z/r210,5,q6_9,Z,210,google,libra,rl,50000,19047,15000,5671,,
d5_at_q8_7/X/r210,5,q8_7,X,210,ours,pymatching,si1000,50000,23939,15000,7211,27418,5.05
d5_at_q8_7/X/r210,5,q8_7,X,210,ours,pymatching_correlated,si1000,50000,21573,15000,6441,38908,16.55
d5_at_q8_7/X/r210,5,q8_7,X,210,ours,pymatching,rl,50000,23504,15000,7045,27767,5.3
d5_at_q8_7/X/r210,5,q8_7,X,210,ours,pymatching_correlated,rl,50000,21101,15000,6300,36116,16.97
d5_at_q8_7/X/r210,5,q8_7,X,210,google,correlated_matching,si1000,50000,21529,15000,6482,,
d5_at_q8_7/X/r210,5,q8_7,X,210,google,correlated_matching,rl,50000,20995,15000,6258,,
d5_at_q8_7/X/r210,5,q8_7,X,210,google,harmony,si1000,50000,21293,15000,6393,,
d5_at_q8_7/X/r210,5,q8_7,X,210,google,harmony,rl,50000,20787,15000,6193,,
d5_at_q8_7/X/r210,5,q8_7,X,210,google,libra,rl,50000,19983,15000,6038,,
d5_at_q8_7/Z/r210,5,q8_7,Z,210,ours,pymatching,si1000,50000,23931,15000,7137,27054,5.38
d5_at_q8_7/Z/r210,5,q8_7,Z,210,ours,pymatching_correlated,si1000,50000,21713,15000,6472,38294,17.5
d5_at_q8_7/Z/r210,5,q8_7,Z,210,ours,pymatching,rl,50000,23786,15000,7081,27210,5.51
d5_at_q8_7/Z/r210,5,q8_7,Z,210,ours,pymatching_correlated,rl,50000,21369,15000,6359,34085,18.35
d5_at_q8_7/Z/r210,5,q8_7,Z,210,google,correlated_matching,si1000,50000,21667,15000,6436,,
d5_at_q8_7/Z/r210,5,q8_7,Z,210,google,correlated_matching,rl,50000,21512,15000,6289,,
d5_at_q8_7/Z/r210,5,q8_7,Z,210,google,harmony,si1000,50000,21265,15000,6300,,
d5_at_q8_7/Z/r210,5,q8_7,Z,210,google,harmony,rl,50000,21335,15000,6288,,
d5_at_q8_7/Z/r210,5,q8_7,Z,210,google,libra,rl,50000,20439,15000,6102,,
d5_at_q4_7/X/r190,5,q4_7,X,190,ours,pymatching,si1000,50000,23138,15000,6932,28333,4.31
d5_at_q4_7/X/r190,5,q4_7,X,190,ours,pymatching_correlated,si1000,50000,20414,15000,6098,40249,14.33
d5_at_q4_7/X/r190,5,q4_7,X,190,ours,pymatching,rl,50000,22958,15000,6869,28587,4.54
d5_at_q4_7/X/r190,5,q4_7,X,190,ours,pymatching_correlated,rl,50000,20026,15000,5963,36621,14.32
d5_at_q4_7/X/r190,5,q4_7,X,190,google,correlated_matching,si1000,50000,20305,15000,6108,,
d5_at_q4_7/X/r190,5,q4_7,X,190,google,correlated_matching,rl,50000,19817,15000,5920,,
d5_at_q4_7/X/r190,5,q4_7,X,190,google,harmony,si1000,50000,19982,15000,5982,,
d5_at_q4_7/X/r190,5,q4_7,X,190,google,harmony,rl,50000,19528,15000,5798,,
d5_at_q4_7/X/r190,5,q4_7,X,190,google,libra,rl,50000,18589,15000,5573,,
d5_at_q4_7/Z/r190,5,q4_7,Z,190,ours,pymatching,si1000,50000,21982,15000,6571,29504,4.35
d5_at_q4_7/Z/r190,5,q4_7,Z,190,ours,pymatching_correlated,si1000,50000,18867,15000,5638,40967,14.76
d5_at_q4_7/Z/r190,5,q4_7,Z,190,ours,pymatching,rl,50000,21628,15000,6437,30081,4.49
d5_at_q4_7/Z/r190,5,q4_7,Z,190,ours,pymatching_correlated,rl,50000,18020,15000,5383,39329,14.65
d5_at_q4_7/Z/r190,5,q4_7,Z,190,google,correlated_matching,si1000,50000,18678,15000,5575,,
d5_at_q4_7/Z/r190,5,q4_7,Z,190,google,correlated_matching,rl,50000,17597,15000,5204,,
d5_at_q4_7/Z/r190,5,q4_7,Z,190,google,harmony,si1000,50000,18054,15000,5466,,
d5_at_q4_7/Z/r190,5,q4_7,Z,190,google,harmony,rl,50000,17398,15000,5142,,
d5_at_q4_7/Z/r190,5,q4_7,Z,190,google,libra,rl,50000,16262,15000,4851,,
d5_at_q6_5/X/r190,5,q6_5,X,190,ours,pymatching,si1000,50000,23287,15000,6956,28173,4.69
d5_at_q6_5/X/r190,5,q6_5,X,190,ours,pymatching_correlated,si1000,50000,20851,15000,6267,40055,14.83
d5_at_q6_5/X/r190,5,q6_5,X,190,ours,pymatching,rl,50000,23078,15000,6920,28196,4.86
d5_at_q6_5/X/r190,5,q6_5,X,190,ours,pymatching_correlated,rl,50000,20507,15000,6222,35319,13.99
d5_at_q6_5/X/r190,5,q6_5,X,190,google,correlated_matching,si1000,50000,20622,15000,6229,,
d5_at_q6_5/X/r190,5,q6_5,X,190,google,correlated_matching,rl,50000,20124,15000,6048,,
d5_at_q6_5/X/r190,5,q6_5,X,190,google,harmony,si1000,50000,20082,15000,6066,,
d5_at_q6_5/X/r190,5,q6_5,X,190,google,harmony,rl,50000,19686,15000,5930,,
d5_at_q6_5/X/r190,5,q6_5,X,190,google,libra,rl,50000,19007,15000,5713,,
d5_at_q6_5/Z/r190,5,q6_5,Z,190,ours,pymatching,si1000,50000,22187,15000,6763,29517,4.95
d5_at_q6_5/Z/r190,5,q6_5,Z,190,ours,pymatching_correlated,si1000,50000,18756,15000,5674,41034,14.51
d5_at_q6_5/Z/r190,5,q6_5,Z,190,ours,pymatching,rl,50000,22030,15000,6667,29579,4.6
d5_at_q6_5/Z/r190,5,q6_5,Z,190,ours,pymatching_correlated,rl,50000,18510,15000,5620,38747,14.1
d5_at_q6_5/Z/r190,5,q6_5,Z,190,google,correlated_matching,si1000,50000,18670,15000,5629,,
d5_at_q6_5/Z/r190,5,q6_5,Z,190,google,correlated_matching,rl,50000,17615,15000,5378,,
d5_at_q6_5/Z/r190,5,q6_5,Z,190,google,harmony,si1000,50000,18114,15000,5451,,
d5_at_q6_5/Z/r190,5,q6_5,Z,190,google,harmony,rl,50000,17438,15000,5361,,
d5_at_q6_5/Z/r190,5,q6_5,Z,190,google,libra,rl,50000,16201,15000,4996,,
d5_at_q6_9/X/r190,5,q6_9,X,190,ours,pymatching,si1000,50000,23791,15000,7123,27348,4.97
d5_at_q6_9/X/r190,5,q6_9,X,190,ours,pymatching_correlated,si1000,50000,21641,15000,6531,38934,15.98
d5_at_q6_9/X/r190,5,q6_9,X,190,ours,pymatching,rl,50000,23697,15000,7182,27454,5.07
d5_at_q6_9/X/r190,5,q6_9,X,190,ours,pymatching_correlated,rl,50000,21394,15000,6477,35029,16.9
d5_at_q6_9/X/r190,5,q6_9,X,190,google,correlated_matching,si1000,50000,21333,15000,6413,,
d5_at_q6_9/X/r190,5,q6_9,X,190,google,correlated_matching,rl,50000,21087,15000,6351,,
d5_at_q6_9/X/r190,5,q6_9,X,190,google,harmony,si1000,50000,21144,15000,6346,,
d5_at_q6_9/X/r190,5,q6_9,X,190,google,harmony,rl,50000,21068,15000,6368,,
d5_at_q6_9/X/r190,5,q6_9,X,190,google,libra,rl,50000,20079,15000,6096,,
d5_at_q6_9/Z/r190,5,q6_9,Z,190,ours,pymatching,si1000,50000,23670,15000,7138,27554,4.88
d5_at_q6_9/Z/r190,5,q6_9,Z,190,ours,pymatching_correlated,si1000,50000,21199,15000,6355,38977,15.75
d5_at_q6_9/Z/r190,5,q6_9,Z,190,ours,pymatching,rl,50000,23415,15000,7069,28279,4.93
d5_at_q6_9/Z/r190,5,q6_9,Z,190,ours,pymatching_correlated,rl,50000,20547,15000,6143,37183,16.51
d5_at_q6_9/Z/r190,5,q6_9,Z,190,google,correlated_matching,si1000,50000,21134,15000,6283,,
d5_at_q6_9/Z/r190,5,q6_9,Z,190,google,correlated_matching,rl,50000,20146,15000,6068,,
d5_at_q6_9/Z/r190,5,q6_9,Z,190,google,harmony,si1000,50000,20700,15000,6222,,
d5_at_q6_9/Z/r190,5,q6_9,Z,190,google,harmony,rl,50000,19949,15000,5993,,
d5_at_q6_9/Z/r190,5,q6_9,Z,190,google,libra,rl,50000,19053,15000,5761,,
d5_at_q8_7/X/r190,5,q8_7,X,190,ours,pymatching,si1000,50000,23830,15000,7071,27507,5.24
d5_at_q8_7/X/r190,5,q8_7,X,190,ours,pymatching_correlated,si1000,50000,21552,15000,6524,39211,15.08
d5_at_q8_7/X/r190,5,q8_7,X,190,ours,pymatching,rl,50000,23739,15000,6994,27761,4.98
d5_at_q8_7/X/r190,5,q8_7,X,190,ours,pymatching_correlated,rl,50000,21306,15000,6427,35992,16.84
d5_at_q8_7/X/r190,5,q8_7,X,190,google,correlated_matching,si1000,50000,21575,15000,6402,,
d5_at_q8_7/X/r190,5,q8_7,X,190,google,correlated_matching,rl,50000,20760,15000,6236,,
d5_at_q8_7/X/r190,5,q8_7,X,190,google,harmony,si1000,50000,21128,15000,6265,,
d5_at_q8_7/X/r190,5,q8_7,X,190,google,harmony,rl,50000,20735,15000,6242,,
d5_at_q8_7/X/r190,5,q8_7,X,190,google,libra,rl,50000,19850,15000,5991,,
d5_at_q8_7/Z/r190,5,q8_7,Z,190,ours,pymatching,si1000,50000,23360,15000,7009,27864,4.83
d5_at_q8_7/Z/r190,5,q8_7,Z,190,ours,pymatching_correlated,si1000,50000,20681,15000,6198,39515,15.05
d5_at_q8_7/Z/r190,5,q8_7,Z,190,ours,pymatching,rl,50000,23248,15000,7006,27972,5.28
d5_at_q8_7/Z/r190,5,q8_7,Z,190,ours,pymatching_correlated,rl,50000,20251,15000,6030,36103,16.86
d5_at_q8_7/Z/r190,5,q8_7,Z,190,google,correlated_matching,si1000,50000,20620,15000,6130,,
d5_at_q8_7/Z/r190,5,q8_7,Z,190,google,correlated_matching,rl,50000,19852,15000,5948,,
d5_at_q8_7/Z/r190,5,q8_7,Z,190,google,harmony,si1000,50000,20025,15000,6032,,
d5_at_q8_7/Z/r190,5,q8_7,Z,190,google,harmony,rl,50000,19494,15000,5852,,
d5_at_q8_7/Z/r190,5,q8_7,Z,190,google,libra,rl,50000,18640,15000,5556,,
d7_at_q6_7/X/r90,7,q6_7,X,90,ours,pymatching,si1000,50000,14070,15000,4168,37137,5.19
d7_at_q6_7/X/r90,7,q6_7,X,90,ours,pymatching_correlated,si1000,50000,9101,15000,2727,46300,15.42
d7_at_q6_7/X/r90,7,q6_7,X,90,ours,pymatching,rl,50000,13649,15000,4078,37641,6.19
d7_at_q6_7/X/r90,7,q6_7,X,90,ours,pymatching_correlated,rl,50000,8731,15000,2671,44497,16.98
d7_at_q6_7/X/r90,7,q6_7,X,90,google,correlated_matching,si1000,50000,9089,15000,2728,,
d7_at_q6_7/X/r90,7,q6_7,X,90,google,correlated_matching,rl,50000,8596,15000,2577,,
d7_at_q6_7/X/r90,7,q6_7,X,90,google,harmony,si1000,50000,8404,15000,2533,,
d7_at_q6_7/X/r90,7,q6_7,X,90,google,harmony,rl,50000,8035,15000,2384,,
d7_at_q6_7/X/r90,7,q6_7,X,90,google,libra,rl,50000,7216,15000,2162,,
d5_at_q4_7/X/r170,5,q4_7,X,170,ours,pymatching,si1000,50000,22445,15000,6666,29057,3.81
d5_at_q4_7/X/r170,5,q4_7,X,170,ours,pymatching_correlated,si1000,50000,19298,15000,5840,41356,13.2
d5_at_q4_7/X/r170,5,q4_7,X,170,ours,pymatching,rl,50000,22251,15000,6651,29468,4.3
d5_at_q4_7/X/r170,5,q4_7,X,170,ours,pymatching_correlated,rl,50000,18951,15000,5687,37752,12.58
d5_at_q4_7/X/r170,5,q4_7,X,170,google,correlated_matching,si1000,50000,19194,15000,5719,,
d5_at_q4_7/X/r170,5,q4_7,X,170,google,correlated_matching,rl,50000,18647,15000,5625,,
d5_at_q4_7/X/r170,5,q4_7,X,170,google,harmony,si1000,50000,18593,15000,5559,,
d5_at_q4_7/X/r170,5,q4_7,X,170,google,harmony,rl,50000,18382,15000,5558,,
d5_at_q4_7/X/r170,5,q4_7,X,170,google,libra,rl,50000,17374,15000,5214,,
d5_at_q4_7/Z/r170,5,q4_7,Z,170,ours,pymatching,si1000,50000,20577,15000,6229,31070,3.81
d5_at_q4_7/Z/r170,5,q4_7,Z,170,ours,pymatching_correlated,si1000,50000,17302,15000,5252,42109,12.97
d5_at_q4_7/Z/r170,5,q4_7,Z,170,ours,pymatching,rl,50000,20279,15000,6086,31636,4.0
d5_at_q4_7/Z/r170,5,q4_7,Z,170,ours,pymatching_correlated,rl,50000,16472,15000,4908,40769,12.14
d5_at_q4_7/Z/r170,5,q4_7,Z,170,google,correlated_matching,si1000,50000,16997,15000,5090,,
d5_at_q4_7/Z/r170,5,q4_7,Z,170,google,correlated_matching,rl,50000,15809,15000,4754,,
d5_at_q4_7/Z/r170,5,q4_7,Z,170,google,harmony,si1000,50000,16272,15000,4780,,
d5_at_q4_7/Z/r170,5,q4_7,Z,170,google,harmony,rl,50000,15618,15000,4659,,
d5_at_q4_7/Z/r170,5,q4_7,Z,170,google,libra,rl,50000,14769,15000,4361,,
d7_at_q6_7/Z/r90,7,q6_7,Z,90,ours,pymatching,si1000,50000,14865,15000,4500,36354,5.7
d7_at_q6_7/Z/r90,7,q6_7,Z,90,ours,pymatching_correlated,si1000,50000,9744,15000,2966,45875,17.88
d7_at_q6_7/Z/r90,7,q6_7,Z,90,ours,pymatching,rl,50000,14965,15000,4499,36358,6.45
d7_at_q6_7/Z/r90,7,q6_7,Z,90,ours,pymatching_correlated,rl,50000,9269,15000,2786,44562,17.41
d7_at_q6_7/Z/r90,7,q6_7,Z,90,google,correlated_matching,si1000,50000,9561,15000,2911,,
d7_at_q6_7/Z/r90,7,q6_7,Z,90,google,correlated_matching,rl,50000,8705,15000,2648,,
d7_at_q6_7/Z/r90,7,q6_7,Z,90,google,harmony,si1000,50000,8746,15000,2679,,
d7_at_q6_7/Z/r90,7,q6_7,Z,90,google,harmony,rl,50000,8358,15000,2539,,
d7_at_q6_7/Z/r90,7,q6_7,Z,90,google,libra,rl,50000,7415,15000,2309,,
d5_at_q6_5/X/r170,5,q6_5,X,170,ours,pymatching,si1000,50000,22762,15000,6875,28873,4.29
d5_at_q6_5/X/r170,5,q6_5,X,170,ours,pymatching_correlated,si1000,50000,19810,15000,5957,40885,12.9
d5_at_q6_5/X/r170,5,q6_5,X,170,ours,pymatching,rl,50000,22406,15000,6848,29010,4.09
d5_at_q6_5/X/r170,5,q6_5,X,170,ours,pymatching_correlated,rl,50000,19532,15000,5847,36040,12.45
d5_at_q6_5/X/r170,5,q6_5,X,170,google,correlated_matching,si1000,50000,19527,15000,5881,,
d5_at_q6_5/X/r170,5,q6_5,X,170,google,correlated_matching,rl,50000,19078,15000,5733,,
d5_at_q6_5/X/r170,5,q6_5,X,170,google,harmony,si1000,50000,19311,15000,5809,,
d5_at_q6_5/X/r170,5,q6_5,X,170,google,harmony,rl,50000,18691,15000,5615,,
d5_at_q6_5/X/r170,5,q6_5,X,170,google,libra,rl,50000,17968,15000,5397,,
d5_at_q6_5/Z/r170,5,q6_5,Z,170,ours,pymatching,si1000,50000,21460,15000,6377,29989,4.21
d5_at_q6_5/Z/r170,5,q6_5,Z,170,ours,pymatching_correlated,si1000,50000,18166,15000,5483,41655,13.03
d5_at_q6_5/Z/r170,5,q6_5,Z,170,ours,pymatching,rl,50000,21477,15000,6397,30111,4.09
d5_at_q6_5/Z/r170,5,q6_5,Z,170,ours,pymatching_correlated,rl,50000,17726,15000,5383,39544,12.37
d5_at_q6_5/Z/r170,5,q6_5,Z,170,google,correlated_matching,si1000,50000,17899,15000,5312,,
d5_at_q6_5/Z/r170,5,q6_5,Z,170,google,correlated_matching,rl,50000,16796,15000,5051,,
d5_at_q6_5/Z/r170,5,q6_5,Z,170,google,harmony,si1000,50000,17039,15000,5163,,
d5_at_q6_5/Z/r170,5,q6_5,Z,170,google,harmony,rl,50000,16404,15000,4971,,
d5_at_q6_5/Z/r170,5,q6_5,Z,170,google,libra,rl,50000,15431,15000,4688,,
d5_at_q6_9/X/r170,5,q6_9,X,170,ours,pymatching,si1000,50000,23267,15000,6965,28178,4.47
d5_at_q6_9/X/r170,5,q6_9,X,170,ours,pymatching_correlated,si1000,50000,20962,15000,6339,39781,13.86
d5_at_q6_9/X/r170,5,q6_9,X,170,ours,pymatching,rl,50000,23151,15000,6916,28337,4.55
d5_at_q6_9/X/r170,5,q6_9,X,170,ours,pymatching_correlated,rl,50000,20612,15000,6212,36152,15.1
d5_at_q6_9/X/r170,5,q6_9,X,170,google,correlated_matching,si1000,50000,20897,15000,6301,,
d5_at_q6_9/X/r170,5,q6_9,X,170,google,correlated_matching,rl,50000,20336,15000,6094,,
d5_at_q6_9/X/r170,5,q6_9,X,170,google,harmony,si1000,50000,20413,15000,6169,,
d5_at_q6_9/X/r170,5,q6_9,X,170,google,harmony,rl,50000,20034,15000,5966,,
d5_at_q6_9/X/r170,5,q6_9,X,170,google,libra,rl,50000,19328,15000,5760,,
d5_at_q6_9/Z/r170,5,q6_9,Z,170,ours,pymatching,si1000,50000,22526,15000,6813,28912,4.26
d5_at_q6_9/Z/r170,5,q6_9,Z,170,ours,pymatching_correlated,si1000,50000,20064,15000,5996,39850,13.08
d5_at_q6_9/Z/r170,5,q6_9,Z,170,ours,pymatching,rl,50000,22428,15000,6724,29239,4.32
d5_at_q6_9/Z/r170,5,q6_9,Z,170,ours,pymatching_correlated,rl,50000,19484,15000,5857,38345,14.46
d5_at_q6_9/Z/r170,5,q6_9,Z,170,google,correlated_matching,si1000,50000,19958,15000,5950,,
d5_at_q6_9/Z/r170,5,q6_9,Z,170,google,correlated_matching,rl,50000,18845,15000,5674,,
d5_at_q6_9/Z/r170,5,q6_9,Z,170,google,harmony,si1000,50000,19521,15000,5862,,
d5_at_q6_9/Z/r170,5,q6_9,Z,170,google,harmony,rl,50000,18531,15000,5473,,
d5_at_q6_9/Z/r170,5,q6_9,Z,170,google,libra,rl,50000,17708,15000,5324,,
d5_at_q4_7/X/r150,5,q4_7,X,150,ours,pymatching,si1000,50000,21405,15000,6392,30524,3.23
d5_at_q4_7/X/r150,5,q4_7,X,150,ours,pymatching_correlated,si1000,50000,17896,15000,5340,42285,10.04
d5_at_q4_7/X/r150,5,q4_7,X,150,ours,pymatching,rl,50000,21056,15000,6253,30722,4.0
d5_at_q4_7/X/r150,5,q4_7,X,150,ours,pymatching_correlated,rl,50000,17378,15000,5175,39146,10.95
d5_at_q4_7/X/r150,5,q4_7,X,150,google,correlated_matching,si1000,50000,17983,15000,5346,,
d5_at_q4_7/X/r150,5,q4_7,X,150,google,correlated_matching,rl,50000,17214,15000,5188,,
d5_at_q4_7/X/r150,5,q4_7,X,150,google,harmony,si1000,50000,16999,15000,5103,,
d5_at_q4_7/X/r150,5,q4_7,X,150,google,harmony,rl,50000,16671,15000,5079,,
d5_at_q4_7/X/r150,5,q4_7,X,150,google,libra,rl,50000,15748,15000,4770,,
d5_at_q8_7/X/r170,5,q8_7,X,170,ours,pymatching,si1000,50000,23304,15000,6940,27903,4.33
d5_at_q8_7/X/r170,5,q8_7,X,170,ours,pymatching_correlated,si1000,50000,20738,15000,6191,40041,13.17
d5_at_q8_7/X/r170,5,q8_7,X,170,ours,pymatching,rl,50000,23134,15000,6908,28349,4.94
d5_at_q8_7/X/r170,5,q8_7,X,170,ours,pymatching_correlated,rl,50000,20307,15000,6087,37124,14.01
d5_at_q8_7/X/r170,5,q8_7,X,170,google,correlated_matching,si1000,50000,20681,15000,6200,,
d5_at_q8_7/X/r170,5,q8_7,X,170,google,correlated_matching,rl,50000,19889,15000,5938,,
d5_at_q8_7/X/r170,5,q8_7,X,170,google,harmony,si1000,50000,20150,15000,5966,,
d5_at_q8_7/X/r170,5,q8_7,X,170,google,harmony,rl,50000,19814,15000,5883,,
d5_at_q8_7/X/r170,5,q8_7,X,170,google,libra,rl,50000,18803,15000,5638,,
d5_at_q4_7/Z/r150,5,q4_7,Z,150,ours,pymatching,si1000,50000,19599,15000,5851,32177,3.26
d5_at_q4_7/Z/r150,5,q4_7,Z,150,ours,pymatching_correlated,si1000,50000,16143,15000,4802,43071,10.94
d5_at_q4_7/Z/r150,5,q4_7,Z,150,ours,pymatching,rl,50000,19417,15000,5814,32608,3.51
d5_at_q4_7/Z/r150,5,q4_7,Z,150,ours,pymatching_correlated,rl,50000,15312,15000,4517,41641,10.62
d5_at_q4_7/Z/r150,5,q4_7,Z,150,google,correlated_matching,si1000,50000,15838,15000,4685,,
d5_at_q4_7/Z/r150,5,q4_7,Z,150,google,correlated_matching,rl,50000,14781,15000,4374,,
d5_at_q4_7/Z/r150,5,q4_7,Z,150,google,harmony,si1000,50000,15089,15000,4485,,
d5_at_q4_7/Z/r150,5,q4_7,Z,150,google,harmony,rl,50000,14506,15000,4299,,
d5_at_q4_7/Z/r150,5,q4_7,Z,150,google,libra,rl,50000,13671,15000,4091,,
d5_at_q8_7/Z/r170,5,q8_7,Z,170,ours,pymatching,si1000,50000,22668,15000,6799,28738,4.34
d5_at_q8_7/Z/r170,5,q8_7,Z,170,ours,pymatching_correlated,si1000,50000,19940,15000,5902,40434,13.69
d5_at_q8_7/Z/r170,5,q8_7,Z,170,ours,pymatching,rl,50000,22657,15000,6710,28728,4.75
d5_at_q8_7/Z/r170,5,q8_7,Z,170,ours,pymatching_correlated,rl,50000,19352,15000,5805,37033,14.15
d5_at_q8_7/Z/r170,5,q8_7,Z,170,google,correlated_matching,si1000,50000,19438,15000,5839,,
d5_at_q8_7/Z/r170,5,q8_7,Z,170,google,correlated_matching,rl,50000,18763,15000,5600,,
d5_at_q8_7/Z/r170,5,q8_7,Z,170,google,harmony,si1000,50000,18987,15000,5644,,
d5_at_q8_7/Z/r170,5,q8_7,Z,170,google,harmony,rl,50000,18264,15000,5380,,
d5_at_q8_7/Z/r170,5,q8_7,Z,170,google,libra,rl,50000,17458,15000,5166,,
d5_at_q6_5/X/r150,5,q6_5,X,150,ours,pymatching,si1000,50000,21940,15000,6555,30098,3.89
d5_at_q6_5/X/r150,5,q6_5,X,150,ours,pymatching_correlated,si1000,50000,18647,15000,5606,42003,11.55
d5_at_q6_5/X/r150,5,q6_5,X,150,ours,pymatching,rl,50000,21617,15000,6479,30274,3.56
d5_at_q6_5/X/r150,5,q6_5,X,150,ours,pymatching_correlated,rl,50000,18555,15000,5574,37560,11.26
d5_at_q6_5/X/r150,5,q6_5,X,150,google,correlated_matching,si1000,50000,18384,15000,5488,,
d5_at_q6_5/X/r150,5,q6_5,X,150,google,correlated_matching,rl,50000,17885,15000,5330,,
d5_at_q6_5/X/r150,5,q6_5,X,150,google,harmony,si1000,50000,17687,15000,5359,,
d5_at_q6_5/X/r150,5,q6_5,X,150,google,harmony,rl,50000,17380,15000,5213,,
d5_at_q6_5/X/r150,5,q6_5,X,150,google,libra,rl,50000,16647,15000,4924,,
d5_at_q6_5/Z/r150,5,q6_5,Z,150,ours,pymatching,si1000,50000,19944,15000,6044,31769,3.94
d5_at_q6_5/Z/r150,5,q6_5,Z,150,ours,pymatching_correlated,si1000,50000,16217,15000,4920,42970,11.08
d5_at_q6_5/Z/r150,5,q6_5,Z,150,ours,pymatching,rl,50000,19803,15000,6049,31933,3.46
d5_at_q6_5/Z/r150,5,q6_5,Z,150,ours,pymatching_correlated,rl,50000,15764,15000,4789,40970,10.94
d5_at_q6_5/Z/r150,5,q6_5,Z,150,google,correlated_matching,si1000,50000,16169,15000,4923,,
d5_at_q6_5/Z/r150,5,q6_5,Z,150,google,correlated_matching,rl,50000,14988,15000,4490,,
d5_at_q6_5/Z/r150,5,q6_5,Z,150,google,harmony,si1000,50000,15217,15000,4621,,
d5_at_q6_5/Z/r150,5,q6_5,Z,150,google,harmony,rl,50000,14352,15000,4344,,
d5_at_q6_5/Z/r150,5,q6_5,Z,150,google,libra,rl,50000,13536,15000,4100,,
d5_at_q6_9/X/r150,5,q6_9,X,150,ours,pymatching,si1000,50000,22588,15000,6847,29282,3.93
d5_at_q6_9/X/r150,5,q6_9,X,150,ours,pymatching_correlated,si1000,50000,19864,15000,6039,40818,11.91
d5_at_q6_9/X/r150,5,q6_9,X,150,ours,pymatching,rl,50000,22632,15000,6823,29404,4.08
d5_at_q6_9/X/r150,5,q6_9,X,150,ours,pymatching_correlated,rl,50000,19424,15000,5827,37328,12.06
d5_at_q6_9/X/r150,5,q6_9,X,150,google,correlated_matching,si1000,50000,19640,15000,5941,,
d5_at_q6_9/X/r150,5,q6_9,X,150,google,correlated_matching,rl,50000,19098,15000,5749,,
d5_at_q6_9/X/r150,5,q6_9,X,150,google,harmony,si1000,50000,19207,15000,5800,,
d5_at_q6_9/X/r150,5,q6_9,X,150,google,harmony,rl,50000,18890,15000,5662,,
d5_at_q6_9/X/r150,5,q6_9,X,150,google,libra,rl,50000,17882,15000,5414,,
d5_at_q6_9/Z/r150,5,q6_9,Z,150,ours,pymatching,si1000,50000,21573,15000,6493,29957,3.78
d5_at_q6_9/Z/r150,5,q6_9,Z,150,ours,pymatching_correlated,si1000,50000,18757,15000,5666,41261,11.81
d5_at_q6_9/Z/r150,5,q6_9,Z,150,ours,pymatching,rl,50000,21515,15000,6540,30443,3.85
d5_at_q6_9/Z/r150,5,q6_9,Z,150,ours,pymatching_correlated,rl,50000,18029,15000,5471,39597,11.6
d5_at_q6_9/Z/r150,5,q6_9,Z,150,google,correlated_matching,si1000,50000,18640,15000,5668,,
d5_at_q6_9/Z/r150,5,q6_9,Z,150,google,correlated_matching,rl,50000,17716,15000,5329,,
d5_at_q6_9/Z/r150,5,q6_9,Z,150,google,harmony,si1000,50000,17976,15000,5481,,
d5_at_q6_9/Z/r150,5,q6_9,Z,150,google,harmony,rl,50000,17201,15000,5215,,
d5_at_q6_9/Z/r150,5,q6_9,Z,150,google,libra,rl,50000,16284,15000,4918,,
d5_at_q8_7/X/r150,5,q8_7,X,150,ours,pymatching,si1000,50000,22738,15000,6780,29005,3.83
d5_at_q8_7/X/r150,5,q8_7,X,150,ours,pymatching_correlated,si1000,50000,19797,15000,5968,40970,12.14
d5_at_q8_7/X/r150,5,q8_7,X,150,ours,pymatching,rl,50000,22543,15000,6678,29516,3.97
d5_at_q8_7/X/r150,5,q8_7,X,150,ours,pymatching_correlated,rl,50000,19451,15000,5890,38168,11.62
d5_at_q8_7/X/r150,5,q8_7,X,150,google,correlated_matching,si1000,50000,19703,15000,5949,,
d5_at_q8_7/X/r150,5,q8_7,X,150,google,correlated_matching,rl,50000,18889,15000,5699,,
d5_at_q8_7/X/r150,5,q8_7,X,150,google,harmony,si1000,50000,19102,15000,5679,,
d5_at_q8_7/X/r150,5,q8_7,X,150,google,harmony,rl,50000,18667,15000,5590,,
d5_at_q8_7/X/r150,5,q8_7,X,150,google,libra,rl,50000,17764,15000,5328,,
d5_at_q8_7/Z/r150,5,q8_7,Z,150,ours,pymatching,si1000,50000,22177,15000,6676,29289,3.96
d5_at_q8_7/Z/r150,5,q8_7,Z,150,ours,pymatching_correlated,si1000,50000,18922,15000,5687,41202,12.29
d5_at_q8_7/Z/r150,5,q8_7,Z,150,ours,pymatching,rl,50000,22095,15000,6664,29407,4.05
d5_at_q8_7/Z/r150,5,q8_7,Z,150,ours,pymatching_correlated,rl,50000,18383,15000,5475,37883,11.9
d5_at_q8_7/Z/r150,5,q8_7,Z,150,google,correlated_matching,si1000,50000,18770,15000,5605,,
d5_at_q8_7/Z/r150,5,q8_7,Z,150,google,correlated_matching,rl,50000,17732,15000,5319,,
d5_at_q8_7/Z/r150,5,q8_7,Z,150,google,harmony,si1000,50000,18053,15000,5408,,
d5_at_q8_7/Z/r150,5,q8_7,Z,150,google,harmony,rl,50000,17160,15000,5177,,
d5_at_q8_7/Z/r150,5,q8_7,Z,150,google,libra,rl,50000,16245,15000,4873,,
d5_at_q4_7/X/r130,5,q4_7,X,130,ours,pymatching,si1000,50000,20518,15000,6160,31584,2.89
d5_at_q4_7/X/r130,5,q4_7,X,130,ours,pymatching_correlated,si1000,50000,16497,15000,4947,43255,8.79
d5_at_q4_7/X/r130,5,q4_7,X,130,ours,pymatching,rl,50000,20232,15000,6067,31821,2.92
d5_at_q4_7/X/r130,5,q4_7,X,130,ours,pymatching_correlated,rl,50000,15819,15000,4700,40244,8.96
d5_at_q4_7/X/r130,5,q4_7,X,130,google,correlated_matching,si1000,50000,16406,15000,4961,,
d5_at_q4_7/X/r130,5,q4_7,X,130,google,correlated_matching,rl,50000,15777,15000,4663,,
d5_at_q4_7/X/r130,5,q4_7,X,130,google,harmony,si1000,50000,15699,15000,4781,,
d5_at_q4_7/X/r130,5,q4_7,X,130,google,harmony,rl,50000,15174,15000,4550,,
d5_at_q4_7/X/r130,5,q4_7,X,130,google,libra,rl,50000,14379,15000,4336,,
d7_at_q6_7/X/r70,7,q6_7,X,70,ours,pymatching,si1000,50000,12402,15000,3680,38767,4.23
d7_at_q6_7/X/r70,7,q6_7,X,70,ours,pymatching_correlated,si1000,50000,7644,15000,2254,46951,12.31
d7_at_q6_7/X/r70,7,q6_7,X,70,ours,pymatching,rl,50000,11834,15000,3491,39314,4.48
d7_at_q6_7/X/r70,7,q6_7,X,70,ours,pymatching_correlated,rl,50000,7199,15000,2113,45593,12.56
d7_at_q6_7/X/r70,7,q6_7,X,70,google,correlated_matching,si1000,50000,7703,15000,2279,,
d7_at_q6_7/X/r70,7,q6_7,X,70,google,correlated_matching,rl,50000,7220,15000,2138,,
d7_at_q6_7/X/r70,7,q6_7,X,70,google,harmony,si1000,50000,7012,15000,2072,,
d7_at_q6_7/X/r70,7,q6_7,X,70,google,harmony,rl,50000,6763,15000,2001,,
d7_at_q6_7/X/r70,7,q6_7,X,70,google,libra,rl,50000,6068,15000,1770,,
d5_at_q4_7/Z/r130,5,q4_7,Z,130,ours,pymatching,si1000,50000,19140,15000,5678,33012,2.96
d5_at_q4_7/Z/r130,5,q4_7,Z,130,ours,pymatching_correlated,si1000,50000,15481,15000,4581,43657,8.75
d5_at_q4_7/Z/r130,5,q4_7,Z,130,ours,pymatching,rl,50000,18744,15000,5609,33285,2.97
d5_at_q4_7/Z/r130,5,q4_7,Z,130,ours,pymatching_correlated,rl,50000,14419,15000,4306,42452,9.13
d5_at_q4_7/Z/r130,5,q4_7,Z,130,google,correlated_matching,si1000,50000,15128,15000,4463,,
d5_at_q4_7/Z/r130,5,q4_7,Z,130,google,correlated_matching,rl,50000,13981,15000,4142,,
d5_at_q4_7/Z/r130,5,q4_7,Z,130,google,harmony,si1000,50000,14104,15000,4179,,
d5_at_q4_7/Z/r130,5,q4_7,Z,130,google,harmony,rl,50000,13615,15000,4044,,
d5_at_q4_7/Z/r130,5,q4_7,Z,130,google,libra,rl,50000,12819,15000,3791,,
d7_at_q6_7/Z/r70,7,q6_7,Z,70,ours,pymatching,si1000,50000,10251,15000,3045,40516,4.2
d7_at_q6_7/Z/r70,7,q6_7,Z,70,ours,pymatching_correlated,si1000,50000,6452,15000,1971,47265,12.25
d7_at_q6_7/Z/r70,7,q6_7,Z,70,ours,pymatching,rl,50000,10152,15000,3086,40695,4.34
d7_at_q6_7/Z/r70,7,q6_7,Z,70,ours,pymatching_correlated,rl,50000,6016,15000,1819,46573,12.61
d7_at_q6_7/Z/r70,7,q6_7,Z,70,google,correlated_matching,si1000,50000,6295,15000,1896,,
d7_at_q6_7/Z/r70,7,q6_7,Z,70,google,correlated_matching,rl,50000,5577,15000,1667,,
d7_at_q6_7/Z/r70,7,q6_7,Z,70,google,harmony,si1000,50000,5507,15000,1646,,
d7_at_q6_7/Z/r70,7,q6_7,Z,70,google,harmony,rl,50000,5077,15000,1512,,
d7_at_q6_7/Z/r70,7,q6_7,Z,70,google,libra,rl,50000,4606,15000,1390,,
d5_at_q6_5/X/r130,5,q6_5,X,130,ours,pymatching,si1000,50000,20712,15000,6176,31062,2.95
d5_at_q6_5/X/r130,5,q6_5,X,130,ours,pymatching_correlated,si1000,50000,17173,15000,5104,42885,9.34
d5_at_q6_5/X/r130,5,q6_5,X,130,ours,pymatching,rl,50000,20558,15000,6128,31461,3.04
d5_at_q6_5/X/r130,5,q6_5,X,130,ours,pymatching_correlated,rl,50000,17038,15000,5003,38939,8.61
d5_at_q6_5/X/r130,5,q6_5,X,130,google,correlated_matching,si1000,50000,17150,15000,5068,,
d5_at_q6_5/X/r130,5,q6_5,X,130,google,correlated_matching,rl,50000,16501,15000,4952,,
d5_at_q6_5/X/r130,5,q6_5,X,130,google,harmony,si1000,50000,16311,15000,4871,,
d5_at_q6_5/X/r130,5,q6_5,X,130,google,harmony,rl,50000,15896,15000,4728,,
d5_at_q6_5/X/r130,5,q6_5,X,130,google,libra,rl,50000,15249,15000,4603,,
d5_at_q6_5/Z/r130,5,q6_5,Z,130,ours,pymatching,si1000,50000,19158,15000,5747,32412,3.03
d5_at_q6_5/Z/r130,5,q6_5,Z,130,ours,pymatching_correlated,si1000,50000,15599,15000,4627,43429,9.44
d5_at_q6_5/Z/r130,5,q6_5,Z,130,ours,pymatching,rl,50000,19062,15000,5780,32839,3.17
d5_at_q6_5/Z/r130,5,q6_5,Z,130,ours,pymatching_correlated,rl,50000,14947,15000,4560,41802,8.7
d5_at_q6_5/Z/r130,5,q6_5,Z,130,google,correlated_matching,si1000,50000,15344,15000,4601,,
d5_at_q6_5/Z/r130,5,q6_5,Z,130,google,correlated_matching,rl,50000,14059,15000,4206,,
d5_at_q6_5/Z/r130,5,q6_5,Z,130,google,harmony,si1000,50000,14530,15000,4328,,
d5_at_q6_5/Z/r130,5,q6_5,Z,130,google,harmony,rl,50000,13579,15000,4044,,
d5_at_q6_5/Z/r130,5,q6_5,Z,130,google,libra,rl,50000,12636,15000,3787,,
d5_at_q6_9/X/r130,5,q6_9,X,130,ours,pymatching,si1000,50000,21470,15000,6470,30280,3.22
d5_at_q6_9/X/r130,5,q6_9,X,130,ours,pymatching_correlated,si1000,50000,18100,15000,5393,42104,10.1
d5_at_q6_9/X/r130,5,q6_9,X,130,ours,pymatching,rl,50000,21146,15000,6451,30796,3.3
d5_at_q6_9/X/r130,5,q6_9,X,130,ours,pymatching_correlated,rl,50000,17844,15000,5319,39006,9.64
d5_at_q6_9/X/r130,5,q6_9,X,130,google,correlated_matching,si1000,50000,18070,15000,5457,,
d5_at_q6_9/X/r130,5,q6_9,X,130,google,correlated_matching,rl,50000,17740,15000,5258,,
d5_at_q6_9/X/r130,5,q6_9,X,130,google,harmony,si1000,50000,17464,15000,5275,,
d5_at_q6_9/X/r130,5,q6_9,X,130,google,harmony,rl,50000,17303,15000,5199,,
d5_at_q6_9/X/r130,5,q6_9,X,130,google,libra,rl,50000,16434,15000,4838,,
d5_at_q4_7/X/r110,5,q4_7,X,110,ours,pymatching,si1000,50000,19766,15000,5923,32396,2.57
d5_at_q4_7/X/r110,5,q4_7,X,110,ours,pymatching_correlated,si1000,50000,15993,15000,4863,43523,7.31
d5_at_q4_7/X/r110,5,q4_7,X,110,ours,pymatching,rl,50000,19587,15000,5867,32513,2.55
d5_at_q4_7/X/r110,5,q4_7,X,110,ours,pymatching_correlated,rl,50000,15607,15000,4631,40557,7.8
d5_at_q4_7/X/r110,5,q4_7,X,110,google,correlated_matching,si1000,50000,15790,15000,4783,,
d5_at_q4_7/X/r110,5,q4_7,X,110,google,correlated_matching,rl,50000,15372,15000,4711,,
d5_at_q4_7/X/r110,5,q4_7,X,110,google,harmony,si1000,50000,15223,15000,4631,,
d5_at_q4_7/X/r110,5,q4_7,X,110,google,harmony,rl,50000,14689,15000,4427,,
d5_at_q4_7/X/r110,5,q4_7,X,110,google,libra,rl,50000,14086,15000,4256,,
d5_at_q4_7/Z/r110,5,q4_7,Z,110,ours,pymatching,si1000,50000,17187,15000,5154,34718,2.47
d5_at_q4_7/Z/r110,5,q4_7,Z,110,ours,pymatching_correlated,si1000,50000,13780,15000,4188,44493,7.03
d5_at_q4_7/Z/r110,5,q4_7,Z,110,ours,pymatching,rl,50000,16890,15000,5029,35241,2.45
d5_at_q4_7/Z/r110,5,q4_7,Z,110,ours,pymatching_correlated,rl,50000,12762,15000,3768,43407,7.58
d5_at_q4_7/Z/r110,5,q4_7,Z,110,google,correlated_matching,si1000,50000,13497,15000,4085,,
d5_at_q4_7/Z/r110,5,q4_7,Z,110,google,correlated_matching,rl,50000,12399,15000,3726,,
d5_at_q4_7/Z/r110,5,q4_7,Z,110,google,harmony,si1000,50000,12499,15000,3768,,
d5_at_q4_7/Z/r110,5,q4_7,Z,110,google,harmony,rl,50000,11929,15000,3588,,
d5_at_q4_7/Z/r110,5,q4_7,Z,110,google,libra,rl,50000,11225,15000,3429,,
d5_at_q6_9/Z/r130,5,q6_9,Z,130,ours,pymatching,si1000,50000,20798,15000,6291,30754,3.39
d5_at_q6_9/Z/r130,5,q6_9,Z,130,ours,pymatching_correlated,si1000,50000,17763,15000,5359,42061,9.65
d5_at_q6_9/Z/r130,5,q6_9,Z,130,ours,pymatching,rl,50000,20592,15000,6249,31388,3.18
d5_at_q6_9/Z/r130,5,q6_9,Z,130,ours,pymatching_correlated,rl,50000,16881,15000,5071,40493,9.71
d5_at_q6_9/Z/r130,5,q6_9,Z,130,google,correlated_matching,si1000,50000,17664,15000,5371,,
d5_at_q6_9/Z/r130,5,q6_9,Z,130,google,correlated_matching,rl,50000,16228,15000,4913,,
d5_at_q6_9/Z/r130,5,q6_9,Z,130,google,harmony,si1000,50000,16900,15000,5126,,
d5_at_q6_9/Z/r130,5,q6_9,Z,130,google,harmony,rl,50000,15949,15000,4816,,
d5_at_q6_9/Z/r130,5,q6_9,Z,130,google,libra,rl,50000,15118,15000,4589,,
d5_at_q8_7/X/r130,5,q8_7,X,130,ours,pymatching,si1000,50000,22056,15000,6595,29970,3.35
d5_at_q8_7/X/r130,5,q8_7,X,130,ours,pymatching_correlated,si1000,50000,18564,15000,5524,41898,9.53
d5_at_q8_7/X/r130,5,q8_7,X,130,ours,pymatching,rl,50000,21739,15000,6435,30611,3.26
d5_at_q8_7/X/r130,5,q8_7,X,130,ours,pymatching_correlated,rl,50000,18107,15000,5457,39531,10.17
d5_at_q8_7/X/r130,5,q8_7,X,130,google,correlated_matching,si1000,50000,18512,15000,5537,,
d5_at_q8_7/X/r130,5,q8_7,X,130,google,correlated_matching,rl,50000,17680,15000,5355,,
d5_at_q8_7/X/r130,5,q8_7,X,130,google,harmony,si1000,50000,17865,15000,5358,,
d5_at_q8_7/X/r130,5,q8_7,X,130,google,harmony,rl,50000,17236,15000,5155,,
d5_at_q8_7/X/r130,5,q8_7,X,130,google,libra,rl,50000,16374,15000,4850,,
d5_at_q8_7/Z/r130,5,q8_7,Z,130,ours,pymatching,si1000,50000,20880,15000,6229,30994,3.35
d5_at_q8_7/Z/r130,5,q8_7,Z,130,ours,pymatching_correlated,si1000,50000,17402,15000,5171,42294,9.57
d5_at_q8_7/Z/r130,5,q8_7,Z,130,ours,pymatching,rl,50000,20739,15000,6192,30951,3.28
d5_at_q8_7/Z/r130,5,q8_7,Z,130,ours,pymatching_correlated,rl,50000,16815,15000,5087,39417,10.36
d5_at_q8_7/Z/r130,5,q8_7,Z,130,google,correlated_matching,si1000,50000,17100,15000,5109,,
d5_at_q8_7/Z/r130,5,q8_7,Z,130,google,correlated_matching,rl,50000,16010,15000,4863,,
d5_at_q8_7/Z/r130,5,q8_7,Z,130,google,harmony,si1000,50000,16463,15000,4934,,
d5_at_q8_7/Z/r130,5,q8_7,Z,130,google,harmony,rl,50000,15706,15000,4680,,
d5_at_q8_7/Z/r130,5,q8_7,Z,130,google,libra,rl,50000,14830,15000,4488,,
d5_at_q6_5/X/r110,5,q6_5,X,110,ours,pymatching,si1000,50000,19876,15000,5940,32299,2.54
d5_at_q6_5/X/r110,5,q6_5,X,110,ours,pymatching_correlated,si1000,50000,16032,15000,4732,43689,7.95
d5_at_q6_5/X/r110,5,q6_5,X,110,ours,pymatching,rl,50000,19784,15000,5942,32431,2.66
d5_at_q6_5/X/r110,5,q6_5,X,110,ours,pymatching_correlated,rl,50000,16010,15000,4793,39791,9.49
d5_at_q6_5/X/r110,5,q6_5,X,110,google,correlated_matching,si1000,50000,15859,15000,4693,,
d5_at_q6_5/X/r110,5,q6_5,X,110,google,correlated_matching,rl,50000,15425,15000,4699,,
d5_at_q6_5/X/r110,5,q6_5,X,110,google,harmony,si1000,50000,15130,15000,4500,,
d5_at_q6_5/X/r110,5,q6_5,X,110,google,harmony,rl,50000,14926,15000,4483,,
d5_at_q6_5/X/r110,5,q6_5,X,110,google,libra,rl,50000,14164,15000,4348,,
d5_at_q6_5/Z/r110,5,q6_5,Z,110,ours,pymatching,si1000,50000,18159,15000,5451,33802,2.46
d5_at_q6_5/Z/r110,5,q6_5,Z,110,ours,pymatching_correlated,si1000,50000,14266,15000,4278,44257,7.83
d5_at_q6_5/Z/r110,5,q6_5,Z,110,ours,pymatching,rl,50000,18349,15000,5545,33819,2.66
d5_at_q6_5/Z/r110,5,q6_5,Z,110,ours,pymatching_correlated,rl,50000,14075,15000,4254,42345,9.26
d5_at_q6_5/Z/r110,5,q6_5,Z,110,google,correlated_matching,si1000,50000,14191,15000,4240,,
d5_at_q6_5/Z/r110,5,q6_5,Z,110,google,correlated_matching,rl,50000,13144,15000,3977,,
d5_at_q6_5/Z/r110,5,q6_5,Z,110,google,harmony,si1000,50000,13206,15000,4030,,
d5_at_q6_5/Z/r110,5,q6_5,Z,110,google,harmony,rl,50000,12621,15000,3855,,
d5_at_q6_5/Z/r110,5,q6_5,Z,110,google,libra,rl,50000,11861,15000,3608,,
d5_at_q6_9/X/r110,5,q6_9,X,110,ours,pymatching,si1000,50000,20133,15000,5958,32061,2.76
d5_at_q6_9/X/r110,5,q6_9,X,110,ours,pymatching_correlated,si1000,50000,16460,15000,5014,43318,8.59
d5_at_q6_9/X/r110,5,q6_9,X,110,ours,pymatching,rl,50000,19823,15000,5802,32309,3.46
d5_at_q6_9/X/r110,5,q6_9,X,110,ours,pymatching_correlated,rl,50000,16025,15000,4847,40475,8.06
d5_at_q6_9/X/r110,5,q6_9,X,110,google,correlated_matching,si1000,50000,16372,15000,4976,,
d5_at_q6_9/X/r110,5,q6_9,X,110,google,correlated_matching,rl,50000,15800,15000,4788,,
d5_at_q6_9/X/r110,5,q6_9,X,110,google,harmony,si1000,50000,15476,15000,4676,,
d5_at_q6_9/X/r110,5,q6_9,X,110,google,harmony,rl,50000,15354,15000,4650,,
d5_at_q6_9/X/r110,5,q6_9,X,110,google,libra,rl,50000,14461,15000,4330,,
d5_at_q6_9/Z/r110,5,q6_9,Z,110,ours,pymatching,si1000,50000,19449,15000,5805,32644,2.69
d5_at_q6_9/Z/r110,5,q6_9,Z,110,ours,pymatching_correlated,si1000,50000,15993,15000,4896,43302,8.87
d5_at_q6_9/Z/r110,5,q6_9,Z,110,ours,pymatching,rl,50000,19126,15000,5705,33231,3.31
d5_at_q6_9/Z/r110,5,q6_9,Z,110,ours,pymatching_correlated,rl,50000,15216,15000,4563,41743,7.46
d5_at_q6_9/Z/r110,5,q6_9,Z,110,google,correlated_matching,si1000,50000,15773,15000,4805,,
d5_at_q6_9/Z/r110,5,q6_9,Z,110,google,correlated_matching,rl,50000,14517,15000,4332,,
d5_at_q6_9/Z/r110,5,q6_9,Z,110,google,harmony,si1000,50000,14947,15000,4540,,
d5_at_q6_9/Z/r110,5,q6_9,Z,110,google,harmony,rl,50000,14111,15000,4145,,
d5_at_q6_9/Z/r110,5,q6_9,Z,110,google,libra,rl,50000,13391,15000,3988,,
d3_at_q10_7/X/r250,3,q10_7,X,250,ours,pymatching,si1000,50000,24610,15000,7453,27161,1.02
d3_at_q10_7/X/r250,3,q10_7,X,250,ours,pymatching_correlated,si1000,50000,24134,15000,7174,35777,2.86
d3_at_q10_7/X/r250,3,q10_7,X,250,ours,pymatching,rl,50000,24350,15000,7246,28065,1.01
d3_at_q10_7/X/r250,3,q10_7,X,250,ours,pymatching_correlated,rl,50000,23561,15000,7086,34974,2.82
d3_at_q10_7/X/r250,3,q10_7,X,250,google,correlated_matching,si1000,50000,23739,15000,7112,,
d3_at_q10_7/X/r250,3,q10_7,X,250,google,correlated_matching,rl,50000,23635,15000,7087,,
d3_at_q10_7/X/r250,3,q10_7,X,250,google,harmony,si1000,50000,23719,15000,7192,,
d3_at_q10_7/X/r250,3,q10_7,X,250,google,harmony,rl,50000,23387,15000,7013,,
d3_at_q10_7/X/r250,3,q10_7,X,250,google,libra,rl,50000,23335,15000,7017,,
d3_at_q10_7/Z/r250,3,q10_7,Z,250,ours,pymatching,si1000,50000,24624,15000,7435,25732,1.0
d3_at_q10_7/Z/r250,3,q10_7,Z,250,ours,pymatching_correlated,si1000,50000,24500,15000,7373,30044,2.9
d3_at_q10_7/Z/r250,3,q10_7,Z,250,ours,pymatching,rl,50000,24795,15000,7388,26469,1.02
d3_at_q10_7/Z/r250,3,q10_7,Z,250,ours,pymatching_correlated,rl,50000,24403,15000,7319,30027,2.94
d3_at_q10_7/Z/r250,3,q10_7,Z,250,google,correlated_matching,si1000,50000,24390,15000,7357,,
d3_at_q10_7/Z/r250,3,q10_7,Z,250,google,correlated_matching,rl,50000,23744,15000,7165,,
d3_at_q10_7/Z/r250,3,q10_7,Z,250,google,harmony,si1000,50000,24145,15000,7314,,
d3_at_q10_7/Z/r250,3,q10_7,Z,250,google,harmony,rl,50000,23612,15000,7160,,
d3_at_q10_7/Z/r250,3,q10_7,Z,250,google,libra,rl,50000,23654,15000,7110,,
d5_at_q8_7/X/r110,5,q8_7,X,110,ours,pymatching,si1000,50000,20705,15000,6161,31548,2.7
d5_at_q8_7/X/r110,5,q8_7,X,110,ours,pymatching_correlated,si1000,50000,17062,15000,5106,43073,9.04
d5_at_q8_7/X/r110,5,q8_7,X,110,ours,pymatching,rl,50000,20165,15000,5983,32073,3.44
d5_at_q8_7/X/r110,5,q8_7,X,110,ours,pymatching_correlated,rl,50000,16518,15000,4940,40572,7.8
d5_at_q8_7/X/r110,5,q8_7,X,110,google,correlated_matching,si1000,50000,16989,15000,5123,,
d5_at_q8_7/X/r110,5,q8_7,X,110,google,correlated_matching,rl,50000,15980,15000,4782,,
d5_at_q8_7/X/r110,5,q8_7,X,110,google,harmony,si1000,50000,16222,15000,4857,,
d5_at_q8_7/X/r110,5,q8_7,X,110,google,harmony,rl,50000,15515,15000,4656,,
d5_at_q8_7/X/r110,5,q8_7,X,110,google,libra,rl,50000,14815,15000,4444,,
d5_at_q8_7/Z/r110,5,q8_7,Z,110,ours,pymatching,si1000,50000,19416,15000,5785,32311,2.72
d5_at_q8_7/Z/r110,5,q8_7,Z,110,ours,pymatching_correlated,si1000,50000,15741,15000,4752,43284,9.64
d5_at_q8_7/Z/r110,5,q8_7,Z,110,ours,pymatching,rl,50000,19229,15000,5757,32863,2.99
d5_at_q8_7/Z/r110,5,q8_7,Z,110,ours,pymatching_correlated,rl,50000,15236,15000,4491,40744,7.75
d5_at_q8_7/Z/r110,5,q8_7,Z,110,google,correlated_matching,si1000,50000,15645,15000,4648,,
d5_at_q8_7/Z/r110,5,q8_7,Z,110,google,correlated_matching,rl,50000,14584,15000,4343,,
d5_at_q8_7/Z/r110,5,q8_7,Z,110,google,harmony,si1000,50000,14693,15000,4385,,
d5_at_q8_7/Z/r110,5,q8_7,Z,110,google,harmony,rl,50000,14022,15000,4113,,
d5_at_q8_7/Z/r110,5,q8_7,Z,110,google,libra,rl,50000,13320,15000,3926,,
d7_at_q6_7/X/r50,7,q6_7,X,50,ours,pymatching,si1000,50000,8364,15000,2582,42492,2.97
d7_at_q6_7/X/r50,7,q6_7,X,50,ours,pymatching_correlated,si1000,50000,5187,15000,1620,47983,8.95
d7_at_q6_7/X/r50,7,q6_7,X,50,ours,pymatching,rl,50000,8188,15000,2526,42636,2.82
d7_at_q6_7/X/r50,7,q6_7,X,50,ours,pymatching_correlated,rl,50000,4991,15000,1538,47051,7.69
d7_at_q6_7/X/r50,7,q6_7,X,50,google,correlated_matching,si1000,50000,5044,15000,1550,,
d7_at_q6_7/X/r50,7,q6_7,X,50,google,correlated_matching,rl,50000,4868,15000,1455,,
d7_at_q6_7/X/r50,7,q6_7,X,50,google,harmony,si1000,50000,4588,15000,1411,,
d7_at_q6_7/X/r50,7,q6_7,X,50,google,harmony,rl,50000,4431,15000,1372,,
d7_at_q6_7/X/r50,7,q6_7,X,50,google,libra,rl,50000,4025,15000,1241,,
d7_at_q6_7/Z/r50,7,q6_7,Z,50,ours,pymatching,si1000,50000,7642,15000,2335,43177,3.11
d7_at_q6_7/Z/r50,7,q6_7,Z,50,ours,pymatching_correlated,si1000,50000,4570,15000,1367,48157,8.88
d7_at_q6_7/Z/r50,7,q6_7,Z,50,ours,pymatching,rl,50000,7509,15000,2313,43246,2.89
d7_at_q6_7/Z/r50,7,q6_7,Z,50,ours,pymatching_correlated,rl,50000,4388,15000,1313,47561,7.67
d7_at_q6_7/Z/r50,7,q6_7,Z,50,google,correlated_matching,si1000,50000,4453,15000,1337,,
d7_at_q6_7/Z/r50,7,q6_7,Z,50,google,correlated_matching,rl,50000,4061,15000,1202,,
d7_at_q6_7/Z/r50,7,q6_7,Z,50,google,harmony,si1000,50000,3871,15000,1175,,
d7_at_q6_7/Z/r50,7,q6_7,Z,50,google,harmony,rl,50000,3622,15000,1099,,
d7_at_q6_7/Z/r50,7,q6_7,Z,50,google,libra,rl,50000,3338,15000,966,,
d3_at_q2_7/X/r250,3,q2_7,X,250,ours,pymatching,si1000,50000,24321,15000,7208,26902,0.83
d3_at_q2_7/X/r250,3,q2_7,X,250,ours,pymatching_correlated,si1000,50000,24280,15000,7365,35769,2.47
d3_at_q2_7/X/r250,3,q2_7,X,250,ours,pymatching,rl,50000,24448,15000,7363,27466,0.8
d3_at_q2_7/X/r250,3,q2_7,X,250,ours,pymatching_correlated,rl,50000,23981,15000,7191,33041,2.66
d3_at_q2_7/X/r250,3,q2_7,X,250,google,correlated_matching,si1000,50000,24077,15000,7290,,
d3_at_q2_7/X/r250,3,q2_7,X,250,google,correlated_matching,rl,50000,23714,15000,7095,,
d3_at_q2_7/X/r250,3,q2_7,X,250,google,harmony,si1000,50000,23843,15000,7168,,
d3_at_q2_7/X/r250,3,q2_7,X,250,google,harmony,rl,50000,23752,15000,7126,,
d3_at_q2_7/X/r250,3,q2_7,X,250,google,libra,rl,50000,23697,15000,7053,,
d3_at_q2_7/Z/r250,3,q2_7,Z,250,ours,pymatching,si1000,50000,24473,15000,7292,26519,0.85
d3_at_q2_7/Z/r250,3,q2_7,Z,250,ours,pymatching_correlated,si1000,50000,24164,15000,7168,33152,2.52
d3_at_q2_7/Z/r250,3,q2_7,Z,250,ours,pymatching,rl,50000,24340,15000,7217,27585,0.82
d3_at_q2_7/Z/r250,3,q2_7,Z,250,ours,pymatching_correlated,rl,50000,23870,15000,7165,34017,2.51
d3_at_q2_7/Z/r250,3,q2_7,Z,250,google,correlated_matching,si1000,50000,24010,15000,7222,,
d3_at_q2_7/Z/r250,3,q2_7,Z,250,google,correlated_matching,rl,50000,23691,15000,7104,,
d3_at_q2_7/Z/r250,3,q2_7,Z,250,google,harmony,si1000,50000,23607,15000,7061,,
d3_at_q2_7/Z/r250,3,q2_7,Z,250,google,harmony,rl,50000,23454,15000,7016,,
d3_at_q2_7/Z/r250,3,q2_7,Z,250,google,libra,rl,50000,23400,15000,6968,,
d3_at_q4_9/X/r250,3,q4_9,X,250,ours,pymatching,si1000,50000,24959,15000,7424,26424,0.89
d3_at_q4_9/X/r250,3,q4_9,X,250,ours,pymatching_correlated,si1000,50000,24541,15000,7337,33832,2.85
d3_at_q4_9/X/r250,3,q4_9,X,250,ours,pymatching,rl,50000,24993,15000,7527,26576,0.87
d3_at_q4_9/X/r250,3,q4_9,X,250,ours,pymatching_correlated,rl,50000,24662,15000,7454,30511,2.51
d3_at_q4_9/X/r250,3,q4_9,X,250,google,correlated_matching,si1000,50000,24517,15000,7368,,
d3_at_q4_9/X/r250,3,q4_9,X,250,google,correlated_matching,rl,50000,24483,15000,7273,,
d3_at_q4_9/X/r250,3,q4_9,X,250,google,harmony,si1000,50000,24456,15000,7334,,
d3_at_q4_9/X/r250,3,q4_9,X,250,google,harmony,rl,50000,24270,15000,7324,,
d3_at_q4_9/X/r250,3,q4_9,X,250,google,libra,rl,50000,24287,15000,7320,,
d3_at_q4_5/X/r250,3,q4_5,X,250,ours,pymatching,si1000,50000,24760,15000,7410,26448,0.92
d3_at_q4_5/X/r250,3,q4_5,X,250,ours,pymatching_correlated,si1000,50000,24788,15000,7462,33170,2.88
d3_at_q4_5/X/r250,3,q4_5,X,250,ours,pymatching,rl,50000,24662,15000,7455,27524,1.08
d3_at_q4_5/X/r250,3,q4_5,X,250,ours,pymatching_correlated,rl,50000,24355,15000,7234,35693,2.96
d3_at_q4_5/X/r250,3,q4_5,X,250,google,correlated_matching,si1000,50000,24466,15000,7278,,
d3_at_q4_5/X/r250,3,q4_5,X,250,google,correlated_matching,rl,50000,24404,15000,7269,,
d3_at_q4_5/X/r250,3,q4_5,X,250,google,harmony,si1000,50000,24400,15000,7264,,
d3_at_q4_5/X/r250,3,q4_5,X,250,google,harmony,rl,50000,24206,15000,7290,,
d3_at_q4_5/X/r250,3,q4_5,X,250,google,libra,rl,50000,23985,15000,7206,,
d3_at_q4_5/Z/r250,3,q4_5,Z,250,ours,pymatching,si1000,50000,24566,15000,7334,26438,0.91
d3_at_q4_5/Z/r250,3,q4_5,Z,250,ours,pymatching_correlated,si1000,50000,24058,15000,7195,33892,2.89
d3_at_q4_5/Z/r250,3,q4_5,Z,250,ours,pymatching,rl,50000,24643,15000,7415,27373,1.03
d3_at_q4_5/Z/r250,3,q4_5,Z,250,ours,pymatching_correlated,rl,50000,23678,15000,7164,35776,2.93
d3_at_q4_5/Z/r250,3,q4_5,Z,250,google,correlated_matching,si1000,50000,24112,15000,7254,,
d3_at_q4_5/Z/r250,3,q4_5,Z,250,google,correlated_matching,rl,50000,23488,15000,7024,,
d3_at_q4_5/Z/r250,3,q4_5,Z,250,google,harmony,si1000,50000,23860,15000,7172,,
d3_at_q4_5/Z/r250,3,q4_5,Z,250,google,harmony,rl,50000,23695,15000,7128,,
d3_at_q4_5/Z/r250,3,q4_5,Z,250,google,libra,rl,50000,23481,15000,7021,,
d3_at_q4_9/Z/r250,3,q4_9,Z,250,ours,pymatching,si1000,50000,24811,15000,7414,26040,0.97
d3_at_q4_9/Z/r250,3,q4_9,Z,250,ours,pymatching_correlated,si1000,50000,24673,15000,7441,31458,3.13
d3_at_q4_9/Z/r250,3,q4_9,Z,250,ours,pymatching,rl,50000,24808,15000,7476,27682,0.92
d3_at_q4_9/Z/r250,3,q4_9,Z,250,ours,pymatching_correlated,rl,50000,24307,15000,7287,37597,2.73
d3_at_q4_9/Z/r250,3,q4_9,Z,250,google,correlated_matching,si1000,50000,24561,15000,7410,,
d3_at_q4_9/Z/r250,3,q4_9,Z,250,google,correlated_matching,rl,50000,24234,15000,7261,,
d3_at_q4_9/Z/r250,3,q4_9,Z,250,google,harmony,si1000,50000,24422,15000,7311,,
d3_at_q4_9/Z/r250,3,q4_9,Z,250,google,harmony,rl,50000,23968,15000,7187,,
d3_at_q4_9/Z/r250,3,q4_9,Z,250,google,libra,rl,50000,24135,15000,7241,,
d3_at_q6_3/X/r250,3,q6_3,X,250,ours,pymatching,si1000,50000,24439,15000,7194,27033,0.86
d3_at_q6_3/X/r250,3,q6_3,X,250,ours,pymatching_correlated,si1000,50000,24215,15000,7273,35027,2.51
d3_at_q6_3/X/r250,3,q6_3,X,250,ours,pymatching,rl,50000,24822,15000,7489,26202,0.86
d3_at_q6_3/X/r250,3,q6_3,X,250,ours,pymatching_correlated,rl,50000,24240,15000,7286,29662,2.57
d3_at_q6_3/X/r250,3,q6_3,X,250,google,correlated_matching,si1000,50000,23876,15000,7078,,
d3_at_q6_3/X/r250,3,q6_3,X,250,google,correlated_matching,rl,50000,23702,15000,7066,,
d3_at_q6_3/X/r250,3,q6_3,X,250,google,harmony,si1000,50000,23710,15000,7025,,
d3_at_q6_3/X/r250,3,q6_3,X,250,google,harmony,rl,50000,23331,15000,6937,,
d3_at_q6_3/X/r250,3,q6_3,X,250,google,libra,rl,50000,23295,15000,6943,,
d3_at_q6_11/X/r250,3,q6_11,X,250,ours,pymatching,si1000,50000,24908,15000,7478,26177,1.06
d3_at_q6_11/X/r250,3,q6_11,X,250,ours,pymatching_correlated,si1000,50000,24486,15000,7266,33779,2.98
d3_at_q6_11/X/r250,3,q6_11,X,250,ours,pymatching,rl,50000,24749,15000,7449,25963,1.02
d3_at_q6_11/X/r250,3,q6_11,X,250,ours,pymatching_correlated,rl,50000,24609,15000,7384,27911,2.99
d3_at_q6_11/X/r250,3,q6_11,X,250,google,correlated_matching,si1000,50000,24417,15000,7250,,
d3_at_q6_11/X/r250,3,q6_11,X,250,google,correlated_matching,rl,50000,24532,15000,7434,,
d3_at_q6_11/X/r250,3,q6_11,X,250,google,harmony,si1000,50000,24464,15000,7334,,
d3_at_q6_11/X/r250,3,q6_11,X,250,google,harmony,rl,50000,24330,15000,7315,,
d3_at_q6_11/X/r250,3,q6_11,X,250,google,libra,rl,50000,24128,15000,7324,,
d3_at_q6_3/Z/r250,3,q6_3,Z,250,ours,pymatching,si1000,50000,24263,15000,7305,26914,0.88
d3_at_q6_3/Z/r250,3,q6_3,Z,250,ours,pymatching_correlated,si1000,50000,23856,15000,7227,33523,2.55
d3_at_q6_3/Z/r250,3,q6_3,Z,250,ours,pymatching,rl,50000,24150,15000,7227,28221,0.82
d3_at_q6_3/Z/r250,3,q6_3,Z,250,ours,pymatching_correlated,rl,50000,23186,15000,6991,33735,2.48
d3_at_q6_3/Z/r250,3,q6_3,Z,250,google,correlated_matching,si1000,50000,23449,15000,7093,,
d3_at_q6_3/Z/r250,3,q6_3,Z,250,google,correlated_matching,rl,50000,22947,15000,6874,,
d3_at_q6_3/Z/r250,3,q6_3,Z,250,google,harmony,si1000,50000,23012,15000,6995,,
d3_at_q6_3/Z/r250,3,q6_3,Z,250,google,harmony,rl,50000,22641,15000,6837,,
d3_at_q6_3/Z/r250,3,q6_3,Z,250,google,libra,rl,50000,22584,15000,6805,,
d3_at_q6_11/Z/r250,3,q6_11,Z,250,ours,pymatching,si1000,50000,24670,15000,7350,25806,1.01
d3_at_q6_11/Z/r250,3,q6_11,Z,250,ours,pymatching_correlated,si1000,50000,24872,15000,7419,29586,2.96
d3_at_q6_11/Z/r250,3,q6_11,Z,250,ours,pymatching,rl,50000,24717,15000,7433,25892,0.93
d3_at_q6_11/Z/r250,3,q6_11,Z,250,ours,pymatching_correlated,rl,50000,24626,15000,7389,28903,2.85
d3_at_q6_11/Z/r250,3,q6_11,Z,250,google,correlated_matching,si1000,50000,24720,15000,7423,,
d3_at_q6_11/Z/r250,3,q6_11,Z,250,google,correlated_matching,rl,50000,24293,15000,7311,,
d3_at_q6_11/Z/r250,3,q6_11,Z,250,google,harmony,si1000,50000,24636,15000,7400,,
d3_at_q6_11/Z/r250,3,q6_11,Z,250,google,harmony,rl,50000,24238,15000,7329,,
d3_at_q6_11/Z/r250,3,q6_11,Z,250,google,libra,rl,50000,24246,15000,7337,,
d3_at_q8_5/X/r250,3,q8_5,X,250,ours,pymatching,si1000,50000,24944,15000,7450,26772,0.85
d3_at_q8_5/X/r250,3,q8_5,X,250,ours,pymatching_correlated,si1000,50000,24621,15000,7407,34961,2.59
d3_at_q8_5/X/r250,3,q8_5,X,250,ours,pymatching,rl,50000,24769,15000,7485,26601,0.82
d3_at_q8_5/X/r250,3,q8_5,X,250,ours,pymatching_correlated,rl,50000,24520,15000,7322,30414,2.42
d3_at_q8_5/X/r250,3,q8_5,X,250,google,correlated_matching,si1000,50000,24464,15000,7362,,
d3_at_q8_5/X/r250,3,q8_5,X,250,google,correlated_matching,rl,50000,24276,15000,7331,,
d3_at_q8_5/X/r250,3,q8_5,X,250,google,harmony,si1000,50000,24295,15000,7272,,
d3_at_q8_5/X/r250,3,q8_5,X,250,google,harmony,rl,50000,24111,15000,7233,,
d3_at_q8_5/X/r250,3,q8_5,X,250,google,libra,rl,50000,24170,15000,7239,,
d3_at_q6_7/Z/r250,3,q6_7,Z,250,ours,pymatching,si1000,50000,24939,15000,7487,25503,1.12
d3_at_q6_7/Z/r250,3,q6_7,Z,250,ours,pymatching_correlated,si1000,50000,24790,15000,7399,30250,3.39
d3_at_q6_7/Z/r250,3,q6_7,Z,250,ours,pymatching,rl,50000,24795,15000,7422,25578,0.98
d3_at_q6_7/Z/r250,3,q6_7,Z,250,ours,pymatching_correlated,rl,50000,24400,15000,7322,30015,3.0
d3_at_q6_7/Z/r250,3,q6_7,Z,250,google,correlated_matching,si1000,50000,24928,15000,7439,,
d3_at_q6_7/Z/r250,3,q6_7,Z,250,google,correlated_matching,rl,50000,24695,15000,7461,,
d3_at_q6_7/Z/r250,3,q6_7,Z,250,google,harmony,si1000,50000,24875,15000,7438,,
d3_at_q6_7/Z/r250,3,q6_7,Z,250,google,harmony,rl,50000,24435,15000,7325,,
d3_at_q6_7/Z/r250,3,q6_7,Z,250,google,libra,rl,50000,24630,15000,7375,,
d3_at_q6_7/X/r250,3,q6_7,X,250,ours,pymatching,si1000,50000,25029,15000,7576,25404,1.17
d3_at_q6_7/X/r250,3,q6_7,X,250,ours,pymatching_correlated,si1000,50000,25011,15000,7494,30240,3.41
d3_at_q6_7/X/r250,3,q6_7,X,250,ours,pymatching,rl,50000,25161,15000,7551,25673,1.05
d3_at_q6_7/X/r250,3,q6_7,X,250,ours,pymatching_correlated,rl,50000,24923,15000,7531,31399,3.2
d3_at_q6_7/X/r250,3,q6_7,X,250,google,correlated_matching,si1000,50000,25053,15000,7588,,
d3_at_q6_7/X/r250,3,q6_7,X,250,google,correlated_matching,rl,50000,24876,15000,7418,,
d3_at_q6_7/X/r250,3,q6_7,X,250,google,harmony,si1000,50000,24943,15000,7529,,
d3_at_q6_7/X/r250,3,q6_7,X,250,google,harmony,rl,50000,24938,15000,7446,,
d3_at_q6_7/X/r250,3,q6_7,X,250,google,libra,rl,50000,24711,15000,7444,,
d3_at_q8_5/Z/r250,3,q8_5,Z,250,ours,pymatching,si1000,50000,24445,15000,7400,26875,0.91
d3_at_q8_5/Z/r250,3,q8_5,Z,250,ours,pymatching_correlated,si1000,50000,24005,15000,7280,33409,2.55
d3_at_q8_5/Z/r250,3,q8_5,Z,250,ours,pymatching,rl,50000,24398,15000,7261,27301,0.79
d3_at_q8_5/Z/r250,3,q8_5,Z,250,ours,pymatching_correlated,rl,50000,23417,15000,7005,34668,2.49
d3_at_q8_5/Z/r250,3,q8_5,Z,250,google,correlated_matching,si1000,50000,23628,15000,7178,,
d3_at_q8_5/Z/r250,3,q8_5,Z,250,google,correlated_matching,rl,50000,23501,15000,7124,,
d3_at_q8_5/Z/r250,3,q8_5,Z,250,google,harmony,si1000,50000,23367,15000,7063,,
d3_at_q8_5/Z/r250,3,q8_5,Z,250,google,harmony,rl,50000,23294,15000,6981,,
d3_at_q8_5/Z/r250,3,q8_5,Z,250,google,libra,rl,50000,22982,15000,6921,,
d3_at_q8_9/X/r250,3,q8_9,X,250,ours,pymatching,si1000,50000,24807,15000,7473,25293,1.31
d3_at_q8_9/X/r250,3,q8_9,X,250,ours,pymatching_correlated,si1000,50000,24994,15000,7490,29594,3.74
d3_at_q8_9/X/r250,3,q8_9,X,250,ours,pymatching,rl,50000,24998,15000,7593,25151,1.16
d3_at_q8_9/X/r250,3,q8_9,X,250,ours,pymatching_correlated,rl,50000,25103,15000,7381,27854,3.57
d3_at_q8_9/X/r250,3,q8_9,X,250,google,correlated_matching,si1000,50000,25002,15000,7458,,
d3_at_q8_9/X/r250,3,q8_9,X,250,google,correlated_matching,rl,50000,24779,15000,7365,,
d3_at_q8_9/X/r250,3,q8_9,X,250,google,harmony,si1000,50000,25041,15000,7457,,
d3_at_q8_9/X/r250,3,q8_9,X,250,google,harmony,rl,50000,24863,15000,7375,,
d3_at_q8_9/X/r250,3,q8_9,X,250,google,libra,rl,50000,24938,15000,7432,,
d3_at_q8_9/Z/r250,3,q8_9,Z,250,ours,pymatching,si1000,50000,25334,15000,7706,25183,1.3
d3_at_q8_9/Z/r250,3,q8_9,Z,250,ours,pymatching_correlated,si1000,50000,24906,15000,7500,28659,3.84
d3_at_q8_9/Z/r250,3,q8_9,Z,250,ours,pymatching,rl,50000,25097,15000,7607,25746,1.28
d3_at_q8_9/Z/r250,3,q8_9,Z,250,ours,pymatching_correlated,rl,50000,24958,15000,7477,30761,3.87
d3_at_q8_9/Z/r250,3,q8_9,Z,250,google,correlated_matching,si1000,50000,24841,15000,7441,,
d3_at_q8_9/Z/r250,3,q8_9,Z,250,google,correlated_matching,rl,50000,24767,15000,7372,,
d3_at_q8_9/Z/r250,3,q8_9,Z,250,google,harmony,si1000,50000,24861,15000,7535,,
d3_at_q8_9/Z/r250,3,q8_9,Z,250,google,harmony,rl,50000,24769,15000,7435,,
d3_at_q8_9/Z/r250,3,q8_9,Z,250,google,libra,rl,50000,24695,15000,7398,,
d5_at_q4_7/X/r90,5,q4_7,X,90,ours,pymatching,si1000,50000,17468,15000,5187,34965,1.95
d5_at_q4_7/X/r90,5,q4_7,X,90,ours,pymatching_correlated,si1000,50000,13739,15000,4033,44798,5.46
d5_at_q4_7/X/r90,5,q4_7,X,90,ours,pymatching,rl,50000,17261,15000,5172,35133,2.06
d5_at_q4_7/X/r90,5,q4_7,X,90,ours,pymatching_correlated,rl,50000,13071,15000,3879,42587,5.51
d5_at_q4_7/X/r90,5,q4_7,X,90,google,correlated_matching,si1000,50000,13569,15000,3999,,
d5_at_q4_7/X/r90,5,q4_7,X,90,google,correlated_matching,rl,50000,12910,15000,3910,,
d5_at_q4_7/X/r90,5,q4_7,X,90,google,harmony,si1000,50000,12647,15000,3684,,
d5_at_q4_7/X/r90,5,q4_7,X,90,google,harmony,rl,50000,12152,15000,3596,,
d5_at_q4_7/X/r90,5,q4_7,X,90,google,libra,rl,50000,11629,15000,3485,,
d5_at_q4_7/Z/r90,5,q4_7,Z,90,ours,pymatching,si1000,50000,17768,15000,5374,34432,2.12
d5_at_q4_7/Z/r90,5,q4_7,Z,90,ours,pymatching_correlated,si1000,50000,14078,15000,4243,44346,6.04
d5_at_q4_7/Z/r90,5,q4_7,Z,90,ours,pymatching,rl,50000,17143,15000,5142,34851,2.22
d5_at_q4_7/Z/r90,5,q4_7,Z,90,ours,pymatching_correlated,rl,50000,12925,15000,3902,43189,6.06
d5_at_q4_7/Z/r90,5,q4_7,Z,90,google,correlated_matching,si1000,50000,13836,15000,4213,,
d5_at_q4_7/Z/r90,5,q4_7,Z,90,google,correlated_matching,rl,50000,12812,15000,3848,,
d5_at_q4_7/Z/r90,5,q4_7,Z,90,google,harmony,si1000,50000,12913,15000,3903,,
d5_at_q4_7/Z/r90,5,q4_7,Z,90,google,harmony,rl,50000,12362,15000,3728,,
d5_at_q4_7/Z/r90,5,q4_7,Z,90,google,libra,rl,50000,11781,15000,3561,,
d5_at_q6_5/X/r90,5,q6_5,X,90,ours,pymatching,si1000,50000,18440,15000,5497,33736,2.09
d5_at_q6_5/X/r90,5,q6_5,X,90,ours,pymatching_correlated,si1000,50000,14715,15000,4439,44481,5.82
d5_at_q6_5/X/r90,5,q6_5,X,90,ours,pymatching,rl,50000,18166,15000,5469,33987,2.11
d5_at_q6_5/X/r90,5,q6_5,X,90,ours,pymatching_correlated,rl,50000,14518,15000,4393,40865,5.88
d5_at_q6_5/X/r90,5,q6_5,X,90,google,correlated_matching,si1000,50000,14468,15000,4409,,
d5_at_q6_5/X/r90,5,q6_5,X,90,google,correlated_matching,rl,50000,13903,15000,4237,,
d5_at_q6_5/X/r90,5,q6_5,X,90,google,harmony,si1000,50000,13687,15000,4172,,
d5_at_q6_5/X/r90,5,q6_5,X,90,google,harmony,rl,50000,13215,15000,4016,,
d5_at_q6_5/X/r90,5,q6_5,X,90,google,libra,rl,50000,12633,15000,3843,,
d5_at_q6_5/Z/r90,5,q6_5,Z,90,ours,pymatching,si1000,50000,17687,15000,5256,34206,2.18
d5_at_q6_5/Z/r90,5,q6_5,Z,90,ours,pymatching_correlated,si1000,50000,14052,15000,4212,44499,6.05
d5_at_q6_5/Z/r90,5,q6_5,Z,90,ours,pymatching,rl,50000,17996,15000,5386,34267,2.21
d5_at_q6_5/Z/r90,5,q6_5,Z,90,ours,pymatching_correlated,rl,50000,13692,15000,4136,42779,5.95
d5_at_q6_5/Z/r90,5,q6_5,Z,90,google,correlated_matching,si1000,50000,13799,15000,4151,,
d5_at_q6_5/Z/r90,5,q6_5,Z,90,google,correlated_matching,rl,50000,12733,15000,3859,,
d5_at_q6_5/Z/r90,5,q6_5,Z,90,google,harmony,si1000,50000,13004,15000,3915,,
d5_at_q6_5/Z/r90,5,q6_5,Z,90,google,harmony,rl,50000,12117,15000,3661,,
d5_at_q6_5/Z/r90,5,q6_5,Z,90,google,libra,rl,50000,11544,15000,3544,,
d5_at_q6_9/X/r90,5,q6_9,X,90,ours,pymatching,si1000,50000,19269,15000,5820,32903,2.26
d5_at_q6_9/X/r90,5,q6_9,X,90,ours,pymatching_correlated,si1000,50000,15776,15000,4686,43822,6.26
d5_at_q6_9/X/r90,5,q6_9,X,90,ours,pymatching,rl,50000,19129,15000,5756,33335,2.31
d5_at_q6_9/X/r90,5,q6_9,X,90,ours,pymatching_correlated,rl,50000,15634,15000,4664,41046,6.46
d5_at_q6_9/X/r90,5,q6_9,X,90,google,correlated_matching,si1000,50000,15642,15000,4685,,
d5_at_q6_9/X/r90,5,q6_9,X,90,google,correlated_matching,rl,50000,15368,15000,4607,,
d5_at_q6_9/X/r90,5,q6_9,X,90,google,harmony,si1000,50000,14926,15000,4472,,
d5_at_q6_9/X/r90,5,q6_9,X,90,google,harmony,rl,50000,14921,15000,4433,,
d5_at_q6_9/X/r90,5,q6_9,X,90,google,libra,rl,50000,14333,15000,4282,,
d3_at_q10_7/X/r230,3,q10_7,X,230,ours,pymatching,si1000,50000,24620,15000,7400,27286,0.85
d3_at_q10_7/X/r230,3,q10_7,X,230,ours,pymatching_correlated,si1000,50000,23979,15000,7227,36119,2.49
d3_at_q10_7/X/r230,3,q10_7,X,230,ours,pymatching,rl,50000,24162,15000,7200,28539,0.84
d3_at_q10_7/X/r230,3,q10_7,X,230,ours,pymatching_correlated,rl,50000,23508,15000,7044,35557,2.5
d3_at_q10_7/X/r230,3,q10_7,X,230,google,correlated_matching,si1000,50000,23810,15000,7142,,
d3_at_q10_7/X/r230,3,q10_7,X,230,google,correlated_matching,rl,50000,23453,15000,7034,,
d3_at_q10_7/X/r230,3,q10_7,X,230,google,harmony,si1000,50000,23718,15000,7162,,
d3_at_q10_7/X/r230,3,q10_7,X,230,google,harmony,rl,50000,23254,15000,6939,,
d3_at_q10_7/X/r230,3,q10_7,X,230,google,libra,rl,50000,23077,15000,6888,,
d5_at_q6_9/Z/r90,5,q6_9,Z,90,ours,pymatching,si1000,50000,20264,15000,6153,31973,2.39
d5_at_q6_9/Z/r90,5,q6_9,Z,90,ours,pymatching_correlated,si1000,50000,17066,15000,5149,42575,6.63
d5_at_q6_9/Z/r90,5,q6_9,Z,90,ours,pymatching,rl,50000,19938,15000,6023,32562,2.43
d5_at_q6_9/Z/r90,5,q6_9,Z,90,ours,pymatching_correlated,rl,50000,16282,15000,4855,41064,6.7
d5_at_q6_9/Z/r90,5,q6_9,Z,90,google,correlated_matching,si1000,50000,16885,15000,5108,,
d5_at_q6_9/Z/r90,5,q6_9,Z,90,google,correlated_matching,rl,50000,16020,15000,4773,,
d5_at_q6_9/Z/r90,5,q6_9,Z,90,google,harmony,si1000,50000,16204,15000,4809,,
d5_at_q6_9/Z/r90,5,q6_9,Z,90,google,harmony,rl,50000,15613,15000,4618,,
d5_at_q6_9/Z/r90,5,q6_9,Z,90,google,libra,rl,50000,14788,15000,4374,,
d3_at_q10_7/Z/r230,3,q10_7,Z,230,ours,pymatching,si1000,50000,24585,15000,7343,26840,0.85
d3_at_q10_7/Z/r230,3,q10_7,Z,230,ours,pymatching_correlated,si1000,50000,24214,15000,7245,33191,2.45
d3_at_q10_7/Z/r230,3,q10_7,Z,230,ours,pymatching,rl,50000,24182,15000,7263,27378,0.86
d3_at_q10_7/Z/r230,3,q10_7,Z,230,ours,pymatching_correlated,rl,50000,23748,15000,7109,31704,2.65
d3_at_q10_7/Z/r230,3,q10_7,Z,230,google,correlated_matching,si1000,50000,23847,15000,7112,,
d3_at_q10_7/Z/r230,3,q10_7,Z,230,google,correlated_matching,rl,50000,23320,15000,7018,,
d3_at_q10_7/Z/r230,3,q10_7,Z,230,google,harmony,si1000,50000,23574,15000,7151,,
d3_at_q10_7/Z/r230,3,q10_7,Z,230,google,harmony,rl,50000,23319,15000,6984,,
d3_at_q10_7/Z/r230,3,q10_7,Z,230,google,libra,rl,50000,23149,15000,6974,,
d3_at_q2_7/X/r230,3,q2_7,X,230,ours,pymatching,si1000,50000,24588,15000,7318,27184,0.79
d3_at_q2_7/X/r230,3,q2_7,X,230,ours,pymatching_correlated,si1000,50000,24185,15000,7284,35871,2.37
d3_at_q2_7/X/r230,3,q2_7,X,230,ours,pymatching,rl,50000,24505,15000,7375,27388,0.76
d3_at_q2_7/X/r230,3,q2_7,X,230,ours,pymatching_correlated,rl,50000,23895,15000,7204,33396,2.32
d3_at_q2_7/X/r230,3,q2_7,X,230,google,correlated_matching,si1000,50000,23942,15000,7272,,
d3_at_q2_7/X/r230,3,q2_7,X,230,google,correlated_matching,rl,50000,23661,15000,7145,,
d3_at_q2_7/X/r230,3,q2_7,X,230,google,harmony,si1000,50000,23706,15000,7079,,
d3_at_q2_7/X/r230,3,q2_7,X,230,google,harmony,rl,50000,23734,15000,7169,,
d3_at_q2_7/X/r230,3,q2_7,X,230,google,libra,rl,50000,23621,15000,7123,,
d5_at_q8_7/X/r90,5,q8_7,X,90,ours,pymatching,si1000,50000,18802,15000,5580,33745,2.12
d5_at_q8_7/X/r90,5,q8_7,X,90,ours,pymatching_correlated,si1000,50000,14857,15000,4433,44358,5.9
d5_at_q8_7/X/r90,5,q8_7,X,90,ours,pymatching,rl,50000,18103,15000,5392,34391,2.16
d5_at_q8_7/X/r90,5,q8_7,X,90,ours,pymatching_correlated,rl,50000,14081,15000,4225,42431,5.94
d5_at_q8_7/X/r90,5,q8_7,X,90,google,correlated_matching,si1000,50000,14731,15000,4360,,
d5_at_q8_7/X/r90,5,q8_7,X,90,google,correlated_matching,rl,50000,13874,15000,4149,,
d5_at_q8_7/X/r90,5,q8_7,X,90,google,harmony,si1000,50000,13889,15000,4169,,
d5_at_q8_7/X/r90,5,q8_7,X,90,google,harmony,rl,50000,13230,15000,4009,,
d5_at_q8_7/X/r90,5,q8_7,X,90,google,libra,rl,50000,12636,15000,3822,,
d3_at_q2_7/Z/r230,3,q2_7,Z,230,ours,pymatching,si1000,50000,24312,15000,7321,27072,0.77
d3_at_q2_7/Z/r230,3,q2_7,Z,230,ours,pymatching_correlated,si1000,50000,23981,15000,7132,33855,2.3
d3_at_q2_7/Z/r230,3,q2_7,Z,230,ours,pymatching,rl,50000,24347,15000,7326,28241,0.75
d3_at_q2_7/Z/r230,3,q2_7,Z,230,ours,pymatching_correlated,rl,50000,23374,15000,7044,34828,2.12
d3_at_q2_7/Z/r230,3,q2_7,Z,230,google,correlated_matching,si1000,50000,23846,15000,7204,,
d3_at_q2_7/Z/r230,3,q2_7,Z,230,google,correlated_matching,rl,50000,23330,15000,6979,,
d3_at_q2_7/Z/r230,3,q2_7,Z,230,google,harmony,si1000,50000,23484,15000,7129,,
d3_at_q2_7/Z/r230,3,q2_7,Z,230,google,harmony,rl,50000,23175,15000,6961,,
d3_at_q2_7/Z/r230,3,q2_7,Z,230,google,libra,rl,50000,22950,15000,6925,,
d3_at_q4_5/X/r230,3,q4_5,X,230,ours,pymatching,si1000,50000,24584,15000,7382,27064,0.84
d3_at_q4_5/X/r230,3,q4_5,X,230,ours,pymatching_correlated,si1000,50000,24465,15000,7425,34151,2.52
d3_at_q4_5/X/r230,3,q4_5,X,230,ours,pymatching,rl,50000,24466,15000,7399,28073,0.91
d3_at_q4_5/X/r230,3,q4_5,X,230,ours,pymatching_correlated,rl,50000,24120,15000,7297,36437,2.64
d3_at_q4_5/X/r230,3,q4_5,X,230,google,correlated_matching,si1000,50000,24150,15000,7152,,
d3_at_q4_5/X/r230,3,q4_5,X,230,google,correlated_matching,rl,50000,23763,15000,7204,,
d3_at_q4_5/X/r230,3,q4_5,X,230,google,harmony,si1000,50000,24020,15000,7223,,
d3_at_q4_5/X/r230,3,q4_5,X,230,google,harmony,rl,50000,23531,15000,7096,,
d3_at_q4_5/X/r230,3,q4_5,X,230,google,libra,rl,50000,23540,15000,7089,,
d5_at_q8_7/Z/r90,5,q8_7,Z,90,ours,pymatching,si1000,50000,19289,15000,5812,32614,2.34
d5_at_q8_7/Z/r90,5,q8_7,Z,90,ours,pymatching_correlated,si1000,50000,16029,15000,4827,42966,6.48
d5_at_q8_7/Z/r90,5,q8_7,Z,90,ours,pymatching,rl,50000,19170,15000,5668,32927,2.41
d5_at_q8_7/Z/r90,5,q8_7,Z,90,ours,pymatching_correlated,rl,50000,15367,15000,4579,40530,6.59
d5_at_q8_7/Z/r90,5,q8_7,Z,90,google,correlated_matching,si1000,50000,15761,15000,4695,,
d5_at_q8_7/Z/r90,5,q8_7,Z,90,google,correlated_matching,rl,50000,14937,15000,4467,,
d5_at_q8_7/Z/r90,5,q8_7,Z,90,google,harmony,si1000,50000,15059,15000,4482,,
d5_at_q8_7/Z/r90,5,q8_7,Z,90,google,harmony,rl,50000,14447,15000,4290,,
d5_at_q8_7/Z/r90,5,q8_7,Z,90,google,libra,rl,50000,13782,15000,4120,,
d3_at_q4_9/X/r230,3,q4_9,X,230,ours,pymatching,si1000,50000,24909,15000,7471,26676,0.82
d3_at_q4_9/X/r230,3,q4_9,X,230,ours,pymatching_correlated,si1000,50000,24355,15000,7347,34768,2.5
d3_at_q4_9/X/r230,3,q4_9,X,230,ours,pymatching,rl,50000,24615,15000,7349,26799,0.74
d3_at_q4_9/X/r230,3,q4_9,X,230,ours,pymatching_correlated,rl,50000,24417,15000,7264,31253,2.2
d3_at_q4_9/X/r230,3,q4_9,X,230,google,correlated_matching,si1000,50000,24181,15000,7164,,
d3_at_q4_9/X/r230,3,q4_9,X,230,google,correlated_matching,rl,50000,24064,15000,7143,,
d3_at_q4_9/X/r230,3,q4_9,X,230,google,harmony,si1000,50000,24093,15000,7214,,
d3_at_q4_9/X/r230,3,q4_9,X,230,google,harmony,rl,50000,23948,15000,7252,,
d3_at_q4_9/X/r230,3,q4_9,X,230,google,libra,rl,50000,23997,15000,7155,,
d3_at_q4_5/Z/r230,3,q4_5,Z,230,ours,pymatching,si1000,50000,24130,15000,7358,26813,0.82
d3_at_q4_5/Z/r230,3,q4_5,Z,230,ours,pymatching_correlated,si1000,50000,23810,15000,7091,34729,2.53
d3_at_q4_5/Z/r230,3,q4_5,Z,230,ours,pymatching,rl,50000,24072,15000,7272,28169,0.9
d3_at_q4_5/Z/r230,3,q4_5,Z,230,ours,pymatching_correlated,rl,50000,23545,15000,6995,36548,2.64
d3_at_q4_5/Z/r230,3,q4_5,Z,230,google,correlated_matching,si1000,50000,23819,15000,7113,,
d3_at_q4_5/Z/r230,3,q4_5,Z,230,google,correlated_matching,rl,50000,23385,15000,6985,,
d3_at_q4_5/Z/r230,3,q4_5,Z,230,google,harmony,si1000,50000,23406,15000,6921,,
d3_at_q4_5/Z/r230,3,q4_5,Z,230,google,harmony,rl,50000,23279,15000,6997,,
d3_at_q4_5/Z/r230,3,q4_5,Z,230,google,libra,rl,50000,23051,15000,6909,,
d3_at_q4_9/Z/r230,3,q4_9,Z,230,ours,pymatching,si1000,50000,24463,15000,7378,26190,0.9
d3_at_q4_9/Z/r230,3,q4_9,Z,230,ours,pymatching_correlated,si1000,50000,24463,15000,7361,32066,2.63
d3_at_q4_9/Z/r230,3,q4_9,Z,230,ours,pymatching,rl,50000,24439,15000,7396,28082,0.83
d3_at_q4_9/Z/r230,3,q4_9,Z,230,ours,pymatching_correlated,rl,50000,24255,15000,7279,38090,2.54
d3_at_q4_9/Z/r230,3,q4_9,Z,230,google,correlated_matching,si1000,50000,24163,15000,7241,,
d3_at_q4_9/Z/r230,3,q4_9,Z,230,google,correlated_matching,rl,50000,24035,15000,7129,,
d3_at_q4_9/Z/r230,3,q4_9,Z,230,google,harmony,si1000,50000,24158,15000,7162,,
d3_at_q4_9/Z/r230,3,q4_9,Z,230,google,harmony,rl,50000,24072,15000,7261,,
d3_at_q4_9/Z/r230,3,q4_9,Z,230,google,libra,rl,50000,24065,15000,7210,,
d3_at_q6_11/X/r230,3,q6_11,X,230,ours,pymatching,si1000,50000,24780,15000,7394,26424,0.99
d3_at_q6_11/X/r230,3,q6_11,X,230,ours,pymatching_correlated,si1000,50000,24622,15000,7431,33954,2.88
d3_at_q6_11/X/r230,3,q6_11,X,230,ours,pymatching,rl,50000,24812,15000,7439,26205,1.01
d3_at_q6_11/X/r230,3,q6_11,X,230,ours,pymatching_correlated,rl,50000,24572,15000,7372,27697,2.82
d3_at_q6_11/X/r230,3,q6_11,X,230,google,correlated_matching,si1000,50000,24600,15000,7469,,
d3_at_q6_11/X/r230,3,q6_11,X,230,google,correlated_matching,rl,50000,24513,15000,7348,,
d3_at_q6_11/X/r230,3,q6_11,X,230,google,harmony,si1000,50000,24472,15000,7401,,
d3_at_q6_11/X/r230,3,q6_11,X,230,google,harmony,rl,50000,24402,15000,7368,,
d3_at_q6_11/X/r230,3,q6_11,X,230,google,libra,rl,50000,24254,15000,7366,,
d3_at_q6_11/Z/r230,3,q6_11,Z,230,ours,pymatching,si1000,50000,24719,15000,7423,25784,1.0
d3_at_q6_11/Z/r230,3,q6_11,Z,230,ours,pymatching_correlated,si1000,50000,24608,15000,7393,29475,2.97
d3_at_q6_11/Z/r230,3,q6_11,Z,230,ours,pymatching,rl,50000,24448,15000,7309,26080,0.95
d3_at_q6_11/Z/r230,3,q6_11,Z,230,ours,pymatching_correlated,rl,50000,24695,15000,7336,28991,2.77
d3_at_q6_11/Z/r230,3,q6_11,Z,230,google,correlated_matching,si1000,50000,24475,15000,7304,,
d3_at_q6_11/Z/r230,3,q6_11,Z,230,google,correlated_matching,rl,50000,24218,15000,7159,,
d3_at_q6_11/Z/r230,3,q6_11,Z,230,google,harmony,si1000,50000,24206,15000,7229,,
d3_at_q6_11/Z/r230,3,q6_11,Z,230,google,harmony,rl,50000,24245,15000,7199,,
d3_at_q6_11/Z/r230,3,q6_11,Z,230,google,libra,rl,50000,24020,15000,7140,,
d3_at_q6_3/X/r230,3,q6_3,X,230,ours,pymatching,si1000,50000,24480,15000,7389,26775,0.94
d3_at_q6_3/X/r230,3,q6_3,X,230,ours,pymatching_correlated,si1000,50000,24314,15000,7235,33553,2.77
d3_at_q6_3/X/r230,3,q6_3,X,230,ours,pymatching,rl,50000,24572,15000,7323,25998,0.95
d3_at_q6_3/X/r230,3,q6_3,X,230,ours,pymatching_correlated,rl,50000,24180,15000,7210,29168,2.8
d3_at_q6_3/X/r230,3,q6_3,X,230,google,correlated_matching,si1000,50000,24081,15000,7248,,
d3_at_q6_3/X/r230,3,q6_3,X,230,google,correlated_matching,rl,50000,23956,15000,7161,,
d3_at_q6_3/X/r230,3,q6_3,X,230,google,harmony,si1000,50000,23927,15000,7116,,
d3_at_q6_3/X/r230,3,q6_3,X,230,google,harmony,rl,50000,23826,15000,7037,,
d3_at_q6_3/X/r230,3,q6_3,X,230,google,libra,rl,50000,23676,15000,7049,,
d3_at_q6_3/Z/r230,3,q6_3,Z,230,ours,pymatching,si1000,50000,24168,15000,7300,26971,0.83
d3_at_q6_3/Z/r230,3,q6_3,Z,230,ours,pymatching_correlated,si1000,50000,23769,15000,7155,33632,2.32
d3_at_q6_3/Z/r230,3,q6_3,Z,230,ours,pymatching,rl,50000,24014,15000,7183,28092,0.75
d3_at_q6_3/Z/r230,3,q6_3,Z,230,ours,pymatching_correlated,rl,50000,23393,15000,7050,33851,2.3
d3_at_q6_3/Z/r230,3,q6_3,Z,230,google,correlated_matching,si1000,50000,23409,15000,6985,,
d3_at_q6_3/Z/r230,3,q6_3,Z,230,google,correlated_matching,rl,50000,22856,15000,6861,,
d3_at_q6_3/Z/r230,3,q6_3,Z,230,google,harmony,si1000,50000,22934,15000,6876,,
d3_at_q6_3/Z/r230,3,q6_3,Z,230,google,harmony,rl,50000,22804,15000,6807,,
d3_at_q6_3/Z/r230,3,q6_3,Z,230,google,libra,rl,50000,22670,15000,6793,,
d3_at_q6_7/Z/r230,3,q6_7,Z,230,ours,pymatching,si1000,50000,24686,15000,7450,25693,1.08
d3_at_q6_7/Z/r230,3,q6_7,Z,230,ours,pymatching_correlated,si1000,50000,24839,15000,7412,30728,3.07
d3_at_q6_7/Z/r230,3,q6_7,Z,230,ours,pymatching,rl,50000,24539,15000,7427,25880,0.91
d3_at_q6_7/Z/r230,3,q6_7,Z,230,ours,pymatching_correlated,rl,50000,24526,15000,7313,30593,2.76
d3_at_q6_7/Z/r230,3,q6_7,Z,230,google,correlated_matching,si1000,50000,24839,15000,7483,,
d3_at_q6_7/Z/r230,3,q6_7,Z,230,google,correlated_matching,rl,50000,24551,15000,7286,,
d3_at_q6_7/Z/r230,3,q6_7,Z,230,google,harmony,si1000,50000,24710,15000,7437,,
d3_at_q6_7/Z/r230,3,q6_7,Z,230,google,harmony,rl,50000,24333,15000,7222,,
d3_at_q6_7/Z/r230,3,q6_7,Z,230,google,libra,rl,50000,24308,15000,7182,,
d3_at_q6_7/X/r230,3,q6_7,X,230,ours,pymatching,si1000,50000,25060,15000,7509,25473,1.12
d3_at_q6_7/X/r230,3,q6_7,X,230,ours,pymatching_correlated,si1000,50000,24862,15000,7449,30611,3.2
d3_at_q6_7/X/r230,3,q6_7,X,230,ours,pymatching,rl,50000,24997,15000,7552,25753,1.01
d3_at_q6_7/X/r230,3,q6_7,X,230,ours,pymatching_correlated,rl,50000,24817,15000,7432,31809,3.0
d3_at_q6_7/X/r230,3,q6_7,X,230,google,correlated_matching,si1000,50000,24737,15000,7446,,
d3_at_q6_7/X/r230,3,q6_7,X,230,google,correlated_matching,rl,50000,24740,15000,7426,,
d3_at_q6_7/X/r230,3,q6_7,X,230,google,harmony,si1000,50000,24889,15000,7510,,
d3_at_q6_7/X/r230,3,q6_7,X,230,google,harmony,rl,50000,24825,15000,7432,,
d3_at_q6_7/X/r230,3,q6_7,X,230,google,libra,rl,50000,24832,15000,7513,,
d3_at_q8_5/X/r230,3,q8_5,X,230,ours,pymatching,si1000,50000,24840,15000,7410,26247,1.03
d3_at_q8_5/X/r230,3,q8_5,X,230,ours,pymatching_correlated,si1000,50000,24718,15000,7385,32685,3.01
d3_at_q8_5/X/r230,3,q8_5,X,230,ours,pymatching,rl,50000,24911,15000,7502,25797,0.99
d3_at_q8_5/X/r230,3,q8_5,X,230,ours,pymatching_correlated,rl,50000,24790,15000,7503,27924,2.92
d3_at_q8_5/X/r230,3,q8_5,X,230,google,correlated_matching,si1000,50000,24733,15000,7481,,
d3_at_q8_5/X/r230,3,q8_5,X,230,google,correlated_matching,rl,50000,24900,15000,7473,,
d3_at_q8_5/X/r230,3,q8_5,X,230,google,harmony,si1000,50000,24822,15000,7460,,
d3_at_q8_5/X/r230,3,q8_5,X,230,google,harmony,rl,50000,24674,15000,7327,,
d3_at_q8_5/X/r230,3,q8_5,X,230,google,libra,rl,50000,24673,15000,7366,,
d3_at_q8_5/Z/r230,3,q8_5,Z,230,ours,pymatching,si1000,50000,24223,15000,7282,26947,0.79
d3_at_q8_5/Z/r230,3,q8_5,Z,230,ours,pymatching_correlated,si1000,50000,23813,15000,7118,33913,2.33
d3_at_q8_5/Z/r230,3,q8_5,Z,230,ours,pymatching,rl,50000,24106,15000,7251,27631,0.74
d3_at_q8_5/Z/r230,3,q8_5,Z,230,ours,pymatching_correlated,rl,50000,23283,15000,6964,34666,2.28
d3_at_q8_5/Z/r230,3,q8_5,Z,230,google,correlated_matching,si1000,50000,23620,15000,6986,,
d3_at_q8_5/Z/r230,3,q8_5,Z,230,google,correlated_matching,rl,50000,23411,15000,7048,,
d3_at_q8_5/Z/r230,3,q8_5,Z,230,google,harmony,si1000,50000,23060,15000,6907,,
d3_at_q8_5/Z/r230,3,q8_5,Z,230,google,harmony,rl,50000,23270,15000,7030,,
d3_at_q8_5/Z/r230,3,q8_5,Z,230,google,libra,rl,50000,23046,15000,6954,,
d3_at_q10_7/X/r210,3,q10_7,X,210,ours,pymatching,si1000,50000,24437,15000,7329,27794,0.83
d3_at_q10_7/X/r210,3,q10_7,X,210,ours,pymatching_correlated,si1000,50000,23786,15000,7066,37017,2.4
d3_at_q10_7/X/r210,3,q10_7,X,210,ours,pymatching,rl,50000,23937,15000,7210,29306,0.82
d3_at_q10_7/X/r210,3,q10_7,X,210,ours,pymatching_correlated,rl,50000,23189,15000,6977,36372,2.4
d3_at_q10_7/X/r210,3,q10_7,X,210,google,correlated_matching,si1000,50000,23445,15000,7012,,
d3_at_q10_7/X/r210,3,q10_7,X,210,google,correlated_matching,rl,50000,22875,15000,6858,,
d3_at_q10_7/X/r210,3,q10_7,X,210,google,harmony,si1000,50000,23150,15000,6874,,
d3_at_q10_7/X/r210,3,q10_7,X,210,google,harmony,rl,50000,22650,15000,6735,,
d3_at_q10_7/X/r210,3,q10_7,X,210,google,libra,rl,50000,22513,15000,6688,,
d3_at_q10_7/Z/r210,3,q10_7,Z,210,ours,pymatching,si1000,50000,24388,15000,7406,26731,0.77
d3_at_q10_7/Z/r210,3,q10_7,Z,210,ours,pymatching_correlated,si1000,50000,24028,15000,7159,32165,2.27
d3_at_q10_7/Z/r210,3,q10_7,Z,210,ours,pymatching,rl,50000,24299,15000,7315,27512,0.82
d3_at_q10_7/Z/r210,3,q10_7,Z,210,ours,pymatching_correlated,rl,50000,23506,15000,7035,32085,2.38
d3_at_q10_7/Z/r210,3,q10_7,Z,210,google,correlated_matching,si1000,50000,23553,15000,7083,,
d3_at_q10_7/Z/r210,3,q10_7,Z,210,google,correlated_matching,rl,50000,22933,15000,6889,,
d3_at_q10_7/Z/r210,3,q10_7,Z,210,google,harmony,si1000,50000,23263,15000,6973,,
d3_at_q10_7/Z/r210,3,q10_7,Z,210,google,harmony,rl,50000,22842,15000,6866,,
d3_at_q10_7/Z/r210,3,q10_7,Z,210,google,libra,rl,50000,22763,15000,6895,,
d3_at_q8_9/X/r230,3,q8_9,X,230,ours,pymatching,si1000,50000,24875,15000,7531,25556,1.08
d3_at_q8_9/X/r230,3,q8_9,X,230,ours,pymatching_correlated,si1000,50000,24888,15000,7528,30489,3.25
d3_at_q8_9/X/r230,3,q8_9,X,230,ours,pymatching,rl,50000,24922,15000,7501,25570,1.01
d3_at_q8_9/X/r230,3,q8_9,X,230,ours,pymatching_correlated,rl,50000,24887,15000,7532,28275,3.09
d3_at_q8_9/X/r230,3,q8_9,X,230,google,correlated_matching,si1000,50000,24965,15000,7473,,
d3_at_q8_9/X/r230,3,q8_9,X,230,google,correlated_matching,rl,50000,24900,15000,7524,,
d3_at_q8_9/X/r230,3,q8_9,X,230,google,harmony,si1000,50000,24674,15000,7476,,
d3_at_q8_9/X/r230,3,q8_9,X,230,google,harmony,rl,50000,24897,15000,7533,,
d3_at_q8_9/X/r230,3,q8_9,X,230,google,libra,rl,50000,24610,15000,7347,,
d3_at_q2_7/X/r210,3,q2_7,X,210,ours,pymatching,si1000,50000,24348,15000,7265,27676,0.71
d3_at_q2_7/X/r210,3,q2_7,X,210,ours,pymatching_correlated,si1000,50000,23822,15000,7072,36948,2.1
d3_at_q2_7/X/r210,3,q2_7,X,210,ours,pymatching,rl,50000,24148,15000,7287,28208,0.68
d3_at_q2_7/X/r210,3,q2_7,X,210,ours,pymatching_correlated,rl,50000,23612,15000,7081,34158,2.05
d3_at_q2_7/X/r210,3,q2_7,X,210,google,correlated_matching,si1000,50000,23638,15000,7056,,
d3_at_q2_7/X/r210,3,q2_7,X,210,google,correlated_matching,rl,50000,23554,15000,6977,,
d3_at_q2_7/X/r210,3,q2_7,X,210,google,harmony,si1000,50000,23285,15000,7065,,
d3_at_q2_7/X/r210,3,q2_7,X,210,google,harmony,rl,50000,23492,15000,7026,,
d3_at_q2_7/X/r210,3,q2_7,X,210,google,libra,rl,50000,23207,15000,6903,,
d3_at_q2_7/Z/r210,3,q2_7,Z,210,ours,pymatching,si1000,50000,24078,15000,7203,27607,0.71
d3_at_q2_7/Z/r210,3,q2_7,Z,210,ours,pymatching_correlated,si1000,50000,23610,15000,7051,34835,2.06
d3_at_q2_7/Z/r210,3,q2_7,Z,210,ours,pymatching,rl,50000,23686,15000,7125,29108,0.63
d3_at_q2_7/Z/r210,3,q2_7,Z,210,ours,pymatching_correlated,rl,50000,22944,15000,6893,35780,1.94
d3_at_q2_7/Z/r210,3,q2_7,Z,210,google,correlated_matching,si1000,50000,23231,15000,6901,,
d3_at_q2_7/Z/r210,3,q2_7,Z,210,google,correlated_matching,rl,50000,22546,15000,6690,,
d3_at_q2_7/Z/r210,3,q2_7,Z,210,google,harmony,si1000,50000,22823,15000,6808,,
d3_at_q2_7/Z/r210,3,q2_7,Z,210,google,harmony,rl,50000,22365,15000,6657,,
d3_at_q2_7/Z/r210,3,q2_7,Z,210,google,libra,rl,50000,22286,15000,6659,,
d3_at_q8_9/Z/r230,3,q8_9,Z,230,ours,pymatching,si1000,50000,25135,15000,7452,25128,1.16
d3_at_q8_9/Z/r230,3,q8_9,Z,230,ours,pymatching_correlated,si1000,50000,24825,15000,7428,29836,3.27
d3_at_q8_9/Z/r230,3,q8_9,Z,230,ours,pymatching,rl,50000,24999,15000,7514,26018,1.13
d3_at_q8_9/Z/r230,3,q8_9,Z,230,ours,pymatching_correlated,rl,50000,24821,15000,7362,31738,3.27
d3_at_q8_9/Z/r230,3,q8_9,Z,230,google,correlated_matching,si1000,50000,24779,15000,7434,,
d3_at_q8_9/Z/r230,3,q8_9,Z,230,google,correlated_matching,rl,50000,24853,15000,7404,,
d3_at_q8_9/Z/r230,3,q8_9,Z,230,google,harmony,si1000,50000,24635,15000,7358,,
d3_at_q8_9/Z/r230,3,q8_9,Z,230,google,harmony,rl,50000,24822,15000,7403,,
d3_at_q8_9/Z/r230,3,q8_9,Z,230,google,libra,rl,50000,24640,15000,7401,,
d3_at_q4_5/Z/r210,3,q4_5,Z,210,ours,pymatching,si1000,50000,24053,15000,7222,27485,0.74
d3_at_q4_5/Z/r210,3,q4_5,Z,210,ours,pymatching_correlated,si1000,50000,23536,15000,7092,35606,2.22
d3_at_q4_5/Z/r210,3,q4_5,Z,210,ours,pymatching,rl,50000,23991,15000,7258,28727,0.81
d3_at_q4_5/Z/r210,3,q4_5,Z,210,ours,pymatching_correlated,rl,50000,22950,15000,6915,37336,2.39
d3_at_q4_5/Z/r210,3,q4_5,Z,210,google,correlated_matching,si1000,50000,23414,15000,7081,,
d3_at_q4_5/Z/r210,3,q4_5,Z,210,google,correlated_matching,rl,50000,22858,15000,6861,,
d3_at_q4_5/Z/r210,3,q4_5,Z,210,google,harmony,si1000,50000,23014,15000,6935,,
d3_at_q4_5/Z/r210,3,q4_5,Z,210,google,harmony,rl,50000,22981,15000,6997,,
d3_at_q4_5/Z/r210,3,q4_5,Z,210,google,libra,rl,50000,22616,15000,6789,,
d3_at_q4_5/X/r210,3,q4_5,X,210,ours,pymatching,si1000,50000,24841,15000,7489,27288,0.77
d3_at_q4_5/X/r210,3,q4_5,X,210,ours,pymatching_correlated,si1000,50000,24051,15000,7225,35152,2.25
d3_at_q4_5/X/r210,3,q4_5,X,210,ours,pymatching,rl,50000,24303,15000,7293,28997,0.85
d3_at_q4_5/X/r210,3,q4_5,X,210,ours,pymatching_correlated,rl,50000,23517,15000,7032,37331,2.44
d3_at_q4_5/X/r210,3,q4_5,X,210,google,correlated_matching,si1000,50000,23979,15000,7249,,
d3_at_q4_5/X/r210,3,q4_5,X,210,google,correlated_matching,rl,50000,23566,15000,7038,,
d3_at_q4_5/X/r210,3,q4_5,X,210,google,harmony,si1000,50000,23831,15000,7224,,
d3_at_q4_5/X/r210,3,q4_5,X,210,google,harmony,rl,50000,23283,15000,6973,,
d3_at_q4_5/X/r210,3,q4_5,X,210,google,libra,rl,50000,23179,15000,6899,,
d3_at_q4_9/X/r210,3,q4_9,X,210,ours,pymatching,si1000,50000,24659,15000,7379,27162,0.74
d3_at_q4_9/X/r210,3,q4_9,X,210,ours,pymatching_correlated,si1000,50000,24291,15000,7314,35590,2.1
d3_at_q4_9/X/r210,3,q4_9,X,210,ours,pymatching,rl,50000,24606,15000,7402,27336,0.68
d3_at_q4_9/X/r210,3,q4_9,X,210,ours,pymatching_correlated,rl,50000,24183,15000,7284,32149,2.04
d3_at_q4_9/X/r210,3,q4_9,X,210,google,correlated_matching,si1000,50000,24017,15000,7162,,
d3_at_q4_9/X/r210,3,q4_9,X,210,google,correlated_matching,rl,50000,24008,15000,7244,,
d3_at_q4_9/X/r210,3,q4_9,X,210,google,harmony,si1000,50000,23796,15000,7157,,
d3_at_q4_9/X/r210,3,q4_9,X,210,google,harmony,rl,50000,23874,15000,7210,,
d3_at_q4_9/X/r210,3,q4_9,X,210,google,libra,rl,50000,23651,15000,7132,,
d3_at_q4_9/Z/r210,3,q4_9,Z,210,ours,pymatching,si1000,50000,24292,15000,7223,27102,0.75
d3_at_q4_9/Z/r210,3,q4_9,Z,210,ours,pymatching_correlated,si1000,50000,23871,15000,7138,34375,2.18
d3_at_q4_9/Z/r210,3,q4_9,Z,210,ours,pymatching,rl,50000,24329,15000,7296,29547,0.71
d3_at_q4_9/Z/r210,3,q4_9,Z,210,ours,pymatching_correlated,rl,50000,23525,15000,7068,40087,2.16
d3_at_q4_9/Z/r210,3,q4_9,Z,210,google,correlated_matching,si1000,50000,23878,15000,7048,,
d3_at_q4_9/Z/r210,3,q4_9,Z,210,google,correlated_matching,rl,50000,23562,15000,7020,,
d3_at_q4_9/Z/r210,3,q4_9,Z,210,google,harmony,si1000,50000,23518,15000,6979,,
d3_at_q4_9/Z/r210,3,q4_9,Z,210,google,harmony,rl,50000,23414,15000,6995,,
d3_at_q4_9/Z/r210,3,q4_9,Z,210,google,libra,rl,50000,23128,15000,6900,,
d3_at_q6_11/X/r210,3,q6_11,X,210,ours,pymatching,si1000,50000,24779,15000,7516,27222,0.92
d3_at_q6_11/X/r210,3,q6_11,X,210,ours,pymatching_correlated,si1000,50000,24223,15000,7334,35054,2.51
d3_at_q6_11/X/r210,3,q6_11,X,210,ours,pymatching,rl,50000,24709,15000,7369,26651,0.85
d3_at_q6_11/X/r210,3,q6_11,X,210,ours,pymatching_correlated,rl,50000,24279,15000,7292,28775,2.52
d3_at_q6_11/X/r210,3,q6_11,X,210,google,correlated_matching,si1000,50000,24129,15000,7387,,
d3_at_q6_11/X/r210,3,q6_11,X,210,google,correlated_matching,rl,50000,23954,15000,7209,,
d3_at_q6_11/X/r210,3,q6_11,X,210,google,harmony,si1000,50000,23921,15000,7241,,
d3_at_q6_11/X/r210,3,q6_11,X,210,google,harmony,rl,50000,23718,15000,7150,,
d3_at_q6_11/X/r210,3,q6_11,X,210,google,libra,rl,50000,23615,15000,7104,,
d3_at_q6_3/Z/r210,3,q6_3,Z,210,ours,pymatching,si1000,50000,23788,15000,7115,28210,0.71
d3_at_q6_3/Z/r210,3,q6_3,Z,210,ours,pymatching_correlated,si1000,50000,22924,15000,6948,34878,2.1
d3_at_q6_3/Z/r210,3,q6_3,Z,210,ours,pymatching,rl,50000,23699,15000,7098,29321,0.67
d3_at_q6_3/Z/r210,3,q6_3,Z,210,ours,pymatching_correlated,rl,50000,22160,15000,6725,35574,2.0
d3_at_q6_3/Z/r210,3,q6_3,Z,210,google,correlated_matching,si1000,50000,22554,15000,6816,,
d3_at_q6_3/Z/r210,3,q6_3,Z,210,google,correlated_matching,rl,50000,21764,15000,6565,,
d3_at_q6_3/Z/r210,3,q6_3,Z,210,google,harmony,si1000,50000,21919,15000,6536,,
d3_at_q6_3/Z/r210,3,q6_3,Z,210,google,harmony,rl,50000,21530,15000,6518,,
d3_at_q6_3/Z/r210,3,q6_3,Z,210,google,libra,rl,50000,21264,15000,6448,,
d3_at_q6_11/Z/r210,3,q6_11,Z,210,ours,pymatching,si1000,50000,24636,15000,7446,26175,0.9
d3_at_q6_11/Z/r210,3,q6_11,Z,210,ours,pymatching_correlated,si1000,50000,24522,15000,7378,30807,2.63
d3_at_q6_11/Z/r210,3,q6_11,Z,210,ours,pymatching,rl,50000,24539,15000,7379,26579,0.81
d3_at_q6_11/Z/r210,3,q6_11,Z,210,ours,pymatching_correlated,rl,50000,24220,15000,7364,30054,2.47
d3_at_q6_11/Z/r210,3,q6_11,Z,210,google,correlated_matching,si1000,50000,24281,15000,7331,,
d3_at_q6_11/Z/r210,3,q6_11,Z,210,google,correlated_matching,rl,50000,24018,15000,7331,,
d3_at_q6_11/Z/r210,3,q6_11,Z,210,google,harmony,si1000,50000,24111,15000,7253,,
d3_at_q6_11/Z/r210,3,q6_11,Z,210,google,harmony,rl,50000,23945,15000,7208,,
d3_at_q6_11/Z/r210,3,q6_11,Z,210,google,libra,rl,50000,23733,15000,7179,,
d3_at_q6_3/X/r210,3,q6_3,X,210,ours,pymatching,si1000,50000,24718,15000,7478,26926,0.87
d3_at_q6_3/X/r210,3,q6_3,X,210,ours,pymatching_correlated,si1000,50000,24173,15000,7235,34321,2.6
d3_at_q6_3/X/r210,3,q6_3,X,210,ours,pymatching,rl,50000,24582,15000,7393,26390,0.89
d3_at_q6_3/X/r210,3,q6_3,X,210,ours,pymatching_correlated,rl,50000,23907,15000,7149,30041,2.63
d3_at_q6_3/X/r210,3,q6_3,X,210,google,correlated_matching,si1000,50000,24236,15000,7285,,
d3_at_q6_3/X/r210,3,q6_3,X,210,google,correlated_matching,rl,50000,23598,15000,7110,,
d3_at_q6_3/X/r210,3,q6_3,X,210,google,harmony,si1000,50000,23987,15000,7186,,
d3_at_q6_3/X/r210,3,q6_3,X,210,google,harmony,rl,50000,23498,15000,7057,,
d3_at_q6_3/X/r210,3,q6_3,X,210,google,libra,rl,50000,23470,15000,7123,,
d3_at_q6_7/Z/r210,3,q6_7,Z,210,ours,pymatching,si1000,50000,24793,15000,7504,26077,0.95
d3_at_q6_7/Z/r210,3,q6_7,Z,210,ours,pymatching_correlated,si1000,50000,24684,15000,7480,31368,2.84
d3_at_q6_7/Z/r210,3,q6_7,Z,210,ours,pymatching,rl,50000,24766,15000,7420,26127,0.83
d3_at_q6_7/Z/r210,3,q6_7,Z,210,ours,pymatching_correlated,rl,50000,24469,15000,7303,31654,2.58
d3_at_q6_7/Z/r210,3,q6_7,Z,210,google,correlated_matching,si1000,50000,24696,15000,7423,,
d3_at_q6_7/Z/r210,3,q6_7,Z,210,google,correlated_matching,rl,50000,24425,15000,7409,,
d3_at_q6_7/Z/r210,3,q6_7,Z,210,google,harmony,si1000,50000,24461,15000,7309,,
d3_at_q6_7/Z/r210,3,q6_7,Z,210,google,harmony,rl,50000,24163,15000,7179,,
d3_at_q6_7/Z/r210,3,q6_7,Z,210,google,libra,rl,50000,24136,15000,7246,,
d3_at_q6_7/X/r210,3,q6_7,X,210,ours,pymatching,si1000,50000,24987,15000,7496,25607,0.95
d3_at_q6_7/X/r210,3,q6_7,X,210,ours,pymatching_correlated,si1000,50000,24988,15000,7408,31794,2.94
d3_at_q6_7/X/r210,3,q6_7,X,210,ours,pymatching,rl,50000,24773,15000,7405,26241,0.87
d3_at_q6_7/X/r210,3,q6_7,X,210,ours,pymatching_correlated,rl,50000,24721,15000,7323,32971,2.74
d3_at_q6_7/X/r210,3,q6_7,X,210,google,correlated_matching,si1000,50000,24844,15000,7491,,
d3_at_q6_7/X/r210,3,q6_7,X,210,google,correlated_matching,rl,50000,24756,15000,7274,,
d3_at_q6_7/X/r210,3,q6_7,X,210,google,harmony,si1000,50000,24840,15000,7509,,
d3_at_q6_7/X/r210,3,q6_7,X,210,google,harmony,rl,50000,24657,15000,7353,,
d3_at_q6_7/X/r210,3,q6_7,X,210,google,libra,rl,50000,24658,15000,7354,,
d3_at_q8_5/Z/r210,3,q8_5,Z,210,ours,pymatching,si1000,50000,24178,15000,7170,27277,0.74
d3_at_q8_5/Z/r210,3,q8_5,Z,210,ours,pymatching_correlated,si1000,50000,23394,15000,6955,34849,2.13
d3_at_q8_5/Z/r210,3,q8_5,Z,210,ours,pymatching,rl,50000,24028,15000,7146,28046,0.7
d3_at_q8_5/Z/r210,3,q8_5,Z,210,ours,pymatching_correlated,rl,50000,22758,15000,6842,35606,2.1
d3_at_q8_5/Z/r210,3,q8_5,Z,210,google,correlated_matching,si1000,50000,23061,15000,6879,,
d3_at_q8_5/Z/r210,3,q8_5,Z,210,google,correlated_matching,rl,50000,22664,15000,6795,,
d3_at_q8_5/Z/r210,3,q8_5,Z,210,google,harmony,si1000,50000,22591,15000,6770,,
d3_at_q8_5/Z/r210,3,q8_5,Z,210,google,harmony,rl,50000,22436,15000,6795,,
d3_at_q8_5/Z/r210,3,q8_5,Z,210,google,libra,rl,50000,22221,15000,6737,,
d3_at_q8_5/X/r210,3,q8_5,X,210,ours,pymatching,si1000,50000,24577,15000,7454,27052,0.82
d3_at_q8_5/X/r210,3,q8_5,X,210,ours,pymatching_correlated,si1000,50000,24497,15000,7360,35130,2.43
d3_at_q8_5/X/r210,3,q8_5,X,210,ours,pymatching,rl,50000,24578,15000,7445,26680,0.78
d3_at_q8_5/X/r210,3,q8_5,X,210,ours,pymatching_correlated,rl,50000,24614,15000,7382,30116,2.33
d3_at_q8_5/X/r210,3,q8_5,X,210,google,correlated_matching,si1000,50000,24265,15000,7249,,
d3_at_q8_5/X/r210,3,q8_5,X,210,google,correlated_matching,rl,50000,24214,15000,7215,,
d3_at_q8_5/X/r210,3,q8_5,X,210,google,harmony,si1000,50000,24143,15000,7246,,
d3_at_q8_5/X/r210,3,q8_5,X,210,google,harmony,rl,50000,24058,15000,7261,,
d3_at_q8_5/X/r210,3,q8_5,X,210,google,libra,rl,50000,24316,15000,7356,,
d3_at_q8_9/X/r210,3,q8_9,X,210,ours,pymatching,si1000,50000,24900,15000,7406,25462,1.06
d3_at_q8_9/X/r210,3,q8_9,X,210,ours,pymatching_correlated,si1000,50000,24876,15000,7456,30958,3.13
d3_at_q8_9/X/r210,3,q8_9,X,210,ours,pymatching,rl,50000,25002,15000,7458,25883,0.97
d3_at_q8_9/X/r210,3,q8_9,X,210,ours,pymatching_correlated,rl,50000,24875,15000,7422,29250,2.9
d3_at_q8_9/X/r210,3,q8_9,X,210,google,correlated_matching,si1000,50000,24896,15000,7484,,
d3_at_q8_9/X/r210,3,q8_9,X,210,google,correlated_matching,rl,50000,24637,15000,7409,,
d3_at_q8_9/X/r210,3,q8_9,X,210,google,harmony,si1000,50000,24845,15000,7430,,
d3_at_q8_9/X/r210,3,q8_9,X,210,google,harmony,rl,50000,24638,15000,7478,,
d3_at_q8_9/X/r210,3,q8_9,X,210,google,libra,rl,50000,24499,15000,7335,,
d3_at_q8_9/Z/r210,3,q8_9,Z,210,ours,pymatching,si1000,50000,24941,15000,7443,25587,1.09
d3_at_q8_9/Z/r210,3,q8_9,Z,210,ours,pymatching_correlated,si1000,50000,24804,15000,7318,30134,3.13
d3_at_q8_9/Z/r210,3,q8_9,Z,210,ours,pymatching,rl,50000,24943,15000,7503,26082,1.05
d3_at_q8_9/Z/r210,3,q8_9,Z,210,ours,pymatching_correlated,rl,50000,24736,15000,7522,32137,3.07
d3_at_q8_9/Z/r210,3,q8_9,Z,210,google,correlated_matching,si1000,50000,24700,15000,7411,,
d3_at_q8_9/Z/r210,3,q8_9,Z,210,google,correlated_matching,rl,50000,24663,15000,7406,,
d3_at_q8_9/Z/r210,3,q8_9,Z,210,google,harmony,si1000,50000,24681,15000,7381,,
d3_at_q8_9/Z/r210,3,q8_9,Z,210,google,harmony,rl,50000,24794,15000,7444,,
d3_at_q8_9/Z/r210,3,q8_9,Z,210,google,libra,rl,50000,24616,15000,7421,,
d5_at_q4_7/Z/r70,5,q4_7,Z,70,ours,pymatching,si1000,50000,12939,15000,3894,38857,1.45
d5_at_q4_7/Z/r70,5,q4_7,Z,70,ours,pymatching_correlated,si1000,50000,9743,15000,2930,46421,3.84
d5_at_q4_7/Z/r70,5,q4_7,Z,70,ours,pymatching,rl,50000,12637,15000,3855,39318,1.46
d5_at_q4_7/Z/r70,5,q4_7,Z,70,ours,pymatching_correlated,rl,50000,9031,15000,2690,45600,3.93
d5_at_q4_7/Z/r70,5,q4_7,Z,70,google,correlated_matching,si1000,50000,9562,15000,2912,,
d5_at_q4_7/Z/r70,5,q4_7,Z,70,google,correlated_matching,rl,50000,8841,15000,2662,,
d5_at_q4_7/Z/r70,5,q4_7,Z,70,google,harmony,si1000,50000,8580,15000,2582,,
d5_at_q4_7/Z/r70,5,q4_7,Z,70,google,harmony,rl,50000,8243,15000,2457,,
d5_at_q4_7/Z/r70,5,q4_7,Z,70,google,libra,rl,50000,7863,15000,2377,,
d5_at_q4_7/X/r70,5,q4_7,X,70,ours,pymatching,si1000,50000,15803,15000,4830,36464,1.49
d5_at_q4_7/X/r70,5,q4_7,X,70,ours,pymatching_correlated,si1000,50000,12130,15000,3658,45727,4.02
d5_at_q4_7/X/r70,5,q4_7,X,70,ours,pymatching,rl,50000,15486,15000,4726,36804,1.54
d5_at_q4_7/X/r70,5,q4_7,X,70,ours,pymatching_correlated,rl,50000,11572,15000,3480,43476,4.05
d5_at_q4_7/X/r70,5,q4_7,X,70,google,correlated_matching,si1000,50000,12109,15000,3683,,
d5_at_q4_7/X/r70,5,q4_7,X,70,google,correlated_matching,rl,50000,11764,15000,3557,,
d5_at_q4_7/X/r70,5,q4_7,X,70,google,harmony,si1000,50000,11308,15000,3470,,
d5_at_q4_7/X/r70,5,q4_7,X,70,google,harmony,rl,50000,10992,15000,3377,,
d5_at_q4_7/X/r70,5,q4_7,X,70,google,libra,rl,50000,10434,15000,3204,,
d5_at_q6_5/Z/r70,5,q6_5,Z,70,ours,pymatching,si1000,50000,12738,15000,3825,38812,1.47
d5_at_q6_5/Z/r70,5,q6_5,Z,70,ours,pymatching_correlated,si1000,50000,9722,15000,2897,46344,4.0
d5_at_q6_5/Z/r70,5,q6_5,Z,70,ours,pymatching,rl,50000,12628,15000,3852,39089,1.49
d5_at_q6_5/Z/r70,5,q6_5,Z,70,ours,pymatching_correlated,rl,50000,9177,15000,2753,45294,4.03
d5_at_q6_5/Z/r70,5,q6_5,Z,70,google,correlated_matching,si1000,50000,9662,15000,2877,,
d5_at_q6_5/Z/r70,5,q6_5,Z,70,google,correlated_matching,rl,50000,8515,15000,2508,,
d5_at_q6_5/Z/r70,5,q6_5,Z,70,google,harmony,si1000,50000,8638,15000,2575,,
d5_at_q6_5/Z/r70,5,q6_5,Z,70,google,harmony,rl,50000,7939,15000,2386,,
d5_at_q6_5/Z/r70,5,q6_5,Z,70,google,libra,rl,50000,7470,15000,2254,,
d5_at_q6_5/X/r70,5,q6_5,X,70,ours,pymatching,si1000,50000,16664,15000,4991,35740,1.56
d5_at_q6_5/X/r70,5,q6_5,X,70,ours,pymatching_correlated,si1000,50000,12699,15000,3831,45491,4.2
d5_at_q6_5/X/r70,5,q6_5,X,70,ours,pymatching,rl,50000,16270,15000,4890,35970,1.59
d5_at_q6_5/X/r70,5,q6_5,X,70,ours,pymatching_correlated,rl,50000,12455,15000,3767,42533,4.22
d5_at_q6_5/X/r70,5,q6_5,X,70,google,correlated_matching,si1000,50000,12606,15000,3833,,
d5_at_q6_5/X/r70,5,q6_5,X,70,google,correlated_matching,rl,50000,12004,15000,3667,,
d5_at_q6_5/X/r70,5,q6_5,X,70,google,harmony,si1000,50000,11859,15000,3616,,
d5_at_q6_5/X/r70,5,q6_5,X,70,google,harmony,rl,50000,11350,15000,3492,,
d5_at_q6_5/X/r70,5,q6_5,X,70,google,libra,rl,50000,10971,15000,3394,,
d5_at_q6_9/Z/r70,5,q6_9,Z,70,ours,pymatching,si1000,50000,15310,15000,4636,36705,1.61
d5_at_q6_9/Z/r70,5,q6_9,Z,70,ours,pymatching_correlated,si1000,50000,12272,15000,3688,45311,4.39
d5_at_q6_9/Z/r70,5,q6_9,Z,70,ours,pymatching,rl,50000,14926,15000,4528,37431,1.61
d5_at_q6_9/Z/r70,5,q6_9,Z,70,ours,pymatching_correlated,rl,50000,11503,15000,3492,44514,4.41
d5_at_q6_9/Z/r70,5,q6_9,Z,70,google,correlated_matching,si1000,50000,12083,15000,3629,,
d5_at_q6_9/Z/r70,5,q6_9,Z,70,google,correlated_matching,rl,50000,11061,15000,3330,,
d5_at_q6_9/Z/r70,5,q6_9,Z,70,google,harmony,si1000,50000,11178,15000,3329,,
d5_at_q6_9/Z/r70,5,q6_9,Z,70,google,harmony,rl,50000,10343,15000,3090,,
d5_at_q6_9/Z/r70,5,q6_9,Z,70,google,libra,rl,50000,9868,15000,2954,,
d5_at_q6_9/X/r70,5,q6_9,X,70,ours,pymatching,si1000,50000,16888,15000,4969,35548,1.64
d5_at_q6_9/X/r70,5,q6_9,X,70,ours,pymatching_correlated,si1000,50000,13111,15000,3932,45183,4.45
d5_at_q6_9/X/r70,5,q6_9,X,70,ours,pymatching,rl,50000,16746,15000,4954,35919,1.72
d5_at_q6_9/X/r70,5,q6_9,X,70,ours,pymatching_correlated,rl,50000,12996,15000,3923,42899,4.66
d5_at_q6_9/X/r70,5,q6_9,X,70,google,correlated_matching,si1000,50000,13016,15000,3878,,
d5_at_q6_9/X/r70,5,q6_9,X,70,google,correlated_matching,rl,50000,12877,15000,3875,,
d5_at_q6_9/X/r70,5,q6_9,X,70,google,harmony,si1000,50000,12284,15000,3682,,
d5_at_q6_9/X/r70,5,q6_9,X,70,google,harmony,rl,50000,12243,15000,3650,,
d5_at_q6_9/X/r70,5,q6_9,X,70,google,libra,rl,50000,11647,15000,3448,,
d3_at_q10_7/X/r190,3,q10_7,X,190,ours,pymatching,si1000,50000,23864,15000,7120,28944,0.66
d3_at_q10_7/X/r190,3,q10_7,X,190,ours,pymatching_correlated,si1000,50000,22815,15000,6804,37871,1.96
d3_at_q10_7/X/r190,3,q10_7,X,190,ours,pymatching,rl,50000,23633,15000,7044,30368,0.67
d3_at_q10_7/X/r190,3,q10_7,X,190,ours,pymatching_correlated,rl,50000,22575,15000,6751,37310,1.95
d3_at_q10_7/X/r190,3,q10_7,X,190,google,correlated_matching,si1000,50000,22598,15000,6664,,
d3_at_q10_7/X/r190,3,q10_7,X,190,google,correlated_matching,rl,50000,22329,15000,6667,,
d3_at_q10_7/X/r190,3,q10_7,X,190,google,harmony,si1000,50000,22598,15000,6718,,
d3_at_q10_7/X/r190,3,q10_7,X,190,google,harmony,rl,50000,22095,15000,6591,,
d3_at_q10_7/X/r190,3,q10_7,X,190,google,libra,rl,50000,21924,15000,6597,,
d3_at_q10_7/Z/r190,3,q10_7,Z,190,ours,pymatching,si1000,50000,24209,15000,7290,27149,0.7
d3_at_q10_7/Z/r190,3,q10_7,Z,190,ours,pymatching_correlated,si1000,50000,23553,15000,7057,34693,1.99
d3_at_q10_7/Z/r190,3,q10_7,Z,190,ours,pymatching,rl,50000,24081,15000,7298,28192,0.71
d3_at_q10_7/Z/r190,3,q10_7,Z,190,ours,pymatching_correlated,rl,50000,23074,15000,6940,33343,2.04
d3_at_q10_7/Z/r190,3,q10_7,Z,190,google,correlated_matching,si1000,50000,23060,15000,6883,,
d3_at_q10_7/Z/r190,3,q10_7,Z,190,google,correlated_matching,rl,50000,22545,15000,6697,,
d3_at_q10_7/Z/r190,3,q10_7,Z,190,google,harmony,si1000,50000,22669,15000,6757,,
d3_at_q10_7/Z/r190,3,q10_7,Z,190,google,harmony,rl,50000,22312,15000,6617,,
d3_at_q10_7/Z/r190,3,q10_7,Z,190,google,libra,rl,50000,22057,15000,6661,,
d3_at_q2_7/X/r190,3,q2_7,X,190,ours,pymatching,si1000,50000,23856,15000,7127,28524,0.63
d3_at_q2_7/X/r190,3,q2_7,X,190,ours,pymatching_correlated,si1000,50000,23275,15000,6987,37683,1.89
d3_at_q2_7/X/r190,3,q2_7,X,190,ours,pymatching,rl,50000,23560,15000,7024,29132,0.61
d3_at_q2_7/X/r190,3,q2_7,X,190,ours,pymatching_correlated,rl,50000,22801,15000,6855,35527,1.86
d3_at_q2_7/X/r190,3,q2_7,X,190,google,correlated_matching,si1000,50000,23132,15000,6898,,
d3_at_q2_7/X/r190,3,q2_7,X,190,google,correlated_matching,rl,50000,22558,15000,6809,,
d3_at_q2_7/X/r190,3,q2_7,X,190,google,harmony,si1000,50000,23027,15000,6948,,
d3_at_q2_7/X/r190,3,q2_7,X,190,google,harmony,rl,50000,22707,15000,6918,,
d3_at_q2_7/X/r190,3,q2_7,X,190,google,libra,rl,50000,22427,15000,6793,,
d3_at_q2_7/Z/r190,3,q2_7,Z,190,ours,pymatching,si1000,50000,23843,15000,7118,27917,0.65
d3_at_q2_7/Z/r190,3,q2_7,Z,190,ours,pymatching_correlated,si1000,50000,23484,15000,7021,35350,1.85
d3_at_q2_7/Z/r190,3,q2_7,Z,190,ours,pymatching,rl,50000,23546,15000,7055,29473,0.59
d3_at_q2_7/Z/r190,3,q2_7,Z,190,ours,pymatching_correlated,rl,50000,22337,15000,6749,36344,1.81
d3_at_q2_7/Z/r190,3,q2_7,Z,190,google,correlated_matching,si1000,50000,22788,15000,6823,,
d3_at_q2_7/Z/r190,3,q2_7,Z,190,google,correlated_matching,rl,50000,22123,15000,6651,,
d3_at_q2_7/Z/r190,3,q2_7,Z,190,google,harmony,si1000,50000,22290,15000,6663,,
d3_at_q2_7/Z/r190,3,q2_7,Z,190,google,harmony,rl,50000,21927,15000,6520,,
d3_at_q2_7/Z/r190,3,q2_7,Z,190,google,libra,rl,50000,21745,15000,6506,,
d5_at_q8_7/X/r70,5,q8_7,X,70,ours,pymatching,si1000,50000,16938,15000,5102,35336,1.7
d5_at_q8_7/X/r70,5,q8_7,X,70,ours,pymatching_correlated,si1000,50000,12851,15000,3887,45215,4.46
d5_at_q8_7/X/r70,5,q8_7,X,70,ours,pymatching,rl,50000,16289,15000,4871,36180,1.72
d5_at_q8_7/X/r70,5,q8_7,X,70,ours,pymatching_correlated,rl,50000,12484,15000,3767,43593,4.58
d5_at_q8_7/X/r70,5,q8_7,X,70,google,correlated_matching,si1000,50000,12926,15000,3898,,
d5_at_q8_7/X/r70,5,q8_7,X,70,google,correlated_matching,rl,50000,12041,15000,3631,,
d5_at_q8_7/X/r70,5,q8_7,X,70,google,harmony,si1000,50000,12089,15000,3654,,
d5_at_q8_7/X/r70,5,q8_7,X,70,google,harmony,rl,50000,11476,15000,3492,,
d5_at_q8_7/X/r70,5,q8_7,X,70,google,libra,rl,50000,10927,15000,3299,,
d5_at_q8_7/Z/r70,5,q8_7,Z,70,ours,pymatching,si1000,50000,15139,15000,4524,36837,1.6
d5_at_q8_7/Z/r70,5,q8_7,Z,70,ours,pymatching_correlated,si1000,50000,11528,15000,3452,45726,4.45
d5_at_q8_7/Z/r70,5,q8_7,Z,70,ours,pymatching,rl,50000,14849,15000,4398,36953,1.69
d5_at_q8_7/Z/r70,5,q8_7,Z,70,ours,pymatching_correlated,rl,50000,10881,15000,3230,43821,4.57
d5_at_q8_7/Z/r70,5,q8_7,Z,70,google,correlated_matching,si1000,50000,11406,15000,3424,,
d5_at_q8_7/Z/r70,5,q8_7,Z,70,google,correlated_matching,rl,50000,10494,15000,3139,,
d5_at_q8_7/Z/r70,5,q8_7,Z,70,google,harmony,si1000,50000,10421,15000,3124,,
d5_at_q8_7/Z/r70,5,q8_7,Z,70,google,harmony,rl,50000,9824,15000,2945,,
d5_at_q8_7/Z/r70,5,q8_7,Z,70,google,libra,rl,50000,9395,15000,2801,,
d3_at_q4_5/X/r190,3,q4_5,X,190,ours,pymatching,si1000,50000,24334,15000,7289,27744,0.69
d3_at_q4_5/X/r190,3,q4_5,X,190,ours,pymatching_correlated,si1000,50000,24080,15000,7279,35806,2.04
d3_at_q4_5/X/r190,3,q4_5,X,190,ours,pymatching,rl,50000,24175,15000,7233,29481,0.74
d3_at_q4_5/X/r190,3,q4_5,X,190,ours,pymatching_correlated,rl,50000,23395,15000,7063,38033,2.17
d3_at_q4_5/X/r190,3,q4_5,X,190,google,correlated_matching,si1000,50000,23698,15000,7137,,
d3_at_q4_5/X/r190,3,q4_5,X,190,google,correlated_matching,rl,50000,23220,15000,6985,,
d3_at_q4_5/X/r190,3,q4_5,X,190,google,harmony,si1000,50000,23664,15000,7179,,
d3_at_q4_5/X/r190,3,q4_5,X,190,google,harmony,rl,50000,22864,15000,6918,,
d3_at_q4_5/X/r190,3,q4_5,X,190,google,libra,rl,50000,22781,15000,6830,,
d3_at_q4_9/X/r190,3,q4_9,X,190,ours,pymatching,si1000,50000,24367,15000,7390,27803,0.68
d3_at_q4_9/X/r190,3,q4_9,X,190,ours,pymatching_correlated,si1000,50000,23717,15000,7145,36253,1.99
d3_at_q4_9/X/r190,3,q4_9,X,190,ours,pymatching,rl,50000,24402,15000,7263,27786,0.6
d3_at_q4_9/X/r190,3,q4_9,X,190,ours,pymatching_correlated,rl,50000,23631,15000,7033,33027,1.78
d3_at_q4_9/X/r190,3,q4_9,X,190,google,correlated_matching,si1000,50000,23662,15000,7092,,
d3_at_q4_9/X/r190,3,q4_9,X,190,google,correlated_matching,rl,50000,23544,15000,7088,,
d3_at_q4_9/X/r190,3,q4_9,X,190,google,harmony,si1000,50000,23461,15000,7093,,
d3_at_q4_9/X/r190,3,q4_9,X,190,google,harmony,rl,50000,23272,15000,7024,,
d3_at_q4_9/X/r190,3,q4_9,X,190,google,libra,rl,50000,23237,15000,6943,,
d3_at_q4_5/Z/r190,3,q4_5,Z,190,ours,pymatching,si1000,50000,23882,15000,7101,27612,0.69
d3_at_q4_5/Z/r190,3,q4_5,Z,190,ours,pymatching_correlated,si1000,50000,23322,15000,7084,36354,2.0
d3_at_q4_5/Z/r190,3,q4_5,Z,190,ours,pymatching,rl,50000,23679,15000,7164,29148,0.75
d3_at_q4_5/Z/r190,3,q4_5,Z,190,ours,pymatching_correlated,rl,50000,22666,15000,6686,38039,2.13
d3_at_q4_5/Z/r190,3,q4_5,Z,190,google,correlated_matching,si1000,50000,23012,15000,6991,,
d3_at_q4_5/Z/r190,3,q4_5,Z,190,google,correlated_matching,rl,50000,22525,15000,6766,,
d3_at_q4_5/Z/r190,3,q4_5,Z,190,google,harmony,si1000,50000,22671,15000,6909,,
d3_at_q4_5/Z/r190,3,q4_5,Z,190,google,harmony,rl,50000,22402,15000,6709,,
d3_at_q4_5/Z/r190,3,q4_5,Z,190,google,libra,rl,50000,21978,15000,6589,,
d3_at_q4_9/Z/r190,3,q4_9,Z,190,ours,pymatching,si1000,50000,24258,15000,7212,27207,0.69
d3_at_q4_9/Z/r190,3,q4_9,Z,190,ours,pymatching_correlated,si1000,50000,23944,15000,7116,34647,2.02
d3_at_q4_9/Z/r190,3,q4_9,Z,190,ours,pymatching,rl,50000,24298,15000,7263,29984,0.64
d3_at_q4_9/Z/r190,3,q4_9,Z,190,ours,pymatching_correlated,rl,50000,23555,15000,7010,40147,1.92
d3_at_q4_9/Z/r190,3,q4_9,Z,190,google,correlated_matching,si1000,50000,23965,15000,7125,,
d3_at_q4_9/Z/r190,3,q4_9,Z,190,google,correlated_matching,rl,50000,23404,15000,6978,,
d3_at_q4_9/Z/r190,3,q4_9,Z,190,google,harmony,si1000,50000,23292,15000,6946,,
d3_at_q4_9/Z/r190,3,q4_9,Z,190,google,harmony,rl,50000,23213,15000,6873,,
d3_at_q4_9/Z/r190,3,q4_9,Z,190,google,libra,rl,50000,23021,15000,6846,,
d3_at_q6_11/Z/r190,3,q6_11,Z,190,ours,pymatching,si1000,50000,24502,15000,7342,26459,0.8
d3_at_q6_11/Z/r190,3,q6_11,Z,190,ours,pymatching_correlated,si1000,50000,24445,15000,7328,31468,2.27
d3_at_q6_11/Z/r190,3,q6_11,Z,190,ours,pymatching,rl,50000,24397,15000,7231,27036,0.75
d3_at_q6_11/Z/r190,3,q6_11,Z,190,ours,pymatching_correlated,rl,50000,24162,15000,7293,30695,2.12
d3_at_q6_11/Z/r190,3,q6_11,Z,190,google,correlated_matching,si1000,50000,24249,15000,7203,,
d3_at_q6_11/Z/r190,3,q6_11,Z,190,google,correlated_matching,rl,50000,23859,15000,7174,,
d3_at_q6_11/Z/r190,3,q6_11,Z,190,google,harmony,si1000,50000,23876,15000,7150,,
d3_at_q6_11/Z/r190,3,q6_11,Z,190,google,harmony,rl,50000,23624,15000,7057,,
d3_at_q6_11/Z/r190,3,q6_11,Z,190,google,libra,rl,50000,23549,15000,7025,,
d3_at_q6_11/X/r190,3,q6_11,X,190,ours,pymatching,si1000,50000,24492,15000,7338,26998,0.83
d3_at_q6_11/X/r190,3,q6_11,X,190,ours,pymatching_correlated,si1000,50000,24275,15000,7269,35161,2.39
d3_at_q6_11/X/r190,3,q6_11,X,190,ours,pymatching,rl,50000,24747,15000,7297,26752,0.83
d3_at_q6_11/X/r190,3,q6_11,X,190,ours,pymatching_correlated,rl,50000,24132,15000,7270,29219,2.32
d3_at_q6_11/X/r190,3,q6_11,X,190,google,correlated_matching,si1000,50000,23996,15000,7185,,
d3_at_q6_11/X/r190,3,q6_11,X,190,google,correlated_matching,rl,50000,23805,15000,7103,,
d3_at_q6_11/X/r190,3,q6_11,X,190,google,harmony,si1000,50000,23959,15000,7230,,
d3_at_q6_11/X/r190,3,q6_11,X,190,google,harmony,rl,50000,23610,15000,7107,,
d3_at_q6_11/X/r190,3,q6_11,X,190,google,libra,rl,50000,23514,15000,7058,,
d3_at_q6_3/X/r190,3,q6_3,X,190,ours,pymatching,si1000,50000,23684,15000,7132,28412,0.65
d3_at_q6_3/X/r190,3,q6_3,X,190,ours,pymatching_correlated,si1000,50000,23137,15000,6973,37187,1.88
d3_at_q6_3/X/r190,3,q6_3,X,190,ours,pymatching,rl,50000,24004,15000,7177,27480,0.66
d3_at_q6_3/X/r190,3,q6_3,X,190,ours,pymatching_correlated,rl,50000,23215,15000,6918,31811,1.92
d3_at_q6_3/X/r190,3,q6_3,X,190,google,correlated_matching,si1000,50000,22948,15000,6923,,
d3_at_q6_3/X/r190,3,q6_3,X,190,google,correlated_matching,rl,50000,22254,15000,6636,,
d3_at_q6_3/X/r190,3,q6_3,X,190,google,harmony,si1000,50000,22441,15000,6767,,
d3_at_q6_3/X/r190,3,q6_3,X,190,google,harmony,rl,50000,22019,15000,6537,,
d3_at_q6_3/X/r190,3,q6_3,X,190,google,libra,rl,50000,21756,15000,6497,,
d3_at_q6_3/Z/r190,3,q6_3,Z,190,ours,pymatching,si1000,50000,24395,15000,7334,27279,0.69
d3_at_q6_3/Z/r190,3,q6_3,Z,190,ours,pymatching_correlated,si1000,50000,23685,15000,7143,33943,2.02
d3_at_q6_3/Z/r190,3,q6_3,Z,190,ours,pymatching,rl,50000,24199,15000,7270,28505,0.66
d3_at_q6_3/Z/r190,3,q6_3,Z,190,ours,pymatching_correlated,rl,50000,23795,15000,7050,34283,1.95
d3_at_q6_3/Z/r190,3,q6_3,Z,190,google,correlated_matching,si1000,50000,23246,15000,6888,,
d3_at_q6_3/Z/r190,3,q6_3,Z,190,google,correlated_matching,rl,50000,23464,15000,6985,,
d3_at_q6_3/Z/r190,3,q6_3,Z,190,google,harmony,si1000,50000,22975,15000,6840,,
d3_at_q6_3/Z/r190,3,q6_3,Z,190,google,harmony,rl,50000,23463,15000,7024,,
d3_at_q6_3/Z/r190,3,q6_3,Z,190,google,libra,rl,50000,23376,15000,6939,,
d3_at_q8_5/X/r190,3,q8_5,X,190,ours,pymatching,si1000,50000,24189,15000,7254,28038,0.65
d3_at_q8_5/X/r190,3,q8_5,X,190,ours,pymatching_correlated,si1000,50000,24052,15000,7224,36975,1.93
d3_at_q8_5/X/r190,3,q8_5,X,190,ours,pymatching,rl,50000,24103,15000,7296,28018,0.61
d3_at_q8_5/X/r190,3,q8_5,X,190,ours,pymatching_correlated,rl,50000,23755,15000,7147,32402,1.81
d3_at_q8_5/X/r190,3,q8_5,X,190,google,correlated_matching,si1000,50000,23819,15000,7136,,
d3_at_q8_5/X/r190,3,q8_5,X,190,google,correlated_matching,rl,50000,23535,15000,7049,,
d3_at_q8_5/X/r190,3,q8_5,X,190,google,harmony,si1000,50000,23745,15000,7118,,
d3_at_q8_5/X/r190,3,q8_5,X,190,google,harmony,rl,50000,23626,15000,7056,,
d3_at_q8_5/X/r190,3,q8_5,X,190,google,libra,rl,50000,23464,15000,7026,,
d3_at_q8_5/Z/r190,3,q8_5,Z,190,ours,pymatching,si1000,50000,24278,15000,7322,26867,0.7
d3_at_q8_5/Z/r190,3,q8_5,Z,190,ours,pymatching_correlated,si1000,50000,23818,15000,7151,34097,2.01
d3_at_q8_5/Z/r190,3,q8_5,Z,190,ours,pymatching,rl,50000,24385,15000,7364,27275,0.66
d3_at_q8_5/Z/r190,3,q8_5,Z,190,ours,pymatching_correlated,rl,50000,23527,15000,6985,33781,1.97
d3_at_q8_5/Z/r190,3,q8_5,Z,190,google,correlated_matching,si1000,50000,23817,15000,7149,,
d3_at_q8_5/Z/r190,3,q8_5,Z,190,google,correlated_matching,rl,50000,23992,15000,7219,,
d3_at_q8_5/Z/r190,3,q8_5,Z,190,google,harmony,si1000,50000,23496,15000,7034,,
d3_at_q8_5/Z/r190,3,q8_5,Z,190,google,harmony,rl,50000,23596,15000,7039,,
d3_at_q8_5/Z/r190,3,q8_5,Z,190,google,libra,rl,50000,23463,15000,7036,,
d3_at_q6_7/Z/r190,3,q6_7,Z,190,ours,pymatching,si1000,50000,24702,15000,7408,26118,0.92
d3_at_q6_7/Z/r190,3,q6_7,Z,190,ours,pymatching_correlated,si1000,50000,24718,15000,7414,30972,2.72
d3_at_q6_7/Z/r190,3,q6_7,Z,190,ours,pymatching,rl,50000,24697,15000,7427,26099,0.91
d3_at_q6_7/Z/r190,3,q6_7,Z,190,ours,pymatching_correlated,rl,50000,24412,15000,7360,31344,2.47
d3_at_q6_7/Z/r190,3,q6_7,Z,190,google,correlated_matching,si1000,50000,24678,15000,7381,,
d3_at_q6_7/Z/r190,3,q6_7,Z,190,google,correlated_matching,rl,50000,24416,15000,7338,,
d3_at_q6_7/Z/r190,3,q6_7,Z,190,google,harmony,si1000,50000,24346,15000,7238,,
d3_at_q6_7/Z/r190,3,q6_7,Z,190,google,harmony,rl,50000,24244,15000,7273,,
d3_at_q6_7/Z/r190,3,q6_7,Z,190,google,libra,rl,50000,23999,15000,7143,,
d3_at_q6_7/X/r190,3,q6_7,X,190,ours,pymatching,si1000,50000,25001,15000,7537,25564,0.94
d3_at_q6_7/X/r190,3,q6_7,X,190,ours,pymatching_correlated,si1000,50000,24730,15000,7435,31629,2.83
d3_at_q6_7/X/r190,3,q6_7,X,190,ours,pymatching,rl,50000,25133,15000,7504,26278,0.9
d3_at_q6_7/X/r190,3,q6_7,X,190,ours,pymatching_correlated,rl,50000,24793,15000,7450,32624,2.62
d3_at_q6_7/X/r190,3,q6_7,X,190,google,correlated_matching,si1000,50000,24941,15000,7430,,
d3_at_q6_7/X/r190,3,q6_7,X,190,google,correlated_matching,rl,50000,24847,15000,7471,,
d3_at_q6_7/X/r190,3,q6_7,X,190,google,harmony,si1000,50000,24651,15000,7372,,
d3_at_q6_7/X/r190,3,q6_7,X,190,google,harmony,rl,50000,24721,15000,7387,,
d3_at_q6_7/X/r190,3,q6_7,X,190,google,libra,rl,50000,24632,15000,7371,,
d3_at_q10_7/X/r170,3,q10_7,X,170,ours,pymatching,si1000,50000,23771,15000,7162,29557,0.62
d3_at_q10_7/X/r170,3,q10_7,X,170,ours,pymatching_correlated,si1000,50000,22827,15000,6788,38631,1.81
d3_at_q10_7/X/r170,3,q10_7,X,170,ours,pymatching,rl,50000,23136,15000,6926,30909,0.63
d3_at_q10_7/X/r170,3,q10_7,X,170,ours,pymatching_correlated,rl,50000,22229,15000,6628,38218,1.82
d3_at_q10_7/X/r170,3,q10_7,X,170,google,correlated_matching,si1000,50000,22382,15000,6716,,
d3_at_q10_7/X/r170,3,q10_7,X,170,google,correlated_matching,rl,50000,21849,15000,6523,,
d3_at_q10_7/X/r170,3,q10_7,X,170,google,harmony,si1000,50000,22249,15000,6637,,
d3_at_q10_7/X/r170,3,q10_7,X,170,google,harmony,rl,50000,21567,15000,6496,,
d3_at_q10_7/X/r170,3,q10_7,X,170,google,libra,rl,50000,21313,15000,6356,,
d3_at_q10_7/Z/r170,3,q10_7,Z,170,ours,pymatching,si1000,50000,24139,15000,7188,27540,0.67
d3_at_q10_7/Z/r170,3,q10_7,Z,170,ours,pymatching_correlated,si1000,50000,23477,15000,7067,34812,1.97
d3_at_q10_7/Z/r170,3,q10_7,Z,170,ours,pymatching,rl,50000,24191,15000,7226,28240,0.72
d3_at_q10_7/Z/r170,3,q10_7,Z,170,ours,pymatching_correlated,rl,50000,22891,15000,6827,33200,2.0
d3_at_q10_7/Z/r170,3,q10_7,Z,170,google,correlated_matching,si1000,50000,23081,15000,6864,,
d3_at_q10_7/Z/r170,3,q10_7,Z,170,google,correlated_matching,rl,50000,22479,15000,6664,,
d3_at_q10_7/Z/r170,3,q10_7,Z,170,google,harmony,si1000,50000,22621,15000,6764,,
d3_at_q10_7/Z/r170,3,q10_7,Z,170,google,harmony,rl,50000,22426,15000,6739,,
d3_at_q10_7/Z/r170,3,q10_7,Z,170,google,libra,rl,50000,22282,15000,6597,,
d3_at_q2_7/X/r170,3,q2_7,X,170,ours,pymatching,si1000,50000,23679,15000,7067,29050,0.58
d3_at_q2_7/X/r170,3,q2_7,X,170,ours,pymatching_correlated,si1000,50000,22848,15000,6850,38551,1.68
d3_at_q2_7/X/r170,3,q2_7,X,170,ours,pymatching,rl,50000,23477,15000,7070,29435,0.57
d3_at_q2_7/X/r170,3,q2_7,X,170,ours,pymatching_correlated,rl,50000,22702,15000,6848,35934,1.65
d3_at_q2_7/X/r170,3,q2_7,X,170,google,correlated_matching,si1000,50000,22757,15000,6808,,
d3_at_q2_7/X/r170,3,q2_7,X,170,google,correlated_matching,rl,50000,22298,15000,6787,,
d3_at_q2_7/X/r170,3,q2_7,X,170,google,harmony,si1000,50000,22412,15000,6716,,
d3_at_q2_7/X/r170,3,q2_7,X,170,google,harmony,rl,50000,22216,15000,6693,,
d3_at_q2_7/X/r170,3,q2_7,X,170,google,libra,rl,50000,22029,15000,6641,,
d3_at_q8_9/X/r190,3,q8_9,X,190,ours,pymatching,si1000,50000,25192,15000,7514,25910,0.92
d3_at_q8_9/X/r190,3,q8_9,X,190,ours,pymatching_correlated,si1000,50000,24794,15000,7412,32032,2.61
d3_at_q8_9/X/r190,3,q8_9,X,190,ours,pymatching,rl,50000,24902,15000,7497,26156,0.82
d3_at_q8_9/X/r190,3,q8_9,X,190,ours,pymatching_correlated,rl,50000,24752,15000,7500,29954,2.47
d3_at_q8_9/X/r190,3,q8_9,X,190,google,correlated_matching,si1000,50000,24808,15000,7429,,
d3_at_q8_9/X/r190,3,q8_9,X,190,google,correlated_matching,rl,50000,24736,15000,7492,,
d3_at_q8_9/X/r190,3,q8_9,X,190,google,harmony,si1000,50000,24705,15000,7373,,
d3_at_q8_9/X/r190,3,q8_9,X,190,google,harmony,rl,50000,24760,15000,7487,,
d3_at_q8_9/X/r190,3,q8_9,X,190,google,libra,rl,50000,24474,15000,7354,,
d3_at_q2_7/Z/r170,3,q2_7,Z,170,ours,pymatching,si1000,50000,23198,15000,6923,29039,0.56
d3_at_q2_7/Z/r170,3,q2_7,Z,170,ours,pymatching_correlated,si1000,50000,22569,15000,6680,36994,1.61
d3_at_q2_7/Z/r170,3,q2_7,Z,170,ours,pymatching,rl,50000,22955,15000,6833,30741,0.51
d3_at_q2_7/Z/r170,3,q2_7,Z,170,ours,pymatching_correlated,rl,50000,21706,15000,6441,37760,1.51
d3_at_q2_7/Z/r170,3,q2_7,Z,170,google,correlated_matching,si1000,50000,22057,15000,6564,,
d3_at_q2_7/Z/r170,3,q2_7,Z,170,google,correlated_matching,rl,50000,21376,15000,6363,,
d3_at_q2_7/Z/r170,3,q2_7,Z,170,google,harmony,si1000,50000,21637,15000,6439,,
d3_at_q2_7/Z/r170,3,q2_7,Z,170,google,harmony,rl,50000,21102,15000,6285,,
d3_at_q2_7/Z/r170,3,q2_7,Z,170,google,libra,rl,50000,21013,15000,6269,,
d3_at_q8_9/Z/r190,3,q8_9,Z,190,ours,pymatching,si1000,50000,24913,15000,7499,25890,0.92
d3_at_q8_9/Z/r190,3,q8_9,Z,190,ours,pymatching_correlated,si1000,50000,24613,15000,7390,31584,2.58
d3_at_q8_9/Z/r190,3,q8_9,Z,190,ours,pymatching,rl,50000,24848,15000,7546,26844,0.87
d3_at_q8_9/Z/r190,3,q8_9,Z,190,ours,pymatching_correlated,rl,50000,24489,15000,7358,33661,2.59
d3_at_q8_9/Z/r190,3,q8_9,Z,190,google,correlated_matching,si1000,50000,24625,15000,7314,,
d3_at_q8_9/Z/r190,3,q8_9,Z,190,google,correlated_matching,rl,50000,24228,15000,7243,,
d3_at_q8_9/Z/r190,3,q8_9,Z,190,google,harmony,si1000,50000,24505,15000,7393,,
d3_at_q8_9/Z/r190,3,q8_9,Z,190,google,harmony,rl,50000,24060,15000,7158,,
d3_at_q8_9/Z/r190,3,q8_9,Z,190,google,libra,rl,50000,24054,15000,7195,,
d3_at_q4_5/Z/r170,3,q4_5,Z,170,ours,pymatching,si1000,50000,23155,15000,6888,28609,0.59
d3_at_q4_5/Z/r170,3,q4_5,Z,170,ours,pymatching_correlated,si1000,50000,22753,15000,6984,37493,1.73
d3_at_q4_5/Z/r170,3,q4_5,Z,170,ours,pymatching,rl,50000,23193,15000,6951,30210,0.65
d3_at_q4_5/Z/r170,3,q4_5,Z,170,ours,pymatching_correlated,rl,50000,21965,15000,6545,39212,1.88
d3_at_q4_5/Z/r170,3,q4_5,Z,170,google,correlated_matching,si1000,50000,22238,15000,6755,,
d3_at_q4_5/Z/r170,3,q4_5,Z,170,google,correlated_matching,rl,50000,21455,15000,6400,,
d3_at_q4_5/Z/r170,3,q4_5,Z,170,google,harmony,si1000,50000,21614,15000,6419,,
d3_at_q4_5/Z/r170,3,q4_5,Z,170,google,harmony,rl,50000,21445,15000,6369,,
d3_at_q4_5/Z/r170,3,q4_5,Z,170,google,libra,rl,50000,21153,15000,6277,,
d3_at_q4_5/X/r170,3,q4_5,X,170,ours,pymatching,si1000,50000,24023,15000,7319,28555,0.61
d3_at_q4_5/X/r170,3,q4_5,X,170,ours,pymatching_correlated,si1000,50000,23563,15000,7109,36881,1.74
d3_at_q4_5/X/r170,3,q4_5,X,170,ours,pymatching,rl,50000,23453,15000,7063,30550,0.67
d3_at_q4_5/X/r170,3,q4_5,X,170,ours,pymatching_correlated,rl,50000,22729,15000,6791,39204,1.88
d3_at_q4_5/X/r170,3,q4_5,X,170,google,correlated_matching,si1000,50000,23064,15000,6978,,
d3_at_q4_5/X/r170,3,q4_5,X,170,google,correlated_matching,rl,50000,22391,15000,6703,,
d3_at_q4_5/X/r170,3,q4_5,X,170,google,harmony,si1000,50000,23116,15000,7011,,
d3_at_q4_5/X/r170,3,q4_5,X,170,google,harmony,rl,50000,22216,15000,6694,,
d3_at_q4_5/X/r170,3,q4_5,X,170,google,libra,rl,50000,21977,15000,6707,,
d3_at_q4_9/X/r170,3,q4_9,X,170,ours,pymatching,si1000,50000,24339,15000,7306,28064,0.65
d3_at_q4_9/X/r170,3,q4_9,X,170,ours,pymatching_correlated,si1000,50000,23840,15000,7199,36571,1.93
d3_at_q4_9/X/r170,3,q4_9,X,170,ours,pymatching,rl,50000,24112,15000,7291,27981,0.62
d3_at_q4_9/X/r170,3,q4_9,X,170,ours,pymatching_correlated,rl,50000,23579,15000,7174,32902,1.77
d3_at_q4_9/X/r170,3,q4_9,X,170,google,correlated_matching,si1000,50000,23715,15000,7074,,
d3_at_q4_9/X/r170,3,q4_9,X,170,google,correlated_matching,rl,50000,23327,15000,6946,,
d3_at_q4_9/X/r170,3,q4_9,X,170,google,harmony,si1000,50000,23481,15000,7108,,
d3_at_q4_9/X/r170,3,q4_9,X,170,google,harmony,rl,50000,22983,15000,6877,,
d3_at_q4_9/X/r170,3,q4_9,X,170,google,libra,rl,50000,23058,15000,6954,,
d3_at_q4_9/Z/r170,3,q4_9,Z,170,ours,pymatching,si1000,50000,23947,15000,7144,28235,0.58
d3_at_q4_9/Z/r170,3,q4_9,Z,170,ours,pymatching_correlated,si1000,50000,23213,15000,6959,36033,1.69
d3_at_q4_9/Z/r170,3,q4_9,Z,170,ours,pymatching,rl,50000,23745,15000,7083,31099,0.56
d3_at_q4_9/Z/r170,3,q4_9,Z,170,ours,pymatching_correlated,rl,50000,22540,15000,6694,41702,1.64
d3_at_q4_9/Z/r170,3,q4_9,Z,170,google,correlated_matching,si1000,50000,23054,15000,6956,,
d3_at_q4_9/Z/r170,3,q4_9,Z,170,google,correlated_matching,rl,50000,22484,15000,6687,,
d3_at_q4_9/Z/r170,3,q4_9,Z,170,google,harmony,si1000,50000,22460,15000,6693,,
d3_at_q4_9/Z/r170,3,q4_9,Z,170,google,harmony,rl,50000,22329,15000,6682,,
d3_at_q4_9/Z/r170,3,q4_9,Z,170,google,libra,rl,50000,22117,15000,6655,,
d3_at_q6_3/X/r170,3,q6_3,X,170,ours,pymatching,si1000,50000,23591,15000,7092,29121,0.56
d3_at_q6_3/X/r170,3,q6_3,X,170,ours,pymatching_correlated,si1000,50000,22603,15000,6794,38117,1.65
d3_at_q6_3/X/r170,3,q6_3,X,170,ours,pymatching,rl,50000,23742,15000,7184,27283,0.58
d3_at_q6_3/X/r170,3,q6_3,X,170,ours,pymatching_correlated,rl,50000,22778,15000,6841,32313,1.65
d3_at_q6_3/X/r170,3,q6_3,X,170,google,correlated_matching,si1000,50000,22134,15000,6690,,
d3_at_q6_3/X/r170,3,q6_3,X,170,google,correlated_matching,rl,50000,21559,15000,6440,,
d3_at_q6_3/X/r170,3,q6_3,X,170,google,harmony,si1000,50000,21749,15000,6494,,
d3_at_q6_3/X/r170,3,q6_3,X,170,google,harmony,rl,50000,21204,15000,6328,,
d3_at_q6_3/X/r170,3,q6_3,X,170,google,libra,rl,50000,20969,15000,6248,,
d3_at_q6_3/Z/r170,3,q6_3,Z,170,ours,pymatching,si1000,50000,23447,15000,7017,28373,0.59
d3_at_q6_3/Z/r170,3,q6_3,Z,170,ours,pymatching_correlated,si1000,50000,22621,15000,6774,35999,1.71
d3_at_q6_3/Z/r170,3,q6_3,Z,170,ours,pymatching,rl,50000,23470,15000,6967,29823,0.56
d3_at_q6_3/Z/r170,3,q6_3,Z,170,ours,pymatching_correlated,rl,50000,22490,15000,6784,36149,1.66
d3_at_q6_3/Z/r170,3,q6_3,Z,170,google,correlated_matching,si1000,50000,22214,15000,6615,,
d3_at_q6_3/Z/r170,3,q6_3,Z,170,google,correlated_matching,rl,50000,21743,15000,6536,,
d3_at_q6_3/Z/r170,3,q6_3,Z,170,google,harmony,si1000,50000,21439,15000,6403,,
d3_at_q6_3/Z/r170,3,q6_3,Z,170,google,harmony,rl,50000,21524,15000,6485,,
d3_at_q6_3/Z/r170,3,q6_3,Z,170,google,libra,rl,50000,21372,15000,6485,,
d3_at_q6_11/Z/r170,3,q6_11,Z,170,ours,pymatching,si1000,50000,24450,15000,7368,26950,0.71
d3_at_q6_11/Z/r170,3,q6_11,Z,170,ours,pymatching_correlated,si1000,50000,24100,15000,7195,32386,2.05
d3_at_q6_11/Z/r170,3,q6_11,Z,170,ours,pymatching,rl,50000,24405,15000,7353,27409,0.65
d3_at_q6_11/Z/r170,3,q6_11,Z,170,ours,pymatching_correlated,rl,50000,23669,15000,7077,31303,1.91
d3_at_q6_11/Z/r170,3,q6_11,Z,170,google,correlated_matching,si1000,50000,23850,15000,7112,,
d3_at_q6_11/Z/r170,3,q6_11,Z,170,google,correlated_matching,rl,50000,23474,15000,7012,,
d3_at_q6_11/Z/r170,3,q6_11,Z,170,google,harmony,si1000,50000,23227,15000,6898,,
d3_at_q6_11/Z/r170,3,q6_11,Z,170,google,harmony,rl,50000,23173,15000,6919,,
d3_at_q6_11/Z/r170,3,q6_11,Z,170,google,libra,rl,50000,23189,15000,6933,,
d3_at_q6_11/X/r170,3,q6_11,X,170,ours,pymatching,si1000,50000,24364,15000,7286,27773,0.71
d3_at_q6_11/X/r170,3,q6_11,X,170,ours,pymatching_correlated,si1000,50000,23776,15000,7195,36699,2.02
d3_at_q6_11/X/r170,3,q6_11,X,170,ours,pymatching,rl,50000,24274,15000,7302,27623,0.69
d3_at_q6_11/X/r170,3,q6_11,X,170,ours,pymatching_correlated,rl,50000,23796,15000,7162,30183,2.03
d3_at_q6_11/X/r170,3,q6_11,X,170,google,correlated_matching,si1000,50000,23565,15000,7159,,
d3_at_q6_11/X/r170,3,q6_11,X,170,google,correlated_matching,rl,50000,23281,15000,6980,,
d3_at_q6_11/X/r170,3,q6_11,X,170,google,harmony,si1000,50000,23469,15000,7118,,
d3_at_q6_11/X/r170,3,q6_11,X,170,google,harmony,rl,50000,22910,15000,6957,,
d3_at_q6_11/X/r170,3,q6_11,X,170,google,libra,rl,50000,22671,15000,6888,,
d3_at_q8_5/X/r170,3,q8_5,X,170,ours,pymatching,si1000,50000,24031,15000,7183,29045,0.57
d3_at_q8_5/X/r170,3,q8_5,X,170,ours,pymatching_correlated,si1000,50000,23708,15000,7152,38186,1.66
d3_at_q8_5/X/r170,3,q8_5,X,170,ours,pymatching,rl,50000,24013,15000,7223,28926,0.54
d3_at_q8_5/X/r170,3,q8_5,X,170,ours,pymatching_correlated,rl,50000,23160,15000,6957,33817,1.57
d3_at_q8_5/X/r170,3,q8_5,X,170,google,correlated_matching,si1000,50000,23446,15000,7099,,
d3_at_q8_5/X/r170,3,q8_5,X,170,google,correlated_matching,rl,50000,22855,15000,6957,,
d3_at_q8_5/X/r170,3,q8_5,X,170,google,harmony,si1000,50000,23126,15000,7011,,
d3_at_q8_5/X/r170,3,q8_5,X,170,google,harmony,rl,50000,22758,15000,6899,,
d3_at_q8_5/X/r170,3,q8_5,X,170,google,libra,rl,50000,22628,15000,6878,,
d3_at_q8_5/Z/r170,3,q8_5,Z,170,ours,pymatching,si1000,50000,23349,15000,6976,28657,0.57
d3_at_q8_5/Z/r170,3,q8_5,Z,170,ours,pymatching_correlated,si1000,50000,22518,15000,6824,36326,1.68
d3_at_q8_5/Z/r170,3,q8_5,Z,170,ours,pymatching,rl,50000,23130,15000,6905,29355,0.54
d3_at_q8_5/Z/r170,3,q8_5,Z,170,ours,pymatching_correlated,rl,50000,22083,15000,6741,36880,1.64
d3_at_q8_5/Z/r170,3,q8_5,Z,170,google,correlated_matching,si1000,50000,22250,15000,6725,,
d3_at_q8_5/Z/r170,3,q8_5,Z,170,google,correlated_matching,rl,50000,21863,15000,6635,,
d3_at_q8_5/Z/r170,3,q8_5,Z,170,google,harmony,si1000,50000,21574,15000,6530,,
d3_at_q8_5/Z/r170,3,q8_5,Z,170,google,harmony,rl,50000,21701,15000,6552,,
d3_at_q8_5/Z/r170,3,q8_5,Z,170,google,libra,rl,50000,21501,15000,6519,,
d3_at_q6_7/Z/r170,3,q6_7,Z,170,ours,pymatching,si1000,50000,24690,15000,7375,26326,0.85
d3_at_q6_7/Z/r170,3,q6_7,Z,170,ours,pymatching_correlated,si1000,50000,24626,15000,7352,31672,2.47
d3_at_q6_7/Z/r170,3,q6_7,Z,170,ours,pymatching,rl,50000,24685,15000,7371,26357,0.73
d3_at_q6_7/Z/r170,3,q6_7,Z,170,ours,pymatching_correlated,rl,50000,24272,15000,7267,32150,2.27
d3_at_q6_7/Z/r170,3,q6_7,Z,170,google,correlated_matching,si1000,50000,24356,15000,7227,,
d3_at_q6_7/Z/r170,3,q6_7,Z,170,google,correlated_matching,rl,50000,24058,15000,7242,,
d3_at_q6_7/Z/r170,3,q6_7,Z,170,google,harmony,si1000,50000,24118,15000,7220,,
d3_at_q6_7/Z/r170,3,q6_7,Z,170,google,harmony,rl,50000,23943,15000,7185,,
d3_at_q6_7/Z/r170,3,q6_7,Z,170,google,libra,rl,50000,23795,15000,7109,,
d3_at_q6_7/X/r170,3,q6_7,X,170,ours,pymatching,si1000,50000,24936,15000,7448,25885,0.84
d3_at_q6_7/X/r170,3,q6_7,X,170,ours,pymatching_correlated,si1000,50000,24778,15000,7472,32625,2.47
d3_at_q6_7/X/r170,3,q6_7,X,170,ours,pymatching,rl,50000,24912,15000,7465,26477,0.83
d3_at_q6_7/X/r170,3,q6_7,X,170,ours,pymatching_correlated,rl,50000,24762,15000,7454,33541,2.33
d3_at_q6_7/X/r170,3,q6_7,X,170,google,correlated_matching,si1000,50000,24737,15000,7390,,
d3_at_q6_7/X/r170,3,q6_7,X,170,google,correlated_matching,rl,50000,24559,15000,7408,,
d3_at_q6_7/X/r170,3,q6_7,X,170,google,harmony,si1000,50000,24705,15000,7427,,
d3_at_q6_7/X/r170,3,q6_7,X,170,google,harmony,rl,50000,24477,15000,7420,,
d3_at_q6_7/X/r170,3,q6_7,X,170,google,libra,rl,50000,24543,15000,7347,,
d3_at_q8_9/X/r170,3,q8_9,X,170,ours,pymatching,si1000,50000,24814,15000,7460,26139,0.79
d3_at_q8_9/X/r170,3,q8_9,X,170,ours,pymatching_correlated,si1000,50000,24657,15000,7328,32982,2.32
d3_at_q8_9/X/r170,3,q8_9,X,170,ours,pymatching,rl,50000,24816,15000,7451,26397,0.73
d3_at_q8_9/X/r170,3,q8_9,X,170,ours,pymatching_correlated,rl,50000,24757,15000,7464,30674,2.2
d3_at_q8_9/X/r170,3,q8_9,X,170,google,correlated_matching,si1000,50000,24623,15000,7350,,
d3_at_q8_9/X/r170,3,q8_9,X,170,google,correlated_matching,rl,50000,24399,15000,7333,,
d3_at_q8_9/X/r170,3,q8_9,X,170,google,harmony,si1000,50000,24475,15000,7275,,
d3_at_q8_9/X/r170,3,q8_9,X,170,google,harmony,rl,50000,24140,15000,7283,,
d3_at_q8_9/X/r170,3,q8_9,X,170,google,libra,rl,50000,24376,15000,7291,,
d3_at_q8_9/Z/r170,3,q8_9,Z,170,ours,pymatching,si1000,50000,24839,15000,7525,25737,0.8
d3_at_q8_9/Z/r170,3,q8_9,Z,170,ours,pymatching_correlated,si1000,50000,24608,15000,7422,32026,2.37
d3_at_q8_9/Z/r170,3,q8_9,Z,170,ours,pymatching,rl,50000,24991,15000,7467,26980,0.82
d3_at_q8_9/Z/r170,3,q8_9,Z,170,ours,pymatching_correlated,rl,50000,24499,15000,7313,33950,2.35
d3_at_q8_9/Z/r170,3,q8_9,Z,170,google,correlated_matching,si1000,50000,24560,15000,7370,,
d3_at_q8_9/Z/r170,3,q8_9,Z,170,google,correlated_matching,rl,50000,24259,15000,7211,,
d3_at_q8_9/Z/r170,3,q8_9,Z,170,google,harmony,si1000,50000,24581,15000,7363,,
d3_at_q8_9/Z/r170,3,q8_9,Z,170,google,harmony,rl,50000,24173,15000,7265,,
d3_at_q8_9/Z/r170,3,q8_9,Z,170,google,libra,rl,50000,24262,15000,7283,,
d3_at_q10_7/X/r150,3,q10_7,X,150,ours,pymatching,si1000,50000,23203,15000,6951,30711,0.54
d3_at_q10_7/X/r150,3,q10_7,X,150,ours,pymatching_correlated,si1000,50000,21801,15000,6503,39747,1.52
d3_at_q10_7/X/r150,3,q10_7,X,150,ours,pymatching,rl,50000,22509,15000,6840,32153,0.55
d3_at_q10_7/X/r150,3,q10_7,X,150,ours,pymatching_correlated,rl,50000,21122,15000,6276,39322,1.54
d3_at_q10_7/X/r150,3,q10_7,X,150,google,correlated_matching,si1000,50000,21410,15000,6387,,
d3_at_q10_7/X/r150,3,q10_7,X,150,google,correlated_matching,rl,50000,20796,15000,6172,,
d3_at_q10_7/X/r150,3,q10_7,X,150,google,harmony,si1000,50000,21179,15000,6260,,
d3_at_q10_7/X/r150,3,q10_7,X,150,google,harmony,rl,50000,20556,15000,6092,,
d3_at_q10_7/X/r150,3,q10_7,X,150,google,libra,rl,50000,20313,15000,6056,,
d3_at_q2_7/Z/r150,3,q2_7,Z,150,ours,pymatching,si1000,50000,22507,15000,6757,29879,0.49
d3_at_q2_7/Z/r150,3,q2_7,Z,150,ours,pymatching_correlated,si1000,50000,21877,15000,6623,37873,1.4
d3_at_q2_7/Z/r150,3,q2_7,Z,150,ours,pymatching,rl,50000,22253,15000,6698,31800,0.44
d3_at_q2_7/Z/r150,3,q2_7,Z,150,ours,pymatching_correlated,rl,50000,20829,15000,6232,38728,1.3
d3_at_q2_7/Z/r150,3,q2_7,Z,150,google,correlated_matching,si1000,50000,21378,15000,6415,,
d3_at_q2_7/Z/r150,3,q2_7,Z,150,google,correlated_matching,rl,50000,20643,15000,6206,,
d3_at_q2_7/Z/r150,3,q2_7,Z,150,google,harmony,si1000,50000,20774,15000,6264,,
d3_at_q2_7/Z/r150,3,q2_7,Z,150,google,harmony,rl,50000,20423,15000,6137,,
d3_at_q2_7/Z/r150,3,q2_7,Z,150,google,libra,rl,50000,20174,15000,6122,,
d3_at_q2_7/X/r150,3,q2_7,X,150,ours,pymatching,si1000,50000,22944,15000,6908,30274,0.49
d3_at_q2_7/X/r150,3,q2_7,X,150,ours,pymatching_correlated,si1000,50000,22251,15000,6636,39717,1.42
d3_at_q2_7/X/r150,3,q2_7,X,150,ours,pymatching,rl,50000,22738,15000,6942,30874,0.48
d3_at_q2_7/X/r150,3,q2_7,X,150,ours,pymatching_correlated,rl,50000,21548,15000,6435,37406,1.39
d3_at_q2_7/X/r150,3,q2_7,X,150,google,correlated_matching,si1000,50000,21996,15000,6644,,
d3_at_q2_7/X/r150,3,q2_7,X,150,google,correlated_matching,rl,50000,21198,15000,6367,,
d3_at_q2_7/X/r150,3,q2_7,X,150,google,harmony,si1000,50000,21473,15000,6457,,
d3_at_q2_7/X/r150,3,q2_7,X,150,google,harmony,rl,50000,21084,15000,6338,,
d3_at_q2_7/X/r150,3,q2_7,X,150,google,libra,rl,50000,20799,15000,6307,,
d3_at_q10_7/Z/r150,3,q10_7,Z,150,ours,pymatching,si1000,50000,23071,15000,6875,29044,0.53
d3_at_q10_7/Z/r150,3,q10_7,Z,150,ours,pymatching_correlated,si1000,50000,22525,15000,6679,37086,1.53
d3_at_q10_7/Z/r150,3,q10_7,Z,150,ours,pymatching,rl,50000,22934,15000,6853,30099,0.56
d3_at_q10_7/Z/r150,3,q10_7,Z,150,ours,pymatching_correlated,rl,50000,21672,15000,6494,35871,1.57
d3_at_q10_7/Z/r150,3,q10_7,Z,150,google,correlated_matching,si1000,50000,21935,15000,6567,,
d3_at_q10_7/Z/r150,3,q10_7,Z,150,google,correlated_matching,rl,50000,20821,15000,6244,,
d3_at_q10_7/Z/r150,3,q10_7,Z,150,google,harmony,si1000,50000,21220,15000,6322,,
d3_at_q10_7/Z/r150,3,q10_7,Z,150,google,harmony,rl,50000,20632,15000,6198,,
d3_at_q10_7/Z/r150,3,q10_7,Z,150,google,libra,rl,50000,20560,15000,6246,,
d3_at_q4_5/X/r150,3,q4_5,X,150,ours,pymatching,si1000,50000,23566,15000,7142,29592,0.52
d3_at_q4_5/X/r150,3,q4_5,X,150,ours,pymatching_correlated,si1000,50000,22949,15000,6849,37899,1.5
d3_at_q4_5/X/r150,3,q4_5,X,150,ours,pymatching,rl,50000,22927,15000,6884,31739,0.58
d3_at_q4_5/X/r150,3,q4_5,X,150,ours,pymatching_correlated,rl,50000,22131,15000,6645,40177,1.7
d3_at_q4_5/X/r150,3,q4_5,X,150,google,correlated_matching,si1000,50000,22550,15000,6762,,
d3_at_q4_5/X/r150,3,q4_5,X,150,google,correlated_matching,rl,50000,21832,15000,6554,,
d3_at_q4_5/X/r150,3,q4_5,X,150,google,harmony,si1000,50000,22359,15000,6756,,
d3_at_q4_5/X/r150,3,q4_5,X,150,google,harmony,rl,50000,21586,15000,6521,,
d3_at_q4_5/X/r150,3,q4_5,X,150,google,libra,rl,50000,21465,15000,6480,,
d3_at_q4_5/Z/r150,3,q4_5,Z,150,ours,pymatching,si1000,50000,22941,15000,6873,29370,0.52
d3_at_q4_5/Z/r150,3,q4_5,Z,150,ours,pymatching_correlated,si1000,50000,22069,15000,6546,38504,1.51
d3_at_q4_5/Z/r150,3,q4_5,Z,150,ours,pymatching,rl,50000,22610,15000,6767,31010,0.56
d3_at_q4_5/Z/r150,3,q4_5,Z,150,ours,pymatching_correlated,rl,50000,21280,15000,6402,40002,1.63
d3_at_q4_5/Z/r150,3,q4_5,Z,150,google,correlated_matching,si1000,50000,21717,15000,6542,,
d3_at_q4_5/Z/r150,3,q4_5,Z,150,google,correlated_matching,rl,50000,20934,15000,6337,,
d3_at_q4_5/Z/r150,3,q4_5,Z,150,google,harmony,si1000,50000,21169,15000,6420,,
d3_at_q4_5/Z/r150,3,q4_5,Z,150,google,harmony,rl,50000,20921,15000,6306,,
d3_at_q4_5/Z/r150,3,q4_5,Z,150,google,libra,rl,50000,20531,15000,6187,,
d3_at_q4_9/X/r150,3,q4_9,X,150,ours,pymatching,si1000,50000,23714,15000,7145,29460,0.51
d3_at_q4_9/X/r150,3,q4_9,X,150,ours,pymatching_correlated,si1000,50000,22699,15000,6856,38641,1.5
d3_at_q4_9/X/r150,3,q4_9,X,150,ours,pymatching,rl,50000,23762,15000,7186,29529,0.49
d3_at_q4_9/X/r150,3,q4_9,X,150,ours,pymatching_correlated,rl,50000,22724,15000,6945,35321,1.37
d3_at_q4_9/X/r150,3,q4_9,X,150,google,correlated_matching,si1000,50000,22504,15000,6838,,
d3_at_q4_9/X/r150,3,q4_9,X,150,google,correlated_matching,rl,50000,22247,15000,6659,,
d3_at_q4_9/X/r150,3,q4_9,X,150,google,harmony,si1000,50000,22375,15000,6741,,
d3_at_q4_9/X/r150,3,q4_9,X,150,google,harmony,rl,50000,21902,15000,6601,,
d3_at_q4_9/X/r150,3,q4_9,X,150,google,libra,rl,50000,21806,15000,6638,,
d3_at_q4_9/Z/r150,3,q4_9,Z,150,ours,pymatching,si1000,50000,23033,15000,6849,29218,0.52
d3_at_q4_9/Z/r150,3,q4_9,Z,150,ours,pymatching_correlated,si1000,50000,22236,15000,6623,37363,1.51
d3_at_q4_9/Z/r150,3,q4_9,Z,150,ours,pymatching,rl,50000,23018,15000,6878,32424,0.49
d3_at_q4_9/Z/r150,3,q4_9,Z,150,ours,pymatching_correlated,rl,50000,21652,15000,6463,42430,1.45
d3_at_q4_9/Z/r150,3,q4_9,Z,150,google,correlated_matching,si1000,50000,22081,15000,6580,,
d3_at_q4_9/Z/r150,3,q4_9,Z,150,google,correlated_matching,rl,50000,21490,15000,6423,,
d3_at_q4_9/Z/r150,3,q4_9,Z,150,google,harmony,si1000,50000,21586,15000,6424,,
d3_at_q4_9/Z/r150,3,q4_9,Z,150,google,harmony,rl,50000,21299,15000,6315,,
d3_at_q4_9/Z/r150,3,q4_9,Z,150,google,libra,rl,50000,21114,15000,6333,,
d3_at_q6_11/X/r150,3,q6_11,X,150,ours,pymatching,si1000,50000,23817,15000,7160,29079,0.58
d3_at_q6_11/X/r150,3,q6_11,X,150,ours,pymatching_correlated,si1000,50000,23045,15000,6877,38505,1.65
d3_at_q6_11/X/r150,3,q6_11,X,150,ours,pymatching,rl,50000,23661,15000,7085,28772,0.57
d3_at_q6_11/X/r150,3,q6_11,X,150,ours,pymatching_correlated,rl,50000,22955,15000,6878,31722,1.71
d3_at_q6_11/X/r150,3,q6_11,X,150,google,correlated_matching,si1000,50000,22632,15000,6786,,
d3_at_q6_11/X/r150,3,q6_11,X,150,google,correlated_matching,rl,50000,22311,15000,6660,,
d3_at_q6_11/X/r150,3,q6_11,X,150,google,harmony,si1000,50000,22311,15000,6739,,
d3_at_q6_11/X/r150,3,q6_11,X,150,google,harmony,rl,50000,22011,15000,6572,,
d3_at_q6_11/X/r150,3,q6_11,X,150,google,libra,rl,50000,21812,15000,6482,,
d7_at_q6_7/Z/r30,7,q6_7,Z,30,ours,pymatching,si1000,50000,5564,15000,1703,45041,1.57
d7_at_q6_7/Z/r30,7,q6_7,Z,30,ours,pymatching_correlated,si1000,50000,3252,15000,1030,48777,4.1
d7_at_q6_7/Z/r30,7,q6_7,Z,30,ours,pymatching,rl,50000,5611,15000,1710,45029,1.69
d7_at_q6_7/Z/r30,7,q6_7,Z,30,ours,pymatching_correlated,rl,50000,3196,15000,1024,48272,4.27
d7_at_q6_7/Z/r30,7,q6_7,Z,30,google,correlated_matching,si1000,50000,3179,15000,973,,
d7_at_q6_7/Z/r30,7,q6_7,Z,30,google,correlated_matching,rl,50000,3046,15000,938,,
d7_at_q6_7/Z/r30,7,q6_7,Z,30,google,harmony,si1000,50000,2720,15000,834,,
d7_at_q6_7/Z/r30,7,q6_7,Z,30,google,harmony,rl,50000,2638,15000,839,,
d7_at_q6_7/Z/r30,7,q6_7,Z,30,google,libra,rl,50000,2428,15000,785,,
d3_at_q6_11/Z/r150,3,q6_11,Z,150,ours,pymatching,si1000,50000,23903,15000,7039,27995,0.58
d3_at_q6_11/Z/r150,3,q6_11,Z,150,ours,pymatching_correlated,si1000,50000,23264,15000,7003,34132,1.66
d3_at_q6_11/Z/r150,3,q6_11,Z,150,ours,pymatching,rl,50000,23625,15000,6996,28857,0.54
d3_at_q6_11/Z/r150,3,q6_11,Z,150,ours,pymatching_correlated,rl,50000,22783,15000,6745,33187,1.57
d3_at_q6_11/Z/r150,3,q6_11,Z,150,google,correlated_matching,si1000,50000,22604,15000,6736,,
d3_at_q6_11/Z/r150,3,q6_11,Z,150,google,correlated_matching,rl,50000,22196,15000,6620,,
d3_at_q6_11/Z/r150,3,q6_11,Z,150,google,harmony,si1000,50000,22138,15000,6612,,
d3_at_q6_11/Z/r150,3,q6_11,Z,150,google,harmony,rl,50000,22048,15000,6521,,
d3_at_q6_11/Z/r150,3,q6_11,Z,150,google,libra,rl,50000,21906,15000,6473,,
d7_at_q6_7/X/r30,7,q6_7,X,30,ours,pymatching,si1000,50000,6036,15000,1775,44662,1.59
d7_at_q6_7/X/r30,7,q6_7,X,30,ours,pymatching_correlated,si1000,50000,3536,15000,1073,48718,4.14
d7_at_q6_7/X/r30,7,q6_7,X,30,ours,pymatching,rl,50000,5716,15000,1691,44868,1.72
d7_at_q6_7/X/r30,7,q6_7,X,30,ours,pymatching_correlated,rl,50000,3387,15000,1007,48027,4.28
d7_at_q6_7/X/r30,7,q6_7,X,30,google,correlated_matching,si1000,50000,3482,15000,1029,,
d7_at_q6_7/X/r30,7,q6_7,X,30,google,correlated_matching,rl,50000,3366,15000,1003,,
d7_at_q6_7/X/r30,7,q6_7,X,30,google,harmony,si1000,50000,3054,15000,898,,
d7_at_q6_7/X/r30,7,q6_7,X,30,google,harmony,rl,50000,2934,15000,877,,
d7_at_q6_7/X/r30,7,q6_7,X,30,google,libra,rl,50000,2677,15000,795,,
d3_at_q6_3/X/r150,3,q6_3,X,150,ours,pymatching,si1000,50000,23371,15000,6974,29646,0.52
d3_at_q6_3/X/r150,3,q6_3,X,150,ours,pymatching_correlated,si1000,50000,22232,15000,6646,38741,1.48
d3_at_q6_3/X/r150,3,q6_3,X,150,ours,pymatching,rl,50000,23542,15000,7131,27748,0.52
d3_at_q6_3/X/r150,3,q6_3,X,150,ours,pymatching_correlated,rl,50000,22358,15000,6692,33150,1.51
d3_at_q6_3/X/r150,3,q6_3,X,150,google,correlated_matching,si1000,50000,21815,15000,6538,,
d3_at_q6_3/X/r150,3,q6_3,X,150,google,correlated_matching,rl,50000,21222,15000,6458,,
d3_at_q6_3/X/r150,3,q6_3,X,150,google,harmony,si1000,50000,21495,15000,6439,,
d3_at_q6_3/X/r150,3,q6_3,X,150,google,harmony,rl,50000,20748,15000,6251,,
d3_at_q6_3/X/r150,3,q6_3,X,150,google,libra,rl,50000,20437,15000,6126,,
d3_at_q6_3/Z/r150,3,q6_3,Z,150,ours,pymatching,si1000,50000,24105,15000,7290,28002,0.59
d3_at_q6_3/Z/r150,3,q6_3,Z,150,ours,pymatching_correlated,si1000,50000,23305,15000,7077,34706,1.68
d3_at_q6_3/Z/r150,3,q6_3,Z,150,ours,pymatching,rl,50000,24343,15000,7275,29049,0.58
d3_at_q6_3/Z/r150,3,q6_3,Z,150,ours,pymatching_correlated,rl,50000,23795,15000,7172,35133,1.64
d3_at_q6_3/Z/r150,3,q6_3,Z,150,google,correlated_matching,si1000,50000,23001,15000,6920,,
d3_at_q6_3/Z/r150,3,q6_3,Z,150,google,correlated_matching,rl,50000,23114,15000,6974,,
d3_at_q6_3/Z/r150,3,q6_3,Z,150,google,harmony,si1000,50000,22563,15000,6805,,
d3_at_q6_3/Z/r150,3,q6_3,Z,150,google,harmony,rl,50000,23129,15000,6955,,
d3_at_q6_3/Z/r150,3,q6_3,Z,150,google,libra,rl,50000,23041,15000,6905,,
d3_at_q8_5/X/r150,3,q8_5,X,150,ours,pymatching,si1000,50000,23933,15000,7171,29754,0.52
d3_at_q8_5/X/r150,3,q8_5,X,150,ours,pymatching_correlated,si1000,50000,23045,15000,6946,38892,1.48
d3_at_q8_5/X/r150,3,q8_5,X,150,ours,pymatching,rl,50000,23737,15000,7184,29441,0.49
d3_at_q8_5/X/r150,3,q8_5,X,150,ours,pymatching_correlated,rl,50000,22774,15000,6826,34534,1.45
d3_at_q8_5/X/r150,3,q8_5,X,150,google,correlated_matching,si1000,50000,22847,15000,6892,,
d3_at_q8_5/X/r150,3,q8_5,X,150,google,correlated_matching,rl,50000,22046,15000,6604,,
d3_at_q8_5/X/r150,3,q8_5,X,150,google,harmony,si1000,50000,22617,15000,6808,,
d3_at_q8_5/X/r150,3,q8_5,X,150,google,harmony,rl,50000,22258,15000,6632,,
d3_at_q8_5/X/r150,3,q8_5,X,150,google,libra,rl,50000,22166,15000,6575,,
d3_at_q6_7/X/r150,3,q6_7,X,150,ours,pymatching,si1000,50000,24885,15000,7454,26527,0.71
d3_at_q6_7/X/r150,3,q6_7,X,150,ours,pymatching_correlated,si1000,50000,24682,15000,7397,34082,2.07
d3_at_q6_7/X/r150,3,q6_7,X,150,ours,pymatching,rl,50000,24701,15000,7371,27188,0.65
d3_at_q6_7/X/r150,3,q6_7,X,150,ours,pymatching_correlated,rl,50000,24520,15000,7246,35117,1.94
d3_at_q6_7/X/r150,3,q6_7,X,150,google,correlated_matching,si1000,50000,24708,15000,7408,,
d3_at_q6_7/X/r150,3,q6_7,X,150,google,correlated_matching,rl,50000,24277,15000,7206,,
d3_at_q6_7/X/r150,3,q6_7,X,150,google,harmony,si1000,50000,24528,15000,7373,,
d3_at_q6_7/X/r150,3,q6_7,X,150,google,harmony,rl,50000,24026,15000,7196,,
d3_at_q6_7/X/r150,3,q6_7,X,150,google,libra,rl,50000,24039,15000,7164,,
d3_at_q8_5/Z/r150,3,q8_5,Z,150,ours,pymatching,si1000,50000,24591,15000,7338,26849,0.6
d3_at_q8_5/Z/r150,3,q8_5,Z,150,ours,pymatching_correlated,si1000,50000,24012,15000,7222,33618,1.74
d3_at_q8_5/Z/r150,3,q8_5,Z,150,ours,pymatching,rl,50000,24632,15000,7345,26938,0.56
d3_at_q8_5/Z/r150,3,q8_5,Z,150,ours,pymatching_correlated,rl,50000,23964,15000,7159,32470,1.68
d3_at_q8_5/Z/r150,3,q8_5,Z,150,google,correlated_matching,si1000,50000,23974,15000,7220,,
d3_at_q8_5/Z/r150,3,q8_5,Z,150,google,correlated_matching,rl,50000,24292,15000,7297,,
d3_at_q8_5/Z/r150,3,q8_5,Z,150,google,harmony,si1000,50000,23710,15000,7089,,
d3_at_q8_5/Z/r150,3,q8_5,Z,150,google,harmony,rl,50000,23978,15000,7250,,
d3_at_q8_5/Z/r150,3,q8_5,Z,150,google,libra,rl,50000,23901,15000,7200,,
d3_at_q6_7/Z/r150,3,q6_7,Z,150,ours,pymatching,si1000,50000,24239,15000,7252,27180,0.7
d3_at_q6_7/Z/r150,3,q6_7,Z,150,ours,pymatching_correlated,si1000,50000,23966,15000,7216,33617,2.13
d3_at_q6_7/Z/r150,3,q6_7,Z,150,ours,pymatching,rl,50000,24095,15000,7242,27319,0.62
d3_at_q6_7/Z/r150,3,q6_7,Z,150,ours,pymatching_correlated,rl,50000,23525,15000,7070,33775,1.88
d3_at_q6_7/Z/r150,3,q6_7,Z,150,google,correlated_matching,si1000,50000,23823,15000,7206,,
d3_at_q6_7/Z/r150,3,q6_7,Z,150,google,correlated_matching,rl,50000,23296,15000,7102,,
d3_at_q6_7/Z/r150,3,q6_7,Z,150,google,harmony,si1000,50000,23592,15000,7118,,
d3_at_q6_7/Z/r150,3,q6_7,Z,150,google,harmony,rl,50000,23091,15000,7000,,
d3_at_q6_7/Z/r150,3,q6_7,Z,150,google,libra,rl,50000,22837,15000,6850,,
d3_at_q8_9/X/r150,3,q8_9,X,150,ours,pymatching,si1000,50000,24721,15000,7338,26603,0.7
d3_at_q8_9/X/r150,3,q8_9,X,150,ours,pymatching_correlated,si1000,50000,24558,15000,7357,34042,2.02
d3_at_q8_9/X/r150,3,q8_9,X,150,ours,pymatching,rl,50000,24555,15000,7325,26857,0.65
d3_at_q8_9/X/r150,3,q8_9,X,150,ours,pymatching_correlated,rl,50000,24391,15000,7238,31733,1.94
d3_at_q8_9/X/r150,3,q8_9,X,150,google,correlated_matching,si1000,50000,24408,15000,7358,,
d3_at_q8_9/X/r150,3,q8_9,X,150,google,correlated_matching,rl,50000,24100,15000,7153,,
d3_at_q8_9/X/r150,3,q8_9,X,150,google,harmony,si1000,50000,24458,15000,7327,,
d3_at_q8_9/X/r150,3,q8_9,X,150,google,harmony,rl,50000,24058,15000,7104,,
d3_at_q8_9/X/r150,3,q8_9,X,150,google,libra,rl,50000,23873,15000,7071,,
d3_at_q8_9/Z/r150,3,q8_9,Z,150,ours,pymatching,si1000,50000,24525,15000,7434,26420,0.7
d3_at_q8_9/Z/r150,3,q8_9,Z,150,ours,pymatching_correlated,si1000,50000,24035,15000,7188,33576,2.01
d3_at_q8_9/Z/r150,3,q8_9,Z,150,ours,pymatching,rl,50000,24190,15000,7215,27969,0.7
d3_at_q8_9/Z/r150,3,q8_9,Z,150,ours,pymatching_correlated,rl,50000,23759,15000,7145,35880,2.01
d3_at_q8_9/Z/r150,3,q8_9,Z,150,google,correlated_matching,si1000,50000,24063,15000,7298,,
d3_at_q8_9/Z/r150,3,q8_9,Z,150,google,correlated_matching,rl,50000,23689,15000,7120,,
d3_at_q8_9/Z/r150,3,q8_9,Z,150,google,harmony,si1000,50000,23733,15000,7229,,
d3_at_q8_9/Z/r150,3,q8_9,Z,150,google,harmony,rl,50000,23413,15000,7060,,
d3_at_q8_9/Z/r150,3,q8_9,Z,150,google,libra,rl,50000,23342,15000,7044,,
d5_at_q4_7/X/r50,5,q4_7,X,50,ours,pymatching,si1000,50000,11245,15000,3433,40843,0.94
d5_at_q4_7/X/r50,5,q4_7,X,50,ours,pymatching_correlated,si1000,50000,8062,15000,2423,47376,2.52
d5_at_q4_7/X/r50,5,q4_7,X,50,ours,pymatching,rl,50000,10957,15000,3349,40970,0.95
d5_at_q4_7/X/r50,5,q4_7,X,50,ours,pymatching_correlated,rl,50000,7687,15000,2338,45954,2.5
d5_at_q4_7/X/r50,5,q4_7,X,50,google,correlated_matching,si1000,50000,8022,15000,2388,,
d5_at_q4_7/X/r50,5,q4_7,X,50,google,correlated_matching,rl,50000,7559,15000,2270,,
d5_at_q4_7/X/r50,5,q4_7,X,50,google,harmony,si1000,50000,7247,15000,2151,,
d5_at_q4_7/X/r50,5,q4_7,X,50,google,harmony,rl,50000,6908,15000,2054,,
d5_at_q4_7/X/r50,5,q4_7,X,50,google,libra,rl,50000,6594,15000,1991,,
d5_at_q4_7/Z/r50,5,q4_7,Z,50,ours,pymatching,si1000,50000,9490,15000,2774,42012,0.91
d5_at_q4_7/Z/r50,5,q4_7,Z,50,ours,pymatching_correlated,si1000,50000,6765,15000,2017,47701,2.45
d5_at_q4_7/Z/r50,5,q4_7,Z,50,ours,pymatching,rl,50000,9262,15000,2771,42344,0.92
d5_at_q4_7/Z/r50,5,q4_7,Z,50,ours,pymatching_correlated,rl,50000,6206,15000,1871,47048,2.47
d5_at_q4_7/Z/r50,5,q4_7,Z,50,google,correlated_matching,si1000,50000,6656,15000,1967,,
d5_at_q4_7/Z/r50,5,q4_7,Z,50,google,correlated_matching,rl,50000,5990,15000,1814,,
d5_at_q4_7/Z/r50,5,q4_7,Z,50,google,harmony,si1000,50000,5876,15000,1762,,
d5_at_q4_7/Z/r50,5,q4_7,Z,50,google,harmony,rl,50000,5520,15000,1672,,
d5_at_q4_7/Z/r50,5,q4_7,Z,50,google,libra,rl,50000,5258,15000,1582,,
d5_at_q6_5/X/r50,5,q6_5,X,50,ours,pymatching,si1000,50000,11462,15000,3448,40619,0.95
d5_at_q6_5/X/r50,5,q6_5,X,50,ours,pymatching_correlated,si1000,50000,8378,15000,2446,47285,2.55
d5_at_q6_5/X/r50,5,q6_5,X,50,ours,pymatching,rl,50000,11071,15000,3329,40805,0.93
d5_at_q6_5/X/r50,5,q6_5,X,50,ours,pymatching_correlated,rl,50000,8110,15000,2321,45368,2.55
d5_at_q6_5/X/r50,5,q6_5,X,50,google,correlated_matching,si1000,50000,8297,15000,2421,,
d5_at_q6_5/X/r50,5,q6_5,X,50,google,correlated_matching,rl,50000,7902,15000,2282,,
d5_at_q6_5/X/r50,5,q6_5,X,50,google,harmony,si1000,50000,7503,15000,2168,,
d5_at_q6_5/X/r50,5,q6_5,X,50,google,harmony,rl,50000,7270,15000,2104,,
d5_at_q6_5/X/r50,5,q6_5,X,50,google,libra,rl,50000,7007,15000,2042,,
d5_at_q6_5/Z/r50,5,q6_5,Z,50,ours,pymatching,si1000,50000,9558,15000,2859,41860,0.95
d5_at_q6_5/Z/r50,5,q6_5,Z,50,ours,pymatching_correlated,si1000,50000,6979,15000,2109,47565,2.5
d5_at_q6_5/Z/r50,5,q6_5,Z,50,ours,pymatching,rl,50000,9500,15000,2836,42076,0.95
d5_at_q6_5/Z/r50,5,q6_5,Z,50,ours,pymatching_correlated,rl,50000,6684,15000,2003,46842,2.55
d5_at_q6_5/Z/r50,5,q6_5,Z,50,google,correlated_matching,si1000,50000,6850,15000,2036,,
d5_at_q6_5/Z/r50,5,q6_5,Z,50,google,correlated_matching,rl,50000,6212,15000,1871,,
d5_at_q6_5/Z/r50,5,q6_5,Z,50,google,harmony,si1000,50000,6018,15000,1799,,
d5_at_q6_5/Z/r50,5,q6_5,Z,50,google,harmony,rl,50000,5630,15000,1704,,
d5_at_q6_5/Z/r50,5,q6_5,Z,50,google,libra,rl,50000,5400,15000,1617,,
d5_at_q6_9/X/r50,5,q6_9,X,50,ours,pymatching,si1000,50000,12703,15000,3760,39456,1.06
d5_at_q6_9/X/r50,5,q6_9,X,50,ours,pymatching_correlated,si1000,50000,9474,15000,2804,46839,2.79
d5_at_q6_9/X/r50,5,q6_9,X,50,ours,pymatching,rl,50000,12400,15000,3652,39869,1.09
d5_at_q6_9/X/r50,5,q6_9,X,50,ours,pymatching_correlated,rl,50000,9331,15000,2767,45000,2.96
d5_at_q6_9/X/r50,5,q6_9,X,50,google,correlated_matching,si1000,50000,9307,15000,2747,,
d5_at_q6_9/X/r50,5,q6_9,X,50,google,correlated_matching,rl,50000,9145,15000,2664,,
d5_at_q6_9/X/r50,5,q6_9,X,50,google,harmony,si1000,50000,8540,15000,2528,,
d5_at_q6_9/X/r50,5,q6_9,X,50,google,harmony,rl,50000,8472,15000,2457,,
d5_at_q6_9/X/r50,5,q6_9,X,50,google,libra,rl,50000,8017,15000,2302,,
d3_at_q10_7/X/r130,3,q10_7,X,130,ours,pymatching,si1000,50000,22159,15000,6674,31865,0.44
d3_at_q10_7/X/r130,3,q10_7,X,130,ours,pymatching_correlated,si1000,50000,20969,15000,6277,40827,1.27
d3_at_q10_7/X/r130,3,q10_7,X,130,ours,pymatching,rl,50000,21397,15000,6442,33403,0.45
d3_at_q10_7/X/r130,3,q10_7,X,130,ours,pymatching_correlated,rl,50000,19906,15000,5982,40490,1.35
d3_at_q10_7/X/r130,3,q10_7,X,130,google,correlated_matching,si1000,50000,20518,15000,6190,,
d3_at_q10_7/X/r130,3,q10_7,X,130,google,correlated_matching,rl,50000,19660,15000,5912,,
d3_at_q10_7/X/r130,3,q10_7,X,130,google,harmony,si1000,50000,20145,15000,6003,,
d3_at_q10_7/X/r130,3,q10_7,X,130,google,harmony,rl,50000,19305,15000,5754,,
d3_at_q10_7/X/r130,3,q10_7,X,130,google,libra,rl,50000,19173,15000,5738,,
d5_at_q6_9/Z/r50,5,q6_9,Z,50,ours,pymatching,si1000,50000,12688,15000,3868,39153,1.1
d5_at_q6_9/Z/r50,5,q6_9,Z,50,ours,pymatching_correlated,si1000,50000,9658,15000,2919,46611,2.94
d5_at_q6_9/Z/r50,5,q6_9,Z,50,ours,pymatching,rl,50000,12327,15000,3767,39759,1.11
d5_at_q6_9/Z/r50,5,q6_9,Z,50,ours,pymatching_correlated,rl,50000,9166,15000,2769,45768,2.98
d5_at_q6_9/Z/r50,5,q6_9,Z,50,google,correlated_matching,si1000,50000,9561,15000,2897,,
d5_at_q6_9/Z/r50,5,q6_9,Z,50,google,correlated_matching,rl,50000,8764,15000,2660,,
d5_at_q6_9/Z/r50,5,q6_9,Z,50,google,harmony,si1000,50000,8765,15000,2644,,
d5_at_q6_9/Z/r50,5,q6_9,Z,50,google,harmony,rl,50000,8233,15000,2487,,
d5_at_q6_9/Z/r50,5,q6_9,Z,50,google,libra,rl,50000,7906,15000,2363,,
d5_at_q8_7/X/r50,5,q8_7,X,50,ours,pymatching,si1000,50000,12665,15000,3742,39435,1.03
d5_at_q8_7/X/r50,5,q8_7,X,50,ours,pymatching_correlated,si1000,50000,9356,15000,2829,46966,2.75
d5_at_q8_7/X/r50,5,q8_7,X,50,ours,pymatching,rl,50000,12111,15000,3579,40216,1.06
d5_at_q8_7/X/r50,5,q8_7,X,50,ours,pymatching_correlated,rl,50000,8814,15000,2700,45903,2.9
d5_at_q8_7/X/r50,5,q8_7,X,50,google,correlated_matching,si1000,50000,9288,15000,2789,,
d5_at_q8_7/X/r50,5,q8_7,X,50,google,correlated_matching,rl,50000,8615,15000,2616,,
d5_at_q8_7/X/r50,5,q8_7,X,50,google,harmony,si1000,50000,8429,15000,2550,,
d5_at_q8_7/X/r50,5,q8_7,X,50,google,harmony,rl,50000,8011,15000,2442,,
d5_at_q8_7/X/r50,5,q8_7,X,50,google,libra,rl,50000,7690,15000,2336,,
d5_at_q8_7/Z/r50,5,q8_7,Z,50,ours,pymatching,si1000,50000,11743,15000,3514,40171,1.03
d5_at_q8_7/Z/r50,5,q8_7,Z,50,ours,pymatching_correlated,si1000,50000,8529,15000,2540,47011,2.76
d5_at_q8_7/Z/r50,5,q8_7,Z,50,ours,pymatching,rl,50000,11498,15000,3423,40206,1.07
d5_at_q8_7/Z/r50,5,q8_7,Z,50,ours,pymatching_correlated,rl,50000,8184,15000,2402,45614,2.88
d5_at_q8_7/Z/r50,5,q8_7,Z,50,google,correlated_matching,si1000,50000,8350,15000,2488,,
d5_at_q8_7/Z/r50,5,q8_7,Z,50,google,correlated_matching,rl,50000,7698,15000,2246,,
d5_at_q8_7/Z/r50,5,q8_7,Z,50,google,harmony,si1000,50000,7558,15000,2202,,
d5_at_q8_7/Z/r50,5,q8_7,Z,50,google,harmony,rl,50000,7067,15000,2073,,
d5_at_q8_7/Z/r50,5,q8_7,Z,50,google,libra,rl,50000,6872,15000,2026,,
d3_at_q10_7/Z/r130,3,q10_7,Z,130,ours,pymatching,si1000,50000,22619,15000,6757,29928,0.45
d3_at_q10_7/Z/r130,3,q10_7,Z,130,ours,pymatching_correlated,si1000,50000,21352,15000,6374,38019,1.31
d3_at_q10_7/Z/r130,3,q10_7,Z,130,ours,pymatching,rl,50000,22385,15000,6711,30970,0.48
d3_at_q10_7/Z/r130,3,q10_7,Z,130,ours,pymatching_correlated,rl,50000,20707,15000,6161,37120,1.4
d3_at_q10_7/Z/r130,3,q10_7,Z,130,google,correlated_matching,si1000,50000,20683,15000,6235,,
d3_at_q10_7/Z/r130,3,q10_7,Z,130,google,correlated_matching,rl,50000,19837,15000,5892,,
d3_at_q10_7/Z/r130,3,q10_7,Z,130,google,harmony,si1000,50000,20027,15000,5939,,
d3_at_q10_7/Z/r130,3,q10_7,Z,130,google,harmony,rl,50000,19570,15000,5809,,
d3_at_q10_7/Z/r130,3,q10_7,Z,130,google,libra,rl,50000,19511,15000,5761,,
d3_at_q2_7/Z/r130,3,q2_7,Z,130,ours,pymatching,si1000,50000,22005,15000,6539,30789,0.42
d3_at_q2_7/Z/r130,3,q2_7,Z,130,ours,pymatching_correlated,si1000,50000,20972,15000,6251,38722,1.22
d3_at_q2_7/Z/r130,3,q2_7,Z,130,ours,pymatching,rl,50000,21534,15000,6397,32757,0.4
d3_at_q2_7/Z/r130,3,q2_7,Z,130,ours,pymatching_correlated,rl,50000,19691,15000,5877,39688,1.15
d3_at_q2_7/Z/r130,3,q2_7,Z,130,google,correlated_matching,si1000,50000,20198,15000,5983,,
d3_at_q2_7/Z/r130,3,q2_7,Z,130,google,correlated_matching,rl,50000,19517,15000,5792,,
d3_at_q2_7/Z/r130,3,q2_7,Z,130,google,harmony,si1000,50000,19673,15000,5920,,
d3_at_q2_7/Z/r130,3,q2_7,Z,130,google,harmony,rl,50000,19191,15000,5718,,
d3_at_q2_7/Z/r130,3,q2_7,Z,130,google,libra,rl,50000,18879,15000,5655,,
d3_at_q2_7/X/r130,3,q2_7,X,130,ours,pymatching,si1000,50000,22787,15000,6861,30955,0.44
d3_at_q2_7/X/r130,3,q2_7,X,130,ours,pymatching_correlated,si1000,50000,21963,15000,6577,40325,1.29
d3_at_q2_7/X/r130,3,q2_7,X,130,ours,pymatching,rl,50000,22627,15000,6756,31185,0.43
d3_at_q2_7/X/r130,3,q2_7,X,130,ours,pymatching_correlated,rl,50000,21314,15000,6366,37952,1.27
d3_at_q2_7/X/r130,3,q2_7,X,130,google,correlated_matching,si1000,50000,21592,15000,6488,,
d3_at_q2_7/X/r130,3,q2_7,X,130,google,correlated_matching,rl,50000,20798,15000,6227,,
d3_at_q2_7/X/r130,3,q2_7,X,130,google,harmony,si1000,50000,21249,15000,6400,,
d3_at_q2_7/X/r130,3,q2_7,X,130,google,harmony,rl,50000,20821,15000,6235,,
d3_at_q2_7/X/r130,3,q2_7,X,130,google,libra,rl,50000,20604,15000,6195,,
d3_at_q4_9/X/r130,3,q4_9,X,130,ours,pymatching,si1000,50000,22999,15000,6957,30788,0.44
d3_at_q4_9/X/r130,3,q4_9,X,130,ours,pymatching_correlated,si1000,50000,21856,15000,6574,39753,1.3
d3_at_q4_9/X/r130,3,q4_9,X,130,ours,pymatching,rl,50000,22915,15000,6943,30953,0.42
d3_at_q4_9/X/r130,3,q4_9,X,130,ours,pymatching_correlated,rl,50000,21771,15000,6623,36651,1.19
d3_at_q4_9/X/r130,3,q4_9,X,130,google,correlated_matching,si1000,50000,21617,15000,6530,,
d3_at_q4_9/X/r130,3,q4_9,X,130,google,correlated_matching,rl,50000,21016,15000,6389,,
d3_at_q4_9/X/r130,3,q4_9,X,130,google,harmony,si1000,50000,21212,15000,6306,,
d3_at_q4_9/X/r130,3,q4_9,X,130,google,harmony,rl,50000,20738,15000,6198,,
d3_at_q4_9/X/r130,3,q4_9,X,130,google,libra,rl,50000,20653,15000,6184,,
d3_at_q4_5/X/r130,3,q4_5,X,130,ours,pymatching,si1000,50000,22985,15000,6867,30700,0.45
d3_at_q4_5/X/r130,3,q4_5,X,130,ours,pymatching_correlated,si1000,50000,22327,15000,6799,39138,1.33
d3_at_q4_5/X/r130,3,q4_5,X,130,ours,pymatching,rl,50000,22054,15000,6553,33128,0.5
d3_at_q4_5/X/r130,3,q4_5,X,130,ours,pymatching_correlated,rl,50000,21087,15000,6372,41187,1.41
d3_at_q4_5/X/r130,3,q4_5,X,130,google,correlated_matching,si1000,50000,21637,15000,6550,,
d3_at_q4_5/X/r130,3,q4_5,X,130,google,correlated_matching,rl,50000,20744,15000,6323,,
d3_at_q4_5/X/r130,3,q4_5,X,130,google,harmony,si1000,50000,21444,15000,6476,,
d3_at_q4_5/X/r130,3,q4_5,X,130,google,harmony,rl,50000,20379,15000,6162,,
d3_at_q4_5/X/r130,3,q4_5,X,130,google,libra,rl,50000,20191,15000,6146,,
d3_at_q4_5/Z/r130,3,q4_5,Z,130,ours,pymatching,si1000,50000,22022,15000,6556,30696,0.45
d3_at_q4_5/Z/r130,3,q4_5,Z,130,ours,pymatching_correlated,si1000,50000,21103,15000,6342,39423,1.3
d3_at_q4_5/Z/r130,3,q4_5,Z,130,ours,pymatching,rl,50000,21829,15000,6537,32461,0.49
d3_at_q4_5/Z/r130,3,q4_5,Z,130,ours,pymatching_correlated,rl,50000,20141,15000,6045,41079,1.41
d3_at_q4_5/Z/r130,3,q4_5,Z,130,google,correlated_matching,si1000,50000,20912,15000,6269,,
d3_at_q4_5/Z/r130,3,q4_5,Z,130,google,correlated_matching,rl,50000,19750,15000,5925,,
d3_at_q4_5/Z/r130,3,q4_5,Z,130,google,harmony,si1000,50000,19922,15000,5953,,
d3_at_q4_5/Z/r130,3,q4_5,Z,130,google,harmony,rl,50000,19722,15000,5935,,
d3_at_q4_5/Z/r130,3,q4_5,Z,130,google,libra,rl,50000,19391,15000,5843,,
d3_at_q4_9/Z/r130,3,q4_9,Z,130,ours,pymatching,si1000,50000,22713,15000,6848,29400,0.48
d3_at_q4_9/Z/r130,3,q4_9,Z,130,ours,pymatching_correlated,si1000,50000,22079,15000,6689,37504,1.38
d3_at_q4_9/Z/r130,3,q4_9,Z,130,ours,pymatching,rl,50000,22523,15000,6778,32850,0.45
d3_at_q4_9/Z/r130,3,q4_9,Z,130,ours,pymatching_correlated,rl,50000,21383,15000,6434,42558,1.33
d3_at_q4_9/Z/r130,3,q4_9,Z,130,google,correlated_matching,si1000,50000,21945,15000,6662,,
d3_at_q4_9/Z/r130,3,q4_9,Z,130,google,correlated_matching,rl,50000,21239,15000,6397,,
d3_at_q4_9/Z/r130,3,q4_9,Z,130,google,harmony,si1000,50000,21328,15000,6504,,
d3_at_q4_9/Z/r130,3,q4_9,Z,130,google,harmony,rl,50000,20951,15000,6370,,
d3_at_q4_9/Z/r130,3,q4_9,Z,130,google,libra,rl,50000,20751,15000,6278,,
d3_at_q6_11/Z/r130,3,q6_11,Z,130,ours,pymatching,si1000,50000,23302,15000,6932,28756,0.5
d3_at_q6_11/Z/r130,3,q6_11,Z,130,ours,pymatching_correlated,si1000,50000,22875,15000,6865,35337,1.45
d3_at_q6_11/Z/r130,3,q6_11,Z,130,ours,pymatching,rl,50000,23177,15000,6900,29660,0.46
d3_at_q6_11/Z/r130,3,q6_11,Z,130,ours,pymatching_correlated,rl,50000,22227,15000,6658,34490,1.39
d3_at_q6_11/Z/r130,3,q6_11,Z,130,google,correlated_matching,si1000,50000,22010,15000,6591,,
d3_at_q6_11/Z/r130,3,q6_11,Z,130,google,correlated_matching,rl,50000,21371,15000,6363,,
d3_at_q6_11/Z/r130,3,q6_11,Z,130,google,harmony,si1000,50000,21459,15000,6414,,
d3_at_q6_11/Z/r130,3,q6_11,Z,130,google,harmony,rl,50000,21122,15000,6364,,
d3_at_q6_11/Z/r130,3,q6_11,Z,130,google,libra,rl,50000,21026,15000,6320,,
d3_at_q6_11/X/r130,3,q6_11,X,130,ours,pymatching,si1000,50000,23305,15000,6966,29900,0.53
d3_at_q6_11/X/r130,3,q6_11,X,130,ours,pymatching_correlated,si1000,50000,22494,15000,6791,38845,1.53
d3_at_q6_11/X/r130,3,q6_11,X,130,ours,pymatching,rl,50000,23229,15000,6930,29538,0.52
d3_at_q6_11/X/r130,3,q6_11,X,130,ours,pymatching_correlated,rl,50000,22370,15000,6727,32401,1.56
d3_at_q6_11/X/r130,3,q6_11,X,130,google,correlated_matching,si1000,50000,22175,15000,6624,,
d3_at_q6_11/X/r130,3,q6_11,X,130,google,correlated_matching,rl,50000,21953,15000,6567,,
d3_at_q6_11/X/r130,3,q6_11,X,130,google,harmony,si1000,50000,21946,15000,6632,,
d3_at_q6_11/X/r130,3,q6_11,X,130,google,harmony,rl,50000,21462,15000,6497,,
d3_at_q6_11/X/r130,3,q6_11,X,130,google,libra,rl,50000,21299,15000,6443,,
d3_at_q6_3/X/r130,3,q6_3,X,130,ours,pymatching,si1000,50000,22016,15000,6552,31862,0.44
d3_at_q6_3/X/r130,3,q6_3,X,130,ours,pymatching_correlated,si1000,50000,20775,15000,6277,40251,1.2
d3_at_q6_3/X/r130,3,q6_3,X,130,ours,pymatching,rl,50000,22373,15000,6756,29809,0.42
d3_at_q6_3/X/r130,3,q6_3,X,130,ours,pymatching_correlated,rl,50000,20677,15000,6206,35107,1.21
d3_at_q6_3/X/r130,3,q6_3,X,130,google,correlated_matching,si1000,50000,20176,15000,6068,,
d3_at_q6_3/X/r130,3,q6_3,X,130,google,correlated_matching,rl,50000,19608,15000,5937,,
d3_at_q6_3/X/r130,3,q6_3,X,130,google,harmony,si1000,50000,19807,15000,5961,,
d3_at_q6_3/X/r130,3,q6_3,X,130,google,harmony,rl,50000,19078,15000,5704,,
d3_at_q6_3/X/r130,3,q6_3,X,130,google,libra,rl,50000,18816,15000,5598,,
d3_at_q6_3/Z/r130,3,q6_3,Z,130,ours,pymatching,si1000,50000,22201,15000,6571,30108,0.45
d3_at_q6_3/Z/r130,3,q6_3,Z,130,ours,pymatching_correlated,si1000,50000,21126,15000,6238,39021,1.33
d3_at_q6_3/Z/r130,3,q6_3,Z,130,ours,pymatching,rl,50000,22068,15000,6526,31585,0.43
d3_at_q6_3/Z/r130,3,q6_3,Z,130,ours,pymatching_correlated,rl,50000,20224,15000,5940,38329,1.27
d3_at_q6_3/Z/r130,3,q6_3,Z,130,google,correlated_matching,si1000,50000,20541,15000,6098,,
d3_at_q6_3/Z/r130,3,q6_3,Z,130,google,correlated_matching,rl,50000,19411,15000,5690,,
d3_at_q6_3/Z/r130,3,q6_3,Z,130,google,harmony,si1000,50000,19536,15000,5785,,
d3_at_q6_3/Z/r130,3,q6_3,Z,130,google,harmony,rl,50000,18989,15000,5584,,
d3_at_q6_3/Z/r130,3,q6_3,Z,130,google,libra,rl,50000,18647,15000,5498,,
d3_at_q8_5/X/r130,3,q8_5,X,130,ours,pymatching,si1000,50000,23191,15000,6973,30695,0.44
d3_at_q8_5/X/r130,3,q8_5,X,130,ours,pymatching_correlated,si1000,50000,22203,15000,6651,39973,1.29
d3_at_q8_5/X/r130,3,q8_5,X,130,ours,pymatching,rl,50000,23029,15000,6882,30598,0.41
d3_at_q8_5/X/r130,3,q8_5,X,130,ours,pymatching_correlated,rl,50000,21727,15000,6463,35662,1.23
d3_at_q8_5/X/r130,3,q8_5,X,130,google,correlated_matching,si1000,50000,21888,15000,6568,,
d3_at_q8_5/X/r130,3,q8_5,X,130,google,correlated_matching,rl,50000,21317,15000,6373,,
d3_at_q8_5/X/r130,3,q8_5,X,130,google,harmony,si1000,50000,21680,15000,6496,,
d3_at_q8_5/X/r130,3,q8_5,X,130,google,harmony,rl,50000,21138,15000,6250,,
d3_at_q8_5/X/r130,3,q8_5,X,130,google,libra,rl,50000,21047,15000,6291,,
d3_at_q8_5/Z/r130,3,q8_5,Z,130,ours,pymatching,si1000,50000,22115,15000,6617,30209,0.46
d3_at_q8_5/Z/r130,3,q8_5,Z,130,ours,pymatching_correlated,si1000,50000,20639,15000,6157,39007,1.27
d3_at_q8_5/Z/r130,3,q8_5,Z,130,ours,pymatching,rl,50000,21951,15000,6558,31389,0.43
d3_at_q8_5/Z/r130,3,q8_5,Z,130,ours,pymatching_correlated,rl,50000,19881,15000,5899,39615,1.26
d3_at_q8_5/Z/r130,3,q8_5,Z,130,google,correlated_matching,si1000,50000,20322,15000,6030,,
d3_at_q8_5/Z/r130,3,q8_5,Z,130,google,correlated_matching,rl,50000,19850,15000,5926,,
d3_at_q8_5/Z/r130,3,q8_5,Z,130,google,harmony,si1000,50000,19326,15000,5739,,
d3_at_q8_5/Z/r130,3,q8_5,Z,130,google,harmony,rl,50000,19376,15000,5766,,
d3_at_q8_5/Z/r130,3,q8_5,Z,130,google,libra,rl,50000,19066,15000,5714,,
d3_at_q10_7/X/r110,3,q10_7,X,110,ours,pymatching,si1000,50000,21376,15000,6412,33163,0.38
d3_at_q10_7/X/r110,3,q10_7,X,110,ours,pymatching_correlated,si1000,50000,19637,15000,5848,41932,1.09
d3_at_q10_7/X/r110,3,q10_7,X,110,ours,pymatching,rl,50000,20369,15000,6152,34716,0.38
d3_at_q10_7/X/r110,3,q10_7,X,110,ours,pymatching_correlated,rl,50000,18459,15000,5545,41530,1.1
d3_at_q10_7/X/r110,3,q10_7,X,110,google,correlated_matching,si1000,50000,19091,15000,5697,,
d3_at_q10_7/X/r110,3,q10_7,X,110,google,correlated_matching,rl,50000,18173,15000,5431,,
d3_at_q10_7/X/r110,3,q10_7,X,110,google,harmony,si1000,50000,18656,15000,5511,,
d3_at_q10_7/X/r110,3,q10_7,X,110,google,harmony,rl,50000,17939,15000,5368,,
d3_at_q10_7/X/r110,3,q10_7,X,110,google,libra,rl,50000,17721,15000,5306,,
d3_at_q6_7/Z/r130,3,q6_7,Z,130,ours,pymatching,si1000,50000,23768,15000,7189,27862,0.61
d3_at_q6_7/Z/r130,3,q6_7,Z,130,ours,pymatching_correlated,si1000,50000,23602,15000,7082,34330,1.78
d3_at_q6_7/Z/r130,3,q6_7,Z,130,ours,pymatching,rl,50000,23728,15000,7098,28094,0.54
d3_at_q6_7/Z/r130,3,q6_7,Z,130,ours,pymatching_correlated,rl,50000,22913,15000,6856,34885,1.65
d3_at_q6_7/Z/r130,3,q6_7,Z,130,google,correlated_matching,si1000,50000,23230,15000,6943,,
d3_at_q6_7/Z/r130,3,q6_7,Z,130,google,correlated_matching,rl,50000,22812,15000,6854,,
d3_at_q6_7/Z/r130,3,q6_7,Z,130,google,harmony,si1000,50000,22900,15000,6944,,
d3_at_q6_7/Z/r130,3,q6_7,Z,130,google,harmony,rl,50000,22365,15000,6764,,
d3_at_q6_7/Z/r130,3,q6_7,Z,130,google,libra,rl,50000,22172,15000,6690,,
d3_at_q6_7/X/r130,3,q6_7,X,130,ours,pymatching,si1000,50000,24810,15000,7380,26922,0.61
d3_at_q6_7/X/r130,3,q6_7,X,130,ours,pymatching_correlated,si1000,50000,24420,15000,7378,35152,1.8
d3_at_q6_7/X/r130,3,q6_7,X,130,ours,pymatching,rl,50000,24474,15000,7310,28132,0.58
d3_at_q6_7/X/r130,3,q6_7,X,130,ours,pymatching_correlated,rl,50000,23920,15000,7211,36146,1.73
d3_at_q6_7/X/r130,3,q6_7,X,130,google,correlated_matching,si1000,50000,24348,15000,7368,,
d3_at_q6_7/X/r130,3,q6_7,X,130,google,correlated_matching,rl,50000,23702,15000,7174,,
d3_at_q6_7/X/r130,3,q6_7,X,130,google,harmony,si1000,50000,24247,15000,7218,,
d3_at_q6_7/X/r130,3,q6_7,X,130,google,harmony,rl,50000,23607,15000,7160,,
d3_at_q6_7/X/r130,3,q6_7,X,130,google,libra,rl,50000,23540,15000,7073,,
d3_at_q10_7/Z/r110,3,q10_7,Z,110,ours,pymatching,si1000,50000,21572,15000,6416,31246,0.39
d3_at_q10_7/Z/r110,3,q10_7,Z,110,ours,pymatching_correlated,si1000,50000,20556,15000,6216,39460,1.14
d3_at_q10_7/Z/r110,3,q10_7,Z,110,ours,pymatching,rl,50000,21269,15000,6287,32271,0.42
d3_at_q10_7/Z/r110,3,q10_7,Z,110,ours,pymatching_correlated,rl,50000,19492,15000,5815,37948,1.17
d3_at_q10_7/Z/r110,3,q10_7,Z,110,google,correlated_matching,si1000,50000,19692,15000,5933,,
d3_at_q10_7/Z/r110,3,q10_7,Z,110,google,correlated_matching,rl,50000,18826,15000,5614,,
d3_at_q10_7/Z/r110,3,q10_7,Z,110,google,harmony,si1000,50000,18910,15000,5696,,
d3_at_q10_7/Z/r110,3,q10_7,Z,110,google,harmony,rl,50000,18594,15000,5538,,
d3_at_q10_7/Z/r110,3,q10_7,Z,110,google,libra,rl,50000,18406,15000,5458,,
d3_at_q8_9/X/r130,3,q8_9,X,130,ours,pymatching,si1000,50000,24392,15000,7299,27389,0.6
d3_at_q8_9/X/r130,3,q8_9,X,130,ours,pymatching_correlated,si1000,50000,24086,15000,7274,35405,1.73
d3_at_q8_9/X/r130,3,q8_9,X,130,ours,pymatching,rl,50000,24216,15000,7231,27733,0.56
d3_at_q8_9/X/r130,3,q8_9,X,130,ours,pymatching_correlated,rl,50000,23768,15000,7112,33181,1.67
d3_at_q8_9/X/r130,3,q8_9,X,130,google,correlated_matching,si1000,50000,23885,15000,7165,,
d3_at_q8_9/X/r130,3,q8_9,X,130,google,correlated_matching,rl,50000,23527,15000,6975,,
d3_at_q8_9/X/r130,3,q8_9,X,130,google,harmony,si1000,50000,23600,15000,7056,,
d3_at_q8_9/X/r130,3,q8_9,X,130,google,harmony,rl,50000,23254,15000,6947,,
d3_at_q8_9/X/r130,3,q8_9,X,130,google,libra,rl,50000,23315,15000,6846,,
d3_at_q8_9/Z/r130,3,q8_9,Z,130,ours,pymatching,si1000,50000,24292,15000,7267,27205,0.59
d3_at_q8_9/Z/r130,3,q8_9,Z,130,ours,pymatching_correlated,si1000,50000,23570,15000,7052,34959,1.73
d3_at_q8_9/Z/r130,3,q8_9,Z,130,ours,pymatching,rl,50000,24246,15000,7222,29091,0.59
d3_at_q8_9/Z/r130,3,q8_9,Z,130,ours,pymatching_correlated,rl,50000,23291,15000,6876,36810,1.73
d3_at_q8_9/Z/r130,3,q8_9,Z,130,google,correlated_matching,si1000,50000,23457,15000,7070,,
d3_at_q8_9/Z/r130,3,q8_9,Z,130,google,correlated_matching,rl,50000,22909,15000,6812,,
d3_at_q8_9/Z/r130,3,q8_9,Z,130,google,harmony,si1000,50000,23030,15000,6870,,
d3_at_q8_9/Z/r130,3,q8_9,Z,130,google,harmony,rl,50000,22874,15000,6700,,
d3_at_q8_9/Z/r130,3,q8_9,Z,130,google,libra,rl,50000,22829,15000,6774,,
d3_at_q2_7/X/r110,3,q2_7,X,110,ours,pymatching,si1000,50000,21126,15000,6272,32777,0.36
d3_at_q2_7/X/r110,3,q2_7,X,110,ours,pymatching_correlated,si1000,50000,19900,15000,5935,42005,1.01
d3_at_q2_7/X/r110,3,q2_7,X,110,ours,pymatching,rl,50000,20740,15000,6187,33538,0.34
d3_at_q2_7/X/r110,3,q2_7,X,110,ours,pymatching_correlated,rl,50000,19229,15000,5774,39929,0.99
d3_at_q2_7/X/r110,3,q2_7,X,110,google,correlated_matching,si1000,50000,19621,15000,5885,,
d3_at_q2_7/X/r110,3,q2_7,X,110,google,correlated_matching,rl,50000,18744,15000,5550,,
d3_at_q2_7/X/r110,3,q2_7,X,110,google,harmony,si1000,50000,19168,15000,5775,,
d3_at_q2_7/X/r110,3,q2_7,X,110,google,harmony,rl,50000,18609,15000,5576,,
d3_at_q2_7/X/r110,3,q2_7,X,110,google,libra,rl,50000,18567,15000,5547,,
d3_at_q2_7/Z/r110,3,q2_7,Z,110,ours,pymatching,si1000,50000,20548,15000,6144,32829,0.35
d3_at_q2_7/Z/r110,3,q2_7,Z,110,ours,pymatching_correlated,si1000,50000,19413,15000,5758,40750,1.0
d3_at_q2_7/Z/r110,3,q2_7,Z,110,ours,pymatching,rl,50000,20072,15000,5972,34603,0.33
d3_at_q2_7/Z/r110,3,q2_7,Z,110,ours,pymatching_correlated,rl,50000,18224,15000,5490,41293,0.96
d3_at_q2_7/Z/r110,3,q2_7,Z,110,google,correlated_matching,si1000,50000,18777,15000,5602,,
d3_at_q2_7/Z/r110,3,q2_7,Z,110,google,correlated_matching,rl,50000,17751,15000,5301,,
d3_at_q2_7/Z/r110,3,q2_7,Z,110,google,harmony,si1000,50000,17943,15000,5339,,
d3_at_q2_7/Z/r110,3,q2_7,Z,110,google,harmony,rl,50000,17300,15000,5169,,
d3_at_q2_7/Z/r110,3,q2_7,Z,110,google,libra,rl,50000,17211,15000,5230,,
d3_at_q4_5/X/r110,3,q4_5,X,110,ours,pymatching,si1000,50000,22126,15000,6657,32128,0.37
d3_at_q4_5/X/r110,3,q4_5,X,110,ours,pymatching_correlated,si1000,50000,21217,15000,6357,40353,1.09
d3_at_q4_5/X/r110,3,q4_5,X,110,ours,pymatching,rl,50000,20920,15000,6252,34552,0.42
d3_at_q4_5/X/r110,3,q4_5,X,110,ours,pymatching_correlated,rl,50000,19555,15000,5890,42211,1.19
d3_at_q4_5/X/r110,3,q4_5,X,110,google,correlated_matching,si1000,50000,20200,15000,6059,,
d3_at_q4_5/X/r110,3,q4_5,X,110,google,correlated_matching,rl,50000,19288,15000,5758,,
d3_at_q4_5/X/r110,3,q4_5,X,110,google,harmony,si1000,50000,20130,15000,6103,,
d3_at_q4_5/X/r110,3,q4_5,X,110,google,harmony,rl,50000,19045,15000,5789,,
d3_at_q4_5/X/r110,3,q4_5,X,110,google,libra,rl,50000,18858,15000,5703,,
d3_at_q4_9/Z/r110,3,q4_9,Z,110,ours,pymatching,si1000,50000,21324,15000,6395,31835,0.37
d3_at_q4_9/Z/r110,3,q4_9,Z,110,ours,pymatching_correlated,si1000,50000,20297,15000,6037,40038,1.07
d3_at_q4_9/Z/r110,3,q4_9,Z,110,ours,pymatching,rl,50000,21025,15000,6330,35177,0.34
d3_at_q4_9/Z/r110,3,q4_9,Z,110,ours,pymatching_correlated,rl,50000,19438,15000,5774,44190,1.02
d3_at_q4_9/Z/r110,3,q4_9,Z,110,google,correlated_matching,si1000,50000,20225,15000,6027,,
d3_at_q4_9/Z/r110,3,q4_9,Z,110,google,correlated_matching,rl,50000,19328,15000,5809,,
d3_at_q4_9/Z/r110,3,q4_9,Z,110,google,harmony,si1000,50000,19338,15000,5771,,
d3_at_q4_9/Z/r110,3,q4_9,Z,110,google,harmony,rl,50000,18871,15000,5688,,
d3_at_q4_9/Z/r110,3,q4_9,Z,110,google,libra,rl,50000,18715,15000,5669,,
d3_at_q4_5/Z/r110,3,q4_5,Z,110,ours,pymatching,si1000,50000,20570,15000,6141,32309,0.39
d3_at_q4_5/Z/r110,3,q4_5,Z,110,ours,pymatching_correlated,si1000,50000,19643,15000,5932,40976,1.08
d3_at_q4_5/Z/r110,3,q4_5,Z,110,ours,pymatching,rl,50000,20384,15000,6118,34352,0.41
d3_at_q4_5/Z/r110,3,q4_5,Z,110,ours,pymatching_correlated,rl,50000,18523,15000,5563,42365,1.18
d3_at_q4_5/Z/r110,3,q4_5,Z,110,google,correlated_matching,si1000,50000,19255,15000,5823,,
d3_at_q4_5/Z/r110,3,q4_5,Z,110,google,correlated_matching,rl,50000,18196,15000,5391,,
d3_at_q4_5/Z/r110,3,q4_5,Z,110,google,harmony,si1000,50000,18314,15000,5571,,
d3_at_q4_5/Z/r110,3,q4_5,Z,110,google,harmony,rl,50000,18118,15000,5377,,
d3_at_q4_5/Z/r110,3,q4_5,Z,110,google,libra,rl,50000,17787,15000,5273,,
d3_at_q4_9/X/r110,3,q4_9,X,110,ours,pymatching,si1000,50000,22694,15000,6838,31565,0.41
d3_at_q4_9/X/r110,3,q4_9,X,110,ours,pymatching_correlated,si1000,50000,21474,15000,6455,40201,1.16
d3_at_q4_9/X/r110,3,q4_9,X,110,ours,pymatching,rl,50000,22733,15000,6765,31292,0.37
d3_at_q4_9/X/r110,3,q4_9,X,110,ours,pymatching_correlated,rl,50000,21295,15000,6380,37002,1.09
d3_at_q4_9/X/r110,3,q4_9,X,110,google,correlated_matching,si1000,50000,21271,15000,6378,,
d3_at_q4_9/X/r110,3,q4_9,X,110,google,correlated_matching,rl,50000,20949,15000,6280,,
d3_at_q4_9/X/r110,3,q4_9,X,110,google,harmony,si1000,50000,20766,15000,6241,,
d3_at_q4_9/X/r110,3,q4_9,X,110,google,harmony,rl,50000,20527,15000,6160,,
d3_at_q4_9/X/r110,3,q4_9,X,110,google,libra,rl,50000,20441,15000,6123,,
d3_at_q6_11/X/r110,3,q6_11,X,110,ours,pymatching,si1000,50000,22079,15000,6624,31754,0.42
d3_at_q6_11/X/r110,3,q6_11,X,110,ours,pymatching_correlated,si1000,50000,21001,15000,6271,40896,1.19
d3_at_q6_11/X/r110,3,q6_11,X,110,ours,pymatching,rl,50000,22089,15000,6604,31491,0.42
d3_at_q6_11/X/r110,3,q6_11,X,110,ours,pymatching_correlated,rl,50000,20753,15000,6189,34751,1.19
d3_at_q6_11/X/r110,3,q6_11,X,110,google,correlated_matching,si1000,50000,20599,15000,6210,,
d3_at_q6_11/X/r110,3,q6_11,X,110,google,correlated_matching,rl,50000,19990,15000,6019,,
d3_at_q6_11/X/r110,3,q6_11,X,110,google,harmony,si1000,50000,20187,15000,5995,,
d3_at_q6_11/X/r110,3,q6_11,X,110,google,harmony,rl,50000,19791,15000,5887,,
d3_at_q6_11/X/r110,3,q6_11,X,110,google,libra,rl,50000,19563,15000,5871,,
d3_at_q6_3/X/r110,3,q6_3,X,110,ours,pymatching,si1000,50000,21589,15000,6409,31999,0.39
d3_at_q6_3/X/r110,3,q6_3,X,110,ours,pymatching_correlated,si1000,50000,20192,15000,6030,41170,1.08
d3_at_q6_3/X/r110,3,q6_3,X,110,ours,pymatching,rl,50000,22278,15000,6731,29764,0.39
d3_at_q6_3/X/r110,3,q6_3,X,110,ours,pymatching_correlated,rl,50000,20313,15000,6104,35823,1.1
d3_at_q6_3/X/r110,3,q6_3,X,110,google,correlated_matching,si1000,50000,19588,15000,5822,,
d3_at_q6_3/X/r110,3,q6_3,X,110,google,correlated_matching,rl,50000,18938,15000,5676,,
d3_at_q6_3/X/r110,3,q6_3,X,110,google,harmony,si1000,50000,19063,15000,5627,,
d3_at_q6_3/X/r110,3,q6_3,X,110,google,harmony,rl,50000,18247,15000,5427,,
d3_at_q6_3/X/r110,3,q6_3,X,110,google,libra,rl,50000,17930,15000,5314,,
d3_at_q6_11/Z/r110,3,q6_11,Z,110,ours,pymatching,si1000,50000,22912,15000,6839,29704,0.44
d3_at_q6_11/Z/r110,3,q6_11,Z,110,ours,pymatching_correlated,si1000,50000,22149,15000,6666,36201,1.27
d3_at_q6_11/Z/r110,3,q6_11,Z,110,ours,pymatching,rl,50000,22582,15000,6738,30511,0.42
d3_at_q6_11/Z/r110,3,q6_11,Z,110,ours,pymatching_correlated,rl,50000,21547,15000,6473,35292,1.22
d3_at_q6_11/Z/r110,3,q6_11,Z,110,google,correlated_matching,si1000,50000,21370,15000,6414,,
d3_at_q6_11/Z/r110,3,q6_11,Z,110,google,correlated_matching,rl,50000,20749,15000,6197,,
d3_at_q6_11/Z/r110,3,q6_11,Z,110,google,harmony,si1000,50000,20744,15000,6279,,
d3_at_q6_11/Z/r110,3,q6_11,Z,110,google,harmony,rl,50000,20467,15000,6102,,
d3_at_q6_11/Z/r110,3,q6_11,Z,110,google,libra,rl,50000,20407,15000,6124,,
d3_at_q6_3/Z/r110,3,q6_3,Z,110,ours,pymatching,si1000,50000,21186,15000,6371,31690,0.39
d3_at_q6_3/Z/r110,3,q6_3,Z,110,ours,pymatching_correlated,si1000,50000,19656,15000,5825,40142,1.08
d3_at_q6_3/Z/r110,3,q6_3,Z,110,ours,pymatching,rl,50000,21046,15000,6317,33170,0.36
d3_at_q6_3/Z/r110,3,q6_3,Z,110,ours,pymatching_correlated,rl,50000,18959,15000,5623,39477,1.04
d3_at_q6_3/Z/r110,3,q6_3,Z,110,google,correlated_matching,si1000,50000,19302,15000,5696,,
d3_at_q6_3/Z/r110,3,q6_3,Z,110,google,correlated_matching,rl,50000,17996,15000,5359,,
d3_at_q6_3/Z/r110,3,q6_3,Z,110,google,harmony,si1000,50000,18105,15000,5402,,
d3_at_q6_3/Z/r110,3,q6_3,Z,110,google,harmony,rl,50000,17587,15000,5182,,
d3_at_q6_3/Z/r110,3,q6_3,Z,110,google,libra,rl,50000,17405,15000,5121,,
d3_at_q8_5/X/r110,3,q8_5,X,110,ours,pymatching,si1000,50000,22539,15000,6771,32016,0.37
d3_at_q8_5/X/r110,3,q8_5,X,110,ours,pymatching_correlated,si1000,50000,21285,15000,6309,41166,1.09
d3_at_q8_5/X/r110,3,q8_5,X,110,ours,pymatching,rl,50000,22188,15000,6707,31817,0.36
d3_at_q8_5/X/r110,3,q8_5,X,110,ours,pymatching_correlated,rl,50000,20616,15000,6179,37059,1.03
d3_at_q8_5/X/r110,3,q8_5,X,110,google,correlated_matching,si1000,50000,21029,15000,6336,,
d3_at_q8_5/X/r110,3,q8_5,X,110,google,correlated_matching,rl,50000,20047,15000,6032,,
d3_at_q8_5/X/r110,3,q8_5,X,110,google,harmony,si1000,50000,20755,15000,6208,,
d3_at_q8_5/X/r110,3,q8_5,X,110,google,harmony,rl,50000,20004,15000,6050,,
d3_at_q8_5/X/r110,3,q8_5,X,110,google,libra,rl,50000,19869,15000,6022,,
d3_at_q8_5/Z/r110,3,q8_5,Z,110,ours,pymatching,si1000,50000,20692,15000,6229,32160,0.36
d3_at_q8_5/Z/r110,3,q8_5,Z,110,ours,pymatching_correlated,si1000,50000,19209,15000,5682,40233,1.04
d3_at_q8_5/Z/r110,3,q8_5,Z,110,ours,pymatching,rl,50000,20497,15000,6139,33511,0.35
d3_at_q8_5/Z/r110,3,q8_5,Z,110,ours,pymatching_correlated,rl,50000,18293,15000,5458,40873,1.02
d3_at_q8_5/Z/r110,3,q8_5,Z,110,google,correlated_matching,si1000,50000,18588,15000,5553,,
d3_at_q8_5/Z/r110,3,q8_5,Z,110,google,correlated_matching,rl,50000,18158,15000,5403,,
d3_at_q8_5/Z/r110,3,q8_5,Z,110,google,harmony,si1000,50000,17626,15000,5258,,
d3_at_q8_5/Z/r110,3,q8_5,Z,110,google,harmony,rl,50000,17781,15000,5336,,
d3_at_q8_5/Z/r110,3,q8_5,Z,110,google,libra,rl,50000,17403,15000,5234,,
d3_at_q6_7/X/r110,3,q6_7,X,110,ours,pymatching,si1000,50000,24425,15000,7253,28256,0.5
d3_at_q6_7/X/r110,3,q6_7,X,110,ours,pymatching_correlated,si1000,50000,24016,15000,7134,36695,1.51
d3_at_q6_7/X/r110,3,q6_7,X,110,ours,pymatching,rl,50000,24098,15000,7155,29439,0.47
d3_at_q6_7/X/r110,3,q6_7,X,110,ours,pymatching_correlated,rl,50000,23477,15000,7094,37650,1.44
d3_at_q6_7/X/r110,3,q6_7,X,110,google,correlated_matching,si1000,50000,23745,15000,7082,,
d3_at_q6_7/X/r110,3,q6_7,X,110,google,correlated_matching,rl,50000,23283,15000,7002,,
d3_at_q6_7/X/r110,3,q6_7,X,110,google,harmony,si1000,50000,23682,15000,7095,,
d3_at_q6_7/X/r110,3,q6_7,X,110,google,harmony,rl,50000,23096,15000,6892,,
d3_at_q6_7/X/r110,3,q6_7,X,110,google,libra,rl,50000,22955,15000,6916,,
d3_at_q6_7/Z/r110,3,q6_7,Z,110,ours,pymatching,si1000,50000,23272,15000,6951,29086,0.51
d3_at_q6_7/Z/r110,3,q6_7,Z,110,ours,pymatching_correlated,si1000,50000,22868,15000,6873,36102,1.48
d3_at_q6_7/Z/r110,3,q6_7,Z,110,ours,pymatching,rl,50000,23312,15000,6990,29091,0.44
d3_at_q6_7/Z/r110,3,q6_7,Z,110,ours,pymatching_correlated,rl,50000,22166,15000,6658,36645,1.32
d3_at_q6_7/Z/r110,3,q6_7,Z,110,google,correlated_matching,si1000,50000,22666,15000,6761,,
d3_at_q6_7/Z/r110,3,q6_7,Z,110,google,correlated_matching,rl,50000,21821,15000,6603,,
d3_at_q6_7/Z/r110,3,q6_7,Z,110,google,harmony,si1000,50000,22035,15000,6602,,
d3_at_q6_7/Z/r110,3,q6_7,Z,110,google,harmony,rl,50000,21509,15000,6415,,
d3_at_q6_7/Z/r110,3,q6_7,Z,110,google,libra,rl,50000,21185,15000,6419,,
d3_at_q10_7/X/r90,3,q10_7,X,90,ours,pymatching,si1000,50000,19270,15000,5832,35360,0.31
d3_at_q10_7/X/r90,3,q10_7,X,90,ours,pymatching_correlated,si1000,50000,17738,15000,5292,43244,0.92
d3_at_q10_7/X/r90,3,q10_7,X,90,ours,pymatching,rl,50000,18499,15000,5586,36829,0.32
d3_at_q10_7/X/r90,3,q10_7,X,90,ours,pymatching_correlated,rl,50000,16553,15000,4955,42839,0.9
d3_at_q10_7/X/r90,3,q10_7,X,90,google,correlated_matching,si1000,50000,17000,15000,5082,,
d3_at_q10_7/X/r90,3,q10_7,X,90,google,correlated_matching,rl,50000,16276,15000,4867,,
d3_at_q10_7/X/r90,3,q10_7,X,90,google,harmony,si1000,50000,16775,15000,5018,,
d3_at_q10_7/X/r90,3,q10_7,X,90,google,harmony,rl,50000,15876,15000,4721,,
d3_at_q10_7/X/r90,3,q10_7,X,90,google,libra,rl,50000,15664,15000,4683,,
d3_at_q10_7/Z/r90,3,q10_7,Z,90,ours,pymatching,si1000,50000,20132,15000,6048,32996,0.32
d3_at_q10_7/Z/r90,3,q10_7,Z,90,ours,pymatching_correlated,si1000,50000,19037,15000,5672,40851,0.91
d3_at_q10_7/Z/r90,3,q10_7,Z,90,ours,pymatching,rl,50000,19705,15000,5914,34081,0.33
d3_at_q10_7/Z/r90,3,q10_7,Z,90,ours,pymatching_correlated,rl,50000,17855,15000,5366,39467,0.93
d3_at_q10_7/Z/r90,3,q10_7,Z,90,google,correlated_matching,si1000,50000,18352,15000,5440,,
d3_at_q10_7/Z/r90,3,q10_7,Z,90,google,correlated_matching,rl,50000,17066,15000,5129,,
d3_at_q10_7/Z/r90,3,q10_7,Z,90,google,harmony,si1000,50000,17311,15000,5090,,
d3_at_q10_7/Z/r90,3,q10_7,Z,90,google,harmony,rl,50000,16960,15000,5090,,
d3_at_q10_7/Z/r90,3,q10_7,Z,90,google,libra,rl,50000,16762,15000,5010,,
d3_at_q8_9/X/r110,3,q8_9,X,110,ours,pymatching,si1000,50000,24032,15000,7235,28278,0.49
d3_at_q8_9/X/r110,3,q8_9,X,110,ours,pymatching_correlated,si1000,50000,23674,15000,7068,37044,1.43
d3_at_q8_9/X/r110,3,q8_9,X,110,ours,pymatching,rl,50000,23831,15000,7161,28753,0.46
d3_at_q8_9/X/r110,3,q8_9,X,110,ours,pymatching_correlated,rl,50000,23028,15000,6902,34880,1.42
d3_at_q8_9/X/r110,3,q8_9,X,110,google,correlated_matching,si1000,50000,23196,15000,7026,,
d3_at_q8_9/X/r110,3,q8_9,X,110,google,correlated_matching,rl,50000,22708,15000,6825,,
d3_at_q8_9/X/r110,3,q8_9,X,110,google,harmony,si1000,50000,23065,15000,6971,,
d3_at_q8_9/X/r110,3,q8_9,X,110,google,harmony,rl,50000,22512,15000,6798,,
d3_at_q8_9/X/r110,3,q8_9,X,110,google,libra,rl,50000,22323,15000,6666,,
d3_at_q2_7/Z/r90,3,q2_7,Z,90,ours,pymatching,si1000,50000,20014,15000,5968,33539,0.32
d3_at_q2_7/Z/r90,3,q2_7,Z,90,ours,pymatching_correlated,si1000,50000,18858,15000,5653,40705,0.89
d3_at_q2_7/Z/r90,3,q2_7,Z,90,ours,pymatching,rl,50000,19464,15000,5769,35232,0.27
d3_at_q2_7/Z/r90,3,q2_7,Z,90,ours,pymatching_correlated,rl,50000,17419,15000,5195,42031,0.81
d3_at_q2_7/Z/r90,3,q2_7,Z,90,google,correlated_matching,si1000,50000,18399,15000,5476,,
d3_at_q2_7/Z/r90,3,q2_7,Z,90,google,correlated_matching,rl,50000,17276,15000,5165,,
d3_at_q2_7/Z/r90,3,q2_7,Z,90,google,harmony,si1000,50000,17595,15000,5259,,
d3_at_q2_7/Z/r90,3,q2_7,Z,90,google,harmony,rl,50000,16900,15000,5105,,
d3_at_q2_7/Z/r90,3,q2_7,Z,90,google,libra,rl,50000,16818,15000,5015,,
d3_at_q8_9/Z/r110,3,q8_9,Z,110,ours,pymatching,si1000,50000,23844,15000,7146,27928,0.49
d3_at_q8_9/Z/r110,3,q8_9,Z,110,ours,pymatching_correlated,si1000,50000,23103,15000,6990,36199,1.47
d3_at_q8_9/Z/r110,3,q8_9,Z,110,ours,pymatching,rl,50000,23753,15000,7095,30074,0.53
d3_at_q8_9/Z/r110,3,q8_9,Z,110,ours,pymatching_correlated,rl,50000,22467,15000,6694,38124,1.45
d3_at_q8_9/Z/r110,3,q8_9,Z,110,google,correlated_matching,si1000,50000,22808,15000,6880,,
d3_at_q8_9/Z/r110,3,q8_9,Z,110,google,correlated_matching,rl,50000,22209,15000,6625,,
d3_at_q8_9/Z/r110,3,q8_9,Z,110,google,harmony,si1000,50000,22489,15000,6669,,
d3_at_q8_9/Z/r110,3,q8_9,Z,110,google,harmony,rl,50000,21950,15000,6534,,
d3_at_q8_9/Z/r110,3,q8_9,Z,110,google,libra,rl,50000,21770,15000,6530,,
d3_at_q2_7/X/r90,3,q2_7,X,90,ours,pymatching,si1000,50000,22248,15000,6569,31676,0.34
d3_at_q2_7/X/r90,3,q2_7,X,90,ours,pymatching_correlated,si1000,50000,19960,15000,5883,41240,1.01
d3_at_q2_7/X/r90,3,q2_7,X,90,ours,pymatching,rl,50000,21525,15000,6460,32753,0.32
d3_at_q2_7/X/r90,3,q2_7,X,90,ours,pymatching_correlated,rl,50000,19418,15000,5840,40270,0.91
d3_at_q2_7/X/r90,3,q2_7,X,90,google,correlated_matching,si1000,50000,19914,15000,5892,,
d3_at_q2_7/X/r90,3,q2_7,X,90,google,correlated_matching,rl,50000,19102,15000,5826,,
d3_at_q2_7/X/r90,3,q2_7,X,90,google,harmony,si1000,50000,19229,15000,5719,,
d3_at_q2_7/X/r90,3,q2_7,X,90,google,harmony,rl,50000,18869,15000,5651,,
d3_at_q2_7/X/r90,3,q2_7,X,90,google,libra,rl,50000,18622,15000,5609,,
d3_at_q4_5/Z/r90,3,q4_5,Z,90,ours,pymatching,si1000,50000,20686,15000,6184,32610,0.32
d3_at_q4_5/Z/r90,3,q4_5,Z,90,ours,pymatching_correlated,si1000,50000,19365,15000,5862,41195,0.93
d3_at_q4_5/Z/r90,3,q4_5,Z,90,ours,pymatching,rl,50000,20267,15000,6137,34632,0.35
d3_at_q4_5/Z/r90,3,q4_5,Z,90,ours,pymatching_correlated,rl,50000,18202,15000,5530,42303,1.01
d3_at_q4_5/Z/r90,3,q4_5,Z,90,google,correlated_matching,si1000,50000,19486,15000,5923,,
d3_at_q4_5/Z/r90,3,q4_5,Z,90,google,correlated_matching,rl,50000,18311,15000,5587,,
d3_at_q4_5/Z/r90,3,q4_5,Z,90,google,harmony,si1000,50000,18446,15000,5602,,
d3_at_q4_5/Z/r90,3,q4_5,Z,90,google,harmony,rl,50000,18165,15000,5463,,
d3_at_q4_5/Z/r90,3,q4_5,Z,90,google,libra,rl,50000,17856,15000,5403,,
d3_at_q4_5/X/r90,3,q4_5,X,90,ours,pymatching,si1000,50000,21746,15000,6570,32720,0.35
d3_at_q4_5/X/r90,3,q4_5,X,90,ours,pymatching_correlated,si1000,50000,20930,15000,6284,40380,1.04
d3_at_q4_5/X/r90,3,q4_5,X,90,ours,pymatching,rl,50000,21121,15000,6339,35019,0.39
d3_at_q4_5/X/r90,3,q4_5,X,90,ours,pymatching_correlated,rl,50000,19913,15000,5948,42235,1.1
d3_at_q4_5/X/r90,3,q4_5,X,90,google,correlated_matching,si1000,50000,20160,15000,6036,,
d3_at_q4_5/X/r90,3,q4_5,X,90,google,correlated_matching,rl,50000,19368,15000,5748,,
d3_at_q4_5/X/r90,3,q4_5,X,90,google,harmony,si1000,50000,19759,15000,5922,,
d3_at_q4_5/X/r90,3,q4_5,X,90,google,harmony,rl,50000,19073,15000,5779,,
d3_at_q4_5/X/r90,3,q4_5,X,90,google,libra,rl,50000,19020,15000,5756,,
d3_at_q4_9/X/r90,3,q4_9,X,90,ours,pymatching,si1000,50000,22510,15000,6814,32082,0.37
d3_at_q4_9/X/r90,3,q4_9,X,90,ours,pymatching_correlated,si1000,50000,21485,15000,6426,40215,1.05
d3_at_q4_9/X/r90,3,q4_9,X,90,ours,pymatching,rl,50000,22761,15000,6838,32077,0.32
d3_at_q4_9/X/r90,3,q4_9,X,90,ours,pymatching_correlated,rl,50000,21356,15000,6412,38078,0.96
d3_at_q4_9/X/r90,3,q4_9,X,90,google,correlated_matching,si1000,50000,21268,15000,6303,,
d3_at_q4_9/X/r90,3,q4_9,X,90,google,correlated_matching,rl,50000,20988,15000,6303,,
d3_at_q4_9/X/r90,3,q4_9,X,90,google,harmony,si1000,50000,20864,15000,6178,,
d3_at_q4_9/X/r90,3,q4_9,X,90,google,harmony,rl,50000,20566,15000,6146,,
d3_at_q4_9/X/r90,3,q4_9,X,90,google,libra,rl,50000,20466,15000,6108,,
d3_at_q4_9/Z/r90,3,q4_9,Z,90,ours,pymatching,si1000,50000,22394,15000,6700,30553,0.36
d3_at_q4_9/Z/r90,3,q4_9,Z,90,ours,pymatching_correlated,si1000,50000,21278,15000,6345,38575,1.05
d3_at_q4_9/Z/r90,3,q4_9,Z,90,ours,pymatching,rl,50000,22296,15000,6678,33680,0.35
d3_at_q4_9/Z/r90,3,q4_9,Z,90,ours,pymatching_correlated,rl,50000,20659,15000,6167,43809,0.99
d3_at_q4_9/Z/r90,3,q4_9,Z,90,google,correlated_matching,si1000,50000,21459,15000,6399,,
d3_at_q4_9/Z/r90,3,q4_9,Z,90,google,correlated_matching,rl,50000,20672,15000,6197,,
d3_at_q4_9/Z/r90,3,q4_9,Z,90,google,harmony,si1000,50000,20494,15000,6160,,
d3_at_q4_9/Z/r90,3,q4_9,Z,90,google,harmony,rl,50000,20337,15000,6090,,
d3_at_q4_9/Z/r90,3,q4_9,Z,90,google,libra,rl,50000,20210,15000,6029,,
d3_at_q6_3/X/r90,3,q6_3,X,90,ours,pymatching,si1000,50000,20033,15000,6037,34069,0.31
d3_at_q6_3/X/r90,3,q6_3,X,90,ours,pymatching_correlated,si1000,50000,18356,15000,5531,42862,0.86
d3_at_q6_3/X/r90,3,q6_3,X,90,ours,pymatching,rl,50000,21072,15000,6243,31548,0.32
d3_at_q6_3/X/r90,3,q6_3,X,90,ours,pymatching_correlated,rl,50000,18718,15000,5565,37630,0.88
d3_at_q6_3/X/r90,3,q6_3,X,90,google,correlated_matching,si1000,50000,17726,15000,5331,,
d3_at_q6_3/X/r90,3,q6_3,X,90,google,correlated_matching,rl,50000,17134,15000,5119,,
d3_at_q6_3/X/r90,3,q6_3,X,90,google,harmony,si1000,50000,17072,15000,5050,,
d3_at_q6_3/X/r90,3,q6_3,X,90,google,harmony,rl,50000,16346,15000,4886,,
d3_at_q6_3/X/r90,3,q6_3,X,90,google,libra,rl,50000,16162,15000,4800,,
d3_at_q6_3/Z/r90,3,q6_3,Z,90,ours,pymatching,si1000,50000,19843,15000,5865,33374,0.31
d3_at_q6_3/Z/r90,3,q6_3,Z,90,ours,pymatching_correlated,si1000,50000,18228,15000,5422,41621,0.88
d3_at_q6_3/Z/r90,3,q6_3,Z,90,ours,pymatching,rl,50000,19765,15000,5872,34686,0.3
d3_at_q6_3/Z/r90,3,q6_3,Z,90,ours,pymatching_correlated,rl,50000,17410,15000,5128,41071,0.86
d3_at_q6_3/Z/r90,3,q6_3,Z,90,google,correlated_matching,si1000,50000,17591,15000,5265,,
d3_at_q6_3/Z/r90,3,q6_3,Z,90,google,correlated_matching,rl,50000,16453,15000,4894,,
d3_at_q6_3/Z/r90,3,q6_3,Z,90,google,harmony,si1000,50000,16383,15000,4920,,
d3_at_q6_3/Z/r90,3,q6_3,Z,90,google,harmony,rl,50000,16132,15000,4824,,
d3_at_q6_3/Z/r90,3,q6_3,Z,90,google,libra,rl,50000,15874,15000,4771,,
d3_at_q6_11/Z/r90,3,q6_11,Z,90,ours,pymatching,si1000,50000,22869,15000,6910,29784,0.4
d3_at_q6_11/Z/r90,3,q6_11,Z,90,ours,pymatching_correlated,si1000,50000,22284,15000,6749,36747,1.16
d3_at_q6_11/Z/r90,3,q6_11,Z,90,ours,pymatching,rl,50000,22711,15000,6899,30827,0.39
d3_at_q6_11/Z/r90,3,q6_11,Z,90,ours,pymatching_correlated,rl,50000,21535,15000,6488,35923,1.1
d3_at_q6_11/Z/r90,3,q6_11,Z,90,google,correlated_matching,si1000,50000,21493,15000,6572,,
d3_at_q6_11/Z/r90,3,q6_11,Z,90,google,correlated_matching,rl,50000,21012,15000,6376,,
d3_at_q6_11/Z/r90,3,q6_11,Z,90,google,harmony,si1000,50000,21004,15000,6433,,
d3_at_q6_11/Z/r90,3,q6_11,Z,90,google,harmony,rl,50000,20881,15000,6373,,
d3_at_q6_11/Z/r90,3,q6_11,Z,90,google,libra,rl,50000,20836,15000,6393,,
d3_at_q6_11/X/r90,3,q6_11,X,90,ours,pymatching,si1000,50000,22754,15000,6879,30651,0.44
d3_at_q6_11/X/r90,3,q6_11,X,90,ours,pymatching_correlated,si1000,50000,22208,15000,6627,39579,1.29
d3_at_q6_11/X/r90,3,q6_11,X,90,ours,pymatching,rl,50000,22621,15000,6846,30477,0.44
d3_at_q6_11/X/r90,3,q6_11,X,90,ours,pymatching_correlated,rl,50000,22007,15000,6715,33453,1.28
d3_at_q6_11/X/r90,3,q6_11,X,90,google,correlated_matching,si1000,50000,21887,15000,6637,,
d3_at_q6_11/X/r90,3,q6_11,X,90,google,correlated_matching,rl,50000,21264,15000,6435,,
d3_at_q6_11/X/r90,3,q6_11,X,90,google,harmony,si1000,50000,21518,15000,6533,,
d3_at_q6_11/X/r90,3,q6_11,X,90,google,harmony,rl,50000,21315,15000,6450,,
d3_at_q6_11/X/r90,3,q6_11,X,90,google,libra,rl,50000,21130,15000,6403,,
d3_at_q8_5/X/r90,3,q8_5,X,90,ours,pymatching,si1000,50000,20776,15000,6223,34331,0.31
d3_at_q8_5/X/r90,3,q8_5,X,90,ours,pymatching_correlated,si1000,50000,19798,15000,5874,42703,0.87
d3_at_q8_5/X/r90,3,q8_5,X,90,ours,pymatching,rl,50000,20444,15000,6071,34292,0.28
d3_at_q8_5/X/r90,3,q8_5,X,90,ours,pymatching_correlated,rl,50000,18801,15000,5594,39033,0.81
d3_at_q8_5/X/r90,3,q8_5,X,90,google,correlated_matching,si1000,50000,19225,15000,5686,,
d3_at_q8_5/X/r90,3,q8_5,X,90,google,correlated_matching,rl,50000,18244,15000,5414,,
d3_at_q8_5/X/r90,3,q8_5,X,90,google,harmony,si1000,50000,18770,15000,5583,,
d3_at_q8_5/X/r90,3,q8_5,X,90,google,harmony,rl,50000,18117,15000,5386,,
d3_at_q8_5/X/r90,3,q8_5,X,90,google,libra,rl,50000,18064,15000,5382,,
d3_at_q8_5/Z/r90,3,q8_5,Z,90,ours,pymatching,si1000,50000,19579,15000,5847,33479,0.3
d3_at_q8_5/Z/r90,3,q8_5,Z,90,ours,pymatching_correlated,si1000,50000,18065,15000,5437,41465,0.88
d3_at_q8_5/Z/r90,3,q8_5,Z,90,ours,pymatching,rl,50000,19495,15000,5825,34464,0.29
d3_at_q8_5/Z/r90,3,q8_5,Z,90,ours,pymatching_correlated,rl,50000,17144,15000,5212,41823,0.85
d3_at_q8_5/Z/r90,3,q8_5,Z,90,google,correlated_matching,si1000,50000,17462,15000,5204,,
d3_at_q8_5/Z/r90,3,q8_5,Z,90,google,correlated_matching,rl,50000,17229,15000,5258,,
d3_at_q8_5/Z/r90,3,q8_5,Z,90,google,harmony,si1000,50000,16501,15000,4943,,
d3_at_q8_5/Z/r90,3,q8_5,Z,90,google,harmony,rl,50000,16698,15000,5075,,
d3_at_q8_5/Z/r90,3,q8_5,Z,90,google,libra,rl,50000,16377,15000,4899,,
d3_at_q6_7/X/r90,3,q6_7,X,90,ours,pymatching,si1000,50000,24631,15000,7301,27089,0.52
d3_at_q6_7/X/r90,3,q6_7,X,90,ours,pymatching_correlated,si1000,50000,24106,15000,7239,35854,1.51
d3_at_q6_7/X/r90,3,q6_7,X,90,ours,pymatching,rl,50000,24438,15000,7415,28420,0.47
d3_at_q6_7/X/r90,3,q6_7,X,90,ours,pymatching_correlated,rl,50000,23584,15000,7135,36604,1.36
d3_at_q6_7/X/r90,3,q6_7,X,90,google,correlated_matching,si1000,50000,24004,15000,7186,,
d3_at_q6_7/X/r90,3,q6_7,X,90,google,correlated_matching,rl,50000,23434,15000,6999,,
d3_at_q6_7/X/r90,3,q6_7,X,90,google,harmony,si1000,50000,23859,15000,7098,,
d3_at_q6_7/X/r90,3,q6_7,X,90,google,harmony,rl,50000,23220,15000,7026,,
d3_at_q6_7/X/r90,3,q6_7,X,90,google,libra,rl,50000,23194,15000,6974,,
d3_at_q6_7/Z/r90,3,q6_7,Z,90,ours,pymatching,si1000,50000,23897,15000,7181,28440,0.51
d3_at_q6_7/Z/r90,3,q6_7,Z,90,ours,pymatching_correlated,si1000,50000,23373,15000,7033,35206,1.48
d3_at_q6_7/Z/r90,3,q6_7,Z,90,ours,pymatching,rl,50000,23844,15000,7148,28823,0.43
d3_at_q6_7/Z/r90,3,q6_7,Z,90,ours,pymatching_correlated,rl,50000,22966,15000,6828,36187,1.28
d3_at_q6_7/Z/r90,3,q6_7,Z,90,google,correlated_matching,si1000,50000,23087,15000,6980,,
d3_at_q6_7/Z/r90,3,q6_7,Z,90,google,correlated_matching,rl,50000,22619,15000,6792,,
d3_at_q6_7/Z/r90,3,q6_7,Z,90,google,harmony,si1000,50000,22687,15000,6910,,
d3_at_q6_7/Z/r90,3,q6_7,Z,90,google,harmony,rl,50000,22337,15000,6718,,
d3_at_q6_7/Z/r90,3,q6_7,Z,90,google,libra,rl,50000,22111,15000,6579,,
d3_at_q8_9/X/r90,3,q8_9,X,90,ours,pymatching,si1000,50000,23761,15000,7051,29420,0.42
d3_at_q8_9/X/r90,3,q8_9,X,90,ours,pymatching_correlated,si1000,50000,23208,15000,7019,38079,1.19
d3_at_q8_9/X/r90,3,q8_9,X,90,ours,pymatching,rl,50000,23437,15000,6990,29717,0.39
d3_at_q8_9/X/r90,3,q8_9,X,90,ours,pymatching_correlated,rl,50000,22374,15000,6767,35722,1.12
d3_at_q8_9/X/r90,3,q8_9,X,90,google,correlated_matching,si1000,50000,22631,15000,6786,,
d3_at_q8_9/X/r90,3,q8_9,X,90,google,correlated_matching,rl,50000,22000,15000,6625,,
d3_at_q8_9/X/r90,3,q8_9,X,90,google,harmony,si1000,50000,22358,15000,6778,,
d3_at_q8_9/X/r90,3,q8_9,X,90,google,harmony,rl,50000,21805,15000,6575,,
d3_at_q8_9/X/r90,3,q8_9,X,90,google,libra,rl,50000,21599,15000,6490,,
d3_at_q8_9/Z/r90,3,q8_9,Z,90,ours,pymatching,si1000,50000,22884,15000,6912,29266,0.41
d3_at_q8_9/Z/r90,3,q8_9,Z,90,ours,pymatching_correlated,si1000,50000,21938,15000,6600,37472,1.19
d3_at_q8_9/Z/r90,3,q8_9,Z,90,ours,pymatching,rl,50000,22882,15000,6909,31652,0.41
d3_at_q8_9/Z/r90,3,q8_9,Z,90,ours,pymatching_correlated,rl,50000,21594,15000,6450,39662,1.18
d3_at_q8_9/Z/r90,3,q8_9,Z,90,google,correlated_matching,si1000,50000,21740,15000,6536,,
d3_at_q8_9/Z/r90,3,q8_9,Z,90,google,correlated_matching,rl,50000,21088,15000,6325,,
d3_at_q8_9/Z/r90,3,q8_9,Z,90,google,harmony,si1000,50000,21047,15000,6324,,
d3_at_q8_9/Z/r90,3,q8_9,Z,90,google,harmony,rl,50000,20913,15000,6309,,
d3_at_q8_9/Z/r90,3,q8_9,Z,90,google,libra,rl,50000,20798,15000,6202,,
d5_at_q4_7/X/r30,5,q4_7,X,30,ours,pymatching,si1000,50000,8206,15000,2476,43545,0.58
d5_at_q4_7/X/r30,5,q4_7,X,30,ours,pymatching_correlated,si1000,50000,5758,15000,1758,48203,1.54
d5_at_q4_7/X/r30,5,q4_7,X,30,ours,pymatching,rl,50000,7960,15000,2442,43663,0.58
d5_at_q4_7/X/r30,5,q4_7,X,30,ours,pymatching_correlated,rl,50000,5378,15000,1631,47329,1.51
d5_at_q4_7/X/r30,5,q4_7,X,30,google,correlated_matching,si1000,50000,5731,15000,1748,,
d5_at_q4_7/X/r30,5,q4_7,X,30,google,correlated_matching,rl,50000,5365,15000,1637,,
d5_at_q4_7/X/r30,5,q4_7,X,30,google,harmony,si1000,50000,5171,15000,1570,,
d5_at_q4_7/X/r30,5,q4_7,X,30,google,harmony,rl,50000,4832,15000,1473,,
d5_at_q4_7/X/r30,5,q4_7,X,30,google,libra,rl,50000,4674,15000,1441,,
d5_at_q4_7/Z/r30,5,q4_7,Z,30,ours,pymatching,si1000,50000,6588,15000,1989,44534,0.56
d5_at_q4_7/Z/r30,5,q4_7,Z,30,ours,pymatching_correlated,si1000,50000,4509,15000,1354,48495,1.52
d5_at_q4_7/Z/r30,5,q4_7,Z,30,ours,pymatching,rl,50000,6320,15000,1900,44818,0.57
d5_at_q4_7/Z/r30,5,q4_7,Z,30,ours,pymatching_correlated,rl,50000,4194,15000,1269,48158,1.51
d5_at_q4_7/Z/r30,5,q4_7,Z,30,google,correlated_matching,si1000,50000,4542,15000,1379,,
d5_at_q4_7/Z/r30,5,q4_7,Z,30,google,correlated_matching,rl,50000,4030,15000,1234,,
d5_at_q4_7/Z/r30,5,q4_7,Z,30,google,harmony,si1000,50000,3896,15000,1187,,
d5_at_q4_7/Z/r30,5,q4_7,Z,30,google,harmony,rl,50000,3729,15000,1168,,
d5_at_q4_7/Z/r30,5,q4_7,Z,30,google,libra,rl,50000,3568,15000,1121,,
d5_at_q6_5/X/r30,5,q6_5,X,30,ours,pymatching,si1000,50000,9132,15000,2725,42585,0.62
d5_at_q6_5/X/r30,5,q6_5,X,30,ours,pymatching_correlated,si1000,50000,6132,15000,1836,48091,1.66
d5_at_q6_5/X/r30,5,q6_5,X,30,ours,pymatching,rl,50000,8546,15000,2545,42982,0.62
d5_at_q6_5/X/r30,5,q6_5,X,30,ours,pymatching_correlated,rl,50000,5933,15000,1753,46669,1.64
d5_at_q6_5/X/r30,5,q6_5,X,30,google,correlated_matching,si1000,50000,6073,15000,1826,,
d5_at_q6_5/X/r30,5,q6_5,X,30,google,correlated_matching,rl,50000,5724,15000,1703,,
d5_at_q6_5/X/r30,5,q6_5,X,30,google,harmony,si1000,50000,5487,15000,1632,,
d5_at_q6_5/X/r30,5,q6_5,X,30,google,harmony,rl,50000,5199,15000,1527,,
d5_at_q6_5/X/r30,5,q6_5,X,30,google,libra,rl,50000,5033,15000,1511,,
d5_at_q6_5/Z/r30,5,q6_5,Z,30,ours,pymatching,si1000,50000,8193,15000,2385,43334,0.63
d5_at_q6_5/Z/r30,5,q6_5,Z,30,ours,pymatching_correlated,si1000,50000,5904,15000,1763,48073,1.66
d5_at_q6_5/Z/r30,5,q6_5,Z,30,ours,pymatching,rl,50000,8302,15000,2431,43309,0.63
d5_at_q6_5/Z/r30,5,q6_5,Z,30,ours,pymatching_correlated,rl,50000,5757,15000,1753,47382,1.67
d5_at_q6_5/Z/r30,5,q6_5,Z,30,google,correlated_matching,si1000,50000,5783,15000,1717,,
d5_at_q6_5/Z/r30,5,q6_5,Z,30,google,correlated_matching,rl,50000,5303,15000,1604,,
d5_at_q6_5/Z/r30,5,q6_5,Z,30,google,harmony,si1000,50000,5080,15000,1519,,
d5_at_q6_5/Z/r30,5,q6_5,Z,30,google,harmony,rl,50000,4860,15000,1465,,
d5_at_q6_5/Z/r30,5,q6_5,Z,30,google,libra,rl,50000,4636,15000,1400,,
d5_at_q6_9/X/r30,5,q6_9,X,30,ours,pymatching,si1000,50000,9213,15000,2799,42549,0.64
d5_at_q6_9/X/r30,5,q6_9,X,30,ours,pymatching_correlated,si1000,50000,6911,15000,2130,47807,1.72
d5_at_q6_9/X/r30,5,q6_9,X,30,ours,pymatching,rl,50000,9166,15000,2797,42693,0.67
d5_at_q6_9/X/r30,5,q6_9,X,30,ours,pymatching_correlated,rl,50000,6736,15000,2055,46639,1.78
d5_at_q6_9/X/r30,5,q6_9,X,30,google,correlated_matching,si1000,50000,6794,15000,2091,,
d5_at_q6_9/X/r30,5,q6_9,X,30,google,correlated_matching,rl,50000,6557,15000,1983,,
d5_at_q6_9/X/r30,5,q6_9,X,30,google,harmony,si1000,50000,6120,15000,1862,,
d5_at_q6_9/X/r30,5,q6_9,X,30,google,harmony,rl,50000,6043,15000,1857,,
d5_at_q6_9/X/r30,5,q6_9,X,30,google,libra,rl,50000,5888,15000,1793,,
d3_at_q10_7/X/r70,3,q10_7,X,70,ours,pymatching,si1000,50000,17129,15000,5176,37541,0.23
d3_at_q10_7/X/r70,3,q10_7,X,70,ours,pymatching_correlated,si1000,50000,15212,15000,4573,44700,0.67
d3_at_q10_7/X/r70,3,q10_7,X,70,ours,pymatching,rl,50000,16050,15000,4896,39291,0.24
d3_at_q10_7/X/r70,3,q10_7,X,70,ours,pymatching_correlated,rl,50000,14196,15000,4293,44395,0.68
d3_at_q10_7/X/r70,3,q10_7,X,70,google,correlated_matching,si1000,50000,14668,15000,4368,,
d3_at_q10_7/X/r70,3,q10_7,X,70,google,correlated_matching,rl,50000,13833,15000,4167,,
d3_at_q10_7/X/r70,3,q10_7,X,70,google,harmony,si1000,50000,14206,15000,4262,,
d3_at_q10_7/X/r70,3,q10_7,X,70,google,harmony,rl,50000,13489,15000,4090,,
d3_at_q10_7/X/r70,3,q10_7,X,70,google,libra,rl,50000,13325,15000,4002,,
d5_at_q6_9/Z/r30,5,q6_9,Z,30,ours,pymatching,si1000,50000,10132,15000,3030,41661,0.71
d5_at_q6_9/Z/r30,5,q6_9,Z,30,ours,pymatching_correlated,si1000,50000,8033,15000,2374,47168,1.92
d5_at_q6_9/Z/r30,5,q6_9,Z,30,ours,pymatching,rl,50000,10354,15000,3090,41904,0.74
d5_at_q6_9/Z/r30,5,q6_9,Z,30,ours,pymatching_correlated,rl,50000,8023,15000,2365,46575,1.97
d5_at_q6_9/Z/r30,5,q6_9,Z,30,google,correlated_matching,si1000,50000,7871,15000,2338,,
d5_at_q6_9/Z/r30,5,q6_9,Z,30,google,correlated_matching,rl,50000,7588,15000,2260,,
d5_at_q6_9/Z/r30,5,q6_9,Z,30,google,harmony,si1000,50000,7143,15000,2075,,
d5_at_q6_9/Z/r30,5,q6_9,Z,30,google,harmony,rl,50000,7145,15000,2137,,
d5_at_q6_9/Z/r30,5,q6_9,Z,30,google,libra,rl,50000,6852,15000,2026,,
d5_at_q8_7/Z/r30,5,q8_7,Z,30,ours,pymatching,si1000,50000,8887,15000,2668,42643,0.65
d5_at_q8_7/Z/r30,5,q8_7,Z,30,ours,pymatching_correlated,si1000,50000,6139,15000,1848,47905,1.71
d5_at_q8_7/Z/r30,5,q8_7,Z,30,ours,pymatching,rl,50000,8714,15000,2604,42724,0.67
d5_at_q8_7/Z/r30,5,q8_7,Z,30,ours,pymatching_correlated,rl,50000,5878,15000,1772,46874,1.76
d5_at_q8_7/Z/r30,5,q8_7,Z,30,google,correlated_matching,si1000,50000,6074,15000,1830,,
d5_at_q8_7/Z/r30,5,q8_7,Z,30,google,correlated_matching,rl,50000,5674,15000,1730,,
d5_at_q8_7/Z/r30,5,q8_7,Z,30,google,harmony,si1000,50000,5318,15000,1642,,
d5_at_q8_7/Z/r30,5,q8_7,Z,30,google,harmony,rl,50000,5166,15000,1590,,
d5_at_q8_7/Z/r30,5,q8_7,Z,30,google,libra,rl,50000,5015,15000,1564,,
d5_at_q8_7/X/r30,5,q8_7,X,30,ours,pymatching,si1000,50000,10093,15000,3038,41999,0.67
d5_at_q8_7/X/r30,5,q8_7,X,30,ours,pymatching_correlated,si1000,50000,7598,15000,2270,47600,1.79
d5_at_q8_7/X/r30,5,q8_7,X,30,ours,pymatching,rl,50000,9843,15000,2927,42294,0.71
d5_at_q8_7/X/r30,5,q8_7,X,30,ours,pymatching_correlated,rl,50000,7560,15000,2249,46587,1.82
d5_at_q8_7/X/r30,5,q8_7,X,30,google,correlated_matching,si1000,50000,7620,15000,2262,,
d5_at_q8_7/X/r30,5,q8_7,X,30,google,correlated_matching,rl,50000,7263,15000,2148,,
d5_at_q8_7/X/r30,5,q8_7,X,30,google,harmony,si1000,50000,6804,15000,2015,,
d5_at_q8_7/X/r30,5,q8_7,X,30,google,harmony,rl,50000,6660,15000,1989,,
d5_at_q8_7/X/r30,5,q8_7,X,30,google,libra,rl,50000,6493,15000,1906,,
d3_at_q10_7/Z/r70,3,q10_7,Z,70,ours,pymatching,si1000,50000,18655,15000,5570,34884,0.25
d3_at_q10_7/Z/r70,3,q10_7,Z,70,ours,pymatching_correlated,si1000,50000,17383,15000,5151,42052,0.73
d3_at_q10_7/Z/r70,3,q10_7,Z,70,ours,pymatching,rl,50000,18312,15000,5414,35565,0.27
d3_at_q10_7/Z/r70,3,q10_7,Z,70,ours,pymatching_correlated,rl,50000,16595,15000,4962,40452,0.76
d3_at_q10_7/Z/r70,3,q10_7,Z,70,google,correlated_matching,si1000,50000,16867,15000,4997,,
d3_at_q10_7/Z/r70,3,q10_7,Z,70,google,correlated_matching,rl,50000,15943,15000,4771,,
d3_at_q10_7/Z/r70,3,q10_7,Z,70,google,harmony,si1000,50000,15972,15000,4757,,
d3_at_q10_7/Z/r70,3,q10_7,Z,70,google,harmony,rl,50000,15678,15000,4692,,
d3_at_q10_7/Z/r70,3,q10_7,Z,70,google,libra,rl,50000,15577,15000,4658,,
d3_at_q2_7/X/r70,3,q2_7,X,70,ours,pymatching,si1000,50000,17243,15000,5117,37154,0.22
d3_at_q2_7/X/r70,3,q2_7,X,70,ours,pymatching_correlated,si1000,50000,15922,15000,4791,44529,0.63
d3_at_q2_7/X/r70,3,q2_7,X,70,ours,pymatching,rl,50000,16748,15000,4947,37672,0.21
d3_at_q2_7/X/r70,3,q2_7,X,70,ours,pymatching_correlated,rl,50000,15203,15000,4526,43001,0.62
d3_at_q2_7/X/r70,3,q2_7,X,70,google,correlated_matching,si1000,50000,15387,15000,4610,,
d3_at_q2_7/X/r70,3,q2_7,X,70,google,correlated_matching,rl,50000,14484,15000,4239,,
d3_at_q2_7/X/r70,3,q2_7,X,70,google,harmony,si1000,50000,14998,15000,4485,,
d3_at_q2_7/X/r70,3,q2_7,X,70,google,harmony,rl,50000,14546,15000,4299,,
d3_at_q2_7/X/r70,3,q2_7,X,70,google,libra,rl,50000,14344,15000,4241,,
d7_at_q6_7/X/r13,7,q6_7,X,13,ours,pymatching,si1000,50000,2296,0,0,48073,0.58
d7_at_q6_7/X/r13,7,q6_7,X,13,ours,pymatching_correlated,si1000,50000,1367,0,0,49538,1.49
d7_at_q6_7/X/r13,7,q6_7,X,13,ours,pymatching,rl,50000,2233,0,0,48109,0.6
d7_at_q6_7/X/r13,7,q6_7,X,13,ours,pymatching_correlated,rl,50000,1305,0,0,49305,1.53
d7_at_q6_7/X/r13,7,q6_7,X,13,google,correlated_matching,si1000,50000,1305,0,0,,
d7_at_q6_7/X/r13,7,q6_7,X,13,google,correlated_matching,rl,50000,1288,0,0,,
d7_at_q6_7/X/r13,7,q6_7,X,13,google,harmony,si1000,50000,1126,0,0,,
d7_at_q6_7/X/r13,7,q6_7,X,13,google,harmony,rl,50000,1100,0,0,,
d7_at_q6_7/Z/r13,7,q6_7,Z,13,ours,pymatching,si1000,50000,1999,0,0,48293,0.57
d7_at_q6_7/Z/r13,7,q6_7,Z,13,ours,pymatching_correlated,si1000,50000,1120,0,0,49598,1.48
d7_at_q6_7/Z/r13,7,q6_7,Z,13,ours,pymatching,rl,50000,1898,0,0,48332,0.6
d7_at_q6_7/Z/r13,7,q6_7,Z,13,ours,pymatching_correlated,rl,50000,1074,0,0,49422,1.55
d7_at_q6_7/Z/r13,7,q6_7,Z,13,google,correlated_matching,si1000,50000,1110,0,0,,
d7_at_q6_7/Z/r13,7,q6_7,Z,13,google,correlated_matching,rl,50000,986,0,0,,
d7_at_q6_7/Z/r13,7,q6_7,Z,13,google,harmony,si1000,50000,900,0,0,,
d7_at_q6_7/Z/r13,7,q6_7,Z,13,google,harmony,rl,50000,816,0,0,,
d3_at_q2_7/Z/r70,3,q2_7,Z,70,ours,pymatching,si1000,50000,16965,15000,5162,36338,0.23
d3_at_q2_7/Z/r70,3,q2_7,Z,70,ours,pymatching_correlated,si1000,50000,15781,15000,4743,42894,0.65
d3_at_q2_7/Z/r70,3,q2_7,Z,70,ours,pymatching,rl,50000,16541,15000,5016,38243,0.21
d3_at_q2_7/Z/r70,3,q2_7,Z,70,ours,pymatching_correlated,rl,50000,14730,15000,4449,43718,0.63
d3_at_q2_7/Z/r70,3,q2_7,Z,70,google,correlated_matching,si1000,50000,15073,15000,4568,,
d3_at_q2_7/Z/r70,3,q2_7,Z,70,google,correlated_matching,rl,50000,14288,15000,4342,,
d3_at_q2_7/Z/r70,3,q2_7,Z,70,google,harmony,si1000,50000,14496,15000,4343,,
d3_at_q2_7/Z/r70,3,q2_7,Z,70,google,harmony,rl,50000,14022,15000,4242,,
d3_at_q2_7/Z/r70,3,q2_7,Z,70,google,libra,rl,50000,13843,15000,4188,,
d3_at_q4_5/X/r70,3,q4_5,X,70,ours,pymatching,si1000,50000,18747,15000,5640,36069,0.25
d3_at_q4_5/X/r70,3,q4_5,X,70,ours,pymatching_correlated,si1000,50000,17352,15000,5200,43390,0.7
d3_at_q4_5/X/r70,3,q4_5,X,70,ours,pymatching,rl,50000,16994,15000,5061,38620,0.27
d3_at_q4_5/X/r70,3,q4_5,X,70,ours,pymatching_correlated,rl,50000,15655,15000,4673,44717,0.76
d3_at_q4_5/X/r70,3,q4_5,X,70,google,correlated_matching,si1000,50000,16332,15000,4869,,
d3_at_q4_5/X/r70,3,q4_5,X,70,google,correlated_matching,rl,50000,15278,15000,4522,,
d3_at_q4_5/X/r70,3,q4_5,X,70,google,harmony,si1000,50000,15930,15000,4785,,
d3_at_q4_5/X/r70,3,q4_5,X,70,google,harmony,rl,50000,14864,15000,4431,,
d3_at_q4_5/X/r70,3,q4_5,X,70,google,libra,rl,50000,14696,15000,4368,,
d3_at_q4_9/X/r70,3,q4_9,X,70,ours,pymatching,si1000,50000,18864,15000,5618,36075,0.25
d3_at_q4_9/X/r70,3,q4_9,X,70,ours,pymatching_correlated,si1000,50000,17199,15000,5166,43592,0.67
d3_at_q4_9/X/r70,3,q4_9,X,70,ours,pymatching,rl,50000,18870,15000,5724,36004,0.23
d3_at_q4_9/X/r70,3,q4_9,X,70,ours,pymatching_correlated,rl,50000,16887,15000,5106,41269,0.64
d3_at_q4_9/X/r70,3,q4_9,X,70,google,correlated_matching,si1000,50000,16741,15000,4996,,
d3_at_q4_9/X/r70,3,q4_9,X,70,google,correlated_matching,rl,50000,16338,15000,4948,,
d3_at_q4_9/X/r70,3,q4_9,X,70,google,harmony,si1000,50000,16241,15000,4927,,
d3_at_q4_9/X/r70,3,q4_9,X,70,google,harmony,rl,50000,15771,15000,4785,,
d3_at_q4_9/X/r70,3,q4_9,X,70,google,libra,rl,50000,15712,15000,4782,,
d3_at_q4_5/Z/r70,3,q4_5,Z,70,ours,pymatching,si1000,50000,16730,15000,5118,36502,0.25
d3_at_q4_5/Z/r70,3,q4_5,Z,70,ours,pymatching_correlated,si1000,50000,15520,15000,4697,43862,0.67
d3_at_q4_5/Z/r70,3,q4_5,Z,70,ours,pymatching,rl,50000,16496,15000,4999,38186,0.26
d3_at_q4_5/Z/r70,3,q4_5,Z,70,ours,pymatching_correlated,rl,50000,14420,15000,4385,44868,0.75
d3_at_q4_5/Z/r70,3,q4_5,Z,70,google,correlated_matching,si1000,50000,15070,15000,4535,,
d3_at_q4_5/Z/r70,3,q4_5,Z,70,google,correlated_matching,rl,50000,13908,15000,4198,,
d3_at_q4_5/Z/r70,3,q4_5,Z,70,google,harmony,si1000,50000,14065,15000,4263,,
d3_at_q4_5/Z/r70,3,q4_5,Z,70,google,harmony,rl,50000,13864,15000,4202,,
d3_at_q4_5/Z/r70,3,q4_5,Z,70,google,libra,rl,50000,13641,15000,4159,,
d3_at_q4_9/Z/r70,3,q4_9,Z,70,ours,pymatching,si1000,50000,17706,15000,5266,35813,0.23
d3_at_q4_9/Z/r70,3,q4_9,Z,70,ours,pymatching_correlated,si1000,50000,16300,15000,4845,42937,0.68
d3_at_q4_9/Z/r70,3,q4_9,Z,70,ours,pymatching,rl,50000,17506,15000,5204,39288,0.22
d3_at_q4_9/Z/r70,3,q4_9,Z,70,ours,pymatching_correlated,rl,50000,15488,15000,4568,46104,0.66
d3_at_q4_9/Z/r70,3,q4_9,Z,70,google,correlated_matching,si1000,50000,16129,15000,4840,,
d3_at_q4_9/Z/r70,3,q4_9,Z,70,google,correlated_matching,rl,50000,15318,15000,4532,,
d3_at_q4_9/Z/r70,3,q4_9,Z,70,google,harmony,si1000,50000,15296,15000,4577,,
d3_at_q4_9/Z/r70,3,q4_9,Z,70,google,harmony,rl,50000,15059,15000,4439,,
d3_at_q4_9/Z/r70,3,q4_9,Z,70,google,libra,rl,50000,15019,15000,4426,,
d3_at_q6_3/X/r70,3,q6_3,X,70,ours,pymatching,si1000,50000,17153,15000,5167,37380,0.23
d3_at_q6_3/X/r70,3,q6_3,X,70,ours,pymatching_correlated,si1000,50000,15488,15000,4637,44507,0.64
d3_at_q6_3/X/r70,3,q6_3,X,70,ours,pymatching,rl,50000,17424,15000,5187,35353,0.23
d3_at_q6_3/X/r70,3,q6_3,X,70,ours,pymatching_correlated,rl,50000,15470,15000,4623,40641,0.64
d3_at_q6_3/X/r70,3,q6_3,X,70,google,correlated_matching,si1000,50000,14955,15000,4453,,
d3_at_q6_3/X/r70,3,q6_3,X,70,google,correlated_matching,rl,50000,14099,15000,4250,,
d3_at_q6_3/X/r70,3,q6_3,X,70,google,harmony,si1000,50000,14329,15000,4271,,
d3_at_q6_3/X/r70,3,q6_3,X,70,google,harmony,rl,50000,13476,15000,4013,,
d3_at_q6_3/X/r70,3,q6_3,X,70,google,libra,rl,50000,13406,15000,4017,,
d3_at_q6_3/Z/r70,3,q6_3,Z,70,ours,pymatching,si1000,50000,16769,15000,5023,36499,0.23
d3_at_q6_3/Z/r70,3,q6_3,Z,70,ours,pymatching_correlated,si1000,50000,14915,15000,4431,43563,0.67
d3_at_q6_3/Z/r70,3,q6_3,Z,70,ours,pymatching,rl,50000,16479,15000,4933,37843,0.22
d3_at_q6_3/Z/r70,3,q6_3,Z,70,ours,pymatching_correlated,rl,50000,14014,15000,4181,43226,0.64
d3_at_q6_3/Z/r70,3,q6_3,Z,70,google,correlated_matching,si1000,50000,14228,15000,4258,,
d3_at_q6_3/Z/r70,3,q6_3,Z,70,google,correlated_matching,rl,50000,13110,15000,3918,,
d3_at_q6_3/Z/r70,3,q6_3,Z,70,google,harmony,si1000,50000,13072,15000,3903,,
d3_at_q6_3/Z/r70,3,q6_3,Z,70,google,harmony,rl,50000,12730,15000,3766,,
d3_at_q6_3/Z/r70,3,q6_3,Z,70,google,libra,rl,50000,12433,15000,3718,,
d3_at_q6_11/Z/r70,3,q6_11,Z,70,ours,pymatching,si1000,50000,19759,15000,5944,33275,0.29
d3_at_q6_11/Z/r70,3,q6_11,Z,70,ours,pymatching_correlated,si1000,50000,19066,15000,5679,39984,0.86
d3_at_q6_11/Z/r70,3,q6_11,Z,70,ours,pymatching,rl,50000,19364,15000,5796,34306,0.28
d3_at_q6_11/Z/r70,3,q6_11,Z,70,ours,pymatching_correlated,rl,50000,17947,15000,5339,39073,0.8
d3_at_q6_11/Z/r70,3,q6_11,Z,70,google,correlated_matching,si1000,50000,17984,15000,5377,,
d3_at_q6_11/Z/r70,3,q6_11,Z,70,google,correlated_matching,rl,50000,17342,15000,5163,,
d3_at_q6_11/Z/r70,3,q6_11,Z,70,google,harmony,si1000,50000,17141,15000,5088,,
d3_at_q6_11/Z/r70,3,q6_11,Z,70,google,harmony,rl,50000,17051,15000,5099,,
d3_at_q6_11/Z/r70,3,q6_11,Z,70,google,libra,rl,50000,16825,15000,4984,,
d3_at_q6_11/X/r70,3,q6_11,X,70,ours,pymatching,si1000,50000,19771,15000,5968,34728,0.29
d3_at_q6_11/X/r70,3,q6_11,X,70,ours,pymatching_correlated,si1000,50000,18283,15000,5487,43056,0.85
d3_at_q6_11/X/r70,3,q6_11,X,70,ours,pymatching,rl,50000,19932,15000,6060,34174,0.3
d3_at_q6_11/X/r70,3,q6_11,X,70,ours,pymatching_correlated,rl,50000,18547,15000,5613,37513,0.84
d3_at_q6_11/X/r70,3,q6_11,X,70,google,correlated_matching,si1000,50000,17989,15000,5439,,
d3_at_q6_11/X/r70,3,q6_11,X,70,google,correlated_matching,rl,50000,17530,15000,5239,,
d3_at_q6_11/X/r70,3,q6_11,X,70,google,harmony,si1000,50000,17521,15000,5271,,
d3_at_q6_11/X/r70,3,q6_11,X,70,google,harmony,rl,50000,16892,15000,5030,,
d3_at_q6_11/X/r70,3,q6_11,X,70,google,libra,rl,50000,16733,15000,5084,,
d3_at_q8_5/Z/r70,3,q8_5,Z,70,ours,pymatching,si1000,50000,16663,15000,4935,36155,0.25
d3_at_q8_5/Z/r70,3,q8_5,Z,70,ours,pymatching_correlated,si1000,50000,15477,15000,4659,43175,0.72
d3_at_q8_5/Z/r70,3,q8_5,Z,70,ours,pymatching,rl,50000,16481,15000,4900,37158,0.24
d3_at_q8_5/Z/r70,3,q8_5,Z,70,ours,pymatching_correlated,rl,50000,14343,15000,4335,43698,0.68
d3_at_q8_5/Z/r70,3,q8_5,Z,70,google,correlated_matching,si1000,50000,14890,15000,4449,,
d3_at_q8_5/Z/r70,3,q8_5,Z,70,google,correlated_matching,rl,50000,14211,15000,4302,,
d3_at_q8_5/Z/r70,3,q8_5,Z,70,google,harmony,si1000,50000,13924,15000,4213,,
d3_at_q8_5/Z/r70,3,q8_5,Z,70,google,harmony,rl,50000,13607,15000,4100,,
d3_at_q8_5/Z/r70,3,q8_5,Z,70,google,libra,rl,50000,13285,15000,4016,,
d3_at_q8_5/X/r70,3,q8_5,X,70,ours,pymatching,si1000,50000,20891,15000,6225,34073,0.27
d3_at_q8_5/X/r70,3,q8_5,X,70,ours,pymatching_correlated,si1000,50000,19565,15000,5850,42895,0.78
d3_at_q8_5/X/r70,3,q8_5,X,70,ours,pymatching,rl,50000,19937,15000,5967,34312,0.26
d3_at_q8_5/X/r70,3,q8_5,X,70,ours,pymatching_correlated,rl,50000,18227,15000,5418,39130,0.73
d3_at_q8_5/X/r70,3,q8_5,X,70,google,correlated_matching,si1000,50000,19078,15000,5713,,
d3_at_q8_5/X/r70,3,q8_5,X,70,google,correlated_matching,rl,50000,18297,15000,5456,,
d3_at_q8_5/X/r70,3,q8_5,X,70,google,harmony,si1000,50000,18635,15000,5549,,
d3_at_q8_5/X/r70,3,q8_5,X,70,google,harmony,rl,50000,18102,15000,5380,,
d3_at_q8_5/X/r70,3,q8_5,X,70,google,libra,rl,50000,18044,15000,5367,,
d3_at_q6_7/Z/r70,3,q6_7,Z,70,ours,pymatching,si1000,50000,20103,15000,5986,32850,0.32
d3_at_q6_7/Z/r70,3,q6_7,Z,70,ours,pymatching_correlated,si1000,50000,20030,15000,5953,40551,0.93
d3_at_q6_7/Z/r70,3,q6_7,Z,70,ours,pymatching,rl,50000,19941,15000,5925,33335,0.27
d3_at_q6_7/Z/r70,3,q6_7,Z,70,ours,pymatching_correlated,rl,50000,18388,15000,5526,40172,0.82
d3_at_q6_7/Z/r70,3,q6_7,Z,70,google,correlated_matching,si1000,50000,19587,15000,5795,,
d3_at_q6_7/Z/r70,3,q6_7,Z,70,google,correlated_matching,rl,50000,18562,15000,5518,,
d3_at_q6_7/Z/r70,3,q6_7,Z,70,google,harmony,si1000,50000,18940,15000,5604,,
d3_at_q6_7/Z/r70,3,q6_7,Z,70,google,harmony,rl,50000,17952,15000,5395,,
d3_at_q6_7/Z/r70,3,q6_7,Z,70,google,libra,rl,50000,17570,15000,5279,,
d3_at_q6_7/X/r70,3,q6_7,X,70,ours,pymatching,si1000,50000,23075,15000,6977,31421,0.35
d3_at_q6_7/X/r70,3,q6_7,X,70,ours,pymatching_correlated,si1000,50000,22299,15000,6767,40727,1.0
d3_at_q6_7/X/r70,3,q6_7,X,70,ours,pymatching,rl,50000,22946,15000,6905,31755,0.34
d3_at_q6_7/X/r70,3,q6_7,X,70,ours,pymatching_correlated,rl,50000,21791,15000,6642,40902,0.99
d3_at_q6_7/X/r70,3,q6_7,X,70,google,correlated_matching,si1000,50000,21942,15000,6636,,
d3_at_q6_7/X/r70,3,q6_7,X,70,google,correlated_matching,rl,50000,21551,15000,6602,,
d3_at_q6_7/X/r70,3,q6_7,X,70,google,harmony,si1000,50000,21928,15000,6667,,
d3_at_q6_7/X/r70,3,q6_7,X,70,google,harmony,rl,50000,21262,15000,6484,,
d3_at_q6_7/X/r70,3,q6_7,X,70,google,libra,rl,50000,21271,15000,6430,,
d3_at_q8_9/X/r70,3,q8_9,X,70,ours,pymatching,si1000,50000,22067,15000,6632,31947,0.32
d3_at_q8_9/X/r70,3,q8_9,X,70,ours,pymatching_correlated,si1000,50000,21030,15000,6309,40532,0.91
d3_at_q8_9/X/r70,3,q8_9,X,70,ours,pymatching,rl,50000,21776,15000,6492,32505,0.29
d3_at_q8_9/X/r70,3,q8_9,X,70,ours,pymatching_correlated,rl,50000,20272,15000,6126,38641,0.87
d3_at_q8_9/X/r70,3,q8_9,X,70,google,correlated_matching,si1000,50000,20542,15000,6227,,
d3_at_q8_9/X/r70,3,q8_9,X,70,google,correlated_matching,rl,50000,19683,15000,5909,,
d3_at_q8_9/X/r70,3,q8_9,X,70,google,harmony,si1000,50000,20134,15000,6048,,
d3_at_q8_9/X/r70,3,q8_9,X,70,google,harmony,rl,50000,19209,15000,5754,,
d3_at_q8_9/X/r70,3,q8_9,X,70,google,libra,rl,50000,19156,15000,5760,,
d3_at_q10_7/X/r50,3,q10_7,X,50,ours,pymatching,si1000,50000,13964,15000,4194,40226,0.17
d3_at_q10_7/X/r50,3,q10_7,X,50,ours,pymatching_correlated,si1000,50000,12150,15000,3626,46206,0.5
d3_at_q10_7/X/r50,3,q10_7,X,50,ours,pymatching,rl,50000,12997,15000,3889,41597,0.17
d3_at_q10_7/X/r50,3,q10_7,X,50,ours,pymatching_correlated,rl,50000,11284,15000,3395,45822,0.48
d3_at_q10_7/X/r50,3,q10_7,X,50,google,correlated_matching,si1000,50000,11604,15000,3434,,
d3_at_q10_7/X/r50,3,q10_7,X,50,google,correlated_matching,rl,50000,10948,15000,3294,,
d3_at_q10_7/X/r50,3,q10_7,X,50,google,harmony,si1000,50000,11313,15000,3357,,
d3_at_q10_7/X/r50,3,q10_7,X,50,google,harmony,rl,50000,10665,15000,3211,,
d3_at_q10_7/X/r50,3,q10_7,X,50,google,libra,rl,50000,10482,15000,3156,,
d3_at_q10_7/Z/r50,3,q10_7,Z,50,ours,pymatching,si1000,50000,14556,15000,4286,38891,0.17
d3_at_q10_7/Z/r50,3,q10_7,Z,50,ours,pymatching_correlated,si1000,50000,13261,15000,3971,44698,0.48
d3_at_q10_7/Z/r50,3,q10_7,Z,50,ours,pymatching,rl,50000,13826,15000,4099,39949,0.17
d3_at_q10_7/Z/r50,3,q10_7,Z,50,ours,pymatching_correlated,rl,50000,11966,15000,3571,44029,0.48
d3_at_q10_7/Z/r50,3,q10_7,Z,50,google,correlated_matching,si1000,50000,12417,15000,3712,,
d3_at_q10_7/Z/r50,3,q10_7,Z,50,google,correlated_matching,rl,50000,11083,15000,3280,,
d3_at_q10_7/Z/r50,3,q10_7,Z,50,google,harmony,si1000,50000,11444,15000,3459,,
d3_at_q10_7/Z/r50,3,q10_7,Z,50,google,harmony,rl,50000,10888,15000,3264,,
d3_at_q10_7/Z/r50,3,q10_7,Z,50,google,libra,rl,50000,10787,15000,3229,,
d3_at_q2_7/X/r50,3,q2_7,X,50,ours,pymatching,si1000,50000,14319,15000,4301,39751,0.17
d3_at_q2_7/X/r50,3,q2_7,X,50,ours,pymatching_correlated,si1000,50000,13082,15000,3955,46020,0.46
d3_at_q2_7/X/r50,3,q2_7,X,50,ours,pymatching,rl,50000,13872,15000,4175,40277,0.16
d3_at_q2_7/X/r50,3,q2_7,X,50,ours,pymatching_correlated,rl,50000,12248,15000,3637,44797,0.45
d3_at_q2_7/X/r50,3,q2_7,X,50,google,correlated_matching,si1000,50000,12592,15000,3779,,
d3_at_q2_7/X/r50,3,q2_7,X,50,google,correlated_matching,rl,50000,11777,15000,3475,,
d3_at_q2_7/X/r50,3,q2_7,X,50,google,harmony,si1000,50000,12061,15000,3619,,
d3_at_q2_7/X/r50,3,q2_7,X,50,google,harmony,rl,50000,11625,15000,3442,,
d3_at_q2_7/X/r50,3,q2_7,X,50,google,libra,rl,50000,11442,15000,3369,,
d3_at_q8_9/Z/r70,3,q8_9,Z,70,ours,pymatching,si1000,50000,21002,15000,6220,32005,0.32
d3_at_q8_9/Z/r70,3,q8_9,Z,70,ours,pymatching_correlated,si1000,50000,19647,15000,5872,40196,0.91
d3_at_q8_9/Z/r70,3,q8_9,Z,70,ours,pymatching,rl,50000,20907,15000,6211,34514,0.31
d3_at_q8_9/Z/r70,3,q8_9,Z,70,ours,pymatching_correlated,rl,50000,19047,15000,5675,41782,0.9
d3_at_q8_9/Z/r70,3,q8_9,Z,70,google,correlated_matching,si1000,50000,19411,15000,5933,,
d3_at_q8_9/Z/r70,3,q8_9,Z,70,google,correlated_matching,rl,50000,18765,15000,5628,,
d3_at_q8_9/Z/r70,3,q8_9,Z,70,google,harmony,si1000,50000,18547,15000,5668,,
d3_at_q8_9/Z/r70,3,q8_9,Z,70,google,harmony,rl,50000,18297,15000,5465,,
d3_at_q8_9/Z/r70,3,q8_9,Z,70,google,libra,rl,50000,18134,15000,5423,,
d3_at_q2_7/Z/r50,3,q2_7,Z,50,ours,pymatching,si1000,50000,13388,15000,4018,39927,0.15
d3_at_q2_7/Z/r50,3,q2_7,Z,50,ours,pymatching_correlated,si1000,50000,12060,15000,3663,45473,0.43
d3_at_q2_7/Z/r50,3,q2_7,Z,50,ours,pymatching,rl,50000,12893,15000,3827,41469,0.14
d3_at_q2_7/Z/r50,3,q2_7,Z,50,ours,pymatching_correlated,rl,50000,10939,15000,3378,45625,0.41
d3_at_q2_7/Z/r50,3,q2_7,Z,50,google,correlated_matching,si1000,50000,11523,15000,3479,,
d3_at_q2_7/Z/r50,3,q2_7,Z,50,google,correlated_matching,rl,50000,10498,15000,3196,,
d3_at_q2_7/Z/r50,3,q2_7,Z,50,google,harmony,si1000,50000,10744,15000,3275,,
d3_at_q2_7/Z/r50,3,q2_7,Z,50,google,harmony,rl,50000,10243,15000,3145,,
d3_at_q2_7/Z/r50,3,q2_7,Z,50,google,libra,rl,50000,10106,15000,3088,,
d7_at_q6_7/X/r10,7,q6_7,X,10,ours,pymatching,si1000,50000,1710,15000,486,48613,0.44
d7_at_q6_7/X/r10,7,q6_7,X,10,ours,pymatching_correlated,si1000,50000,995,15000,284,49658,1.11
d7_at_q6_7/X/r10,7,q6_7,X,10,ours,pymatching,rl,50000,1651,15000,451,48614,0.46
d7_at_q6_7/X/r10,7,q6_7,X,10,ours,pymatching_correlated,rl,50000,908,15000,255,49493,1.15
d7_at_q6_7/X/r10,7,q6_7,X,10,google,correlated_matching,si1000,50000,987,15000,282,,
d7_at_q6_7/X/r10,7,q6_7,X,10,google,correlated_matching,rl,50000,931,15000,264,,
d7_at_q6_7/X/r10,7,q6_7,X,10,google,harmony,si1000,50000,823,15000,230,,
d7_at_q6_7/X/r10,7,q6_7,X,10,google,harmony,rl,50000,759,15000,213,,
d7_at_q6_7/X/r10,7,q6_7,X,10,google,libra,rl,50000,726,15000,201,,
d7_at_q6_7/Z/r10,7,q6_7,Z,10,ours,pymatching,si1000,50000,1358,15000,439,48816,0.43
d7_at_q6_7/Z/r10,7,q6_7,Z,10,ours,pymatching_correlated,si1000,50000,798,15000,263,49686,1.12
d7_at_q6_7/Z/r10,7,q6_7,Z,10,ours,pymatching,rl,50000,1335,15000,417,48822,0.45
d7_at_q6_7/Z/r10,7,q6_7,Z,10,ours,pymatching_correlated,rl,50000,759,15000,263,49612,1.14
d7_at_q6_7/Z/r10,7,q6_7,Z,10,google,correlated_matching,si1000,50000,808,15000,264,,
d7_at_q6_7/Z/r10,7,q6_7,Z,10,google,correlated_matching,rl,50000,713,15000,244,,
d7_at_q6_7/Z/r10,7,q6_7,Z,10,google,harmony,si1000,50000,672,15000,235,,
d7_at_q6_7/Z/r10,7,q6_7,Z,10,google,harmony,rl,50000,613,15000,212,,
d7_at_q6_7/Z/r10,7,q6_7,Z,10,google,libra,rl,50000,588,15000,205,,
d3_at_q4_5/X/r50,3,q4_5,X,50,ours,pymatching,si1000,50000,15793,15000,4763,39034,0.17
d3_at_q4_5/X/r50,3,q4_5,X,50,ours,pymatching_correlated,si1000,50000,14388,15000,4312,45147,0.49
d3_at_q4_5/X/r50,3,q4_5,X,50,ours,pymatching,rl,50000,14191,15000,4269,41152,0.19
d3_at_q4_5/X/r50,3,q4_5,X,50,ours,pymatching_correlated,rl,50000,12677,15000,3818,46088,0.54
d3_at_q4_5/X/r50,3,q4_5,X,50,google,correlated_matching,si1000,50000,13473,15000,4030,,
d3_at_q4_5/X/r50,3,q4_5,X,50,google,correlated_matching,rl,50000,12335,15000,3708,,
d3_at_q4_5/X/r50,3,q4_5,X,50,google,harmony,si1000,50000,13257,15000,3950,,
d3_at_q4_5/X/r50,3,q4_5,X,50,google,harmony,rl,50000,11876,15000,3549,,
d3_at_q4_5/X/r50,3,q4_5,X,50,google,libra,rl,50000,11768,15000,3523,,
d3_at_q4_9/X/r50,3,q4_9,X,50,ours,pymatching,si1000,50000,16178,15000,4871,38616,0.18
d3_at_q4_9/X/r50,3,q4_9,X,50,ours,pymatching_correlated,si1000,50000,14518,15000,4349,45266,0.5
d3_at_q4_9/X/r50,3,q4_9,X,50,ours,pymatching,rl,50000,16210,15000,4888,38562,0.16
d3_at_q4_9/X/r50,3,q4_9,X,50,ours,pymatching_correlated,rl,50000,14177,15000,4241,43329,0.46
d3_at_q4_9/X/r50,3,q4_9,X,50,google,correlated_matching,si1000,50000,13966,15000,4162,,
d3_at_q4_9/X/r50,3,q4_9,X,50,google,correlated_matching,rl,50000,13556,15000,4072,,
d3_at_q4_9/X/r50,3,q4_9,X,50,google,harmony,si1000,50000,13536,15000,4076,,
d3_at_q4_9/X/r50,3,q4_9,X,50,google,harmony,rl,50000,13003,15000,3889,,
d3_at_q4_9/X/r50,3,q4_9,X,50,google,libra,rl,50000,13049,15000,3901,,
d3_at_q4_5/Z/r50,3,q4_5,Z,50,ours,pymatching,si1000,50000,13674,15000,4213,39237,0.17
d3_at_q4_5/Z/r50,3,q4_5,Z,50,ours,pymatching_correlated,si1000,50000,12521,15000,3838,45344,0.48
d3_at_q4_5/Z/r50,3,q4_5,Z,50,ours,pymatching,rl,50000,13507,15000,4068,40867,0.19
d3_at_q4_5/Z/r50,3,q4_5,Z,50,ours,pymatching_correlated,rl,50000,11437,15000,3461,46197,0.52
d3_at_q4_5/Z/r50,3,q4_5,Z,50,google,correlated_matching,si1000,50000,12189,15000,3672,,
d3_at_q4_5/Z/r50,3,q4_5,Z,50,google,correlated_matching,rl,50000,11122,15000,3365,,
d3_at_q4_5/Z/r50,3,q4_5,Z,50,google,harmony,si1000,50000,11198,15000,3417,,
d3_at_q4_5/Z/r50,3,q4_5,Z,50,google,harmony,rl,50000,11035,15000,3372,,
d3_at_q4_5/Z/r50,3,q4_5,Z,50,google,libra,rl,50000,10787,15000,3297,,
d3_at_q4_9/Z/r50,3,q4_9,Z,50,ours,pymatching,si1000,50000,14286,15000,4331,39083,0.16
d3_at_q4_9/Z/r50,3,q4_9,Z,50,ours,pymatching_correlated,si1000,50000,12719,15000,3894,45016,0.47
d3_at_q4_9/Z/r50,3,q4_9,Z,50,ours,pymatching,rl,50000,14099,15000,4268,41932,0.15
d3_at_q4_9/Z/r50,3,q4_9,Z,50,ours,pymatching_correlated,rl,50000,11892,15000,3582,47271,0.45
d3_at_q4_9/Z/r50,3,q4_9,Z,50,google,correlated_matching,si1000,50000,12771,15000,3894,,
d3_at_q4_9/Z/r50,3,q4_9,Z,50,google,correlated_matching,rl,50000,11829,15000,3547,,
d3_at_q4_9/Z/r50,3,q4_9,Z,50,google,harmony,si1000,50000,11737,15000,3599,,
d3_at_q4_9/Z/r50,3,q4_9,Z,50,google,harmony,rl,50000,11481,15000,3447,,
d3_at_q4_9/Z/r50,3,q4_9,Z,50,google,libra,rl,50000,11340,15000,3398,,
d3_at_q6_11/X/r50,3,q6_11,X,50,ours,pymatching,si1000,50000,15358,15000,4634,38961,0.19
d3_at_q6_11/X/r50,3,q6_11,X,50,ours,pymatching_correlated,si1000,50000,14046,15000,4169,45435,0.52
d3_at_q6_11/X/r50,3,q6_11,X,50,ours,pymatching,rl,50000,15235,15000,4558,38682,0.19
d3_at_q6_11/X/r50,3,q6_11,X,50,ours,pymatching_correlated,rl,50000,13801,15000,4165,41346,0.53
d3_at_q6_11/X/r50,3,q6_11,X,50,google,correlated_matching,si1000,50000,13479,15000,3978,,
d3_at_q6_11/X/r50,3,q6_11,X,50,google,correlated_matching,rl,50000,12793,15000,3810,,
d3_at_q6_11/X/r50,3,q6_11,X,50,google,harmony,si1000,50000,12894,15000,3777,,
d3_at_q6_11/X/r50,3,q6_11,X,50,google,harmony,rl,50000,12288,15000,3676,,
d3_at_q6_11/X/r50,3,q6_11,X,50,google,libra,rl,50000,12131,15000,3612,,
d3_at_q6_11/Z/r50,3,q6_11,Z,50,ours,pymatching,si1000,50000,16681,15000,5129,36645,0.2
d3_at_q6_11/Z/r50,3,q6_11,Z,50,ours,pymatching_correlated,si1000,50000,15908,15000,4840,42226,0.58
d3_at_q6_11/Z/r50,3,q6_11,Z,50,ours,pymatching,rl,50000,16212,15000,5004,37802,0.19
d3_at_q6_11/Z/r50,3,q6_11,Z,50,ours,pymatching_correlated,rl,50000,14818,15000,4493,41674,0.55
d3_at_q6_11/Z/r50,3,q6_11,Z,50,google,correlated_matching,si1000,50000,14782,15000,4472,,
d3_at_q6_11/Z/r50,3,q6_11,Z,50,google,correlated_matching,rl,50000,13942,15000,4197,,
d3_at_q6_11/Z/r50,3,q6_11,Z,50,google,harmony,si1000,50000,13845,15000,4206,,
d3_at_q6_11/Z/r50,3,q6_11,Z,50,google,harmony,rl,50000,13733,15000,4108,,
d3_at_q6_11/Z/r50,3,q6_11,Z,50,google,libra,rl,50000,13506,15000,4025,,
d3_at_q6_3/Z/r50,3,q6_3,Z,50,ours,pymatching,si1000,50000,13456,15000,4063,39557,0.16
d3_at_q6_3/Z/r50,3,q6_3,Z,50,ours,pymatching_correlated,si1000,50000,11880,15000,3560,44749,0.47
d3_at_q6_3/Z/r50,3,q6_3,Z,50,ours,pymatching,rl,50000,13278,15000,3980,41006,0.16
d3_at_q6_3/Z/r50,3,q6_3,Z,50,ours,pymatching_correlated,rl,50000,11532,15000,3477,45140,0.46
d3_at_q6_3/Z/r50,3,q6_3,Z,50,google,correlated_matching,si1000,50000,11351,15000,3416,,
d3_at_q6_3/Z/r50,3,q6_3,Z,50,google,correlated_matching,rl,50000,10804,15000,3260,,
d3_at_q6_3/Z/r50,3,q6_3,Z,50,google,harmony,si1000,50000,10486,15000,3138,,
d3_at_q6_3/Z/r50,3,q6_3,Z,50,google,harmony,rl,50000,10488,15000,3135,,
d3_at_q6_3/Z/r50,3,q6_3,Z,50,google,libra,rl,50000,10367,15000,3112,,
d3_at_q6_3/X/r50,3,q6_3,X,50,ours,pymatching,si1000,50000,14132,15000,4175,40042,0.16
d3_at_q6_3/X/r50,3,q6_3,X,50,ours,pymatching_correlated,si1000,50000,12598,15000,3710,45584,0.47
d3_at_q6_3/X/r50,3,q6_3,X,50,ours,pymatching,rl,50000,14623,15000,4364,38274,0.17
d3_at_q6_3/X/r50,3,q6_3,X,50,ours,pymatching_correlated,rl,50000,12639,15000,3734,42706,0.47
d3_at_q6_3/X/r50,3,q6_3,X,50,google,correlated_matching,si1000,50000,11990,15000,3527,,
d3_at_q6_3/X/r50,3,q6_3,X,50,google,correlated_matching,rl,50000,11311,15000,3371,,
d3_at_q6_3/X/r50,3,q6_3,X,50,google,harmony,si1000,50000,11476,15000,3419,,
d3_at_q6_3/X/r50,3,q6_3,X,50,google,harmony,rl,50000,10784,15000,3199,,
d3_at_q6_3/X/r50,3,q6_3,X,50,google,libra,rl,50000,10666,15000,3160,,
d3_at_q8_5/X/r50,3,q8_5,X,50,ours,pymatching,si1000,50000,15035,15000,4523,40096,0.16
d3_at_q8_5/X/r50,3,q8_5,X,50,ours,pymatching_correlated,si1000,50000,13932,15000,4206,45967,0.46
d3_at_q8_5/X/r50,3,q8_5,X,50,ours,pymatching,rl,50000,14868,15000,4498,39799,0.15
d3_at_q8_5/X/r50,3,q8_5,X,50,ours,pymatching_correlated,rl,50000,13271,15000,4021,43432,0.43
d3_at_q8_5/X/r50,3,q8_5,X,50,google,correlated_matching,si1000,50000,13493,15000,4061,,
d3_at_q8_5/X/r50,3,q8_5,X,50,google,correlated_matching,rl,50000,12485,15000,3797,,
d3_at_q8_5/X/r50,3,q8_5,X,50,google,harmony,si1000,50000,12964,15000,3985,,
d3_at_q8_5/X/r50,3,q8_5,X,50,google,harmony,rl,50000,12418,15000,3777,,
d3_at_q8_5/X/r50,3,q8_5,X,50,google,libra,rl,50000,12346,15000,3716,,
d3_at_q8_5/Z/r50,3,q8_5,Z,50,ours,pymatching,si1000,50000,14633,15000,4377,38435,0.17
d3_at_q8_5/Z/r50,3,q8_5,Z,50,ours,pymatching_correlated,si1000,50000,12649,15000,3835,44499,0.48
d3_at_q8_5/Z/r50,3,q8_5,Z,50,ours,pymatching,rl,50000,14521,15000,4368,39212,0.16
d3_at_q8_5/Z/r50,3,q8_5,Z,50,ours,pymatching_correlated,rl,50000,12306,15000,3713,44711,0.47
d3_at_q8_5/Z/r50,3,q8_5,Z,50,google,correlated_matching,si1000,50000,12512,15000,3815,,
d3_at_q8_5/Z/r50,3,q8_5,Z,50,google,correlated_matching,rl,50000,12663,15000,3799,,
d3_at_q8_5/Z/r50,3,q8_5,Z,50,google,harmony,si1000,50000,11561,15000,3444,,
d3_at_q8_5/Z/r50,3,q8_5,Z,50,google,harmony,rl,50000,12226,15000,3716,,
d3_at_q8_5/Z/r50,3,q8_5,Z,50,google,libra,rl,50000,11939,15000,3616,,
d3_at_q6_7/Z/r50,3,q6_7,Z,50,ours,pymatching,si1000,50000,16380,15000,4915,37161,0.2
d3_at_q6_7/Z/r50,3,q6_7,Z,50,ours,pymatching_correlated,si1000,50000,15656,15000,4740,43471,0.58
d3_at_q6_7/Z/r50,3,q6_7,Z,50,ours,pymatching,rl,50000,16190,15000,4826,37468,0.19
d3_at_q6_7/Z/r50,3,q6_7,Z,50,ours,pymatching_correlated,rl,50000,14553,15000,4367,43369,0.52
d3_at_q6_7/Z/r50,3,q6_7,Z,50,google,correlated_matching,si1000,50000,15103,15000,4576,,
d3_at_q6_7/Z/r50,3,q6_7,Z,50,google,correlated_matching,rl,50000,14356,15000,4265,,
d3_at_q6_7/Z/r50,3,q6_7,Z,50,google,harmony,si1000,50000,14289,15000,4300,,
d3_at_q6_7/Z/r50,3,q6_7,Z,50,google,harmony,rl,50000,13875,15000,4157,,
d3_at_q6_7/Z/r50,3,q6_7,Z,50,google,libra,rl,50000,13529,15000,4038,,
d3_at_q6_7/X/r50,3,q6_7,X,50,ours,pymatching,si1000,50000,19189,15000,5744,35790,0.21
d3_at_q6_7/X/r50,3,q6_7,X,50,ours,pymatching_correlated,si1000,50000,18227,15000,5495,43684,0.6
d3_at_q6_7/X/r50,3,q6_7,X,50,ours,pymatching,rl,50000,18583,15000,5568,37259,0.2
d3_at_q6_7/X/r50,3,q6_7,X,50,ours,pymatching_correlated,rl,50000,17054,15000,5232,43970,0.57
d3_at_q6_7/X/r50,3,q6_7,X,50,google,correlated_matching,si1000,50000,17623,15000,5298,,
d3_at_q6_7/X/r50,3,q6_7,X,50,google,correlated_matching,rl,50000,16550,15000,5037,,
d3_at_q6_7/X/r50,3,q6_7,X,50,google,harmony,si1000,50000,17326,15000,5227,,
d3_at_q6_7/X/r50,3,q6_7,X,50,google,harmony,rl,50000,16269,15000,4942,,
d3_at_q6_7/X/r50,3,q6_7,X,50,google,libra,rl,50000,16085,15000,4864,,
d3_at_q8_9/X/r50,3,q8_9,X,50,ours,pymatching,si1000,50000,19459,15000,5980,35238,0.22
d3_at_q8_9/X/r50,3,q8_9,X,50,ours,pymatching_correlated,si1000,50000,18399,15000,5602,43068,0.65
d3_at_q8_9/X/r50,3,q8_9,X,50,ours,pymatching,rl,50000,18964,15000,5793,35780,0.21
d3_at_q8_9/X/r50,3,q8_9,X,50,ours,pymatching_correlated,rl,50000,17491,15000,5320,41223,0.6
d3_at_q8_9/X/r50,3,q8_9,X,50,google,correlated_matching,si1000,50000,17877,15000,5456,,
d3_at_q8_9/X/r50,3,q8_9,X,50,google,correlated_matching,rl,50000,16908,15000,5135,,
d3_at_q8_9/X/r50,3,q8_9,X,50,google,harmony,si1000,50000,17592,15000,5356,,
d3_at_q8_9/X/r50,3,q8_9,X,50,google,harmony,rl,50000,16452,15000,4968,,
d3_at_q8_9/X/r50,3,q8_9,X,50,google,libra,rl,50000,16305,15000,4963,,
d3_at_q8_9/Z/r50,3,q8_9,Z,50,ours,pymatching,si1000,50000,18099,15000,5414,35411,0.22
d3_at_q8_9/Z/r50,3,q8_9,Z,50,ours,pymatching_correlated,si1000,50000,16404,15000,4866,42714,0.63
d3_at_q8_9/Z/r50,3,q8_9,Z,50,ours,pymatching,rl,50000,17794,15000,5349,37836,0.22
d3_at_q8_9/Z/r50,3,q8_9,Z,50,ours,pymatching_correlated,rl,50000,15631,15000,4640,44107,0.62
d3_at_q8_9/Z/r50,3,q8_9,Z,50,google,correlated_matching,si1000,50000,16230,15000,4859,,
d3_at_q8_9/Z/r50,3,q8_9,Z,50,google,correlated_matching,rl,50000,15114,15000,4478,,
d3_at_q8_9/Z/r50,3,q8_9,Z,50,google,harmony,si1000,50000,15312,15000,4545,,
d3_at_q8_9/Z/r50,3,q8_9,Z,50,google,harmony,rl,50000,14690,15000,4385,,
d3_at_q8_9/Z/r50,3,q8_9,Z,50,google,libra,rl,50000,14550,15000,4349,,
d5_at_q4_7/X/r13,5,q4_7,X,13,ours,pymatching,si1000,50000,3448,0,0,47395,0.22
d5_at_q4_7/X/r13,5,q4_7,X,13,ours,pymatching_correlated,si1000,50000,2410,0,0,49339,0.59
d5_at_q4_7/X/r13,5,q4_7,X,13,ours,pymatching,rl,50000,3339,0,0,47534,0.22
d5_at_q4_7/X/r13,5,q4_7,X,13,ours,pymatching_correlated,rl,50000,2209,0,0,48978,0.59
d5_at_q4_7/X/r13,5,q4_7,X,13,google,correlated_matching,si1000,50000,2353,0,0,,
d5_at_q4_7/X/r13,5,q4_7,X,13,google,correlated_matching,rl,50000,2229,0,0,,
d5_at_q4_7/X/r13,5,q4_7,X,13,google,harmony,si1000,50000,2101,0,0,,
d5_at_q4_7/X/r13,5,q4_7,X,13,google,harmony,rl,50000,1992,0,0,,
d5_at_q4_7/Z/r13,5,q4_7,Z,13,ours,pymatching,si1000,50000,2863,0,0,47730,0.22
d5_at_q4_7/Z/r13,5,q4_7,Z,13,ours,pymatching_correlated,si1000,50000,1918,0,0,49449,0.6
d5_at_q4_7/Z/r13,5,q4_7,Z,13,ours,pymatching,rl,50000,2716,0,0,47842,0.22
d5_at_q4_7/Z/r13,5,q4_7,Z,13,ours,pymatching_correlated,rl,50000,1800,0,0,49268,0.61
d5_at_q4_7/Z/r13,5,q4_7,Z,13,google,correlated_matching,si1000,50000,1939,0,0,,
d5_at_q4_7/Z/r13,5,q4_7,Z,13,google,correlated_matching,rl,50000,1774,0,0,,
d5_at_q4_7/Z/r13,5,q4_7,Z,13,google,harmony,si1000,50000,1696,0,0,,
d5_at_q4_7/Z/r13,5,q4_7,Z,13,google,harmony,rl,50000,1581,0,0,,
d5_at_q6_5/X/r13,5,q6_5,X,13,ours,pymatching,si1000,50000,3581,0,0,47185,0.23
d5_at_q6_5/X/r13,5,q6_5,X,13,ours,pymatching_correlated,si1000,50000,2542,0,0,49318,0.61
d5_at_q6_5/X/r13,5,q6_5,X,13,ours,pymatching,rl,50000,3412,0,0,47301,0.22
d5_at_q6_5/X/r13,5,q6_5,X,13,ours,pymatching_correlated,rl,50000,2389,0,0,48758,0.6
d5_at_q6_5/X/r13,5,q6_5,X,13,google,correlated_matching,si1000,50000,2506,0,0,,
d5_at_q6_5/X/r13,5,q6_5,X,13,google,correlated_matching,rl,50000,2267,0,0,,
d5_at_q6_5/X/r13,5,q6_5,X,13,google,harmony,si1000,50000,2237,0,0,,
d5_at_q6_5/X/r13,5,q6_5,X,13,google,harmony,rl,50000,2060,0,0,,
d5_at_q6_5/Z/r13,5,q6_5,Z,13,ours,pymatching,si1000,50000,2963,0,0,47654,0.23
d5_at_q6_5/Z/r13,5,q6_5,Z,13,ours,pymatching_correlated,si1000,50000,2002,0,0,49377,0.62
d5_at_q6_5/Z/r13,5,q6_5,Z,13,ours,pymatching,rl,50000,2837,0,0,47748,0.23
d5_at_q6_5/Z/r13,5,q6_5,Z,13,ours,pymatching_correlated,rl,50000,1889,0,0,49228,0.61
d5_at_q6_5/Z/r13,5,q6_5,Z,13,google,correlated_matching,si1000,50000,1941,0,0,,
d5_at_q6_5/Z/r13,5,q6_5,Z,13,google,correlated_matching,rl,50000,1713,0,0,,
d5_at_q6_5/Z/r13,5,q6_5,Z,13,google,harmony,si1000,50000,1734,0,0,,
d5_at_q6_5/Z/r13,5,q6_5,Z,13,google,harmony,rl,50000,1532,0,0,,
d3_at_q10_7/Z/r30,3,q10_7,Z,30,ours,pymatching,si1000,50000,9937,15000,3047,42732,0.1
d3_at_q10_7/Z/r30,3,q10_7,Z,30,ours,pymatching_correlated,si1000,50000,8782,15000,2647,46817,0.28
d3_at_q10_7/Z/r30,3,q10_7,Z,30,ours,pymatching,rl,50000,9552,15000,2932,43367,0.11
d3_at_q10_7/Z/r30,3,q10_7,Z,30,ours,pymatching_correlated,rl,50000,8018,15000,2459,46247,0.29
d3_at_q10_7/Z/r30,3,q10_7,Z,30,google,correlated_matching,si1000,50000,8245,15000,2482,,
d3_at_q10_7/Z/r30,3,q10_7,Z,30,google,correlated_matching,rl,50000,7437,15000,2246,,
d3_at_q10_7/Z/r30,3,q10_7,Z,30,google,harmony,si1000,50000,7622,15000,2315,,
d3_at_q10_7/Z/r30,3,q10_7,Z,30,google,harmony,rl,50000,7236,15000,2210,,
d3_at_q10_7/Z/r30,3,q10_7,Z,30,google,libra,rl,50000,7178,15000,2212,,
d5_at_q6_9/X/r13,5,q6_9,X,13,ours,pymatching,si1000,50000,3936,0,0,46891,0.26
d5_at_q6_9/X/r13,5,q6_9,X,13,ours,pymatching_correlated,si1000,50000,2733,0,0,49248,0.69
d5_at_q6_9/X/r13,5,q6_9,X,13,ours,pymatching,rl,50000,3785,0,0,47051,0.26
d5_at_q6_9/X/r13,5,q6_9,X,13,ours,pymatching_correlated,rl,50000,2718,0,0,48730,0.69
d5_at_q6_9/X/r13,5,q6_9,X,13,google,correlated_matching,si1000,50000,2717,0,0,,
d5_at_q6_9/X/r13,5,q6_9,X,13,google,correlated_matching,rl,50000,2626,0,0,,
d5_at_q6_9/X/r13,5,q6_9,X,13,google,harmony,si1000,50000,2452,0,0,,
d5_at_q6_9/X/r13,5,q6_9,X,13,google,harmony,rl,50000,2347,0,0,,
d5_at_q6_9/Z/r13,5,q6_9,Z,13,ours,pymatching,si1000,50000,3750,0,0,46996,0.26
d5_at_q6_9/Z/r13,5,q6_9,Z,13,ours,pymatching_correlated,si1000,50000,2702,0,0,49152,0.7
d5_at_q6_9/Z/r13,5,q6_9,Z,13,ours,pymatching,rl,50000,3586,0,0,47213,0.27
d5_at_q6_9/Z/r13,5,q6_9,Z,13,ours,pymatching_correlated,rl,50000,2481,0,0,48874,0.71
d5_at_q6_9/Z/r13,5,q6_9,Z,13,google,correlated_matching,si1000,50000,2614,0,0,,
d5_at_q6_9/Z/r13,5,q6_9,Z,13,google,correlated_matching,rl,50000,2317,0,0,,
d5_at_q6_9/Z/r13,5,q6_9,Z,13,google,harmony,si1000,50000,2264,0,0,,
d5_at_q6_9/Z/r13,5,q6_9,Z,13,google,harmony,rl,50000,2100,0,0,,
d3_at_q10_7/X/r30,3,q10_7,X,30,ours,pymatching,si1000,50000,11019,15000,3304,42888,0.13
d3_at_q10_7/X/r30,3,q10_7,X,30,ours,pymatching_correlated,si1000,50000,9985,15000,2976,46940,0.35
d3_at_q10_7/X/r30,3,q10_7,X,30,ours,pymatching,rl,50000,10880,15000,3272,43525,0.14
d3_at_q10_7/X/r30,3,q10_7,X,30,ours,pymatching_correlated,rl,50000,9655,15000,2859,46658,0.4
d3_at_q10_7/X/r30,3,q10_7,X,30,google,correlated_matching,si1000,50000,9561,15000,2839,,
d3_at_q10_7/X/r30,3,q10_7,X,30,google,correlated_matching,rl,50000,9289,15000,2767,,
d3_at_q10_7/X/r30,3,q10_7,X,30,google,harmony,si1000,50000,9095,15000,2707,,
d3_at_q10_7/X/r30,3,q10_7,X,30,google,harmony,rl,50000,9180,15000,2786,,
d3_at_q10_7/X/r30,3,q10_7,X,30,google,libra,rl,50000,9073,15000,2741,,
d3_at_q2_7/X/r30,3,q2_7,X,30,ours,pymatching,si1000,50000,9920,15000,2981,43492,0.1
d3_at_q2_7/X/r30,3,q2_7,X,30,ours,pymatching_correlated,si1000,50000,8773,15000,2643,47561,0.27
d3_at_q2_7/X/r30,3,q2_7,X,30,ours,pymatching,rl,50000,9337,15000,2776,43806,0.09
d3_at_q2_7/X/r30,3,q2_7,X,30,ours,pymatching_correlated,rl,50000,8228,15000,2470,46773,0.26
d3_at_q2_7/X/r30,3,q2_7,X,30,google,correlated_matching,si1000,50000,8502,15000,2533,,
d3_at_q2_7/X/r30,3,q2_7,X,30,google,correlated_matching,rl,50000,7773,15000,2323,,
d3_at_q2_7/X/r30,3,q2_7,X,30,google,harmony,si1000,50000,7932,15000,2342,,
d3_at_q2_7/X/r30,3,q2_7,X,30,google,harmony,rl,50000,7820,15000,2371,,
d3_at_q2_7/X/r30,3,q2_7,X,30,google,libra,rl,50000,7633,15000,2294,,
d3_at_q2_7/Z/r30,3,q2_7,Z,30,ours,pymatching,si1000,50000,9432,15000,2815,43027,0.1
d3_at_q2_7/Z/r30,3,q2_7,Z,30,ours,pymatching_correlated,si1000,50000,8518,15000,2540,46919,0.27
d3_at_q2_7/Z/r30,3,q2_7,Z,30,ours,pymatching,rl,50000,9132,15000,2695,44237,0.09
d3_at_q2_7/Z/r30,3,q2_7,Z,30,ours,pymatching_correlated,rl,50000,7669,15000,2275,47266,0.26
d3_at_q2_7/Z/r30,3,q2_7,Z,30,google,correlated_matching,si1000,50000,8149,15000,2469,,
d3_at_q2_7/Z/r30,3,q2_7,Z,30,google,correlated_matching,rl,50000,7479,15000,2254,,
d3_at_q2_7/Z/r30,3,q2_7,Z,30,google,harmony,si1000,50000,7526,15000,2243,,
d3_at_q2_7/Z/r30,3,q2_7,Z,30,google,harmony,rl,50000,7254,15000,2194,,
d3_at_q2_7/Z/r30,3,q2_7,Z,30,google,libra,rl,50000,7126,15000,2136,,
d5_at_q8_7/X/r13,5,q8_7,X,13,ours,pymatching,si1000,50000,3932,0,0,46890,0.26
d5_at_q8_7/X/r13,5,q8_7,X,13,ours,pymatching_correlated,si1000,50000,2807,0,0,49195,0.68
d5_at_q8_7/X/r13,5,q8_7,X,13,ours,pymatching,rl,50000,3717,0,0,47136,0.25
d5_at_q8_7/X/r13,5,q8_7,X,13,ours,pymatching_correlated,rl,50000,2618,0,0,48835,0.68
d5_at_q8_7/X/r13,5,q8_7,X,13,google,correlated_matching,si1000,50000,2836,0,0,,
d5_at_q8_7/X/r13,5,q8_7,X,13,google,correlated_matching,rl,50000,2489,0,0,,
d5_at_q8_7/X/r13,5,q8_7,X,13,google,harmony,si1000,50000,2434,0,0,,
d5_at_q8_7/X/r13,5,q8_7,X,13,google,harmony,rl,50000,2284,0,0,,
d5_at_q8_7/Z/r13,5,q8_7,Z,13,ours,pymatching,si1000,50000,3508,0,0,47198,0.26
d5_at_q8_7/Z/r13,5,q8_7,Z,13,ours,pymatching_correlated,si1000,50000,2430,0,0,49274,0.66
d5_at_q8_7/Z/r13,5,q8_7,Z,13,ours,pymatching,rl,50000,3415,0,0,47160,0.25
d5_at_q8_7/Z/r13,5,q8_7,Z,13,ours,pymatching_correlated,rl,50000,2290,0,0,48863,0.69
d5_at_q8_7/Z/r13,5,q8_7,Z,13,google,correlated_matching,si1000,50000,2378,0,0,,
d5_at_q8_7/Z/r13,5,q8_7,Z,13,google,correlated_matching,rl,50000,2127,0,0,,
d5_at_q8_7/Z/r13,5,q8_7,Z,13,google,harmony,si1000,50000,2036,0,0,,
d5_at_q8_7/Z/r13,5,q8_7,Z,13,google,harmony,rl,50000,1914,0,0,,
d3_at_q4_5/Z/r30,3,q4_5,Z,30,ours,pymatching,si1000,50000,9563,15000,2862,42881,0.1
d3_at_q4_5/Z/r30,3,q4_5,Z,30,ours,pymatching_correlated,si1000,50000,8610,15000,2588,47198,0.29
d3_at_q4_5/Z/r30,3,q4_5,Z,30,ours,pymatching,rl,50000,9454,15000,2849,44006,0.11
d3_at_q4_5/Z/r30,3,q4_5,Z,30,ours,pymatching_correlated,rl,50000,7733,15000,2322,47659,0.31
d3_at_q4_5/Z/r30,3,q4_5,Z,30,google,correlated_matching,si1000,50000,8352,15000,2490,,
d3_at_q4_5/Z/r30,3,q4_5,Z,30,google,correlated_matching,rl,50000,7502,15000,2229,,
d3_at_q4_5/Z/r30,3,q4_5,Z,30,google,harmony,si1000,50000,7581,15000,2286,,
d3_at_q4_5/Z/r30,3,q4_5,Z,30,google,harmony,rl,50000,7459,15000,2231,,
d3_at_q4_5/Z/r30,3,q4_5,Z,30,google,libra,rl,50000,7241,15000,2180,,
d3_at_q4_5/X/r30,3,q4_5,X,30,ours,pymatching,si1000,50000,10827,15000,3265,42986,0.1
d3_at_q4_5/X/r30,3,q4_5,X,30,ours,pymatching_correlated,si1000,50000,9922,15000,2985,47037,0.29
d3_at_q4_5/X/r30,3,q4_5,X,30,ours,pymatching,rl,50000,9588,15000,2915,44399,0.11
d3_at_q4_5/X/r30,3,q4_5,X,30,ours,pymatching_correlated,rl,50000,8466,15000,2540,47613,0.32
d3_at_q4_5/X/r30,3,q4_5,X,30,google,correlated_matching,si1000,50000,9081,15000,2705,,
d3_at_q4_5/X/r30,3,q4_5,X,30,google,correlated_matching,rl,50000,8155,15000,2423,,
d3_at_q4_5/X/r30,3,q4_5,X,30,google,harmony,si1000,50000,8889,15000,2636,,
d3_at_q4_5/X/r30,3,q4_5,X,30,google,harmony,rl,50000,7872,15000,2314,,
d3_at_q4_5/X/r30,3,q4_5,X,30,google,libra,rl,50000,7765,15000,2294,,
d3_at_q4_9/X/r30,3,q4_9,X,30,ours,pymatching,si1000,50000,11234,15000,3315,42725,0.1
d3_at_q4_9/X/r30,3,q4_9,X,30,ours,pymatching_correlated,si1000,50000,9976,15000,2975,47167,0.29
d3_at_q4_9/X/r30,3,q4_9,X,30,ours,pymatching,rl,50000,11199,15000,3334,42745,0.1
d3_at_q4_9/X/r30,3,q4_9,X,30,ours,pymatching_correlated,rl,50000,9650,15000,2880,45940,0.27
d3_at_q4_9/X/r30,3,q4_9,X,30,google,correlated_matching,si1000,50000,9461,15000,2846,,
d3_at_q4_9/X/r30,3,q4_9,X,30,google,correlated_matching,rl,50000,9086,15000,2773,,
d3_at_q4_9/X/r30,3,q4_9,X,30,google,harmony,si1000,50000,9129,15000,2731,,
d3_at_q4_9/X/r30,3,q4_9,X,30,google,harmony,rl,50000,8802,15000,2652,,
d3_at_q4_9/X/r30,3,q4_9,X,30,google,libra,rl,50000,8678,15000,2622,,
d3_at_q4_9/Z/r30,3,q4_9,Z,30,ours,pymatching,si1000,50000,10053,15000,2992,42522,0.1
d3_at_q4_9/Z/r30,3,q4_9,Z,30,ours,pymatching_correlated,si1000,50000,9029,15000,2669,46910,0.28
d3_at_q4_9/Z/r30,3,q4_9,Z,30,ours,pymatching,rl,50000,9909,15000,2945,44666,0.1
d3_at_q4_9/Z/r30,3,q4_9,Z,30,ours,pymatching_correlated,rl,50000,8318,15000,2497,48189,0.27
d3_at_q4_9/Z/r30,3,q4_9,Z,30,google,correlated_matching,si1000,50000,8917,15000,2632,,
d3_at_q4_9/Z/r30,3,q4_9,Z,30,google,correlated_matching,rl,50000,8127,15000,2412,,
d3_at_q4_9/Z/r30,3,q4_9,Z,30,google,harmony,si1000,50000,8131,15000,2393,,
d3_at_q4_9/Z/r30,3,q4_9,Z,30,google,harmony,rl,50000,7868,15000,2328,,
d3_at_q4_9/Z/r30,3,q4_9,Z,30,google,libra,rl,50000,7785,15000,2321,,
d3_at_q6_11/X/r30,3,q6_11,X,30,ours,pymatching,si1000,50000,11107,15000,3280,42695,0.11
d3_at_q6_11/X/r30,3,q6_11,X,30,ours,pymatching_correlated,si1000,50000,9888,15000,2922,47182,0.31
d3_at_q6_11/X/r30,3,q6_11,X,30,ours,pymatching,rl,50000,10979,15000,3267,42328,0.11
d3_at_q6_11/X/r30,3,q6_11,X,30,ours,pymatching_correlated,rl,50000,9675,15000,2874,44336,0.31
d3_at_q6_11/X/r30,3,q6_11,X,30,google,correlated_matching,si1000,50000,9398,15000,2779,,
d3_at_q6_11/X/r30,3,q6_11,X,30,google,correlated_matching,rl,50000,8871,15000,2610,,
d3_at_q6_11/X/r30,3,q6_11,X,30,google,harmony,si1000,50000,8945,15000,2669,,
d3_at_q6_11/X/r30,3,q6_11,X,30,google,harmony,rl,50000,8569,15000,2551,,
d3_at_q6_11/X/r30,3,q6_11,X,30,google,libra,rl,50000,8491,15000,2503,,
d3_at_q6_11/Z/r30,3,q6_11,Z,30,ours,pymatching,si1000,50000,11845,15000,3620,40968,0.12
d3_at_q6_11/Z/r30,3,q6_11,Z,30,ours,pymatching_correlated,si1000,50000,11115,15000,3361,45358,0.34
d3_at_q6_11/Z/r30,3,q6_11,Z,30,ours,pymatching,rl,50000,11380,15000,3426,41883,0.11
d3_at_q6_11/Z/r30,3,q6_11,Z,30,ours,pymatching_correlated,rl,50000,10171,15000,3030,44886,0.31
d3_at_q6_11/Z/r30,3,q6_11,Z,30,google,correlated_matching,si1000,50000,10147,15000,3037,,
d3_at_q6_11/Z/r30,3,q6_11,Z,30,google,correlated_matching,rl,50000,9385,15000,2812,,
d3_at_q6_11/Z/r30,3,q6_11,Z,30,google,harmony,si1000,50000,9446,15000,2802,,
d3_at_q6_11/Z/r30,3,q6_11,Z,30,google,harmony,rl,50000,9218,15000,2758,,
d3_at_q6_11/Z/r30,3,q6_11,Z,30,google,libra,rl,50000,9069,15000,2725,,
d3_at_q6_3/X/r30,3,q6_3,X,30,ours,pymatching,si1000,50000,11775,15000,3590,41854,0.12
d3_at_q6_3/X/r30,3,q6_3,X,30,ours,pymatching_correlated,si1000,50000,9744,15000,2970,46879,0.33
d3_at_q6_3/X/r30,3,q6_3,X,30,ours,pymatching,rl,50000,11356,15000,3500,41243,0.12
d3_at_q6_3/X/r30,3,q6_3,X,30,ours,pymatching_correlated,rl,50000,9419,15000,2881,44994,0.33
d3_at_q6_3/X/r30,3,q6_3,X,30,google,correlated_matching,si1000,50000,9401,15000,2891,,
d3_at_q6_3/X/r30,3,q6_3,X,30,google,correlated_matching,rl,50000,8761,15000,2685,,
d3_at_q6_3/X/r30,3,q6_3,X,30,google,harmony,si1000,50000,8658,15000,2670,,
d3_at_q6_3/X/r30,3,q6_3,X,30,google,harmony,rl,50000,8102,15000,2490,,
d3_at_q6_3/X/r30,3,q6_3,X,30,google,libra,rl,50000,8049,15000,2451,,
d3_at_q6_3/Z/r30,3,q6_3,Z,30,ours,pymatching,si1000,50000,11329,15000,3421,41791,0.11
d3_at_q6_3/Z/r30,3,q6_3,Z,30,ours,pymatching_correlated,si1000,50000,9871,15000,2930,46061,0.31
d3_at_q6_3/Z/r30,3,q6_3,Z,30,ours,pymatching,rl,50000,11573,15000,3490,42887,0.11
d3_at_q6_3/Z/r30,3,q6_3,Z,30,ours,pymatching_correlated,rl,50000,10335,15000,3109,46281,0.3
d3_at_q6_3/Z/r30,3,q6_3,Z,30,google,correlated_matching,si1000,50000,9436,15000,2826,,
d3_at_q6_3/Z/r30,3,q6_3,Z,30,google,correlated_matching,rl,50000,9408,15000,2844,,
d3_at_q6_3/Z/r30,3,q6_3,Z,30,google,harmony,si1000,50000,8700,15000,2626,,
d3_at_q6_3/Z/r30,3,q6_3,Z,30,google,harmony,rl,50000,9288,15000,2848,,
d3_at_q6_3/Z/r30,3,q6_3,Z,30,google,libra,rl,50000,9160,15000,2777,,
d3_at_q8_5/X/r30,3,q8_5,X,30,ours,pymatching,si1000,50000,12836,15000,3791,41384,0.13
d3_at_q8_5/X/r30,3,q8_5,X,30,ours,pymatching_correlated,si1000,50000,11718,15000,3508,46644,0.35
d3_at_q8_5/X/r30,3,q8_5,X,30,ours,pymatching,rl,50000,13187,15000,3936,40725,0.12
d3_at_q8_5/X/r30,3,q8_5,X,30,ours,pymatching_correlated,rl,50000,11776,15000,3535,44204,0.34
d3_at_q8_5/X/r30,3,q8_5,X,30,google,correlated_matching,si1000,50000,11392,15000,3399,,
d3_at_q8_5/X/r30,3,q8_5,X,30,google,correlated_matching,rl,50000,10670,15000,3218,,
d3_at_q8_5/X/r30,3,q8_5,X,30,google,harmony,si1000,50000,10683,15000,3216,,
d3_at_q8_5/X/r30,3,q8_5,X,30,google,harmony,rl,50000,10653,15000,3191,,
d3_at_q8_5/X/r30,3,q8_5,X,30,google,libra,rl,50000,10612,15000,3194,,
d3_at_q6_7/X/r30,3,q6_7,X,30,ours,pymatching,si1000,50000,15841,15000,4844,39512,0.13
d3_at_q6_7/X/r30,3,q6_7,X,30,ours,pymatching_correlated,si1000,50000,14608,15000,4413,45701,0.39
d3_at_q6_7/X/r30,3,q6_7,X,30,ours,pymatching,rl,50000,14969,15000,4568,40797,0.13
d3_at_q6_7/X/r30,3,q6_7,X,30,ours,pymatching_correlated,rl,50000,13305,15000,4070,45893,0.36
d3_at_q6_7/X/r30,3,q6_7,X,30,google,correlated_matching,si1000,50000,13893,15000,4243,,
d3_at_q6_7/X/r30,3,q6_7,X,30,google,correlated_matching,rl,50000,12806,15000,3934,,
d3_at_q6_7/X/r30,3,q6_7,X,30,google,harmony,si1000,50000,13666,15000,4181,,
d3_at_q6_7/X/r30,3,q6_7,X,30,google,harmony,rl,50000,12464,15000,3792,,
d3_at_q6_7/X/r30,3,q6_7,X,30,google,libra,rl,50000,12256,15000,3744,,
d3_at_q6_7/Z/r30,3,q6_7,Z,30,ours,pymatching,si1000,50000,12681,15000,3807,40510,0.14
d3_at_q6_7/Z/r30,3,q6_7,Z,30,ours,pymatching_correlated,si1000,50000,12160,15000,3665,45379,0.38
d3_at_q6_7/Z/r30,3,q6_7,Z,30,ours,pymatching,rl,50000,12492,15000,3696,40820,0.12
d3_at_q6_7/Z/r30,3,q6_7,Z,30,ours,pymatching_correlated,rl,50000,10849,15000,3301,45431,0.35
d3_at_q6_7/Z/r30,3,q6_7,Z,30,google,correlated_matching,si1000,50000,11509,15000,3495,,
d3_at_q6_7/Z/r30,3,q6_7,Z,30,google,correlated_matching,rl,50000,10614,15000,3231,,
d3_at_q6_7/Z/r30,3,q6_7,Z,30,google,harmony,si1000,50000,10665,15000,3216,,
d3_at_q6_7/Z/r30,3,q6_7,Z,30,google,harmony,rl,50000,10120,15000,3114,,
d3_at_q6_7/Z/r30,3,q6_7,Z,30,google,libra,rl,50000,9892,15000,3079,,
d3_at_q8_5/Z/r30,3,q8_5,Z,30,ours,pymatching,si1000,50000,16815,15000,5038,37021,0.14
d3_at_q8_5/Z/r30,3,q8_5,Z,30,ours,pymatching_correlated,si1000,50000,14445,15000,4346,45415,0.42
d3_at_q8_5/Z/r30,3,q8_5,Z,30,ours,pymatching,rl,50000,16830,15000,5061,37088,0.13
d3_at_q8_5/Z/r30,3,q8_5,Z,30,ours,pymatching_correlated,rl,50000,13455,15000,3980,44403,0.39
d3_at_q8_5/Z/r30,3,q8_5,Z,30,google,correlated_matching,si1000,50000,14356,15000,4297,,
d3_at_q8_5/Z/r30,3,q8_5,Z,30,google,correlated_matching,rl,50000,13570,15000,4039,,
d3_at_q8_5/Z/r30,3,q8_5,Z,30,google,harmony,si1000,50000,13210,15000,3919,,
d3_at_q8_5/Z/r30,3,q8_5,Z,30,google,harmony,rl,50000,13039,15000,3879,,
d3_at_q8_5/Z/r30,3,q8_5,Z,30,google,libra,rl,50000,12730,15000,3816,,
d3_at_q8_9/X/r30,3,q8_9,X,30,ours,pymatching,si1000,50000,16185,15000,4838,38440,0.15
d3_at_q8_9/X/r30,3,q8_9,X,30,ours,pymatching_correlated,si1000,50000,14743,15000,4432,44888,0.44
d3_at_q8_9/X/r30,3,q8_9,X,30,ours,pymatching,rl,50000,15699,15000,4677,39227,0.14
d3_at_q8_9/X/r30,3,q8_9,X,30,ours,pymatching_correlated,rl,50000,14113,15000,4140,43903,0.4
d3_at_q8_9/X/r30,3,q8_9,X,30,google,correlated_matching,si1000,50000,14259,15000,4274,,
d3_at_q8_9/X/r30,3,q8_9,X,30,google,correlated_matching,rl,50000,13564,15000,4065,,
d3_at_q8_9/X/r30,3,q8_9,X,30,google,harmony,si1000,50000,13889,15000,4153,,
d3_at_q8_9/X/r30,3,q8_9,X,30,google,harmony,rl,50000,13058,15000,3888,,
d3_at_q8_9/X/r30,3,q8_9,X,30,google,libra,rl,50000,12942,15000,3847,,
d3_at_q8_9/Z/r30,3,q8_9,Z,30,ours,pymatching,si1000,50000,13581,15000,4056,39547,0.13
d3_at_q8_9/Z/r30,3,q8_9,Z,30,ours,pymatching_correlated,si1000,50000,12129,15000,3600,45285,0.38
d3_at_q8_9/Z/r30,3,q8_9,Z,30,ours,pymatching,rl,50000,13167,15000,3901,41697,0.13
d3_at_q8_9/Z/r30,3,q8_9,Z,30,ours,pymatching_correlated,rl,50000,11236,15000,3373,46178,0.38
d3_at_q8_9/Z/r30,3,q8_9,Z,30,google,correlated_matching,si1000,50000,11950,15000,3541,,
d3_at_q8_9/Z/r30,3,q8_9,Z,30,google,correlated_matching,rl,50000,10916,15000,3290,,
d3_at_q8_9/Z/r30,3,q8_9,Z,30,google,harmony,si1000,50000,11167,15000,3348,,
d3_at_q8_9/Z/r30,3,q8_9,Z,30,google,harmony,rl,50000,10635,15000,3218,,
d3_at_q8_9/Z/r30,3,q8_9,Z,30,google,libra,rl,50000,10630,15000,3231,,
d5_at_q4_7/X/r10,5,q4_7,X,10,ours,pymatching,si1000,50000,2573,15000,766,48096,0.17
d5_at_q4_7/X/r10,5,q4_7,X,10,ours,pymatching_correlated,si1000,50000,1758,15000,505,49539,0.45
d5_at_q4_7/X/r10,5,q4_7,X,10,ours,pymatching,rl,50000,2536,15000,753,48085,0.17
d5_at_q4_7/X/r10,5,q4_7,X,10,ours,pymatching_correlated,rl,50000,1649,15000,457,49184,0.45
d5_at_q4_7/X/r10,5,q4_7,X,10,google,correlated_matching,si1000,50000,1729,15000,490,,
d5_at_q4_7/X/r10,5,q4_7,X,10,google,correlated_matching,rl,50000,1647,15000,455,,
d5_at_q4_7/X/r10,5,q4_7,X,10,google,harmony,si1000,50000,1553,15000,442,,
d5_at_q4_7/X/r10,5,q4_7,X,10,google,harmony,rl,50000,1471,15000,421,,
d5_at_q4_7/X/r10,5,q4_7,X,10,google,libra,rl,50000,1430,15000,403,,
d5_at_q4_7/Z/r10,5,q4_7,Z,10,ours,pymatching,si1000,50000,2176,15000,648,48324,0.17
d5_at_q4_7/Z/r10,5,q4_7,Z,10,ours,pymatching_correlated,si1000,50000,1518,15000,459,49548,0.46
d5_at_q4_7/Z/r10,5,q4_7,Z,10,ours,pymatching,rl,50000,2087,15000,601,48384,0.17
d5_at_q4_7/Z/r10,5,q4_7,Z,10,ours,pymatching_correlated,rl,50000,1429,15000,433,49402,0.45
d5_at_q4_7/Z/r10,5,q4_7,Z,10,google,correlated_matching,si1000,50000,1494,15000,460,,
d5_at_q4_7/Z/r10,5,q4_7,Z,10,google,correlated_matching,rl,50000,1333,15000,401,,
d5_at_q4_7/Z/r10,5,q4_7,Z,10,google,harmony,si1000,50000,1311,15000,390,,
d5_at_q4_7/Z/r10,5,q4_7,Z,10,google,harmony,rl,50000,1221,15000,363,,
d5_at_q4_7/Z/r10,5,q4_7,Z,10,google,libra,rl,50000,1211,15000,367,,
d3_at_q10_7/X/r13,3,q10_7,X,13,ours,pymatching,si1000,50000,4556,0,0,47125,0.05
d3_at_q10_7/X/r13,3,q10_7,X,13,ours,pymatching_correlated,si1000,50000,3873,0,0,49052,0.13
d3_at_q10_7/X/r13,3,q10_7,X,13,ours,pymatching,rl,50000,4151,0,0,47631,0.05
d3_at_q10_7/X/r13,3,q10_7,X,13,ours,pymatching_correlated,rl,50000,3602,0,0,48910,0.13
d3_at_q10_7/X/r13,3,q10_7,X,13,google,correlated_matching,si1000,50000,3691,0,0,,
d3_at_q10_7/X/r13,3,q10_7,X,13,google,correlated_matching,rl,50000,3444,0,0,,
d3_at_q10_7/X/r13,3,q10_7,X,13,google,harmony,si1000,50000,3545,0,0,,
d3_at_q10_7/X/r13,3,q10_7,X,13,google,harmony,rl,50000,3367,0,0,,
d3_at_q10_7/Z/r13,3,q10_7,Z,13,ours,pymatching,si1000,50000,5280,0,0,46255,0.05
d3_at_q10_7/Z/r13,3,q10_7,Z,13,ours,pymatching_correlated,si1000,50000,4826,0,0,48265,0.12
d3_at_q10_7/Z/r13,3,q10_7,Z,13,ours,pymatching,rl,50000,4575,0,0,47007,0.05
d3_at_q10_7/Z/r13,3,q10_7,Z,13,ours,pymatching_correlated,rl,50000,3968,0,0,48222,0.13
d3_at_q10_7/Z/r13,3,q10_7,Z,13,google,correlated_matching,si1000,50000,4137,0,0,,
d3_at_q10_7/Z/r13,3,q10_7,Z,13,google,correlated_matching,rl,50000,3502,0,0,,
d3_at_q10_7/Z/r13,3,q10_7,Z,13,google,harmony,si1000,50000,3735,0,0,,
d3_at_q10_7/Z/r13,3,q10_7,Z,13,google,harmony,rl,50000,3429,0,0,,
d5_at_q6_5/X/r10,5,q6_5,X,10,ours,pymatching,si1000,50000,2796,15000,818,47895,0.18
d5_at_q6_5/X/r10,5,q6_5,X,10,ours,pymatching_correlated,si1000,50000,1952,15000,567,49473,0.47
d5_at_q6_5/X/r10,5,q6_5,X,10,ours,pymatching,rl,50000,2652,15000,779,47908,0.17
d5_at_q6_5/X/r10,5,q6_5,X,10,ours,pymatching_correlated,rl,50000,1911,15000,544,49025,0.47
d5_at_q6_5/X/r10,5,q6_5,X,10,google,correlated_matching,si1000,50000,1905,15000,544,,
d5_at_q6_5/X/r10,5,q6_5,X,10,google,correlated_matching,rl,50000,1832,15000,531,,
d5_at_q6_5/X/r10,5,q6_5,X,10,google,harmony,si1000,50000,1799,15000,512,,
d5_at_q6_5/X/r10,5,q6_5,X,10,google,harmony,rl,50000,1655,15000,487,,
d5_at_q6_5/X/r10,5,q6_5,X,10,google,libra,rl,50000,1612,15000,480,,
d5_at_q6_5/Z/r10,5,q6_5,Z,10,ours,pymatching,si1000,50000,2230,15000,636,48226,0.18
d5_at_q6_5/Z/r10,5,q6_5,Z,10,ours,pymatching_correlated,si1000,50000,1541,15000,442,49587,0.46
d5_at_q6_5/Z/r10,5,q6_5,Z,10,ours,pymatching,rl,50000,2116,15000,586,48317,0.17
d5_at_q6_5/Z/r10,5,q6_5,Z,10,ours,pymatching_correlated,rl,50000,1388,15000,409,49387,0.45
d5_at_q6_5/Z/r10,5,q6_5,Z,10,google,correlated_matching,si1000,50000,1518,15000,419,,
d5_at_q6_5/Z/r10,5,q6_5,Z,10,google,correlated_matching,rl,50000,1277,15000,365,,
d5_at_q6_5/Z/r10,5,q6_5,Z,10,google,harmony,si1000,50000,1327,15000,386,,
d5_at_q6_5/Z/r10,5,q6_5,Z,10,google,harmony,rl,50000,1156,15000,343,,
d5_at_q6_5/Z/r10,5,q6_5,Z,10,google,libra,rl,50000,1131,15000,335,,
d5_at_q6_9/X/r10,5,q6_9,X,10,ours,pymatching,si1000,50000,2913,15000,837,47791,0.19
d5_at_q6_9/X/r10,5,q6_9,X,10,ours,pymatching_correlated,si1000,50000,2048,15000,604,49462,0.51
d5_at_q6_9/X/r10,5,q6_9,X,10,ours,pymatching,rl,50000,2880,15000,863,47798,0.19
d5_at_q6_9/X/r10,5,q6_9,X,10,ours,pymatching_correlated,rl,50000,2040,15000,613,49026,0.53
d5_at_q6_9/X/r10,5,q6_9,X,10,google,correlated_matching,si1000,50000,2018,15000,602,,
d5_at_q6_9/X/r10,5,q6_9,X,10,google,correlated_matching,rl,50000,1974,15000,607,,
d5_at_q6_9/X/r10,5,q6_9,X,10,google,harmony,si1000,50000,1818,15000,538,,
d5_at_q6_9/X/r10,5,q6_9,X,10,google,harmony,rl,50000,1821,15000,543,,
d5_at_q6_9/X/r10,5,q6_9,X,10,google,libra,rl,50000,1740,15000,521,,
d3_at_q2_7/X/r13,3,q2_7,X,13,ours,pymatching,si1000,50000,4760,0,0,47132,0.04
d3_at_q2_7/X/r13,3,q2_7,X,13,ours,pymatching_correlated,si1000,50000,4208,0,0,49076,0.11
d3_at_q2_7/X/r13,3,q2_7,X,13,ours,pymatching,rl,50000,4534,0,0,47280,0.04
d3_at_q2_7/X/r13,3,q2_7,X,13,ours,pymatching_correlated,rl,50000,3937,0,0,48745,0.11
d3_at_q2_7/X/r13,3,q2_7,X,13,google,correlated_matching,si1000,50000,4056,0,0,,
d3_at_q2_7/X/r13,3,q2_7,X,13,google,correlated_matching,rl,50000,3628,0,0,,
d3_at_q2_7/X/r13,3,q2_7,X,13,google,harmony,si1000,50000,3842,0,0,,
d3_at_q2_7/X/r13,3,q2_7,X,13,google,harmony,rl,50000,3655,0,0,,
d3_at_q2_7/Z/r13,3,q2_7,Z,13,ours,pymatching,si1000,50000,4541,0,0,46946,0.04
d3_at_q2_7/Z/r13,3,q2_7,Z,13,ours,pymatching_correlated,si1000,50000,4093,0,0,48712,0.11
d3_at_q2_7/Z/r13,3,q2_7,Z,13,ours,pymatching,rl,50000,4309,0,0,47504,0.04
d3_at_q2_7/Z/r13,3,q2_7,Z,13,ours,pymatching_correlated,rl,50000,3537,0,0,48830,0.1
d3_at_q2_7/Z/r13,3,q2_7,Z,13,google,correlated_matching,si1000,50000,3893,0,0,,
d3_at_q2_7/Z/r13,3,q2_7,Z,13,google,correlated_matching,rl,50000,3389,0,0,,
d3_at_q2_7/Z/r13,3,q2_7,Z,13,google,harmony,si1000,50000,3584,0,0,,
d3_at_q2_7/Z/r13,3,q2_7,Z,13,google,harmony,rl,50000,3262,0,0,,
d3_at_q4_5/Z/r13,3,q4_5,Z,13,ours,pymatching,si1000,50000,4511,0,0,46804,0.04
d3_at_q4_5/Z/r13,3,q4_5,Z,13,ours,pymatching_correlated,si1000,50000,3994,0,0,48829,0.12
d3_at_q4_5/Z/r13,3,q4_5,Z,13,ours,pymatching,rl,50000,4339,0,0,47453,0.05
d3_at_q4_5/Z/r13,3,q4_5,Z,13,ours,pymatching_correlated,rl,50000,3488,0,0,49006,0.13
d3_at_q4_5/Z/r13,3,q4_5,Z,13,google,correlated_matching,si1000,50000,3899,0,0,,
d3_at_q4_5/Z/r13,3,q4_5,Z,13,google,correlated_matching,rl,50000,3374,0,0,,
d3_at_q4_5/Z/r13,3,q4_5,Z,13,google,harmony,si1000,50000,3526,0,0,,
d3_at_q4_5/Z/r13,3,q4_5,Z,13,google,harmony,rl,50000,3322,0,0,,
d3_at_q4_5/X/r13,3,q4_5,X,13,ours,pymatching,si1000,50000,5572,0,0,46668,0.05
d3_at_q4_5/X/r13,3,q4_5,X,13,ours,pymatching_correlated,si1000,50000,5052,0,0,48732,0.13
d3_at_q4_5/X/r13,3,q4_5,X,13,ours,pymatching,rl,50000,4994,0,0,47477,0.05
d3_at_q4_5/X/r13,3,q4_5,X,13,ours,pymatching_correlated,rl,50000,4349,0,0,48948,0.14
d3_at_q4_5/X/r13,3,q4_5,X,13,google,correlated_matching,si1000,50000,4690,0,0,,
d3_at_q4_5/X/r13,3,q4_5,X,13,google,correlated_matching,rl,50000,4195,0,0,,
d3_at_q4_5/X/r13,3,q4_5,X,13,google,harmony,si1000,50000,4441,0,0,,
d3_at_q4_5/X/r13,3,q4_5,X,13,google,harmony,rl,50000,4029,0,0,,
d5_at_q6_9/Z/r10,5,q6_9,Z,10,ours,pymatching,si1000,50000,2858,15000,837,47640,0.2
d5_at_q6_9/Z/r10,5,q6_9,Z,10,ours,pymatching_correlated,si1000,50000,2148,15000,633,49358,0.55
d5_at_q6_9/Z/r10,5,q6_9,Z,10,ours,pymatching,rl,50000,2756,15000,800,47812,0.2
d5_at_q6_9/Z/r10,5,q6_9,Z,10,ours,pymatching_correlated,rl,50000,2019,15000,576,49167,0.55
d5_at_q6_9/Z/r10,5,q6_9,Z,10,google,correlated_matching,si1000,50000,2074,15000,607,,
d5_at_q6_9/Z/r10,5,q6_9,Z,10,google,correlated_matching,rl,50000,1922,15000,553,,
d5_at_q6_9/Z/r10,5,q6_9,Z,10,google,harmony,si1000,50000,1855,15000,541,,
d5_at_q6_9/Z/r10,5,q6_9,Z,10,google,harmony,rl,50000,1726,15000,509,,
d5_at_q6_9/Z/r10,5,q6_9,Z,10,google,libra,rl,50000,1650,15000,489,,
d3_at_q4_9/X/r13,3,q4_9,X,13,ours,pymatching,si1000,50000,5470,0,0,46756,0.04
d3_at_q4_9/X/r13,3,q4_9,X,13,ours,pymatching_correlated,si1000,50000,4729,0,0,48861,0.12
d3_at_q4_9/X/r13,3,q4_9,X,13,ours,pymatching,rl,50000,5481,0,0,46763,0.04
d3_at_q4_9/X/r13,3,q4_9,X,13,ours,pymatching_correlated,rl,50000,4538,0,0,48232,0.12
d3_at_q4_9/X/r13,3,q4_9,X,13,google,correlated_matching,si1000,50000,4510,0,0,,
d3_at_q4_9/X/r13,3,q4_9,X,13,google,correlated_matching,rl,50000,4280,0,0,,
d3_at_q4_9/X/r13,3,q4_9,X,13,google,harmony,si1000,50000,4245,0,0,,
d3_at_q4_9/X/r13,3,q4_9,X,13,google,harmony,rl,50000,4069,0,0,,
d3_at_q4_9/Z/r13,3,q4_9,Z,13,ours,pymatching,si1000,50000,4737,0,0,46722,0.04
d3_at_q4_9/Z/r13,3,q4_9,Z,13,ours,pymatching_correlated,si1000,50000,4279,0,0,48626,0.12
d3_at_q4_9/Z/r13,3,q4_9,Z,13,ours,pymatching,rl,50000,4610,0,0,47730,0.04
d3_at_q4_9/Z/r13,3,q4_9,Z,13,ours,pymatching_correlated,rl,50000,3902,0,0,49250,0.12
d3_at_q4_9/Z/r13,3,q4_9,Z,13,google,correlated_matching,si1000,50000,4199,0,0,,
d3_at_q4_9/Z/r13,3,q4_9,Z,13,google,correlated_matching,rl,50000,3842,0,0,,
d3_at_q4_9/Z/r13,3,q4_9,Z,13,google,harmony,si1000,50000,3849,0,0,,
d3_at_q4_9/Z/r13,3,q4_9,Z,13,google,harmony,rl,50000,3746,0,0,,
d5_at_q8_7/X/r10,5,q8_7,X,10,ours,pymatching,si1000,50000,3115,15000,918,47612,0.19
d5_at_q8_7/X/r10,5,q8_7,X,10,ours,pymatching_correlated,si1000,50000,2242,15000,661,49375,0.52
d5_at_q8_7/X/r10,5,q8_7,X,10,ours,pymatching,rl,50000,2992,15000,882,47804,0.2
d5_at_q8_7/X/r10,5,q8_7,X,10,ours,pymatching_correlated,rl,50000,2111,15000,639,49071,0.53
d5_at_q8_7/X/r10,5,q8_7,X,10,google,correlated_matching,si1000,50000,2241,15000,644,,
d5_at_q8_7/X/r10,5,q8_7,X,10,google,correlated_matching,rl,50000,2016,15000,582,,
d5_at_q8_7/X/r10,5,q8_7,X,10,google,harmony,si1000,50000,1978,15000,576,,
d5_at_q8_7/X/r10,5,q8_7,X,10,google,harmony,rl,50000,1853,15000,548,,
d5_at_q8_7/X/r10,5,q8_7,X,10,google,libra,rl,50000,1796,15000,549,,
d3_at_q6_11/X/r13,3,q6_11,X,13,ours,pymatching,si1000,50000,5678,0,0,46442,0.05
d3_at_q6_11/X/r13,3,q6_11,X,13,ours,pymatching_correlated,si1000,50000,4934,0,0,48804,0.13
d3_at_q6_11/X/r13,3,q6_11,X,13,ours,pymatching,rl,50000,5487,0,0,46342,0.05
d3_at_q6_11/X/r13,3,q6_11,X,13,ours,pymatching_correlated,rl,50000,4816,0,0,47273,0.14
d3_at_q6_11/X/r13,3,q6_11,X,13,google,correlated_matching,si1000,50000,4772,0,0,,
d3_at_q6_11/X/r13,3,q6_11,X,13,google,correlated_matching,rl,50000,4391,0,0,,
d3_at_q6_11/X/r13,3,q6_11,X,13,google,harmony,si1000,50000,4509,0,0,,
d3_at_q6_11/X/r13,3,q6_11,X,13,google,harmony,rl,50000,4235,0,0,,
d5_at_q8_7/Z/r10,5,q8_7,Z,10,ours,pymatching,si1000,50000,2881,15000,855,47744,0.19
d5_at_q8_7/Z/r10,5,q8_7,Z,10,ours,pymatching_correlated,si1000,50000,2054,15000,605,49419,0.51
d5_at_q8_7/Z/r10,5,q8_7,Z,10,ours,pymatching,rl,50000,2774,15000,811,47865,0.19
d5_at_q8_7/Z/r10,5,q8_7,Z,10,ours,pymatching_correlated,rl,50000,1894,15000,554,49103,0.51
d5_at_q8_7/Z/r10,5,q8_7,Z,10,google,correlated_matching,si1000,50000,1949,15000,563,,
d5_at_q8_7/Z/r10,5,q8_7,Z,10,google,correlated_matching,rl,50000,1773,15000,522,,
d5_at_q8_7/Z/r10,5,q8_7,Z,10,google,harmony,si1000,50000,1715,15000,498,,
d5_at_q8_7/Z/r10,5,q8_7,Z,10,google,harmony,rl,50000,1608,15000,475,,
d5_at_q8_7/Z/r10,5,q8_7,Z,10,google,libra,rl,50000,1562,15000,464,,
d3_at_q6_3/X/r13,3,q6_3,X,13,ours,pymatching,si1000,50000,4890,0,0,46984,0.04
d3_at_q6_3/X/r13,3,q6_3,X,13,ours,pymatching_correlated,si1000,50000,4185,0,0,48919,0.12
d3_at_q6_3/X/r13,3,q6_3,X,13,ours,pymatching,rl,50000,5034,0,0,46293,0.04
d3_at_q6_3/X/r13,3,q6_3,X,13,ours,pymatching_correlated,rl,50000,4077,0,0,47940,0.12
d3_at_q6_3/X/r13,3,q6_3,X,13,google,correlated_matching,si1000,50000,3940,0,0,,
d3_at_q6_3/X/r13,3,q6_3,X,13,google,correlated_matching,rl,50000,3613,0,0,,
d3_at_q6_3/X/r13,3,q6_3,X,13,google,harmony,si1000,50000,3726,0,0,,
d3_at_q6_3/X/r13,3,q6_3,X,13,google,harmony,rl,50000,3426,0,0,,
d3_at_q6_11/Z/r13,3,q6_11,Z,13,ours,pymatching,si1000,50000,5800,0,0,45856,0.05
d3_at_q6_11/Z/r13,3,q6_11,Z,13,ours,pymatching_correlated,si1000,50000,5262,0,0,47972,0.14
d3_at_q6_11/Z/r13,3,q6_11,Z,13,ours,pymatching,rl,50000,5478,0,0,46305,0.05
d3_at_q6_11/Z/r13,3,q6_11,Z,13,ours,pymatching_correlated,rl,50000,4739,0,0,47732,0.13
d3_at_q6_11/Z/r13,3,q6_11,Z,13,google,correlated_matching,si1000,50000,4788,0,0,,
d3_at_q6_11/Z/r13,3,q6_11,Z,13,google,correlated_matching,rl,50000,4305,0,0,,
d3_at_q6_11/Z/r13,3,q6_11,Z,13,google,harmony,si1000,50000,4396,0,0,,
d3_at_q6_11/Z/r13,3,q6_11,Z,13,google,harmony,rl,50000,4274,0,0,,
d3_at_q6_3/Z/r13,3,q6_3,Z,13,ours,pymatching,si1000,50000,4568,0,0,46792,0.04
d3_at_q6_3/Z/r13,3,q6_3,Z,13,ours,pymatching_correlated,si1000,50000,3977,0,0,48665,0.12
d3_at_q6_3/Z/r13,3,q6_3,Z,13,ours,pymatching,rl,50000,4446,0,0,47311,0.04
d3_at_q6_3/Z/r13,3,q6_3,Z,13,ours,pymatching_correlated,rl,50000,3533,0,0,48680,0.11
d3_at_q6_3/Z/r13,3,q6_3,Z,13,google,correlated_matching,si1000,50000,3836,0,0,,
d3_at_q6_3/Z/r13,3,q6_3,Z,13,google,correlated_matching,rl,50000,3411,0,0,,
d3_at_q6_3/Z/r13,3,q6_3,Z,13,google,harmony,si1000,50000,3446,0,0,,
d3_at_q6_3/Z/r13,3,q6_3,Z,13,google,harmony,rl,50000,3161,0,0,,
d3_at_q6_7/X/r13,3,q6_7,X,13,ours,pymatching,si1000,50000,7930,0,0,45400,0.05
d3_at_q6_7/X/r13,3,q6_7,X,13,ours,pymatching_correlated,si1000,50000,7352,0,0,48382,0.14
d3_at_q6_7/X/r13,3,q6_7,X,13,ours,pymatching,rl,50000,7432,0,0,45960,0.05
d3_at_q6_7/X/r13,3,q6_7,X,13,ours,pymatching_correlated,rl,50000,6444,0,0,48380,0.14
d3_at_q6_7/X/r13,3,q6_7,X,13,google,correlated_matching,si1000,50000,7014,0,0,,
d3_at_q6_7/X/r13,3,q6_7,X,13,google,correlated_matching,rl,50000,6262,0,0,,
d3_at_q6_7/X/r13,3,q6_7,X,13,google,harmony,si1000,50000,6755,0,0,,
d3_at_q6_7/X/r13,3,q6_7,X,13,google,harmony,rl,50000,6043,0,0,,
d3_at_q8_5/X/r13,3,q8_5,X,13,ours,pymatching,si1000,50000,5245,0,0,47010,0.04
d3_at_q8_5/X/r13,3,q8_5,X,13,ours,pymatching_correlated,si1000,50000,4627,0,0,48978,0.11
d3_at_q8_5/X/r13,3,q8_5,X,13,ours,pymatching,rl,50000,5064,0,0,46894,0.04
d3_at_q8_5/X/r13,3,q8_5,X,13,ours,pymatching_correlated,rl,50000,4295,0,0,48165,0.11
d3_at_q8_5/X/r13,3,q8_5,X,13,google,correlated_matching,si1000,50000,4427,0,0,,
d3_at_q8_5/X/r13,3,q8_5,X,13,google,correlated_matching,rl,50000,4026,0,0,,
d3_at_q8_5/X/r13,3,q8_5,X,13,google,harmony,si1000,50000,4252,0,0,,
d3_at_q8_5/X/r13,3,q8_5,X,13,google,harmony,rl,50000,3949,0,0,,
d3_at_q6_7/Z/r13,3,q6_7,Z,13,ours,pymatching,si1000,50000,5896,0,0,46052,0.05
d3_at_q6_7/Z/r13,3,q6_7,Z,13,ours,pymatching_correlated,si1000,50000,5525,0,0,48333,0.14
d3_at_q6_7/Z/r13,3,q6_7,Z,13,ours,pymatching,rl,50000,5819,0,0,46161,0.04
d3_at_q6_7/Z/r13,3,q6_7,Z,13,ours,pymatching_correlated,rl,50000,5011,0,0,48281,0.13
d3_at_q6_7/Z/r13,3,q6_7,Z,13,google,correlated_matching,si1000,50000,5328,0,0,,
d3_at_q6_7/Z/r13,3,q6_7,Z,13,google,correlated_matching,rl,50000,4944,0,0,,
d3_at_q6_7/Z/r13,3,q6_7,Z,13,google,harmony,si1000,50000,4915,0,0,,
d3_at_q6_7/Z/r13,3,q6_7,Z,13,google,harmony,rl,50000,4771,0,0,,
d3_at_q8_5/Z/r13,3,q8_5,Z,13,ours,pymatching,si1000,50000,4263,0,0,46956,0.04
d3_at_q8_5/Z/r13,3,q8_5,Z,13,ours,pymatching_correlated,si1000,50000,3693,0,0,48732,0.11
d3_at_q8_5/Z/r13,3,q8_5,Z,13,ours,pymatching,rl,50000,4185,0,0,47245,0.04
d3_at_q8_5/Z/r13,3,q8_5,Z,13,ours,pymatching_correlated,rl,50000,3425,0,0,48793,0.11
d3_at_q8_5/Z/r13,3,q8_5,Z,13,google,correlated_matching,si1000,50000,3525,0,0,,
d3_at_q8_5/Z/r13,3,q8_5,Z,13,google,correlated_matching,rl,50000,3320,0,0,,
d3_at_q8_5/Z/r13,3,q8_5,Z,13,google,harmony,si1000,50000,3163,0,0,,
d3_at_q8_5/Z/r13,3,q8_5,Z,13,google,harmony,rl,50000,3212,0,0,,
d3_at_q10_7/X/r10,3,q10_7,X,10,ours,pymatching,si1000,50000,3537,15000,1012,47915,0.03
d3_at_q10_7/X/r10,3,q10_7,X,10,ours,pymatching_correlated,si1000,50000,3003,15000,853,49283,0.09
d3_at_q10_7/X/r10,3,q10_7,X,10,ours,pymatching,rl,50000,3228,15000,917,48229,0.03
d3_at_q10_7/X/r10,3,q10_7,X,10,ours,pymatching_correlated,rl,50000,2708,15000,756,49165,0.09
d3_at_q10_7/X/r10,3,q10_7,X,10,google,correlated_matching,si1000,50000,2834,15000,795,,
d3_at_q10_7/X/r10,3,q10_7,X,10,google,correlated_matching,rl,50000,2585,15000,724,,
d3_at_q10_7/X/r10,3,q10_7,X,10,google,harmony,si1000,50000,2693,15000,757,,
d3_at_q10_7/X/r10,3,q10_7,X,10,google,harmony,rl,50000,2489,15000,699,,
d3_at_q10_7/X/r10,3,q10_7,X,10,google,libra,rl,50000,2454,15000,686,,
d3_at_q10_7/Z/r10,3,q10_7,Z,10,ours,pymatching,si1000,50000,3992,15000,1194,47332,0.03
d3_at_q10_7/Z/r10,3,q10_7,Z,10,ours,pymatching_correlated,si1000,50000,3536,15000,1050,48850,0.09
d3_at_q10_7/Z/r10,3,q10_7,Z,10,ours,pymatching,rl,50000,3630,15000,1084,47767,0.04
d3_at_q10_7/Z/r10,3,q10_7,Z,10,ours,pymatching_correlated,rl,50000,3073,15000,922,48762,0.09
d3_at_q10_7/Z/r10,3,q10_7,Z,10,google,correlated_matching,si1000,50000,3162,15000,941,,
d3_at_q10_7/Z/r10,3,q10_7,Z,10,google,correlated_matching,rl,50000,2811,15000,837,,
d3_at_q10_7/Z/r10,3,q10_7,Z,10,google,harmony,si1000,50000,2927,15000,861,,
d3_at_q10_7/Z/r10,3,q10_7,Z,10,google,harmony,rl,50000,2776,15000,827,,
d3_at_q10_7/Z/r10,3,q10_7,Z,10,google,libra,rl,50000,2730,15000,802,,
d3_at_q2_7/X/r10,3,q2_7,X,10,ours,pymatching,si1000,50000,3558,15000,1051,47866,0.03
d3_at_q2_7/X/r10,3,q2_7,X,10,ours,pymatching_correlated,si1000,50000,3235,15000,964,49303,0.08
d3_at_q2_7/X/r10,3,q2_7,X,10,ours,pymatching,rl,50000,3333,15000,980,47983,0.03
d3_at_q2_7/X/r10,3,q2_7,X,10,ours,pymatching_correlated,rl,50000,2986,15000,867,48978,0.08
d3_at_q2_7/X/r10,3,q2_7,X,10,google,correlated_matching,si1000,50000,3050,15000,917,,
d3_at_q2_7/X/r10,3,q2_7,X,10,google,correlated_matching,rl,50000,2806,15000,832,,
d3_at_q2_7/X/r10,3,q2_7,X,10,google,harmony,si1000,50000,2887,15000,871,,
d3_at_q2_7/X/r10,3,q2_7,X,10,google,harmony,rl,50000,2855,15000,850,,
d3_at_q2_7/X/r10,3,q2_7,X,10,google,libra,rl,50000,2732,15000,812,,
d3_at_q8_9/X/r13,3,q8_9,X,13,ours,pymatching,si1000,50000,7925,0,0,45129,0.06
d3_at_q8_9/X/r13,3,q8_9,X,13,ours,pymatching_correlated,si1000,50000,7178,0,0,48162,0.16
d3_at_q8_9/X/r13,3,q8_9,X,13,ours,pymatching,rl,50000,7694,0,0,45375,0.06
d3_at_q8_9/X/r13,3,q8_9,X,13,ours,pymatching_correlated,rl,50000,6582,0,0,47517,0.15
d3_at_q8_9/X/r13,3,q8_9,X,13,google,correlated_matching,si1000,50000,6828,0,0,,
d3_at_q8_9/X/r13,3,q8_9,X,13,google,correlated_matching,rl,50000,6271,0,0,,
d3_at_q8_9/X/r13,3,q8_9,X,13,google,harmony,si1000,50000,6644,0,0,,
d3_at_q8_9/X/r13,3,q8_9,X,13,google,harmony,rl,50000,6100,0,0,,
d3_at_q2_7/Z/r10,3,q2_7,Z,10,ours,pymatching,si1000,50000,3475,15000,1037,47748,0.03
d3_at_q2_7/Z/r10,3,q2_7,Z,10,ours,pymatching_correlated,si1000,50000,3085,15000,905,49166,0.08
d3_at_q2_7/Z/r10,3,q2_7,Z,10,ours,pymatching,rl,50000,3353,15000,981,48142,0.03
d3_at_q2_7/Z/r10,3,q2_7,Z,10,ours,pymatching_correlated,rl,50000,2786,15000,823,49065,0.08
d3_at_q2_7/Z/r10,3,q2_7,Z,10,google,correlated_matching,si1000,50000,2947,15000,899,,
d3_at_q2_7/Z/r10,3,q2_7,Z,10,google,correlated_matching,rl,50000,2661,15000,789,,
d3_at_q2_7/Z/r10,3,q2_7,Z,10,google,harmony,si1000,50000,2708,15000,816,,
d3_at_q2_7/Z/r10,3,q2_7,Z,10,google,harmony,rl,50000,2630,15000,767,,
d3_at_q2_7/Z/r10,3,q2_7,Z,10,google,libra,rl,50000,2595,15000,749,,
d3_at_q8_9/Z/r13,3,q8_9,Z,13,ours,pymatching,si1000,50000,7270,0,0,44749,0.06
d3_at_q8_9/Z/r13,3,q8_9,Z,13,ours,pymatching_correlated,si1000,50000,6303,0,0,47904,0.17
d3_at_q8_9/Z/r13,3,q8_9,Z,13,ours,pymatching,rl,50000,6853,0,0,46047,0.06
d3_at_q8_9/Z/r13,3,q8_9,Z,13,ours,pymatching_correlated,rl,50000,5653,0,0,48243,0.17
d3_at_q8_9/Z/r13,3,q8_9,Z,13,google,correlated_matching,si1000,50000,6135,0,0,,
d3_at_q8_9/Z/r13,3,q8_9,Z,13,google,correlated_matching,rl,50000,5454,0,0,,
d3_at_q8_9/Z/r13,3,q8_9,Z,13,google,harmony,si1000,50000,5627,0,0,,
d3_at_q8_9/Z/r13,3,q8_9,Z,13,google,harmony,rl,50000,5242,0,0,,
d3_at_q4_5/X/r10,3,q4_5,X,10,ours,pymatching,si1000,50000,4258,15000,1278,47555,0.04
d3_at_q4_5/X/r10,3,q4_5,X,10,ours,pymatching_correlated,si1000,50000,3760,15000,1112,49141,0.1
d3_at_q4_5/X/r10,3,q4_5,X,10,ours,pymatching,rl,50000,3779,15000,1133,48021,0.04
d3_at_q4_5/X/r10,3,q4_5,X,10,ours,pymatching_correlated,rl,50000,3288,15000,995,49128,0.1
d3_at_q4_5/X/r10,3,q4_5,X,10,google,correlated_matching,si1000,50000,3471,15000,1028,,
d3_at_q4_5/X/r10,3,q4_5,X,10,google,correlated_matching,rl,50000,3196,15000,958,,
d3_at_q4_5/X/r10,3,q4_5,X,10,google,harmony,si1000,50000,3397,15000,997,,
d3_at_q4_5/X/r10,3,q4_5,X,10,google,harmony,rl,50000,3084,15000,939,,
d3_at_q4_5/X/r10,3,q4_5,X,10,google,libra,rl,50000,3055,15000,917,,
d3_at_q4_9/X/r10,3,q4_9,X,10,ours,pymatching,si1000,50000,4167,15000,1310,47556,0.03
d3_at_q4_9/X/r10,3,q4_9,X,10,ours,pymatching_correlated,si1000,50000,3602,15000,1125,49151,0.09
d3_at_q4_9/X/r10,3,q4_9,X,10,ours,pymatching,rl,50000,4210,15000,1311,47542,0.03
d3_at_q4_9/X/r10,3,q4_9,X,10,ours,pymatching_correlated,rl,50000,3520,15000,1106,48658,0.08
d3_at_q4_9/X/r10,3,q4_9,X,10,google,correlated_matching,si1000,50000,3461,15000,1092,,
d3_at_q4_9/X/r10,3,q4_9,X,10,google,correlated_matching,rl,50000,3300,15000,1034,,
d3_at_q4_9/X/r10,3,q4_9,X,10,google,harmony,si1000,50000,3265,15000,1016,,
d3_at_q4_9/X/r10,3,q4_9,X,10,google,harmony,rl,50000,3191,15000,998,,
d3_at_q4_9/X/r10,3,q4_9,X,10,google,libra,rl,50000,3143,15000,976,,
d3_at_q4_5/Z/r10,3,q4_5,Z,10,ours,pymatching,si1000,50000,3635,15000,1115,47469,0.03
d3_at_q4_5/Z/r10,3,q4_5,Z,10,ours,pymatching_correlated,si1000,50000,3197,15000,987,49035,0.09
d3_at_q4_5/Z/r10,3,q4_5,Z,10,ours,pymatching,rl,50000,3498,15000,1052,48013,0.04
d3_at_q4_5/Z/r10,3,q4_5,Z,10,ours,pymatching_correlated,rl,50000,2827,15000,881,49260,0.1
d3_at_q4_5/Z/r10,3,q4_5,Z,10,google,correlated_matching,si1000,50000,3004,15000,905,,
d3_at_q4_5/Z/r10,3,q4_5,Z,10,google,correlated_matching,rl,50000,2685,15000,835,,
d3_at_q4_5/Z/r10,3,q4_5,Z,10,google,harmony,si1000,50000,2742,15000,836,,
d3_at_q4_5/Z/r10,3,q4_5,Z,10,google,harmony,rl,50000,2648,15000,811,,
d3_at_q4_5/Z/r10,3,q4_5,Z,10,google,libra,rl,50000,2597,15000,797,,
d3_at_q4_9/Z/r10,3,q4_9,Z,10,ours,pymatching,si1000,50000,3828,15000,1116,47428,0.04
d3_at_q4_9/Z/r10,3,q4_9,Z,10,ours,pymatching_correlated,si1000,50000,3359,15000,969,49007,0.09
d3_at_q4_9/Z/r10,3,q4_9,Z,10,ours,pymatching,rl,50000,3737,15000,1092,48204,0.03
d3_at_q4_9/Z/r10,3,q4_9,Z,10,ours,pymatching_correlated,rl,50000,3070,15000,905,49435,0.09
d3_at_q4_9/Z/r10,3,q4_9,Z,10,google,correlated_matching,si1000,50000,3306,15000,969,,
d3_at_q4_9/Z/r10,3,q4_9,Z,10,google,correlated_matching,rl,50000,3017,15000,880,,
d3_at_q4_9/Z/r10,3,q4_9,Z,10,google,harmony,si1000,50000,3027,15000,886,,
d3_at_q4_9/Z/r10,3,q4_9,Z,10,google,harmony,rl,50000,2910,15000,854,,
d3_at_q4_9/Z/r10,3,q4_9,Z,10,google,libra,rl,50000,2895,15000,856,,
d3_at_q6_3/X/r10,3,q6_3,X,10,ours,pymatching,si1000,50000,3538,15000,1086,47876,0.03
d3_at_q6_3/X/r10,3,q6_3,X,10,ours,pymatching_correlated,si1000,50000,3035,15000,903,49273,0.08
d3_at_q6_3/X/r10,3,q6_3,X,10,ours,pymatching,rl,50000,3709,15000,1137,47326,0.03
d3_at_q6_3/X/r10,3,q6_3,X,10,ours,pymatching_correlated,rl,50000,3043,15000,904,48540,0.08
d3_at_q6_3/X/r10,3,q6_3,X,10,google,correlated_matching,si1000,50000,2868,15000,859,,
d3_at_q6_3/X/r10,3,q6_3,X,10,google,correlated_matching,rl,50000,2663,15000,821,,
d3_at_q6_3/X/r10,3,q6_3,X,10,google,harmony,si1000,50000,2685,15000,817,,
d3_at_q6_3/X/r10,3,q6_3,X,10,google,harmony,rl,50000,2497,15000,764,,
d3_at_q6_3/X/r10,3,q6_3,X,10,google,libra,rl,50000,2486,15000,752,,
d3_at_q6_11/X/r10,3,q6_11,X,10,ours,pymatching,si1000,50000,4112,15000,1269,47514,0.04
d3_at_q6_11/X/r10,3,q6_11,X,10,ours,pymatching_correlated,si1000,50000,3608,15000,1119,49234,0.1
d3_at_q6_11/X/r10,3,q6_11,X,10,ours,pymatching,rl,50000,4038,15000,1241,47406,0.04
d3_at_q6_11/X/r10,3,q6_11,X,10,ours,pymatching_correlated,rl,50000,3496,15000,1086,48184,0.1
d3_at_q6_11/X/r10,3,q6_11,X,10,google,correlated_matching,si1000,50000,3416,15000,1041,,
d3_at_q6_11/X/r10,3,q6_11,X,10,google,correlated_matching,rl,50000,3210,15000,988,,
d3_at_q6_11/X/r10,3,q6_11,X,10,google,harmony,si1000,50000,3247,15000,1013,,
d3_at_q6_11/X/r10,3,q6_11,X,10,google,harmony,rl,50000,3111,15000,942,,
d3_at_q6_11/X/r10,3,q6_11,X,10,google,libra,rl,50000,3081,15000,932,,
d3_at_q6_11/Z/r10,3,q6_11,Z,10,ours,pymatching,si1000,50000,4219,15000,1264,47073,0.04
d3_at_q6_11/Z/r10,3,q6_11,Z,10,ours,pymatching_correlated,si1000,50000,3824,15000,1181,48632,0.1
d3_at_q6_11/Z/r10,3,q6_11,Z,10,ours,pymatching,rl,50000,4024,15000,1209,47352,0.04
d3_at_q6_11/Z/r10,3,q6_11,Z,10,ours,pymatching_correlated,rl,50000,3474,15000,1041,48402,0.1
d3_at_q6_11/Z/r10,3,q6_11,Z,10,google,correlated_matching,si1000,50000,3452,15000,1051,,
d3_at_q6_11/Z/r10,3,q6_11,Z,10,google,correlated_matching,rl,50000,3200,15000,959,,
d3_at_q6_11/Z/r10,3,q6_11,Z,10,google,harmony,si1000,50000,3168,15000,955,,
d3_at_q6_11/Z/r10,3,q6_11,Z,10,google,harmony,rl,50000,3143,15000,935,,
d3_at_q6_11/Z/r10,3,q6_11,Z,10,google,libra,rl,50000,3075,15000,917,,
d3_at_q6_3/Z/r10,3,q6_3,Z,10,ours,pymatching,si1000,50000,3177,15000,975,47755,0.03
d3_at_q6_3/Z/r10,3,q6_3,Z,10,ours,pymatching_correlated,si1000,50000,2739,15000,822,49049,0.09
d3_at_q6_3/Z/r10,3,q6_3,Z,10,ours,pymatching,rl,50000,3041,15000,937,48122,0.03
d3_at_q6_3/Z/r10,3,q6_3,Z,10,ours,pymatching_correlated,rl,50000,2411,15000,736,49120,0.08
d3_at_q6_3/Z/r10,3,q6_3,Z,10,google,correlated_matching,si1000,50000,2562,15000,770,,
d3_at_q6_3/Z/r10,3,q6_3,Z,10,google,correlated_matching,rl,50000,2215,15000,673,,
d3_at_q6_3/Z/r10,3,q6_3,Z,10,google,harmony,si1000,50000,2277,15000,699,,
d3_at_q6_3/Z/r10,3,q6_3,Z,10,google,harmony,rl,50000,2124,15000,656,,
d3_at_q6_3/Z/r10,3,q6_3,Z,10,google,libra,rl,50000,2092,15000,640,,
d3_at_q8_5/X/r10,3,q8_5,X,10,ours,pymatching,si1000,50000,4096,15000,1192,47697,0.03
d3_at_q8_5/X/r10,3,q8_5,X,10,ours,pymatching_correlated,si1000,50000,3583,15000,1039,49246,0.09
d3_at_q8_5/X/r10,3,q8_5,X,10,ours,pymatching,rl,50000,3916,15000,1148,47657,0.03
d3_at_q8_5/X/r10,3,q8_5,X,10,ours,pymatching_correlated,rl,50000,3297,15000,977,48586,0.08
d3_at_q8_5/X/r10,3,q8_5,X,10,google,correlated_matching,si1000,50000,3401,15000,1014,,
d3_at_q8_5/X/r10,3,q8_5,X,10,google,correlated_matching,rl,50000,3109,15000,910,,
d3_at_q8_5/X/r10,3,q8_5,X,10,google,harmony,si1000,50000,3268,15000,998,,
d3_at_q8_5/X/r10,3,q8_5,X,10,google,harmony,rl,50000,3058,15000,911,,
d3_at_q8_5/X/r10,3,q8_5,X,10,google,libra,rl,50000,3020,15000,891,,
d7_at_q6_7/X/r01,7,q6_7,X,1,ours,pymatching,si1000,50000,34,15000,12,50000,0.02
d7_at_q6_7/X/r01,7,q6_7,X,1,ours,pymatching_correlated,si1000,50000,34,15000,12,50000,0.03
d7_at_q6_7/X/r01,7,q6_7,X,1,ours,pymatching,rl,50000,29,15000,9,50000,0.02
d7_at_q6_7/X/r01,7,q6_7,X,1,ours,pymatching_correlated,rl,50000,29,15000,9,50000,0.03
d7_at_q6_7/X/r01,7,q6_7,X,1,google,correlated_matching,si1000,50000,34,15000,12,,
d7_at_q6_7/X/r01,7,q6_7,X,1,google,correlated_matching,rl,50000,29,15000,9,,
d7_at_q6_7/X/r01,7,q6_7,X,1,google,harmony,si1000,50000,34,15000,12,,
d7_at_q6_7/X/r01,7,q6_7,X,1,google,harmony,rl,50000,29,15000,9,,
d3_at_q6_7/Z/r10,3,q6_7,Z,10,ours,pymatching,si1000,50000,4721,15000,1410,46876,0.04
d3_at_q6_7/Z/r10,3,q6_7,Z,10,ours,pymatching_correlated,si1000,50000,4468,15000,1353,48617,0.11
d3_at_q6_7/Z/r10,3,q6_7,Z,10,ours,pymatching,rl,50000,4652,15000,1392,47000,0.04
d3_at_q6_7/Z/r10,3,q6_7,Z,10,ours,pymatching_correlated,rl,50000,3950,15000,1214,48652,0.1
d3_at_q6_7/Z/r10,3,q6_7,Z,10,google,correlated_matching,si1000,50000,4251,15000,1260,,
d3_at_q6_7/Z/r10,3,q6_7,Z,10,google,correlated_matching,rl,50000,3892,15000,1173,,
d3_at_q6_7/Z/r10,3,q6_7,Z,10,google,harmony,si1000,50000,3927,15000,1177,,
d3_at_q6_7/Z/r10,3,q6_7,Z,10,google,harmony,rl,50000,3737,15000,1139,,
d3_at_q6_7/Z/r10,3,q6_7,Z,10,google,libra,rl,50000,3650,15000,1114,,
d3_at_q6_7/X/r10,3,q6_7,X,10,ours,pymatching,si1000,50000,6550,15000,1957,46345,0.04
d3_at_q6_7/X/r10,3,q6_7,X,10,ours,pymatching_correlated,si1000,50000,5893,15000,1762,48750,0.11
d3_at_q6_7/X/r10,3,q6_7,X,10,ours,pymatching,rl,50000,6065,15000,1811,46780,0.04
d3_at_q6_7/X/r10,3,q6_7,X,10,ours,pymatching_correlated,rl,50000,5320,15000,1587,48569,0.11
d3_at_q6_7/X/r10,3,q6_7,X,10,google,correlated_matching,si1000,50000,5681,15000,1688,,
d3_at_q6_7/X/r10,3,q6_7,X,10,google,correlated_matching,rl,50000,5097,15000,1519,,
d3_at_q6_7/X/r10,3,q6_7,X,10,google,harmony,si1000,50000,5426,15000,1599,,
d3_at_q6_7/X/r10,3,q6_7,X,10,google,harmony,rl,50000,4938,15000,1474,,
d3_at_q6_7/X/r10,3,q6_7,X,10,google,libra,rl,50000,4874,15000,1458,,
d3_at_q8_5/Z/r10,3,q8_5,Z,10,ours,pymatching,si1000,50000,3409,15000,1029,47617,0.03
d3_at_q8_5/Z/r10,3,q8_5,Z,10,ours,pymatching_correlated,si1000,50000,2936,15000,908,49090,0.09
d3_at_q8_5/Z/r10,3,q8_5,Z,10,ours,pymatching,rl,50000,3350,15000,1019,47850,0.03
d3_at_q8_5/Z/r10,3,q8_5,Z,10,ours,pymatching_correlated,rl,50000,2697,15000,829,49067,0.08
d3_at_q8_5/Z/r10,3,q8_5,Z,10,google,correlated_matching,si1000,50000,2732,15000,837,,
d3_at_q8_5/Z/r10,3,q8_5,Z,10,google,correlated_matching,rl,50000,2560,15000,793,,
d3_at_q8_5/Z/r10,3,q8_5,Z,10,google,harmony,si1000,50000,2471,15000,742,,
d3_at_q8_5/Z/r10,3,q8_5,Z,10,google,harmony,rl,50000,2458,15000,755,,
d3_at_q8_5/Z/r10,3,q8_5,Z,10,google,libra,rl,50000,2381,15000,733,,
d7_at_q6_7/Z/r01,7,q6_7,Z,1,ours,pymatching,si1000,50000,23,15000,12,50000,0.02
d7_at_q6_7/Z/r01,7,q6_7,Z,1,ours,pymatching_correlated,si1000,50000,23,15000,12,50000,0.03
d7_at_q6_7/Z/r01,7,q6_7,Z,1,ours,pymatching,rl,50000,20,15000,8,50000,0.02
d7_at_q6_7/Z/r01,7,q6_7,Z,1,ours,pymatching_correlated,rl,50000,20,15000,8,50000,0.04
d7_at_q6_7/Z/r01,7,q6_7,Z,1,google,correlated_matching,si1000,50000,23,15000,12,,
d7_at_q6_7/Z/r01,7,q6_7,Z,1,google,correlated_matching,rl,50000,20,15000,8,,
d7_at_q6_7/Z/r01,7,q6_7,Z,1,google,harmony,si1000,50000,23,15000,12,,
d7_at_q6_7/Z/r01,7,q6_7,Z,1,google,harmony,rl,50000,20,15000,8,,
d5_at_q4_7/X/r01,5,q4_7,X,1,ours,pymatching,si1000,50000,165,15000,46,50000,0.01
d5_at_q4_7/X/r01,5,q4_7,X,1,ours,pymatching_correlated,si1000,50000,165,15000,46,50000,0.02
d5_at_q4_7/X/r01,5,q4_7,X,1,ours,pymatching,rl,50000,152,15000,45,50000,0.01
d5_at_q4_7/X/r01,5,q4_7,X,1,ours,pymatching_correlated,rl,50000,152,15000,45,50000,0.02
d5_at_q4_7/X/r01,5,q4_7,X,1,google,correlated_matching,si1000,50000,165,15000,46,,
d5_at_q4_7/X/r01,5,q4_7,X,1,google,correlated_matching,rl,50000,152,15000,45,,
d5_at_q4_7/X/r01,5,q4_7,X,1,google,harmony,si1000,50000,165,15000,46,,
d5_at_q4_7/X/r01,5,q4_7,X,1,google,harmony,rl,50000,152,15000,45,,
d5_at_q4_7/Z/r01,5,q4_7,Z,1,ours,pymatching,si1000,50000,63,15000,22,50000,0.01
d5_at_q4_7/Z/r01,5,q4_7,Z,1,ours,pymatching_correlated,si1000,50000,63,15000,22,50000,0.02
d5_at_q4_7/Z/r01,5,q4_7,Z,1,ours,pymatching,rl,50000,66,15000,23,50000,0.01
d5_at_q4_7/Z/r01,5,q4_7,Z,1,ours,pymatching_correlated,rl,50000,66,15000,23,50000,0.02
d5_at_q4_7/Z/r01,5,q4_7,Z,1,google,correlated_matching,si1000,50000,63,15000,22,,
d5_at_q4_7/Z/r01,5,q4_7,Z,1,google,correlated_matching,rl,50000,66,15000,23,,
d5_at_q4_7/Z/r01,5,q4_7,Z,1,google,harmony,si1000,50000,63,15000,22,,
d5_at_q4_7/Z/r01,5,q4_7,Z,1,google,harmony,rl,50000,66,15000,23,,
d5_at_q6_5/X/r01,5,q6_5,X,1,ours,pymatching,si1000,50000,128,15000,36,50000,0.01
d5_at_q6_5/X/r01,5,q6_5,X,1,ours,pymatching_correlated,si1000,50000,128,15000,36,50000,0.02
d5_at_q6_5/X/r01,5,q6_5,X,1,ours,pymatching,rl,50000,121,15000,35,50000,0.01
d5_at_q6_5/X/r01,5,q6_5,X,1,ours,pymatching_correlated,rl,50000,121,15000,35,50000,0.02
d5_at_q6_5/X/r01,5,q6_5,X,1,google,correlated_matching,si1000,50000,128,15000,36,,
d5_at_q6_5/X/r01,5,q6_5,X,1,google,correlated_matching,rl,50000,121,15000,35,,
d5_at_q6_5/X/r01,5,q6_5,X,1,google,harmony,si1000,50000,128,15000,36,,
d5_at_q6_5/X/r01,5,q6_5,X,1,google,harmony,rl,50000,121,15000,35,,
d5_at_q6_5/Z/r01,5,q6_5,Z,1,ours,pymatching,si1000,50000,53,15000,19,50000,0.01
d5_at_q6_5/Z/r01,5,q6_5,Z,1,ours,pymatching_correlated,si1000,50000,53,15000,19,50000,0.02
d5_at_q6_5/Z/r01,5,q6_5,Z,1,ours,pymatching,rl,50000,55,15000,20,50000,0.01
d5_at_q6_5/Z/r01,5,q6_5,Z,1,ours,pymatching_correlated,rl,50000,55,15000,20,50000,0.02
d5_at_q6_5/Z/r01,5,q6_5,Z,1,google,correlated_matching,si1000,50000,53,15000,19,,
d5_at_q6_5/Z/r01,5,q6_5,Z,1,google,correlated_matching,rl,50000,55,15000,20,,
d5_at_q6_5/Z/r01,5,q6_5,Z,1,google,harmony,si1000,50000,53,15000,19,,
d5_at_q6_5/Z/r01,5,q6_5,Z,1,google,harmony,rl,50000,55,15000,20,,
d5_at_q6_9/X/r01,5,q6_9,X,1,ours,pymatching,si1000,50000,144,15000,38,50000,0.01
d5_at_q6_9/X/r01,5,q6_9,X,1,ours,pymatching_correlated,si1000,50000,144,15000,38,50000,0.02
d5_at_q6_9/X/r01,5,q6_9,X,1,ours,pymatching,rl,50000,132,15000,34,50000,0.01
d5_at_q6_9/X/r01,5,q6_9,X,1,ours,pymatching_correlated,rl,50000,132,15000,34,50000,0.02
d5_at_q6_9/X/r01,5,q6_9,X,1,google,correlated_matching,si1000,50000,144,15000,38,,
d5_at_q6_9/X/r01,5,q6_9,X,1,google,correlated_matching,rl,50000,132,15000,34,,
d5_at_q6_9/X/r01,5,q6_9,X,1,google,harmony,si1000,50000,144,15000,38,,
d5_at_q6_9/X/r01,5,q6_9,X,1,google,harmony,rl,50000,132,15000,34,,
d5_at_q6_9/Z/r01,5,q6_9,Z,1,ours,pymatching,si1000,50000,65,15000,24,50000,0.01
d5_at_q6_9/Z/r01,5,q6_9,Z,1,ours,pymatching_correlated,si1000,50000,65,15000,24,50000,0.02
d5_at_q6_9/Z/r01,5,q6_9,Z,1,ours,pymatching,rl,50000,68,15000,24,50000,0.01
d5_at_q6_9/Z/r01,5,q6_9,Z,1,ours,pymatching_correlated,rl,50000,68,15000,24,50000,0.02
d5_at_q6_9/Z/r01,5,q6_9,Z,1,google,correlated_matching,si1000,50000,65,15000,24,,
d5_at_q6_9/Z/r01,5,q6_9,Z,1,google,correlated_matching,rl,50000,68,15000,24,,
d5_at_q6_9/Z/r01,5,q6_9,Z,1,google,harmony,si1000,50000,65,15000,24,,
d5_at_q6_9/Z/r01,5,q6_9,Z,1,google,harmony,rl,50000,68,15000,24,,
d3_at_q10_7/X/r01,3,q10_7,X,1,ours,pymatching,si1000,50000,209,15000,76,50000,0.0
d3_at_q10_7/X/r01,3,q10_7,X,1,ours,pymatching_correlated,si1000,50000,209,15000,76,50000,0.0
d3_at_q10_7/X/r01,3,q10_7,X,1,ours,pymatching,rl,50000,217,15000,79,50000,0.0
d3_at_q10_7/X/r01,3,q10_7,X,1,ours,pymatching_correlated,rl,50000,217,15000,79,50000,0.0
d3_at_q10_7/X/r01,3,q10_7,X,1,google,correlated_matching,si1000,50000,209,15000,76,,
d3_at_q10_7/X/r01,3,q10_7,X,1,google,correlated_matching,rl,50000,217,15000,79,,
d3_at_q10_7/X/r01,3,q10_7,X,1,google,harmony,si1000,50000,209,15000,76,,
d3_at_q10_7/X/r01,3,q10_7,X,1,google,harmony,rl,50000,217,15000,79,,
d5_at_q8_7/X/r01,5,q8_7,X,1,ours,pymatching,si1000,50000,167,15000,49,50000,0.01
d5_at_q8_7/X/r01,5,q8_7,X,1,ours,pymatching_correlated,si1000,50000,167,15000,49,50000,0.02
d5_at_q8_7/X/r01,5,q8_7,X,1,ours,pymatching,rl,50000,164,15000,51,50000,0.01
d5_at_q8_7/X/r01,5,q8_7,X,1,ours,pymatching_correlated,rl,50000,164,15000,51,50000,0.02
d5_at_q8_7/X/r01,5,q8_7,X,1,google,correlated_matching,si1000,50000,167,15000,49,,
d5_at_q8_7/X/r01,5,q8_7,X,1,google,correlated_matching,rl,50000,164,15000,51,,
d5_at_q8_7/X/r01,5,q8_7,X,1,google,harmony,si1000,50000,167,15000,49,,
d5_at_q8_7/X/r01,5,q8_7,X,1,google,harmony,rl,50000,164,15000,51,,
d3_at_q10_7/Z/r01,3,q10_7,Z,1,ours,pymatching,si1000,50000,267,15000,72,50000,0.0
d3_at_q10_7/Z/r01,3,q10_7,Z,1,ours,pymatching_correlated,si1000,50000,267,15000,72,50000,0.0
d3_at_q10_7/Z/r01,3,q10_7,Z,1,ours,pymatching,rl,50000,274,15000,73,50000,0.0
d3_at_q10_7/Z/r01,3,q10_7,Z,1,ours,pymatching_correlated,rl,50000,274,15000,73,50000,0.0
d3_at_q10_7/Z/r01,3,q10_7,Z,1,google,correlated_matching,si1000,50000,267,15000,72,,
d3_at_q10_7/Z/r01,3,q10_7,Z,1,google,correlated_matching,rl,50000,274,15000,73,,
d3_at_q10_7/Z/r01,3,q10_7,Z,1,google,harmony,si1000,50000,267,15000,72,,
d3_at_q10_7/Z/r01,3,q10_7,Z,1,google,harmony,rl,50000,274,15000,73,,
d3_at_q2_7/X/r01,3,q2_7,X,1,ours,pymatching,si1000,50000,289,15000,89,50000,0.0
d3_at_q2_7/X/r01,3,q2_7,X,1,ours,pymatching_correlated,si1000,50000,289,15000,89,50000,0.0
d3_at_q2_7/X/r01,3,q2_7,X,1,ours,pymatching,rl,50000,280,15000,90,50000,0.0
d3_at_q2_7/X/r01,3,q2_7,X,1,ours,pymatching_correlated,rl,50000,280,15000,90,50000,0.0
d3_at_q2_7/X/r01,3,q2_7,X,1,google,correlated_matching,si1000,50000,289,15000,89,,
d3_at_q2_7/X/r01,3,q2_7,X,1,google,correlated_matching,rl,50000,280,15000,90,,
d3_at_q2_7/X/r01,3,q2_7,X,1,google,harmony,si1000,50000,289,15000,89,,
d3_at_q2_7/X/r01,3,q2_7,X,1,google,harmony,rl,50000,280,15000,90,,
d3_at_q2_7/Z/r01,3,q2_7,Z,1,ours,pymatching,si1000,50000,327,15000,99,50000,0.0
d3_at_q2_7/Z/r01,3,q2_7,Z,1,ours,pymatching_correlated,si1000,50000,327,15000,99,50000,0.0
d3_at_q2_7/Z/r01,3,q2_7,Z,1,ours,pymatching,rl,50000,310,15000,96,50000,0.0
d3_at_q2_7/Z/r01,3,q2_7,Z,1,ours,pymatching_correlated,rl,50000,310,15000,96,50000,0.01
d3_at_q2_7/Z/r01,3,q2_7,Z,1,google,correlated_matching,si1000,50000,327,15000,99,,
d3_at_q2_7/Z/r01,3,q2_7,Z,1,google,correlated_matching,rl,50000,310,15000,96,,
d3_at_q2_7/Z/r01,3,q2_7,Z,1,google,harmony,si1000,50000,327,15000,99,,
d3_at_q2_7/Z/r01,3,q2_7,Z,1,google,harmony,rl,50000,310,15000,96,,
d3_at_q4_5/Z/r01,3,q4_5,Z,1,ours,pymatching,si1000,50000,200,15000,62,50000,0.0
d3_at_q4_5/Z/r01,3,q4_5,Z,1,ours,pymatching_correlated,si1000,50000,200,15000,62,50000,0.0
d3_at_q4_5/Z/r01,3,q4_5,Z,1,ours,pymatching,rl,50000,197,15000,58,50000,0.0
d3_at_q4_5/Z/r01,3,q4_5,Z,1,ours,pymatching_correlated,rl,50000,197,15000,58,50000,0.01
d3_at_q4_5/Z/r01,3,q4_5,Z,1,google,correlated_matching,si1000,50000,200,15000,62,,
d3_at_q4_5/Z/r01,3,q4_5,Z,1,google,correlated_matching,rl,50000,197,15000,58,,
d3_at_q4_5/Z/r01,3,q4_5,Z,1,google,harmony,si1000,50000,200,15000,62,,
d3_at_q4_5/Z/r01,3,q4_5,Z,1,google,harmony,rl,50000,197,15000,58,,
d3_at_q4_5/X/r01,3,q4_5,X,1,ours,pymatching,si1000,50000,306,15000,93,50000,0.0
d3_at_q4_5/X/r01,3,q4_5,X,1,ours,pymatching_correlated,si1000,50000,306,15000,93,50000,0.0
d3_at_q4_5/X/r01,3,q4_5,X,1,ours,pymatching,rl,50000,320,15000,98,50000,0.0
d3_at_q4_5/X/r01,3,q4_5,X,1,ours,pymatching_correlated,rl,50000,320,15000,98,50000,0.01
d3_at_q4_5/X/r01,3,q4_5,X,1,google,correlated_matching,si1000,50000,306,15000,93,,
d3_at_q4_5/X/r01,3,q4_5,X,1,google,correlated_matching,rl,50000,320,15000,98,,
d3_at_q4_5/X/r01,3,q4_5,X,1,google,harmony,si1000,50000,306,15000,93,,
d3_at_q4_5/X/r01,3,q4_5,X,1,google,harmony,rl,50000,320,15000,98,,
d3_at_q4_9/X/r01,3,q4_9,X,1,ours,pymatching,si1000,50000,243,15000,83,50000,0.0
d3_at_q4_9/X/r01,3,q4_9,X,1,ours,pymatching_correlated,si1000,50000,243,15000,83,50000,0.0
d3_at_q4_9/X/r01,3,q4_9,X,1,ours,pymatching,rl,50000,253,15000,83,50000,0.0
d3_at_q4_9/X/r01,3,q4_9,X,1,ours,pymatching_correlated,rl,50000,253,15000,83,50000,0.0
d3_at_q4_9/X/r01,3,q4_9,X,1,google,correlated_matching,si1000,50000,243,15000,83,,
d3_at_q4_9/X/r01,3,q4_9,X,1,google,correlated_matching,rl,50000,253,15000,83,,
d3_at_q4_9/X/r01,3,q4_9,X,1,google,harmony,si1000,50000,243,15000,83,,
d3_at_q4_9/X/r01,3,q4_9,X,1,google,harmony,rl,50000,253,15000,83,,
d3_at_q4_9/Z/r01,3,q4_9,Z,1,ours,pymatching,si1000,50000,190,15000,47,50000,0.0
d3_at_q4_9/Z/r01,3,q4_9,Z,1,ours,pymatching_correlated,si1000,50000,190,15000,47,50000,0.0
d3_at_q4_9/Z/r01,3,q4_9,Z,1,ours,pymatching,rl,50000,208,15000,51,50000,0.0
d3_at_q4_9/Z/r01,3,q4_9,Z,1,ours,pymatching_correlated,rl,50000,208,15000,51,50000,0.0
d3_at_q4_9/Z/r01,3,q4_9,Z,1,google,correlated_matching,si1000,50000,190,15000,47,,
d3_at_q4_9/Z/r01,3,q4_9,Z,1,google,correlated_matching,rl,50000,208,15000,51,,
d3_at_q4_9/Z/r01,3,q4_9,Z,1,google,harmony,si1000,50000,190,15000,47,,
d3_at_q4_9/Z/r01,3,q4_9,Z,1,google,harmony,rl,50000,208,15000,51,,
d5_at_q8_7/Z/r01,5,q8_7,Z,1,ours,pymatching,si1000,50000,83,15000,24,50000,0.01
d5_at_q8_7/Z/r01,5,q8_7,Z,1,ours,pymatching_correlated,si1000,50000,83,15000,24,50000,0.02
d5_at_q8_7/Z/r01,5,q8_7,Z,1,ours,pymatching,rl,50000,78,15000,23,50000,0.01
d5_at_q8_7/Z/r01,5,q8_7,Z,1,ours,pymatching_correlated,rl,50000,78,15000,23,50000,0.02
d5_at_q8_7/Z/r01,5,q8_7,Z,1,google,correlated_matching,si1000,50000,83,15000,24,,
d5_at_q8_7/Z/r01,5,q8_7,Z,1,google,correlated_matching,rl,50000,78,15000,23,,
d5_at_q8_7/Z/r01,5,q8_7,Z,1,google,harmony,si1000,50000,83,15000,24,,
d5_at_q8_7/Z/r01,5,q8_7,Z,1,google,harmony,rl,50000,78,15000,23,,
d3_at_q6_11/X/r01,3,q6_11,X,1,ours,pymatching,si1000,50000,186,15000,45,50000,0.0
d3_at_q6_11/X/r01,3,q6_11,X,1,ours,pymatching_correlated,si1000,50000,186,15000,45,50000,0.0
d3_at_q6_11/X/r01,3,q6_11,X,1,ours,pymatching,rl,50000,200,15000,52,50000,0.0
d3_at_q6_11/X/r01,3,q6_11,X,1,ours,pymatching_correlated,rl,50000,200,15000,52,50000,0.0
d3_at_q6_11/X/r01,3,q6_11,X,1,google,correlated_matching,si1000,50000,186,15000,45,,
d3_at_q6_11/X/r01,3,q6_11,X,1,google,correlated_matching,rl,50000,200,15000,52,,
d3_at_q6_11/X/r01,3,q6_11,X,1,google,harmony,si1000,50000,186,15000,45,,
d3_at_q6_11/X/r01,3,q6_11,X,1,google,harmony,rl,50000,200,15000,52,,
d3_at_q6_3/X/r01,3,q6_3,X,1,ours,pymatching,si1000,50000,198,15000,60,50000,0.0
d3_at_q6_3/X/r01,3,q6_3,X,1,ours,pymatching_correlated,si1000,50000,198,15000,60,50000,0.0
d3_at_q6_3/X/r01,3,q6_3,X,1,ours,pymatching,rl,50000,201,15000,59,50000,0.0
d3_at_q6_3/X/r01,3,q6_3,X,1,ours,pymatching_correlated,rl,50000,201,15000,59,50000,0.0
d3_at_q6_3/X/r01,3,q6_3,X,1,google,correlated_matching,si1000,50000,198,15000,60,,
d3_at_q6_3/X/r01,3,q6_3,X,1,google,correlated_matching,rl,50000,201,15000,59,,
d3_at_q6_3/X/r01,3,q6_3,X,1,google,harmony,si1000,50000,198,15000,60,,
d3_at_q6_3/X/r01,3,q6_3,X,1,google,harmony,rl,50000,201,15000,59,,
d3_at_q6_3/Z/r01,3,q6_3,Z,1,ours,pymatching,si1000,50000,142,15000,37,50000,0.0
d3_at_q6_3/Z/r01,3,q6_3,Z,1,ours,pymatching_correlated,si1000,50000,142,15000,37,50000,0.0
d3_at_q6_3/Z/r01,3,q6_3,Z,1,ours,pymatching,rl,50000,133,15000,35,50000,0.0
d3_at_q6_3/Z/r01,3,q6_3,Z,1,ours,pymatching_correlated,rl,50000,133,15000,35,50000,0.0
d3_at_q6_3/Z/r01,3,q6_3,Z,1,google,correlated_matching,si1000,50000,142,15000,37,,
d3_at_q6_3/Z/r01,3,q6_3,Z,1,google,correlated_matching,rl,50000,133,15000,35,,
d3_at_q6_3/Z/r01,3,q6_3,Z,1,google,harmony,si1000,50000,142,15000,37,,
d3_at_q6_3/Z/r01,3,q6_3,Z,1,google,harmony,rl,50000,133,15000,35,,
d3_at_q6_11/Z/r01,3,q6_11,Z,1,ours,pymatching,si1000,50000,151,15000,47,50000,0.0
d3_at_q6_11/Z/r01,3,q6_11,Z,1,ours,pymatching_correlated,si1000,50000,151,15000,47,50000,0.0
d3_at_q6_11/Z/r01,3,q6_11,Z,1,ours,pymatching,rl,50000,171,15000,50,50000,0.0
d3_at_q6_11/Z/r01,3,q6_11,Z,1,ours,pymatching_correlated,rl,50000,171,15000,50,50000,0.01
d3_at_q6_11/Z/r01,3,q6_11,Z,1,google,correlated_matching,si1000,50000,151,15000,47,,
d3_at_q6_11/Z/r01,3,q6_11,Z,1,google,correlated_matching,rl,50000,171,15000,50,,
d3_at_q6_11/Z/r01,3,q6_11,Z,1,google,harmony,si1000,50000,151,15000,47,,
d3_at_q6_11/Z/r01,3,q6_11,Z,1,google,harmony,rl,50000,171,15000,50,,
d3_at_q6_7/Z/r01,3,q6_7,Z,1,ours,pymatching,si1000,50000,325,15000,87,50000,0.0
d3_at_q6_7/Z/r01,3,q6_7,Z,1,ours,pymatching_correlated,si1000,50000,325,15000,87,50000,0.01
d3_at_q6_7/Z/r01,3,q6_7,Z,1,ours,pymatching,rl,50000,345,15000,96,50000,0.0
d3_at_q6_7/Z/r01,3,q6_7,Z,1,ours,pymatching_correlated,rl,50000,345,15000,96,50000,0.01
d3_at_q6_7/Z/r01,3,q6_7,Z,1,google,correlated_matching,si1000,50000,325,15000,87,,
d3_at_q6_7/Z/r01,3,q6_7,Z,1,google,correlated_matching,rl,50000,345,15000,96,,
d3_at_q6_7/Z/r01,3,q6_7,Z,1,google,harmony,si1000,50000,325,15000,87,,
d3_at_q6_7/Z/r01,3,q6_7,Z,1,google,harmony,rl,50000,345,15000,96,,
d3_at_q6_7/X/r01,3,q6_7,X,1,ours,pymatching,si1000,50000,917,15000,283,50000,0.0
d3_at_q6_7/X/r01,3,q6_7,X,1,ours,pymatching_correlated,si1000,50000,917,15000,283,50000,0.01
d3_at_q6_7/X/r01,3,q6_7,X,1,ours,pymatching,rl,50000,909,15000,282,50000,0.0
d3_at_q6_7/X/r01,3,q6_7,X,1,ours,pymatching_correlated,rl,50000,909,15000,282,50000,0.01
d3_at_q6_7/X/r01,3,q6_7,X,1,google,correlated_matching,si1000,50000,917,15000,283,,
d3_at_q6_7/X/r01,3,q6_7,X,1,google,correlated_matching,rl,50000,909,15000,282,,
d3_at_q6_7/X/r01,3,q6_7,X,1,google,harmony,si1000,50000,917,15000,283,,
d3_at_q6_7/X/r01,3,q6_7,X,1,google,harmony,rl,50000,909,15000,282,,
d3_at_q8_5/X/r01,3,q8_5,X,1,ours,pymatching,si1000,50000,276,15000,74,50000,0.0
d3_at_q8_5/X/r01,3,q8_5,X,1,ours,pymatching_correlated,si1000,50000,276,15000,74,50000,0.0
d3_at_q8_5/X/r01,3,q8_5,X,1,ours,pymatching,rl,50000,271,15000,77,50000,0.0
d3_at_q8_5/X/r01,3,q8_5,X,1,ours,pymatching_correlated,rl,50000,271,15000,77,50000,0.0
d3_at_q8_5/X/r01,3,q8_5,X,1,google,correlated_matching,si1000,50000,276,15000,74,,
d3_at_q8_5/X/r01,3,q8_5,X,1,google,correlated_matching,rl,50000,271,15000,77,,
d3_at_q8_5/X/r01,3,q8_5,X,1,google,harmony,si1000,50000,276,15000,74,,
d3_at_q8_5/X/r01,3,q8_5,X,1,google,harmony,rl,50000,271,15000,77,,
d3_at_q8_5/Z/r01,3,q8_5,Z,1,ours,pymatching,si1000,50000,140,15000,49,50000,0.0
d3_at_q8_5/Z/r01,3,q8_5,Z,1,ours,pymatching_correlated,si1000,50000,140,15000,49,50000,0.0
d3_at_q8_5/Z/r01,3,q8_5,Z,1,ours,pymatching,rl,50000,165,15000,57,50000,0.0
d3_at_q8_5/Z/r01,3,q8_5,Z,1,ours,pymatching_correlated,rl,50000,165,15000,57,50000,0.0
d3_at_q8_5/Z/r01,3,q8_5,Z,1,google,correlated_matching,si1000,50000,140,15000,49,,
d3_at_q8_5/Z/r01,3,q8_5,Z,1,google,correlated_matching,rl,50000,165,15000,57,,
d3_at_q8_5/Z/r01,3,q8_5,Z,1,google,harmony,si1000,50000,140,15000,49,,
d3_at_q8_5/Z/r01,3,q8_5,Z,1,google,harmony,rl,50000,165,15000,57,,
d3_at_q8_9/X/r01,3,q8_9,X,1,ours,pymatching,si1000,50000,827,15000,259,50000,0.0
d3_at_q8_9/X/r01,3,q8_9,X,1,ours,pymatching_correlated,si1000,50000,827,15000,259,50000,0.0
d3_at_q8_9/X/r01,3,q8_9,X,1,ours,pymatching,rl,50000,836,15000,263,50000,0.0
d3_at_q8_9/X/r01,3,q8_9,X,1,ours,pymatching_correlated,rl,50000,836,15000,263,50000,0.0
d3_at_q8_9/X/r01,3,q8_9,X,1,google,correlated_matching,si1000,50000,827,15000,259,,
d3_at_q8_9/X/r01,3,q8_9,X,1,google,correlated_matching,rl,50000,836,15000,263,,
d3_at_q8_9/X/r01,3,q8_9,X,1,google,harmony,si1000,50000,827,15000,259,,
d3_at_q8_9/X/r01,3,q8_9,X,1,google,harmony,rl,50000,836,15000,263,,
d3_at_q8_9/Z/r01,3,q8_9,Z,1,ours,pymatching,si1000,50000,295,15000,92,50000,0.0
d3_at_q8_9/Z/r01,3,q8_9,Z,1,ours,pymatching_correlated,si1000,50000,295,15000,92,50000,0.01
d3_at_q8_9/Z/r01,3,q8_9,Z,1,ours,pymatching,rl,50000,304,15000,98,50000,0.0
d3_at_q8_9/Z/r01,3,q8_9,Z,1,ours,pymatching_correlated,rl,50000,304,15000,98,50000,0.0
d3_at_q8_9/Z/r01,3,q8_9,Z,1,google,correlated_matching,si1000,50000,295,15000,92,,
d3_at_q8_9/Z/r01,3,q8_9,Z,1,google,correlated_matching,rl,50000,304,15000,98,,
d3_at_q8_9/Z/r01,3,q8_9,Z,1,google,harmony,si1000,50000,295,15000,92,,
d3_at_q8_9/Z/r01,3,q8_9,Z,1,google,harmony,rl,50000,304,15000,98,,
d3_at_q8_9/X/r10,3,q8_9,X,10,ours,pymatching,si1000,50000,6544,15000,1949,46316,0.05
d3_at_q8_9/X/r10,3,q8_9,X,10,ours,pymatching_correlated,si1000,50000,6011,15000,1774,48689,0.12
d3_at_q8_9/X/r10,3,q8_9,X,10,ours,pymatching,rl,50000,6325,15000,1904,46385,0.05
d3_at_q8_9/X/r10,3,q8_9,X,10,ours,pymatching_correlated,rl,50000,5429,15000,1602,48127,0.12
d3_at_q8_9/X/r10,3,q8_9,X,10,google,correlated_matching,si1000,50000,5742,15000,1704,,
d3_at_q8_9/X/r10,3,q8_9,X,10,google,correlated_matching,rl,50000,5150,15000,1523,,
d3_at_q8_9/X/r10,3,q8_9,X,10,google,harmony,si1000,50000,5480,15000,1603,,
d3_at_q8_9/X/r10,3,q8_9,X,10,google,harmony,rl,50000,5035,15000,1471,,
d3_at_q8_9/X/r10,3,q8_9,X,10,google,libra,rl,50000,4976,15000,1481,,
d3_at_q8_9/Z/r10,3,q8_9,Z,10,ours,pymatching,si1000,50000,5697,15000,1738,45928,0.05
d3_at_q8_9/Z/r10,3,q8_9,Z,10,ours,pymatching_correlated,si1000,50000,4885,15000,1484,48386,0.13
d3_at_q8_9/Z/r10,3,q8_9,Z,10,ours,pymatching,rl,50000,5349,15000,1629,46897,0.05
d3_at_q8_9/Z/r10,3,q8_9,Z,10,ours,pymatching_correlated,rl,50000,4451,15000,1337,48641,0.13
d3_at_q8_9/Z/r10,3,q8_9,Z,10,google,correlated_matching,si1000,50000,4693,15000,1426,,
d3_at_q8_9/Z/r10,3,q8_9,Z,10,google,correlated_matching,rl,50000,4194,15000,1262,,
d3_at_q8_9/Z/r10,3,q8_9,Z,10,google,harmony,si1000,50000,4357,15000,1349,,
d3_at_q8_9/Z/r10,3,q8_9,Z,10,google,harmony,rl,50000,4093,15000,1229,,
d3_at_q8_9/Z/r10,3,q8_9,Z,10,google,libra,rl,50000,4025,15000,1223,,
