key,distance,patch,basis,rounds,method,prior,n,errors,mean_q,ece,brier,nll,kept_0.00,err_0.00,kept_0.05,err_0.05,kept_0.10,err_0.10,kept_0.20,err_0.20,kept_0.30,err_0.30,kept_0.50,err_0.50,kept_0.70,err_0.70
d3_at_q10_7/X/r01,3,q10_7,X,1,mwpm_gap,si1000,20000,81,0.0020292674660175912,0.0020222254174786505,0.0036891102133850225,0.017028704232179222,20000,81,19000,30,18000,3,16000,0,14000,0,10000,0,6000,0
d3_at_q10_7/X/r01,3,q10_7,X,1,mwpm_gap,rl,20000,87,0.002564868710082126,0.0018227694568460101,0.003771322782254044,0.016830099293695354,20000,87,19000,27,18000,2,16000,0,14000,0,10000,0,6000,0
d3_at_q10_7/X/r01,3,q10_7,X,1,exact,si1000,20000,79,0.0022876073094922258,0.0016652836319694735,0.003685584700170462,0.0167821207262583,20000,79,19000,26,18000,4,16000,0,14000,0,10000,0,6000,0
d3_at_q10_7/X/r01,3,q10_7,X,1,exact,rl,20000,89,0.003165964028313343,0.0013484506070938112,0.0037911116554856165,0.016705142458282366,20000,89,19000,38,18000,2,16000,0,14000,0,10000,0,6000,0
d3_at_q10_7/X/r10,3,q10_7,X,10,mwpm_gap,si1000,20000,1478,0.03433965791086138,0.039560342089138625,0.05663792748838757,0.2225331201112751,20000,1478,19000,962,18000,648,16000,456,14000,331,10000,100,6000,7
d3_at_q10_7/X/r10,3,q10_7,X,10,mwpm_gap,rl,20000,1367,0.0457838127723615,0.02256618722763849,0.05439529804150312,0.19701244859827788,20000,1367,19000,976,18000,647,16000,455,14000,302,10000,98,6000,4
d3_at_q10_7/X/r30,3,q10_7,X,30,mwpm_gap,si1000,20000,4423,0.10297740972906853,0.11817259027093144,0.16726925348776825,0.5932694033819622,20000,4423,19000,3929,18000,3440,16000,2603,14000,1870,10000,993,6000,445
d3_at_q10_7/X/r30,3,q10_7,X,30,mwpm_gap,rl,20000,4413,0.12678393312657524,0.09386606687342476,0.1614586635171052,0.5244460389389748,20000,4413,19000,3878,18000,3439,16000,2588,14000,1893,10000,1035,6000,487
d3_at_q10_7/X/r50,3,q10_7,X,50,mwpm_gap,si1000,20000,5603,0.13403623225776512,0.1461137677422349,0.20221048437829386,0.6929251228079806,20000,5603,19000,5048,18000,4494,16000,3534,14000,2718,10000,1554,6000,769
d3_at_q10_7/X/r50,3,q10_7,X,50,mwpm_gap,rl,20000,5261,0.15783534838392868,0.10521465161607133,0.19302771162734608,0.6091275708103383,20000,5261,19000,4792,18000,4379,16000,3635,14000,2793,10000,1558,6000,798
d3_at_q10_7/X/r70,3,q10_7,X,70,mwpm_gap,si1000,20000,6819,0.16755384432421427,0.1733961556757857,0.2387235365222576,0.7853564061488383,20000,6819,19000,6271,18000,5695,16000,4708,14000,3740,10000,2143,6000,1140
d3_at_q10_7/X/r70,3,q10_7,X,70,mwpm_gap,rl,20000,6447,0.1901830907741984,0.1321669092258016,0.22684219493816205,0.6948754696784362,20000,6447,19000,5979,18000,5544,16000,4696,14000,3812,10000,2127,6000,1131
d3_at_q10_7/X/r90,3,q10_7,X,90,mwpm_gap,si1000,20000,7636,0.20003418831177827,0.18176581168822173,0.2608347107528833,0.8292584721210376,20000,7636,19000,7080,18000,6551,16000,5560,14000,4598,10000,2791,6000,1383
d3_at_q10_7/X/r90,3,q10_7,X,90,mwpm_gap,rl,20000,7371,0.21834918727993627,0.15020081272006375,0.24919470266290145,0.7448570198890243,20000,7371,19000,6888,18000,6411,16000,5526,14000,4612,10000,2766,6000,1366
d3_at_q10_7/X/r110,3,q10_7,X,110,mwpm_gap,si1000,20000,8543,0.2317998663697971,0.1953501336302029,0.2796712478144977,0.8607728414774183,20000,8543,19000,7999,18000,7478,16000,6401,14000,5367,10000,3427,6000,1737
d3_at_q10_7/X/r110,3,q10_7,X,110,mwpm_gap,rl,20000,8132,0.24666284247876966,0.15993715752123033,0.2669901237927132,0.7830373282587965,20000,8132,19000,7657,18000,7168,16000,6245,14000,5317,10000,3455,6000,1748
d3_at_q10_7/X/r130,3,q10_7,X,130,mwpm_gap,si1000,20000,8785,0.2502892503957561,0.18896074960424392,0.28557095545268085,0.8657390045537772,20000,8785,19000,8258,18000,7755,16000,6707,14000,5725,10000,3756,6000,2027
d3_at_q10_7/X/r130,3,q10_7,X,130,mwpm_gap,rl,20000,8464,0.2657389147994315,0.15746108520056842,0.27327916841928074,0.7929521577028744,20000,8464,19000,7978,18000,7500,16000,6562,14000,5647,10000,3843,6000,2005
d3_at_q10_7/X/r150,3,q10_7,X,150,mwpm_gap,si1000,20000,9307,0.27036835779236024,0.19498164220763978,0.2948863807589797,0.8765397832225248,20000,9307,19000,8767,18000,8249,16000,7212,14000,6207,10000,4222,6000,2279
d3_at_q10_7/X/r150,3,q10_7,X,150,mwpm_gap,rl,20000,9008,0.28348305988703376,0.16691694011296623,0.2821113416127768,0.808868381019755,20000,9008,19000,8532,18000,8030,16000,7052,14000,6094,10000,4176,6000,2297
d3_at_q10_7/X/r170,3,q10_7,X,170,mwpm_gap,si1000,20000,9440,0.28979153147126724,0.18220846852873274,0.2929729906995247,0.85927840229851,20000,9440,19000,8910,18000,8392,16000,7366,14000,6346,10000,4374,6000,2444
d3_at_q10_7/X/r170,3,q10_7,X,170,mwpm_gap,rl,20000,9206,0.29852070253552127,0.16177929746447867,0.2828824203661516,0.8042521455265104,20000,9206,19000,8731,18000,8249,16000,7267,14000,6293,10000,4369,6000,2462
d3_at_q10_7/X/r190,3,q10_7,X,190,mwpm_gap,si1000,20000,9548,0.30084786688238474,0.17655213311761528,0.2932406857822828,0.8496915493726901,20000,9548,19000,9034,18000,8532,16000,7545,14000,6520,10000,4522,6000,2571
d3_at_q10_7/X/r190,3,q10_7,X,190,mwpm_gap,rl,20000,9404,0.3102494047279415,0.1599505952720584,0.2829847492688694,0.7989558276365366,20000,9404,19000,8907,18000,8427,16000,7468,14000,6485,10000,4496,6000,2585
d3_at_q10_7/X/r210,3,q10_7,X,210,mwpm_gap,si1000,20000,9771,0.3189826858737494,0.16956731412625056,0.2932334435934183,0.8440159566218521,20000,9771,19000,9257,18000,8728,16000,7721,14000,6741,10000,4709,6000,2728
d3_at_q10_7/X/r210,3,q10_7,X,210,mwpm_gap,rl,20000,9636,0.3264960840653409,0.15530391593465906,0.2835182628413455,0.796172207936831,20000,9636,19000,9127,18000,8627,16000,7605,14000,6649,10000,4696,6000,2730
d3_at_q10_7/X/r230,3,q10_7,X,230,mwpm_gap,si1000,20000,9892,0.3322934406312272,0.1623065593687729,0.29030002815321443,0.8241373549600026,20000,9892,19000,9381,18000,8887,16000,7860,14000,6839,10000,4849,6000,2810
d3_at_q10_7/X/r230,3,q10_7,X,230,mwpm_gap,rl,20000,9735,0.3380418763709705,0.1487081236290295,0.2817385049120773,0.78434317713179,20000,9735,19000,9239,18000,8746,16000,7751,14000,6772,10000,4836,6000,2848
d3_at_q10_7/X/r250,3,q10_7,X,250,mwpm_gap,si1000,20000,9799,0.33930389961120566,0.15064610038879434,0.2855873068776499,0.8078530895559867,20000,9799,19000,9278,18000,8774,16000,7766,14000,6758,10000,4822,6000,2794
d3_at_q10_7/X/r250,3,q10_7,X,250,mwpm_gap,rl,20000,9820,0.34377259194693544,0.1488394381276221,0.2802053065219176,0.7787501536728892,20000,9820,19000,9355,18000,8835,16000,7822,14000,6770,10000,4841,6000,2808
d3_at_q10_7/Z/r01,3,q10_7,Z,1,mwpm_gap,si1000,20000,112,0.002353431038335068,0.003247892257011509,0.004946143295921472,0.022918273116747784,20000,112,19000,48,18000,8,16000,0,14000,0,10000,0,6000,0
d3_at_q10_7/Z/r01,3,q10_7,Z,1,mwpm_gap,rl,20000,118,0.0031798557063356676,0.002723417747170951,0.004758537729538174,0.020436446161754152,20000,118,19000,31,18000,10,16000,0,14000,0,10000,0,6000,0
d3_at_q10_7/Z/r01,3,q10_7,Z,1,exact,si1000,20000,112,0.0025944153799060026,0.0030084084454019815,0.004829621651330509,0.021694082549691178,20000,112,19000,47,18000,9,16000,0,14000,0,10000,0,6000,0
d3_at_q10_7/Z/r01,3,q10_7,Z,1,exact,rl,20000,104,0.003498141591346041,0.001708220248621617,0.004615254664319485,0.019503379187093182,20000,104,19000,29,18000,4,16000,0,14000,0,10000,0,6000,0
d3_at_q10_7/Z/r10,3,q10_7,Z,10,mwpm_gap,si1000,20000,1573,0.03676820329376866,0.04188179670623134,0.060455124555458,0.2382994584143352,20000,1573,19000,1055,18000,780,16000,489,14000,388,10000,168,6000,8
d3_at_q10_7/Z/r10,3,q10_7,Z,10,mwpm_gap,rl,20000,1450,0.047447452002163715,0.025052547997836284,0.057356411686611,0.20944179616487077,20000,1450,19000,1023,18000,756,16000,496,14000,348,10000,111,6000,6
d3_at_q10_7/Z/r30,3,q10_7,Z,30,mwpm_gap,si1000,20000,3909,0.09457709746493899,0.10087290253506098,0.1449223968144589,0.5120907698170625,20000,3909,19000,3353,18000,2856,16000,2015,14000,1504,10000,804,6000,439
d3_at_q10_7/Z/r30,3,q10_7,Z,30,mwpm_gap,rl,20000,3750,0.11835848156202528,0.06914151843797472,0.13862230747797355,0.4569914156647602,20000,3750,19000,3257,18000,2825,16000,2009,14000,1489,10000,811,6000,393
d3_at_q10_7/Z/r50,3,q10_7,Z,50,mwpm_gap,si1000,20000,5888,0.13964351829328964,0.1547564817067104,0.21087804489794543,0.7010558836745028,20000,5888,19000,5313,18000,4781,16000,3823,14000,2897,10000,1699,6000,840
d3_at_q10_7/Z/r50,3,q10_7,Z,50,mwpm_gap,rl,20000,5593,0.1665343215002712,0.11311567849972885,0.1987862017520266,0.6195697607102831,20000,5593,19000,5085,18000,4628,16000,3686,14000,2891,10000,1644,6000,786
d3_at_q10_7/Z/r70,3,q10_7,Z,70,mwpm_gap,si1000,20000,7550,0.19357182660333339,0.18392817339666662,0.259633774123375,0.8160518430963538,20000,7550,19000,7033,18000,6494,16000,5495,14000,4518,10000,2720,6000,1344
d3_at_q10_7/Z/r70,3,q10_7,Z,70,mwpm_gap,rl,20000,7416,0.22667574118292905,0.14412425881707097,0.2461878052844174,0.7309890567723365,20000,7416,19000,6900,18000,6416,16000,5459,14000,4493,10000,2688,6000,1317
d3_at_q10_7/Z/r90,3,q10_7,Z,90,mwpm_gap,si1000,20000,8013,0.21633758673885617,0.1843124132611439,0.26756799141178783,0.8184352360218969,20000,8013,19000,7466,18000,6942,16000,5907,14000,4922,10000,3053,6000,1539
d3_at_q10_7/Z/r90,3,q10_7,Z,90,mwpm_gap,rl,20000,7903,0.2498140719595282,0.1453359280404718,0.2548255567647692,0.7430743748675566,20000,7903,19000,7397,18000,6873,16000,5891,14000,4953,10000,3077,6000,1518
d3_at_q10_7/Z/r110,3,q10_7,Z,110,mwpm_gap,si1000,20000,8741,0.24279054946613923,0.1942594505338608,0.28546036448150214,0.8529888865350805,20000,8741,19000,8213,18000,7715,16000,6664,14000,5634,10000,3745,6000,1954
d3_at_q10_7/Z/r110,3,q10_7,Z,110,mwpm_gap,rl,20000,8614,0.2739909022178982,0.1567090977821018,0.2727048745649042,0.7826374099764138,20000,8614,19000,8129,18000,7614,16000,6610,14000,5639,10000,3745,6000,1971
d3_at_q10_7/Z/r130,3,q10_7,Z,130,mwpm_gap,si1000,20000,9137,0.26437542029306893,0.1924745797069311,0.291518065531568,0.8566492776048386,20000,9137,19000,8603,18000,8097,16000,7053,14000,6057,10000,4101,6000,2188
d3_at_q10_7/Z/r130,3,q10_7,Z,130,mwpm_gap,rl,20000,9010,0.2955617447580721,0.15493825524192792,0.27703265137001354,0.7871491994477648,20000,9010,19000,8497,18000,7960,16000,6953,14000,5969,10000,4035,6000,2199
d3_at_q10_7/Z/r150,3,q10_7,Z,150,mwpm_gap,si1000,20000,9282,0.27698737006284957,0.18711262993715047,0.29316587225070445,0.8517971797987768,20000,9282,19000,8784,18000,8265,16000,7256,14000,6270,10000,4245,6000,2355
d3_at_q10_7/Z/r150,3,q10_7,Z,150,mwpm_gap,rl,20000,9227,0.3080593578444111,0.15329064215558896,0.2808084578057719,0.7915050711354846,20000,9227,19000,8757,18000,8243,16000,7243,14000,6230,10000,4255,6000,2332
d3_at_q10_7/Z/r170,3,q10_7,Z,170,mwpm_gap,si1000,20000,9710,0.31404108827931104,0.17145891172068897,0.29214322823595545,0.8296154626153368,20000,9710,19000,9191,18000,8701,16000,7691,14000,6657,10000,4661,6000,2654
d3_at_q10_7/Z/r170,3,q10_7,Z,170,mwpm_gap,rl,20000,9792,0.34539698815342856,0.14420301184657144,0.2816304986195199,0.783124645152289,20000,9792,19000,9273,18000,8765,16000,7727,14000,6712,10000,4711,6000,2725
d3_at_q10_7/Z/r190,3,q10_7,Z,190,mwpm_gap,si1000,20000,9633,0.31207404151291657,0.16957595848708348,0.2914376043110093,0.8265816917296899,20000,9633,19000,9130,18000,8608,16000,7605,14000,6617,10000,4647,6000,2630
d3_at_q10_7/Z/r190,3,q10_7,Z,190,mwpm_gap,rl,20000,9462,0.3409039331809102,0.13219606681908969,0.27762438958273494,0.7739192762186909,20000,9462,19000,8962,18000,8454,16000,7443,14000,6466,10000,4520,6000,2609
d3_at_q10_7/Z/r210,3,q10_7,Z,210,mwpm_gap,si1000,20000,9733,0.3394298282163314,0.14722017178366867,0.28591374312073403,0.8025921545873164,20000,9733,19000,9252,18000,8753,16000,7769,14000,6780,10000,4797,6000,2774
d3_at_q10_7/Z/r210,3,q10_7,Z,210,mwpm_gap,rl,20000,9640,0.3562656509551364,0.12721971965069725,0.278518246176778,0.770617229021371,20000,9640,19000,9141,18000,8660,16000,7714,14000,6781,10000,4767,6000,2758
d3_at_q10_7/Z/r230,3,q10_7,Z,230,mwpm_gap,si1000,20000,9865,0.33355253770634496,0.15969746229365497,0.28940968490584945,0.8129484330186169,20000,9865,19000,9359,18000,8857,16000,7833,14000,6842,10000,4775,6000,2766
d3_at_q10_7/Z/r230,3,q10_7,Z,230,mwpm_gap,rl,20000,9678,0.3574149402080652,0.12702704274564225,0.27941892532506846,0.7734097373925004,20000,9678,19000,9197,18000,8679,16000,7709,14000,6749,10000,4749,6000,2855
d3_at_q10_7/Z/r250,3,q10_7,Z,250,mwpm_gap,si1000,20000,9770,0.3679931081283158,0.1205068918716842,0.2772709118329945,0.7709117094788471,20000,9770,19000,9275,18000,8787,16000,7808,14000,6818,10000,4844,6000,2862
d3_at_q10_7/Z/r250,3,q10_7,Z,250,mwpm_gap,rl,20000,9961,0.3799554115878818,0.1180945884121182,0.27417095418204335,0.7546880661029656,20000,9961,19000,9463,18000,8959,16000,7918,14000,6912,10000,4881,6000,2887
d3_at_q2_7/X/r01,3,q2_7,X,1,mwpm_gap,si1000,20000,97,0.0022514432628759707,0.0026000496206202706,0.004190448762116891,0.019240326749410865,20000,97,19000,37,18000,7,16000,0,14000,0,10000,0,6000,0
d3_at_q2_7/X/r01,3,q2_7,X,1,mwpm_gap,rl,20000,94,0.004018493402103846,0.0006878015412251339,0.004050718127021485,0.01801218043320434,20000,94,19000,24,18000,10,16000,0,14000,0,10000,0,6000,0
d3_at_q2_7/X/r01,3,q2_7,X,1,exact,si1000,20000,95,0.002563094831272769,0.002189796110188931,0.0041063367109485036,0.018650319370489474,20000,95,19000,37,18000,11,16000,0,14000,0,10000,0,6000,0
d3_at_q2_7/X/r01,3,q2_7,X,1,exact,rl,20000,91,0.004478624166552418,0.0004883092376594963,0.0039925748323621675,0.01768034321488267,20000,91,19000,22,18000,11,16000,0,14000,0,10000,0,6000,0
d3_at_q2_7/X/r10,3,q2_7,X,10,mwpm_gap,si1000,20000,1409,0.03202367943531125,0.03842632056468874,0.053968635898929584,0.21782421089483892,20000,1409,19000,887,18000,627,16000,468,14000,352,10000,132,6000,6
d3_at_q2_7/X/r10,3,q2_7,X,10,mwpm_gap,rl,20000,1297,0.041775924004577324,0.023074075995422685,0.052654165288561934,0.19785524437946272,20000,1297,19000,926,18000,638,16000,464,14000,343,10000,123,6000,4
d3_at_q2_7/X/r30,3,q2_7,X,30,mwpm_gap,si1000,20000,3949,0.0883885755785703,0.10906142442142969,0.14679187048275238,0.5334661368234003,20000,3949,19000,3380,18000,2863,16000,2041,14000,1450,10000,831,6000,410
d3_at_q2_7/X/r30,3,q2_7,X,30,mwpm_gap,rl,20000,3736,0.1054113044981578,0.08138869550184223,0.14157749914409712,0.4726112937949751,20000,3736,19000,3257,18000,2859,16000,2092,14000,1456,10000,893,6000,412
d3_at_q2_7/X/r50,3,q2_7,X,50,mwpm_gap,si1000,20000,5750,0.1330843167269981,0.15441568327300184,0.20829607678711515,0.7206453331041642,20000,5750,19000,5180,18000,4666,16000,3647,14000,2834,10000,1623,6000,850
d3_at_q2_7/X/r50,3,q2_7,X,50,mwpm_gap,rl,20000,5539,0.15059061160737988,0.1263593883926201,0.20138230097700408,0.6403023958881211,20000,5539,19000,5067,18000,4576,16000,3720,14000,2946,10000,1636,6000,904
d3_at_q2_7/X/r70,3,q2_7,X,70,mwpm_gap,si1000,20000,6903,0.16521138524297158,0.1799386147570284,0.2449196739374937,0.8140109931162054,20000,6903,19000,6361,18000,5823,16000,4863,14000,3870,10000,2266,6000,1155
d3_at_q2_7/X/r70,3,q2_7,X,70,mwpm_gap,rl,20000,6761,0.18160476643553652,0.15644523356446347,0.23715581209503844,0.7276185952023888,20000,6761,19000,6263,18000,5780,16000,4811,14000,3991,10000,2264,6000,1210
d3_at_q2_7/X/r90,3,q2_7,X,90,mwpm_gap,si1000,20000,8958,0.24033557969005392,0.20756442030994604,0.2977191694417874,0.9267719878960216,20000,8958,19000,8419,18000,7894,16000,6815,14000,5841,10000,3959,6000,2127
d3_at_q2_7/X/r90,3,q2_7,X,90,mwpm_gap,rl,20000,8603,0.244453531850331,0.18569646814966903,0.2845095188793599,0.8358989668961343,20000,8603,19000,8124,18000,7677,16000,6706,14000,5718,10000,3860,6000,2076
d3_at_q2_7/X/r110,3,q2_7,X,110,mwpm_gap,si1000,20000,8476,0.22485865170865518,0.19894134829134485,0.28452096152393264,0.8886518813159466,20000,8476,19000,7950,18000,7425,16000,6413,14000,5444,10000,3521,6000,1798
d3_at_q2_7/X/r110,3,q2_7,X,110,mwpm_gap,rl,20000,8301,0.23698668803239428,0.17806331196760572,0.2745832749051504,0.8057640575690621,20000,8301,19000,7788,18000,7310,16000,6313,14000,5390,10000,3584,6000,1799
d3_at_q2_7/X/r130,3,q2_7,X,130,mwpm_gap,si1000,20000,9107,0.25936731434888,0.19598268565112004,0.29608066214462053,0.8956864595945182,20000,9107,19000,8584,18000,8070,16000,7073,14000,6098,10000,4147,6000,2269
d3_at_q2_7/X/r130,3,q2_7,X,130,mwpm_gap,rl,20000,9115,0.2656021750205399,0.19014782497946014,0.28813896790347354,0.8300233626640967,20000,9115,19000,8615,18000,8108,16000,7107,14000,6070,10000,4122,6000,2281
d3_at_q2_7/X/r150,3,q2_7,X,150,mwpm_gap,si1000,20000,9243,0.2664149935486769,0.19573500645132308,0.2978138708582802,0.8942276516313543,20000,9243,19000,8717,18000,8206,16000,7202,14000,6220,10000,4251,6000,2364
d3_at_q2_7/X/r150,3,q2_7,X,150,mwpm_gap,rl,20000,9106,0.27192129312515645,0.1833787068748436,0.2891611250414592,0.8291643314621304,20000,9106,19000,8625,18000,8156,16000,7201,14000,6207,10000,4271,6000,2380
d3_at_q2_7/X/r170,3,q2_7,X,170,mwpm_gap,si1000,20000,9456,0.2884832565915727,0.18431674340842732,0.2965172892595027,0.8748310171484427,20000,9456,19000,8955,18000,8478,16000,7459,14000,6488,10000,4479,6000,2524
d3_at_q2_7/X/r170,3,q2_7,X,170,mwpm_gap,rl,20000,9388,0.2913227365066687,0.17807726349333136,0.2876184195873276,0.8155617052839204,20000,9388,19000,8886,18000,8373,16000,7383,14000,6367,10000,4444,6000,2541
d3_at_q2_7/X/r190,3,q2_7,X,190,mwpm_gap,si1000,20000,9574,0.2966846573392532,0.1820153426607468,0.29462371139918625,0.8606660818304747,20000,9574,19000,9092,18000,8591,16000,7545,14000,6512,10000,4495,6000,2537
d3_at_q2_7/X/r190,3,q2_7,X,190,mwpm_gap,rl,20000,9448,0.29655060056459176,0.17584939943540823,0.28791159947340383,0.8124458535644018,20000,9448,19000,8944,18000,8453,16000,7447,14000,6435,10000,4507,6000,2633
d3_at_q2_7/X/r210,3,q2_7,X,210,mwpm_gap,si1000,20000,9814,0.31112338491672353,0.1795766150832764,0.29671156625879946,0.858136774692036,20000,9814,19000,9314,18000,8837,16000,7798,14000,6766,10000,4758,6000,2749
d3_at_q2_7/X/r210,3,q2_7,X,210,mwpm_gap,rl,20000,9661,0.3111338420606614,0.17191615793933857,0.28936993014026563,0.8116697387026793,20000,9661,19000,9172,18000,8691,16000,7688,14000,6668,10000,4716,6000,2772
d3_at_q2_7/X/r230,3,q2_7,X,230,mwpm_gap,si1000,20000,9901,0.3258712479139237,0.1691787520860763,0.29314439433426714,0.8352591473633977,20000,9901,19000,9404,18000,8907,16000,7901,14000,6887,10000,4868,6000,2827
d3_at_q2_7/X/r230,3,q2_7,X,230,mwpm_gap,rl,20000,9833,0.3226761280591329,0.168973871940867,0.28702009616537594,0.7986436171402491,20000,9833,19000,9321,18000,8827,16000,7827,14000,6810,10000,4818,6000,2839
d3_at_q2_7/X/r250,3,q2_7,X,250,mwpm_gap,si1000,20000,9745,0.3307005976435781,0.15654940235642187,0.28986398177087513,0.8254128242536383,20000,9745,19000,9248,18000,8791,16000,7780,14000,6792,10000,4809,6000,2823
d3_at_q2_7/X/r250,3,q2_7,X,250,mwpm_gap,rl,20000,9725,0.3275215624853315,0.1587284375146685,0.2843530302028478,0.7904376480082559,20000,9725,19000,9243,18000,8740,16000,7761,14000,6790,10000,4836,6000,2845
d3_at_q2_7/Z/r01,3,q2_7,Z,1,mwpm_gap,si1000,20000,141,0.0025676405711125396,0.004483682724234038,0.0061955310203978785,0.028182959447389692,20000,141,19000,29,18000,18,16000,0,14000,0,10000,0,6000,0
d3_at_q2_7/Z/r01,3,q2_7,Z,1,mwpm_gap,rl,20000,128,0.0037153130027916775,0.002692185419952924,0.005622749771003978,0.02246449584528159,20000,128,19000,29,18000,4,16000,0,14000,0,10000,0,6000,0
d3_at_q2_7/Z/r01,3,q2_7,Z,1,exact,si1000,20000,140,0.0027690501857525877,0.004233773639555396,0.006107513991344416,0.02739763248265029,20000,140,19000,28,18000,16,16000,0,14000,0,10000,0,6000,0
d3_at_q2_7/Z/r01,3,q2_7,Z,1,exact,rl,20000,128,0.0042011748271193385,0.002210155297519192,0.0055854334584724925,0.02216665750415885,20000,128,19000,28,18000,3,16000,0,14000,0,10000,0,6000,0
d3_at_q2_7/Z/r10,3,q2_7,Z,10,mwpm_gap,si1000,20000,1418,0.033282869506914496,0.037617462777792376,0.05615142233672985,0.21805255376714586,20000,1418,19000,928,18000,687,16000,448,14000,304,10000,126,6000,1
d3_at_q2_7/Z/r10,3,q2_7,Z,10,mwpm_gap,rl,20000,1362,0.04476306113197962,0.023340620243674903,0.05373733880673178,0.19210125673141043,20000,1362,19000,910,18000,675,16000,414,14000,270,10000,83,6000,3
d3_at_q2_7/Z/r30,3,q2_7,Z,30,mwpm_gap,si1000,20000,3785,0.09051810120390227,0.09873189879609773,0.14292496691828596,0.5039503302001047,20000,3785,19000,3219,18000,2744,16000,2017,14000,1513,10000,774,6000,390
d3_at_q2_7/Z/r30,3,q2_7,Z,30,mwpm_gap,rl,20000,3637,0.1093449875359102,0.0725050124640898,0.13805158837658338,0.4518161740356868,20000,3637,19000,3219,18000,2739,16000,2017,14000,1497,10000,804,6000,345
d3_at_q2_7/Z/r50,3,q2_7,Z,50,mwpm_gap,si1000,20000,5312,0.1268955687688413,0.13870443123115872,0.19395506938483853,0.6496752334203586,20000,5312,19000,4750,18000,4274,16000,3305,14000,2464,10000,1436,6000,694
d3_at_q2_7/Z/r50,3,q2_7,Z,50,mwpm_gap,rl,20000,5163,0.1493897527967897,0.10876024720321031,0.18635460013559924,0.580788607604886,20000,5163,19000,4709,18000,4244,16000,3198,14000,2516,10000,1401,6000,700
d3_at_q2_7/Z/r70,3,q2_7,Z,70,mwpm_gap,si1000,20000,6722,0.17372369864198478,0.16237630135801526,0.23816251239438133,0.756476178361613,20000,6722,19000,6199,18000,5669,16000,4757,14000,3814,10000,2291,6000,1092
d3_at_q2_7/Z/r70,3,q2_7,Z,70,mwpm_gap,rl,20000,6618,0.1918282430488648,0.1390717569511352,0.23078582738805326,0.6870178614745769,20000,6618,19000,6155,18000,5709,16000,4726,14000,3792,10000,2335,6000,1122
d3_at_q2_7/Z/r90,3,q2_7,Z,90,mwpm_gap,si1000,20000,8019,0.20634160902817794,0.19460839097182211,0.27674756710966236,0.8561669487702437,20000,8019,19000,7496,18000,6994,16000,5954,14000,5013,10000,3186,6000,1752
d3_at_q2_7/Z/r90,3,q2_7,Z,90,mwpm_gap,rl,20000,7836,0.22613527214018922,0.16566472785981076,0.26295421169822286,0.765515959282086,20000,7836,19000,7318,18000,6830,16000,5883,14000,4929,10000,3165,6000,1640
d3_at_q2_7/Z/r110,3,q2_7,Z,110,mwpm_gap,si1000,20000,8223,0.21897072028576853,0.19217927971423152,0.27877396283036737,0.8442634967381905,20000,8223,19000,7696,18000,7164,16000,6206,14000,5228,10000,3339,6000,1791
d3_at_q2_7/Z/r110,3,q2_7,Z,110,mwpm_gap,rl,20000,8047,0.23398716399865366,0.16914750731459163,0.2681671150740229,0.7726541310379585,20000,8047,19000,7587,18000,7104,16000,6184,14000,5176,10000,3307,6000,1825
d3_at_q2_7/Z/r130,3,q2_7,Z,130,mwpm_gap,si1000,20000,8791,0.2460332692529856,0.19351673074701445,0.2866476873594519,0.849418853136374,20000,8791,19000,8259,18000,7711,16000,6671,14000,5703,10000,3761,6000,2015
d3_at_q2_7/Z/r130,3,q2_7,Z,130,mwpm_gap,rl,20000,8595,0.2586803464684307,0.17159853425266997,0.2775368956531176,0.7881331132517654,20000,8595,19000,8112,18000,7625,16000,6718,14000,5725,10000,3730,6000,2067
d3_at_q2_7/Z/r150,3,q2_7,Z,150,mwpm_gap,si1000,20000,8933,0.26023637623893114,0.18641362376106896,0.2902030870432305,0.8486967758822608,20000,8933,19000,8433,18000,7911,16000,6910,14000,5951,10000,4024,6000,2162
d3_at_q2_7/Z/r150,3,q2_7,Z,150,mwpm_gap,rl,20000,8857,0.270241252782846,0.17261243854566174,0.2806657620678124,0.7909741518903671,20000,8857,19000,8380,18000,7880,16000,6920,14000,5941,10000,3952,6000,2188
d3_at_q2_7/Z/r170,3,q2_7,Z,170,mwpm_gap,si1000,20000,9250,0.2798964621724505,0.18260353782754948,0.29250938864749176,0.8438383599845001,20000,9250,19000,8748,18000,8233,16000,7215,14000,6219,10000,4273,6000,2355
d3_at_q2_7/Z/r170,3,q2_7,Z,170,mwpm_gap,rl,20000,9220,0.2874240360408625,0.1735759639591375,0.28374584253752605,0.7945843606970208,20000,9220,19000,8702,18000,8188,16000,7224,14000,6230,10000,4197,6000,2346
d3_at_q2_7/Z/r190,3,q2_7,Z,190,mwpm_gap,si1000,20000,9558,0.2997232342384301,0.1781767657615699,0.2945727424984411,0.8390608391250954,20000,9558,19000,9059,18000,8535,16000,7496,14000,6522,10000,4550,6000,2600
d3_at_q2_7/Z/r190,3,q2_7,Z,190,mwpm_gap,rl,20000,9468,0.30536761386496,0.16803238613504004,0.2873240294465015,0.7971445635869719,20000,9468,19000,8984,18000,8467,16000,7511,14000,6532,10000,4557,6000,2587
d3_at_q2_7/Z/r210,3,q2_7,Z,210,mwpm_gap,si1000,20000,9650,0.3081593273496277,0.17434067265037234,0.29348351230319747,0.8321308987616413,20000,9650,19000,9142,18000,8643,16000,7607,14000,6578,10000,4588,6000,2668
d3_at_q2_7/Z/r210,3,q2_7,Z,210,mwpm_gap,rl,20000,9475,0.31111804973390406,0.16263195026609595,0.2864407561258799,0.7943214126903685,20000,9475,19000,8954,18000,8454,16000,7495,14000,6551,10000,4578,6000,2649
d3_at_q2_7/Z/r230,3,q2_7,Z,230,mwpm_gap,si1000,20000,9684,0.322227957699062,0.16197204230093804,0.29141108515622133,0.8201806970299306,20000,9684,19000,9203,18000,8713,16000,7687,14000,6680,10000,4717,6000,2743
d3_at_q2_7/Z/r230,3,q2_7,Z,230,mwpm_gap,rl,20000,9761,0.321904562093171,0.166145437906829,0.2866723372111778,0.7907491070958966,20000,9761,19000,9247,18000,8752,16000,7714,14000,6705,10000,4700,6000,2675
d3_at_q2_7/Z/r250,3,q2_7,Z,250,mwpm_gap,si1000,20000,9764,0.33076407670020497,0.1574359232997951,0.2921125160423027,0.8200225782008971,20000,9764,19000,9244,18000,8732,16000,7746,14000,6768,10000,4851,6000,2858
d3_at_q2_7/Z/r250,3,q2_7,Z,250,mwpm_gap,rl,20000,9820,0.3316234164188797,0.15937658358112025,0.28586134363602417,0.7871045903332288,20000,9820,19000,9296,18000,8788,16000,7763,14000,6790,10000,4793,6000,2827
d3_at_q4_5/X/r01,3,q4_5,X,1,mwpm_gap,si1000,20000,123,0.002513187688198057,0.0036383051952981844,0.005365677672973453,0.02568926389637586,20000,123,19000,72,18000,7,16000,0,14000,0,10000,0,6000,0
d3_at_q4_5/X/r01,3,q4_5,X,1,mwpm_gap,rl,20000,120,0.004490164602225225,0.0015168286122643174,0.004911678207175427,0.019579678577597643,20000,120,19000,16,18000,2,16000,0,14000,0,10000,0,6000,0
d3_at_q4_5/X/r01,3,q4_5,X,1,exact,si1000,20000,119,0.0027154385981938167,0.003237452343267883,0.005277549116910436,0.024207260303489686,20000,119,19000,72,18000,6,16000,0,14000,0,10000,0,6000,0
d3_at_q4_5/X/r01,3,q4_5,X,1,exact,rl,20000,111,0.004723579779520187,0.0008702420313276653,0.004731263417435228,0.018891644098350445,20000,111,19000,17,18000,2,16000,0,14000,0,10000,0,6000,0
d3_at_q4_5/X/r10,3,q4_5,X,10,mwpm_gap,si1000,20000,1701,0.038583294869588045,0.046466705130411956,0.06410248677670229,0.25514696265113135,20000,1701,19000,1137,18000,796,16000,564,14000,455,10000,251,6000,17
d3_at_q4_5/X/r10,3,q4_5,X,10,mwpm_gap,rl,20000,1506,0.050912498581770674,0.024387501418229336,0.059317159927963554,0.21907025367847927,20000,1506,19000,1081,18000,783,16000,531,14000,405,10000,152,6000,15
d3_at_q4_5/X/r30,3,q4_5,X,30,mwpm_gap,si1000,20000,4326,0.09442528978709627,0.12187471021290373,0.15757925706568526,0.565185610868547,20000,4326,19000,3775,18000,3212,16000,2162,14000,1581,10000,976,6000,523
d3_at_q4_5/X/r30,3,q4_5,X,30,mwpm_gap,rl,20000,3758,0.11807423807658408,0.0698257619234159,0.14207418453309412,0.4843601410757015,20000,3758,19000,3305,18000,2822,16000,2131,14000,1554,10000,912,6000,475
d3_at_q4_5/X/r50,3,q4_5,X,50,mwpm_gap,si1000,20000,6332,0.14399837975284063,0.1726016202471594,0.22242851351126655,0.7434794885367659,20000,6332,19000,5803,18000,5244,16000,4171,14000,3108,10000,1690,6000,891
d3_at_q4_5/X/r50,3,q4_5,X,50,mwpm_gap,rl,20000,5692,0.17401248428241217,0.11085950166287835,0.20197595337112004,0.6503478984848853,20000,5692,19000,5212,18000,4752,16000,3808,14000,3034,10000,1677,6000,885
d3_at_q4_5/X/r70,3,q4_5,X,70,mwpm_gap,si1000,20000,7560,0.18150756006980096,0.19649243993019905,0.25841032956842375,0.8316574152932786,20000,7560,19000,7028,18000,6498,16000,5456,14000,4325,10000,2489,6000,1294
d3_at_q4_5/X/r70,3,q4_5,X,70,mwpm_gap,rl,20000,6844,0.21506435412178276,0.1296866228799278,0.2350506713973343,0.7336285043279092,20000,6844,19000,6353,18000,5900,16000,4919,14000,4047,10000,2485,6000,1240
d3_at_q4_5/X/r90,3,q4_5,X,90,mwpm_gap,si1000,20000,8693,0.23574327737796907,0.19890672262203096,0.28996508920916136,0.8913244330289168,20000,8693,19000,8220,18000,7714,16000,6743,14000,5704,10000,3713,6000,1984
d3_at_q4_5/X/r90,3,q4_5,X,90,mwpm_gap,rl,20000,8533,0.2771876704902697,0.1494623295097302,0.2668299369362192,0.7987367676973978,20000,8533,19000,7999,18000,7452,16000,6457,14000,5404,10000,3520,6000,1953
d3_at_q4_5/X/r110,3,q4_5,X,110,mwpm_gap,si1000,20000,8893,0.2378525954003998,0.20679740459960022,0.29087244400569245,0.8910015855815665,20000,8893,19000,8384,18000,7864,16000,6859,14000,5812,10000,3769,6000,1947
d3_at_q4_5/X/r110,3,q4_5,X,110,mwpm_gap,rl,20000,8282,0.2762293549870244,0.1399730801382781,0.267389572748698,0.800428441639676,20000,8282,19000,7786,18000,7314,16000,6360,14000,5366,10000,3591,6000,1954
d3_at_q4_5/X/r130,3,q4_5,X,130,mwpm_gap,si1000,20000,9216,0.25833795479137195,0.20246204520862812,0.2960404262992917,0.8876204939090596,20000,9216,19000,8706,18000,8220,16000,7242,14000,6193,10000,4104,6000,2184
d3_at_q4_5/X/r130,3,q4_5,X,130,mwpm_gap,rl,20000,8800,0.2977409793550676,0.1422590206449323,0.2735682277399524,0.8027264288390962,20000,8800,19000,8293,18000,7788,16000,6866,14000,5833,10000,3909,6000,2170
d3_at_q4_5/X/r150,3,q4_5,X,150,mwpm_gap,si1000,20000,9422,0.2823161025704805,0.18878389742951945,0.29765895851674695,0.8790726759031795,20000,9422,19000,8930,18000,8441,16000,7448,14000,6442,10000,4443,6000,2454
d3_at_q4_5/X/r150,3,q4_5,X,150,mwpm_gap,rl,20000,9240,0.32132896758004464,0.14128504754444168,0.2790022072837233,0.8065210190332774,20000,9240,19000,8733,18000,8249,16000,7265,14000,6311,10000,4338,6000,2433
d3_at_q4_5/X/r170,3,q4_5,X,170,mwpm_gap,si1000,20000,9515,0.29776386659754794,0.17798613340245203,0.2915573203936123,0.8471160296668456,20000,9515,19000,9023,18000,8495,16000,7494,14000,6459,10000,4482,6000,2494
d3_at_q4_5/X/r170,3,q4_5,X,170,mwpm_gap,rl,20000,9308,0.3376807028123323,0.12771929718766764,0.2740419100693498,0.7827363990712646,20000,9308,19000,8824,18000,8325,16000,7302,14000,6341,10000,4356,6000,2478
d3_at_q4_5/X/r190,3,q4_5,X,190,mwpm_gap,si1000,20000,9720,0.3128783455257285,0.1731216544742715,0.29588442331334874,0.8518803712214534,20000,9720,19000,9198,18000,8694,16000,7762,14000,6772,10000,4820,6000,2741
d3_at_q4_5/X/r190,3,q4_5,X,190,mwpm_gap,rl,20000,9660,0.35277091084208506,0.130229089157915,0.2777740998159468,0.7888635224260001,20000,9660,19000,9154,18000,8604,16000,7605,14000,6669,10000,4632,6000,2643
d3_at_q4_5/X/r210,3,q4_5,X,210,mwpm_gap,si1000,20000,9787,0.3288010549929652,0.1605489450070348,0.28948223643322557,0.8230996572163811,20000,9787,19000,9278,18000,8793,16000,7808,14000,6789,10000,4814,6000,2790
d3_at_q4_5/X/r210,3,q4_5,X,210,mwpm_gap,rl,20000,9729,0.36869838747927713,0.11775161252072282,0.2738718110750569,0.7699819005931842,20000,9729,19000,9226,18000,8669,16000,7696,14000,6680,10000,4697,6000,2766
d3_at_q4_5/X/r230,3,q4_5,X,230,mwpm_gap,si1000,20000,9857,0.3375637967732694,0.15528620322673056,0.2874614903866772,0.8140415617212307,20000,9857,19000,9364,18000,8825,16000,7835,14000,6839,10000,4798,6000,2833
d3_at_q4_5/X/r230,3,q4_5,X,230,mwpm_gap,rl,20000,9743,0.37698477156523297,0.11016522843476693,0.27172554497513857,0.7614951067413293,20000,9743,19000,9226,18000,8716,16000,7686,14000,6726,10000,4733,6000,2757
d3_at_q4_5/X/r250,3,q4_5,X,250,mwpm_gap,si1000,20000,9909,0.34941005187772606,0.1460399481222739,0.2839885863097171,0.7987607935808159,20000,9909,19000,9382,18000,8879,16000,7884,14000,6875,10000,4846,6000,2872
d3_at_q4_5/X/r250,3,q4_5,X,250,mwpm_gap,rl,20000,9805,0.3868002844613601,0.10736762225597707,0.2712446411208488,0.7558830343692785,20000,9805,19000,9312,18000,8844,16000,7867,14000,6839,10000,4867,6000,2837
d3_at_q4_5/Z/r01,3,q4_5,Z,1,mwpm_gap,si1000,20000,76,0.00235326216297745,0.0014480611323691274,0.003351171736456837,0.015243994848172375,20000,76,19000,30,18000,2,16000,0,14000,0,10000,0,6000,0
d3_at_q4_5/Z/r01,3,q4_5,Z,1,mwpm_gap,rl,20000,79,0.0027001076995294003,0.0012539363749798874,0.0033134546854155533,0.01441407597162309,20000,79,19000,16,18000,4,16000,0,14000,0,10000,0,6000,0
d3_at_q4_5/Z/r01,3,q4_5,Z,1,exact,si1000,20000,77,0.002524657027985122,0.0013281667973228622,0.0032781804478101543,0.014666260134851164,20000,77,19000,29,18000,2,16000,0,14000,0,10000,0,6000,0
d3_at_q4_5/Z/r01,3,q4_5,Z,1,exact,rl,20000,79,0.003064060881801026,0.0008930186908879602,0.003289322401200601,0.014555653796494395,20000,79,19000,16,18000,3,16000,0,14000,0,10000,0,6000,0
d3_at_q4_5/Z/r10,3,q4_5,Z,10,mwpm_gap,si1000,20000,1507,0.03559013386427302,0.039760031547645305,0.05808042021370194,0.21951913071202225,20000,1507,19000,1015,18000,687,16000,397,14000,292,10000,102,6000,9
d3_at_q4_5/Z/r10,3,q4_5,Z,10,mwpm_gap,rl,20000,1436,0.04475451718658413,0.02704661999323838,0.055747993008514594,0.19865597420285827,20000,1436,19000,977,18000,702,16000,399,14000,256,10000,79,6000,9
d3_at_q4_5/Z/r30,3,q4_5,Z,30,mwpm_gap,si1000,20000,3795,0.08893125461839793,0.10081874538160207,0.14419516176752717,0.5028635880577502,20000,3795,19000,3278,18000,2829,16000,2019,14000,1463,10000,713,6000,336
d3_at_q4_5/Z/r30,3,q4_5,Z,30,mwpm_gap,rl,20000,3763,0.10995154031789316,0.07819845968210687,0.1390711484983372,0.45268615401076756,20000,3763,19000,3303,18000,2780,16000,1976,14000,1449,10000,691,6000,274
d3_at_q4_5/Z/r50,3,q4_5,Z,50,mwpm_gap,si1000,20000,5403,0.13464795644413097,0.13550204355586903,0.19771109895313113,0.6494259134432495,20000,5403,19000,4863,18000,4404,16000,3491,14000,2657,10000,1496,6000,603
d3_at_q4_5/Z/r50,3,q4_5,Z,50,mwpm_gap,rl,20000,5465,0.15783996601919442,0.11541003398080561,0.19343624603405946,0.5973843121593224,20000,5465,19000,4979,18000,4489,16000,3547,14000,2683,10000,1490,6000,611
d3_at_q4_5/Z/r70,3,q4_5,Z,70,mwpm_gap,si1000,20000,6730,0.16872623391129474,0.1677737660887053,0.23860761278950562,0.7554082697007574,20000,6730,19000,6216,18000,5690,16000,4774,14000,3827,10000,2223,6000,1023
d3_at_q4_5/Z/r70,3,q4_5,Z,70,mwpm_gap,rl,20000,6575,0.19178464207826404,0.13696535792173603,0.22888350184549555,0.6860748113281897,20000,6575,19000,6125,18000,5639,16000,4698,14000,3757,10000,2219,6000,1008
d3_at_q4_5/Z/r90,3,q4_5,Z,90,mwpm_gap,si1000,20000,8214,0.21809666779315776,0.19260333220684225,0.28102245402049103,0.8499789836275559,20000,8214,19000,7698,18000,7210,16000,6266,14000,5331,10000,3453,6000,1851
d3_at_q4_5/Z/r90,3,q4_5,Z,90,mwpm_gap,rl,20000,8018,0.2379016727327574,0.16440420516761578,0.2686980855552115,0.7800754963137121,20000,8018,19000,7580,18000,7083,16000,6153,14000,5158,10000,3349,6000,1822
d3_at_q4_5/Z/r110,3,q4_5,Z,110,mwpm_gap,si1000,20000,8310,0.22156396952611784,0.1939360304738822,0.2809188467999876,0.844754309630892,20000,8310,19000,7800,18000,7288,16000,6299,14000,5375,10000,3470,6000,1809
d3_at_q4_5/Z/r110,3,q4_5,Z,110,mwpm_gap,rl,20000,8162,0.2442540141243242,0.1645073718758693,0.27022416442073466,0.7804578911360232,20000,8162,19000,7712,18000,7225,16000,6248,14000,5297,10000,3414,6000,1806
d3_at_q4_5/Z/r130,3,q4_5,Z,130,mwpm_gap,si1000,20000,8784,0.24540756651638612,0.1937924334836139,0.28754282657519636,0.8457235109970781,20000,8784,19000,8282,18000,7753,16000,6766,14000,5780,10000,3792,6000,2054
d3_at_q4_5/Z/r130,3,q4_5,Z,130,mwpm_gap,rl,20000,8640,0.2669807297384074,0.1650192702615926,0.27810396526545905,0.7926347093032615,20000,8640,19000,8129,18000,7655,16000,6690,14000,5730,10000,3847,6000,2029
d3_at_q4_5/Z/r150,3,q4_5,Z,150,mwpm_gap,si1000,20000,9209,0.26297096848019064,0.19747903151980936,0.2951431609838144,0.8564509016163625,20000,9209,19000,8681,18000,8157,16000,7170,14000,6174,10000,4228,6000,2271
d3_at_q4_5/Z/r150,3,q4_5,Z,150,mwpm_gap,rl,20000,8999,0.28416647658392674,0.1657835234160733,0.28249742289831004,0.7991168425963279,20000,8999,19000,8487,18000,7990,16000,7029,14000,6079,10000,4073,6000,2232
d3_at_q4_5/Z/r170,3,q4_5,Z,170,mwpm_gap,si1000,20000,9206,0.27635395915666405,0.18394604084333596,0.29516997101802434,0.8500973503869019,20000,9206,19000,8698,18000,8193,16000,7243,14000,6291,10000,4366,6000,2478
d3_at_q4_5/Z/r170,3,q4_5,Z,170,mwpm_gap,rl,20000,9234,0.2974845947461164,0.16438748896778826,0.2857692235818161,0.8035873582067159,20000,9234,19000,8732,18000,8256,16000,7242,14000,6221,10000,4296,6000,2449
d3_at_q4_5/Z/r190,3,q4_5,Z,190,mwpm_gap,si1000,20000,9607,0.2940239535371614,0.18632604646283868,0.2959974301214401,0.840258001505855,20000,9607,19000,9115,18000,8588,16000,7584,14000,6592,10000,4613,6000,2573
d3_at_q4_5/Z/r190,3,q4_5,Z,190,mwpm_gap,rl,20000,9413,0.3163191191767943,0.15433088082320573,0.2851130145547457,0.7972505533941903,20000,9413,19000,8922,18000,8410,16000,7415,14000,6472,10000,4498,6000,2584
d3_at_q4_5/Z/r210,3,q4_5,Z,210,mwpm_gap,si1000,20000,9611,0.3037784158360986,0.17677158416390137,0.29507798098956156,0.8349771738131095,20000,9611,19000,9102,18000,8609,16000,7598,14000,6639,10000,4665,6000,2692
d3_at_q4_5/Z/r210,3,q4_5,Z,210,mwpm_gap,rl,20000,9529,0.32349184004549486,0.15356161530388565,0.2859503729165781,0.7977001311889637,20000,9529,19000,9014,18000,8549,16000,7561,14000,6576,10000,4578,6000,2672
d3_at_q4_5/Z/r230,3,q4_5,Z,230,mwpm_gap,si1000,20000,9559,0.3174082783293649,0.1605417216706351,0.28875181815872786,0.8115360041914141,20000,9559,19000,9063,18000,8563,16000,7599,14000,6614,10000,4649,6000,2697
d3_at_q4_5/Z/r230,3,q4_5,Z,230,mwpm_gap,rl,20000,9578,0.3364451493880549,0.1457195331756455,0.2833777837686862,0.7868389356629938,20000,9578,19000,9112,18000,8622,16000,7653,14000,6636,10000,4663,6000,2700
d3_at_q4_5/Z/r250,3,q4_5,Z,250,mwpm_gap,si1000,20000,9883,0.32617712063263915,0.16797287936736086,0.29260261216564487,0.8186270953102096,20000,9883,19000,9373,18000,8885,16000,7885,14000,6867,10000,4836,6000,2853
d3_at_q4_5/Z/r250,3,q4_5,Z,250,mwpm_gap,rl,20000,9824,0.3462472198349632,0.14617771025239526,0.28471787246130636,0.7883354613496527,20000,9824,19000,9337,18000,8843,16000,7860,14000,6872,10000,4825,6000,2851
d3_at_q4_9/X/r01,3,q4_9,X,1,mwpm_gap,si1000,20000,94,0.0022516324790124243,0.0025031393243840666,0.004123167797279681,0.019167506455683315,20000,94,19000,35,18000,2,16000,0,14000,0,10000,0,6000,0
d3_at_q4_9/X/r01,3,q4_9,X,1,mwpm_gap,rl,20000,99,0.003230017476923189,0.0017226257377620537,0.004111315337980446,0.018816029457597097,20000,99,19000,33,18000,4,16000,1,14000,1,10000,0,6000,0
d3_at_q4_9/X/r01,3,q4_9,X,1,exact,si1000,20000,94,0.002448111832206216,0.002254417741572772,0.004086211625633005,0.01845086183889967,20000,94,19000,34,18000,2,16000,1,14000,1,10000,0,6000,0
d3_at_q4_9/X/r01,3,q4_9,X,1,exact,rl,20000,97,0.0036318552882033586,0.0012251320314216312,0.0040614891440944505,0.017796477352100926,20000,97,19000,33,18000,4,16000,0,14000,0,10000,0,6000,0
d3_at_q4_9/X/r10,3,q4_9,X,10,mwpm_gap,si1000,20000,1621,0.0381459163857647,0.042904270224672324,0.06510151609246227,0.2587944977942052,20000,1621,19000,1174,18000,852,16000,579,14000,427,10000,205,6000,7
d3_at_q4_9/X/r10,3,q4_9,X,10,mwpm_gap,rl,20000,1670,0.05422976763721722,0.0292724687253202,0.06423680584222326,0.23325933783784109,20000,1670,19000,1183,18000,853,16000,600,14000,440,10000,181,6000,9
d3_at_q4_9/X/r30,3,q4_9,X,30,mwpm_gap,si1000,20000,4503,0.10294741048998508,0.12220258951001495,0.17005990275617766,0.61497321744991,20000,4503,19000,4002,18000,3512,16000,2577,14000,1944,10000,1079,6000,576
d3_at_q4_9/X/r30,3,q4_9,X,30,mwpm_gap,rl,20000,4506,0.13524528248081294,0.09005471751918705,0.16267302181585844,0.5274847060931751,20000,4506,19000,4010,18000,3485,16000,2660,14000,1931,10000,1127,6000,566
d3_at_q4_9/X/r50,3,q4_9,X,50,mwpm_gap,si1000,20000,6454,0.15393909928668853,0.16876090071331146,0.23347676374409115,0.7890157285691501,20000,6454,19000,5957,18000,5452,16000,4464,14000,3523,10000,2030,6000,1024
d3_at_q4_9/X/r50,3,q4_9,X,50,mwpm_gap,rl,20000,6463,0.19061666610387346,0.13253333389612654,0.22111278099165319,0.6751810535592675,20000,6463,19000,5977,18000,5437,16000,4467,14000,3570,10000,2043,6000,1039
d3_at_q4_9/X/r70,3,q4_9,X,70,mwpm_gap,si1000,20000,7587,0.1940337123681778,0.1853162876318222,0.26497362720259426,0.8565700751826496,20000,7587,19000,7092,18000,6596,16000,5620,14000,4623,10000,2864,6000,1430
d3_at_q4_9/X/r70,3,q4_9,X,70,mwpm_gap,rl,20000,7584,0.2293645221693062,0.15242019760596778,0.2502369469652829,0.7395108917797936,20000,7584,19000,7093,18000,6634,16000,5614,14000,4608,10000,2853,6000,1418
d3_at_q4_9/X/r90,3,q4_9,X,90,mwpm_gap,si1000,20000,9003,0.25156897312858373,0.1985810268714163,0.29803284242258943,0.9068342997799679,20000,9003,19000,8503,18000,8019,16000,7032,14000,6049,10000,4147,6000,2258
d3_at_q4_9/X/r90,3,q4_9,X,90,mwpm_gap,rl,20000,9106,0.2829780754507747,0.17252420595615237,0.2842908718586986,0.8119422641106129,20000,9106,19000,8605,18000,8117,16000,7150,14000,6164,10000,4077,6000,2296
d3_at_q4_9/X/r110,3,q4_9,X,110,mwpm_gap,si1000,20000,9016,0.2616826582053969,0.18911734179460313,0.29313824807599537,0.8881543378435439,20000,9016,19000,8516,18000,8019,16000,7032,14000,6074,10000,4074,6000,2246
d3_at_q4_9/X/r110,3,q4_9,X,110,mwpm_gap,rl,20000,9087,0.29477064213527776,0.1607819651109476,0.27769416692397525,0.7883567158676407,20000,9087,19000,8594,18000,8106,16000,7046,14000,6027,10000,4070,6000,2228
d3_at_q4_9/X/r130,3,q4_9,X,130,mwpm_gap,si1000,20000,9111,0.2694304783883933,0.18611952161160672,0.2931500891912922,0.8812757829522713,20000,9111,19000,8621,18000,8101,16000,7095,14000,6124,10000,4170,6000,2320
d3_at_q4_9/X/r130,3,q4_9,X,130,mwpm_gap,rl,20000,9099,0.30125765046678027,0.15729563427616897,0.2784207447266908,0.7887837834515342,20000,9099,19000,8614,18000,8137,16000,7137,14000,6121,10000,4136,6000,2324
d3_at_q4_9/X/r150,3,q4_9,X,150,mwpm_gap,si1000,20000,9408,0.29129891466547836,0.1791010853345217,0.29402304923874206,0.8661824280298375,20000,9408,19000,8906,18000,8414,16000,7395,14000,6402,10000,4448,6000,2514
d3_at_q4_9/X/r150,3,q4_9,X,150,mwpm_gap,rl,20000,9373,0.32203406001807244,0.14661593998192757,0.279937299372995,0.7843852931859452,20000,9373,19000,8851,18000,8377,16000,7402,14000,6423,10000,4473,6000,2540
d3_at_q4_9/X/r170,3,q4_9,X,170,mwpm_gap,si1000,20000,9767,0.32159675293418555,0.16675324706581449,0.2909640320138617,0.834751234662694,20000,9767,19000,9237,18000,8747,16000,7733,14000,6714,10000,4724,6000,2737
d3_at_q4_9/X/r170,3,q4_9,X,170,mwpm_gap,rl,20000,9619,0.3487598887597484,0.13429295102956806,0.2785509430807102,0.7727140255847232,20000,9619,19000,9137,18000,8631,16000,7663,14000,6717,10000,4734,6000,2769
d3_at_q4_9/X/r190,3,q4_9,X,190,mwpm_gap,si1000,20000,9735,0.3245042251906492,0.16224577480935076,0.2912059466840766,0.8341376428858907,20000,9735,19000,9235,18000,8754,16000,7769,14000,6789,10000,4779,6000,2779
d3_at_q4_9/X/r190,3,q4_9,X,190,mwpm_gap,rl,20000,9777,0.35092477522062543,0.13792522477937452,0.2794516979101359,0.7740704855560828,20000,9777,19000,9244,18000,8735,16000,7753,14000,6774,10000,4806,6000,2784
d3_at_q4_9/X/r210,3,q4_9,X,210,mwpm_gap,si1000,20000,9862,0.33285680731855094,0.16024319268144904,0.29038194504989967,0.8258942839113959,20000,9862,19000,9368,18000,8860,16000,7857,14000,6880,10000,4881,6000,2836
d3_at_q4_9/X/r210,3,q4_9,X,210,mwpm_gap,rl,20000,9861,0.3588820783138499,0.13416792168615002,0.27858526374404463,0.7698379206766574,20000,9861,19000,9345,18000,8861,16000,7844,14000,6834,10000,4833,6000,2842
d3_at_q4_9/X/r230,3,q4_9,X,230,mwpm_gap,si1000,20000,10032,0.34629457060117186,0.15530542939882816,0.2867954772345352,0.8075832856408838,20000,10032,19000,9530,18000,9025,16000,7975,14000,6976,10000,4902,6000,2896
d3_at_q4_9/X/r230,3,q4_9,X,230,mwpm_gap,rl,20000,9880,0.37168143242885715,0.12231856757114287,0.27486227215894743,0.7576440643850111,20000,9880,19000,9381,18000,8883,16000,7869,14000,6882,10000,4865,6000,2896
d3_at_q4_9/X/r250,3,q4_9,X,250,mwpm_gap,si1000,20000,10020,0.3556026258365193,0.14539737416348072,0.2851573341635958,0.7999728055896652,20000,10020,19000,9490,18000,9018,16000,7997,14000,7008,10000,4986,6000,2980
d3_at_q4_9/X/r250,3,q4_9,X,250,mwpm_gap,rl,20000,10020,0.379595892534956,0.12140410746504395,0.27529576705154046,0.7571193484484222,20000,10020,19000,9530,18000,9012,16000,8009,14000,7006,10000,4966,6000,2971
d3_at_q4_9/Z/r01,3,q4_9,Z,1,mwpm_gap,si1000,20000,80,0.0019445452782601727,0.0020567780170864056,0.0036993341743173564,0.01739914660251517,20000,80,19000,33,18000,1,16000,0,14000,0,10000,0,6000,0
d3_at_q4_9/Z/r01,3,q4_9,Z,1,mwpm_gap,rl,20000,86,0.002561017755718615,0.0017417172162565852,0.0037070860246896844,0.01705843621748031,20000,86,19000,22,18000,7,16000,0,14000,0,10000,0,6000,0
d3_at_q4_9/Z/r01,3,q4_9,Z,1,exact,si1000,20000,81,0.0020972758271893648,0.001955547998118619,0.0036609737972532613,0.016945572068715838,20000,81,19000,33,18000,2,16000,0,14000,0,10000,0,6000,0
d3_at_q4_9/Z/r01,3,q4_9,Z,1,exact,rl,20000,80,0.0028095188624280574,0.0011971563491568816,0.003631135940162681,0.016297224582150025,20000,80,19000,22,18000,6,16000,0,14000,0,10000,0,6000,0
d3_at_q4_9/Z/r10,3,q4_9,Z,10,mwpm_gap,si1000,20000,1507,0.037250335845933326,0.038099829565985,0.05958467177521417,0.2298380082576917,20000,1507,19000,1038,18000,766,16000,492,14000,328,10000,117,6000,7
d3_at_q4_9/Z/r10,3,q4_9,Z,10,mwpm_gap,rl,20000,1448,0.04878485529682323,0.023616855356901768,0.05725550919677589,0.20663570366960662,20000,1448,19000,1014,18000,748,16000,484,14000,327,10000,115,6000,7
d3_at_q4_9/Z/r30,3,q4_9,Z,30,mwpm_gap,si1000,20000,3984,0.09551034814916806,0.10368965185083195,0.15358739095704824,0.5334172518315904,20000,3984,19000,3500,18000,3044,16000,2256,14000,1697,10000,889,6000,406
d3_at_q4_9/Z/r30,3,q4_9,Z,30,mwpm_gap,rl,20000,3940,0.11797510593567413,0.07902489406432589,0.14656582991867434,0.47760348885173687,20000,3940,19000,3436,18000,2992,16000,2220,14000,1662,10000,873,6000,360
d3_at_q4_9/Z/r50,3,q4_9,Z,50,mwpm_gap,si1000,20000,5704,0.13839038541546692,0.14680961458453315,0.21203551595362388,0.6945217808112343,20000,5704,19000,5204,18000,4769,16000,3759,14000,2989,10000,1694,6000,815
d3_at_q4_9/Z/r50,3,q4_9,Z,50,mwpm_gap,rl,20000,5647,0.16437306254921483,0.11797693745078523,0.20093308134554502,0.6214947868552697,20000,5647,19000,5161,18000,4626,16000,3726,14000,2952,10000,1682,6000,816
d3_at_q4_9/Z/r70,3,q4_9,Z,70,mwpm_gap,si1000,20000,7043,0.17742103365740913,0.17472896634259089,0.2519569609706645,0.7870207719269845,20000,7043,19000,6548,18000,6048,16000,5154,14000,4163,10000,2523,6000,1272
d3_at_q4_9/Z/r70,3,q4_9,Z,70,mwpm_gap,rl,20000,6988,0.2032067387507669,0.14619326124923313,0.23974324217102794,0.714531800532233,20000,6988,19000,6527,18000,6011,16000,5034,14000,4141,10000,2523,6000,1207
d3_at_q4_9/Z/r90,3,q4_9,Z,90,mwpm_gap,si1000,20000,8989,0.2480969296472414,0.20248545572548313,0.2989147897536171,0.8815625105595082,20000,8989,19000,8494,18000,8013,16000,7029,14000,6059,10000,4119,6000,2283
d3_at_q4_9/Z/r90,3,q4_9,Z,90,mwpm_gap,rl,20000,8938,0.27207487802646063,0.1748251219735393,0.2839738305498979,0.8104136483971277,20000,8938,19000,8450,18000,7926,16000,6918,14000,5968,10000,4063,6000,2260
d3_at_q4_9/Z/r110,3,q4_9,Z,110,mwpm_gap,si1000,20000,8554,0.22871243820024437,0.19898756179975566,0.2880390056936835,0.8602659702876794,20000,8554,19000,8027,18000,7490,16000,6502,14000,5562,10000,3675,6000,2022
d3_at_q4_9/Z/r110,3,q4_9,Z,110,mwpm_gap,rl,20000,8380,0.2533289988085555,0.16567100119144454,0.2741359504956179,0.790888751917968,20000,8380,19000,7934,18000,7448,16000,6448,14000,5475,10000,3627,6000,1990
d3_at_q4_9/Z/r130,3,q4_9,Z,130,mwpm_gap,si1000,20000,9021,0.264064502015397,0.186985497984603,0.2934825380981484,0.8518514468238627,20000,9021,19000,8513,18000,8060,16000,7054,14000,6089,10000,4182,6000,2339
d3_at_q4_9/Z/r130,3,q4_9,Z,130,mwpm_gap,rl,20000,8952,0.2912712444736972,0.1563287555263029,0.2800573671947966,0.7923728698942145,20000,8952,19000,8457,18000,7987,16000,6995,14000,6025,10000,4163,6000,2333
d3_at_q4_9/Z/r150,3,q4_9,Z,150,mwpm_gap,si1000,20000,9249,0.2697590011154548,0.19269099888454522,0.2988844979289759,0.8629115753975335,20000,9249,19000,8757,18000,8256,16000,7287,14000,6312,10000,4315,6000,2434
d3_at_q4_9/Z/r150,3,q4_9,Z,150,mwpm_gap,rl,20000,9235,0.29315221845294487,0.1685977815470551,0.2855039965021015,0.8039551180585374,20000,9235,19000,8741,18000,8240,16000,7228,14000,6206,10000,4321,6000,2460
d3_at_q4_9/Z/r170,3,q4_9,Z,170,mwpm_gap,si1000,20000,9714,0.2898222281658701,0.19631720801730124,0.3029318280616937,0.8614889917576402,20000,9714,19000,9226,18000,8716,16000,7715,14000,6715,10000,4666,6000,2635
d3_at_q4_9/Z/r170,3,q4_9,Z,170,mwpm_gap,rl,20000,9640,0.31112923842818696,0.17087076157181308,0.2888332794555056,0.8054786093407529,20000,9640,19000,9162,18000,8677,16000,7674,14000,6639,10000,4595,6000,2604
d3_at_q4_9/Z/r190,3,q4_9,Z,190,mwpm_gap,si1000,20000,9729,0.3090638514976985,0.1773861485023015,0.29825169801072016,0.8414996121096067,20000,9729,19000,9217,18000,8726,16000,7770,14000,6774,10000,4806,6000,2774
d3_at_q4_9/Z/r190,3,q4_9,Z,190,mwpm_gap,rl,20000,9719,0.3270842088504437,0.15886579114955626,0.2867229435849286,0.7963628208193135,20000,9719,19000,9199,18000,8711,16000,7699,14000,6698,10000,4721,6000,2782
d3_at_q4_9/Z/r210,3,q4_9,Z,210,mwpm_gap,si1000,20000,9720,0.3156531917464372,0.17034680825356285,0.2944499471240052,0.8274883071913515,20000,9720,19000,9185,18000,8698,16000,7691,14000,6727,10000,4764,6000,2782
d3_at_q4_9/Z/r210,3,q4_9,Z,210,mwpm_gap,rl,20000,9714,0.3359175625664884,0.14978243743351155,0.2834404678873841,0.7842703581710164,20000,9714,19000,9201,18000,8709,16000,7718,14000,6703,10000,4767,6000,2755
d3_at_q4_9/Z/r230,3,q4_9,Z,230,mwpm_gap,si1000,20000,9782,0.341530440908152,0.14756955909184793,0.28466233912463756,0.7931583995244244,20000,9782,19000,9281,18000,8785,16000,7753,14000,6744,10000,4766,6000,2826
d3_at_q4_9/Z/r230,3,q4_9,Z,230,mwpm_gap,rl,20000,9759,0.3604756011253101,0.1274743988746899,0.2766687159844096,0.7638141360431365,20000,9759,19000,9268,18000,8801,16000,7818,14000,6807,10000,4823,6000,2825
d3_at_q4_9/Z/r250,3,q4_9,Z,250,mwpm_gap,si1000,20000,9776,0.3502219928922044,0.1427038262389591,0.2850148188816879,0.7920471565908296,20000,9776,19000,9319,18000,8826,16000,7853,14000,6878,10000,4891,6000,2926
d3_at_q4_9/Z/r250,3,q4_9,Z,250,mwpm_gap,rl,20000,9902,0.36725881464326504,0.12784118535673503,0.2775013685042556,0.7644024699437334,20000,9902,19000,9393,18000,8883,16000,7865,14000,6857,10000,4944,6000,2923
d3_at_q6_11/X/r01,3,q6_11,X,1,mwpm_gap,si1000,20000,77,0.0019694964214899023,0.0018960840943513923,0.003399493028176761,0.01574705121381014,20000,77,19000,29,18000,0,16000,0,14000,0,10000,0,6000,0
d3_at_q6_11/X/r01,3,q6_11,X,1,mwpm_gap,rl,20000,86,0.0025294354102220664,0.0017752529965758446,0.0034952039467650606,0.015381190731511516,20000,86,19000,24,18000,2,16000,0,14000,0,10000,0,6000,0
d3_at_q6_11/X/r01,3,q6_11,X,1,exact,si1000,20000,79,0.002135351104352727,0.0018383373665746272,0.003370605520404871,0.015335555832410327,20000,79,19000,27,18000,0,16000,0,14000,0,10000,0,6000,0
d3_at_q6_11/X/r01,3,q6_11,X,1,exact,rl,20000,87,0.0028488312474729,0.0015081470362472162,0.003422801212557373,0.014973485227551086,20000,87,19000,24,18000,1,16000,0,14000,0,10000,0,6000,0
d3_at_q6_11/X/r10,3,q6_11,X,10,mwpm_gap,si1000,20000,1605,0.037630448295190674,0.042619738315246354,0.062488621385116655,0.24783716731554228,20000,1605,19000,1097,18000,809,16000,536,14000,373,10000,138,6000,10
d3_at_q6_11/X/r10,3,q6_11,X,10,mwpm_gap,rl,20000,1575,0.06053622088707117,0.018218888574437073,0.06223524694000567,0.21972021882744971,20000,1575,19000,1182,18000,832,16000,541,14000,370,10000,142,6000,12
d3_at_q6_11/X/r30,3,q6_11,X,30,mwpm_gap,si1000,20000,4433,0.09971650757868625,0.12193349242131375,0.16541927765350956,0.5963266995207437,20000,4433,19000,3908,18000,3375,16000,2476,14000,1847,10000,1021,6000,499
d3_at_q6_11/X/r30,3,q6_11,X,30,mwpm_gap,rl,20000,4380,0.14497955360540965,0.08714357552549536,0.16116573356714606,0.5085837831552688,20000,4380,19000,3996,18000,3607,16000,2638,14000,1926,10000,1076,6000,491
d3_at_q6_11/X/r50,3,q6_11,X,50,mwpm_gap,si1000,20000,6135,0.14879167703219165,0.15795832296780835,0.22191654915572512,0.7508024258992461,20000,6135,19000,5614,18000,5100,16000,4144,14000,3252,10000,1846,6000,888
d3_at_q6_11/X/r50,3,q6_11,X,50,mwpm_gap,rl,20000,6135,0.19752527780163368,0.11391896398608727,0.21247270772247567,0.6364164931701046,20000,6135,19000,5702,18000,5267,16000,4322,14000,3387,10000,1957,6000,944
d3_at_q6_11/X/r70,3,q6_11,X,70,mwpm_gap,si1000,20000,7859,0.20761938480396053,0.18533061519603944,0.26987036148055216,0.8550595463970825,20000,7859,19000,7365,18000,6880,16000,5855,14000,4889,10000,3100,6000,1525
d3_at_q6_11/X/r70,3,q6_11,X,70,mwpm_gap,rl,20000,7902,0.2563083610408799,0.1387916389591201,0.254378810964939,0.7327565139172176,20000,7902,19000,7374,18000,6922,16000,5999,14000,4991,10000,3110,6000,1568
d3_at_q6_11/X/r90,3,q6_11,X,90,mwpm_gap,si1000,20000,9100,0.26435496428952543,0.1906450357104746,0.2924597725547344,0.8798862182700646,20000,9100,19000,8623,18000,8133,16000,7109,14000,6091,10000,4099,6000,2226
d3_at_q6_11/X/r90,3,q6_11,X,90,mwpm_gap,rl,20000,9075,0.30901707400900125,0.14473292599099874,0.27730693148864005,0.7790292321125349,20000,9075,19000,8615,18000,8118,16000,7164,14000,6214,10000,4237,6000,2268
d3_at_q6_11/X/r110,3,q6_11,X,110,mwpm_gap,si1000,20000,8794,0.2509462780048229,0.1887537219951771,0.28759229731352837,0.8769117079135688,20000,8794,19000,8294,18000,7780,16000,6762,14000,5756,10000,3841,6000,2057
d3_at_q6_11/X/r110,3,q6_11,X,110,mwpm_gap,rl,20000,8804,0.29586727435069066,0.14433272564930927,0.27305613590493977,0.7709504861552929,20000,8804,19000,8305,18000,7824,16000,6872,14000,5924,10000,3989,6000,2082
d3_at_q6_11/X/r130,3,q6_11,X,130,mwpm_gap,si1000,20000,9416,0.2826685735530131,0.18813142644698688,0.29412427008483244,0.8659682111850693,20000,9416,19000,8893,18000,8393,16000,7359,14000,6328,10000,4355,6000,2404
d3_at_q6_11/X/r130,3,q6_11,X,130,mwpm_gap,rl,20000,9283,0.3258686100677202,0.13828138993227973,0.27799087087065283,0.7757432878185687,20000,9283,19000,8806,18000,8309,16000,7344,14000,6368,10000,4449,6000,2490
d3_at_q6_11/X/r150,3,q6_11,X,150,mwpm_gap,si1000,20000,9506,0.29496226452925384,0.1803377354707462,0.29336488098514496,0.8593992243025281,20000,9506,19000,8985,18000,8466,16000,7461,14000,6440,10000,4479,6000,2529
d3_at_q6_11/X/r150,3,q6_11,X,150,mwpm_gap,rl,20000,9537,0.3340492185592686,0.14280078144073136,0.2787615028903777,0.775172788947264,20000,9537,19000,9047,18000,8534,16000,7539,14000,6567,10000,4539,6000,2538
d3_at_q6_11/X/r170,3,q6_11,X,170,mwpm_gap,si1000,20000,9814,0.3200165322751045,0.17068346772489545,0.29152583834685275,0.8367178311439424,20000,9814,19000,9329,18000,8796,16000,7784,14000,6751,10000,4703,6000,2701
d3_at_q6_11/X/r170,3,q6_11,X,170,mwpm_gap,rl,20000,9743,0.35768428183560375,0.1294657181643963,0.2779746839672745,0.7695444753239179,20000,9743,19000,9241,18000,8763,16000,7765,14000,6788,10000,4807,6000,2781
d3_at_q6_11/X/r190,3,q6_11,X,190,mwpm_gap,si1000,20000,9866,0.3385407161927363,0.1547592838072637,0.2895570288350013,0.8220122711974637,20000,9866,19000,9403,18000,8900,16000,7893,14000,6880,10000,4855,6000,2880
d3_at_q6_11/X/r190,3,q6_11,X,190,mwpm_gap,rl,20000,9920,0.3727643385518858,0.12323566144811422,0.27727312239059376,0.7651876167630196,20000,9920,19000,9404,18000,8912,16000,7926,14000,6928,10000,5000,6000,2929
d3_at_q6_11/X/r210,3,q6_11,X,210,mwpm_gap,si1000,20000,9822,0.33892817103183986,0.15217182896816017,0.28815160438851367,0.8176480523041002,20000,9822,19000,9343,18000,8851,16000,7846,14000,6847,10000,4839,6000,2850
d3_at_q6_11/X/r210,3,q6_11,X,210,mwpm_gap,rl,20000,9959,0.3732292955997621,0.12472070440023786,0.27754689182297543,0.7656628669752957,20000,9959,19000,9445,18000,8948,16000,7954,14000,6983,10000,4995,6000,2949
d3_at_q6_11/X/r230,3,q6_11,X,230,mwpm_gap,si1000,20000,9914,0.35635744869960884,0.13934255130039114,0.28293482250036095,0.7934381922220156,20000,9914,19000,9425,18000,8938,16000,7954,14000,6950,10000,4957,6000,2931
d3_at_q6_11/X/r230,3,q6_11,X,230,mwpm_gap,rl,20000,9948,0.39003470190478773,0.10736529809521231,0.27097284815205275,0.7475073216029876,20000,9948,19000,9437,18000,8918,16000,7905,14000,6928,10000,4920,6000,2908
d3_at_q6_11/X/r250,3,q6_11,X,250,mwpm_gap,si1000,20000,9929,0.35815668924361604,0.13829331075638396,0.28224367766827974,0.7906102104425254,20000,9929,19000,9427,18000,8907,16000,7915,14000,6917,10000,4924,6000,2939
d3_at_q6_11/X/r250,3,q6_11,X,250,mwpm_gap,rl,20000,9883,0.3905077575153229,0.10364224248467703,0.2712432409559303,0.7476552511531883,20000,9883,19000,9406,18000,8909,16000,7904,14000,6917,10000,4983,6000,2964
d3_at_q6_11/Z/r01,3,q6_11,Z,1,mwpm_gap,si1000,20000,63,0.0024339350090168514,0.0007172228744114041,0.002988852710903221,0.014098421854995602,20000,63,19000,22,18000,1,16000,1,14000,1,10000,1,6000,1
d3_at_q6_11/Z/r01,3,q6_11,Z,1,mwpm_gap,rl,20000,74,0.0025242726211099466,0.0011778827816804548,0.002953411328485217,0.013455893310547737,20000,74,19000,12,18000,1,16000,1,14000,1,10000,1,6000,1
d3_at_q6_11/Z/r01,3,q6_11,Z,1,exact,si1000,20000,61,0.002592911979858328,0.00046783823995716036,0.0029118461447323295,0.013553816892853626,20000,61,19000,22,18000,1,16000,1,14000,1,10000,1,6000,1
d3_at_q6_11/Z/r01,3,q6_11,Z,1,exact,rl,20000,72,0.0028467492506287764,0.0007578365061138225,0.002933633891460959,0.013217458891034928,20000,72,19000,15,18000,1,16000,1,14000,1,10000,1,6000,1
d3_at_q6_11/Z/r10,3,q6_11,Z,10,mwpm_gap,si1000,20000,1638,0.041871253082419985,0.04003079417089912,0.061478192357143406,0.22957774652012167,20000,1638,19000,1145,18000,762,16000,435,14000,307,10000,138,6000,12
d3_at_q6_11/Z/r10,3,q6_11,Z,10,mwpm_gap,rl,20000,1560,0.060253651667344976,0.017747986267309675,0.058770793633987774,0.20756346094589684,20000,1560,19000,1107,18000,760,16000,449,14000,299,10000,145,6000,12
d3_at_q6_11/Z/r30,3,q6_11,Z,30,mwpm_gap,si1000,20000,4770,0.11697529986095215,0.12152470013904786,0.17210931033684332,0.5874004304675118,20000,4770,19000,4172,18000,3643,16000,2850,14000,2015,10000,1032,6000,527
d3_at_q6_11/Z/r30,3,q6_11,Z,30,mwpm_gap,rl,20000,4587,0.15469935937883345,0.07719323047405731,0.16196333507256955,0.514992751792423,20000,4587,19000,4159,18000,3669,16000,2725,14000,2014,10000,1036,6000,498
d3_at_q6_11/Z/r50,3,q6_11,Z,50,mwpm_gap,si1000,20000,6607,0.17459185961388343,0.1557581403861166,0.22758220951744043,0.7261205600203794,20000,6607,19000,6050,18000,5501,16000,4501,14000,3657,10000,2024,6000,942
d3_at_q6_11/Z/r50,3,q6_11,Z,50,mwpm_gap,rl,20000,6380,0.21948340298254426,0.10545807715955063,0.21275547258419278,0.6385714457404436,20000,6380,19000,5964,18000,5476,16000,4492,14000,3539,10000,2004,6000,921
d3_at_q6_11/Z/r70,3,q6_11,Z,70,mwpm_gap,si1000,20000,7844,0.21947090216054627,0.17272909783945378,0.2614612039459582,0.7988795500485805,20000,7844,19000,7305,18000,6747,16000,5759,14000,4819,10000,3001,6000,1521
d3_at_q6_11/Z/r70,3,q6_11,Z,70,mwpm_gap,rl,20000,7674,0.2679502200850974,0.12410600568627904,0.2450101246652658,0.7105042342421133,20000,7674,19000,7228,18000,6771,16000,5818,14000,4844,10000,3003,6000,1476
d3_at_q6_11/Z/r90,3,q6_11,Z,90,mwpm_gap,si1000,20000,9026,0.27054550626676127,0.18075449373323876,0.2866551517414114,0.8378124959544928,20000,9026,19000,8510,18000,8000,16000,6993,14000,5978,10000,4078,6000,2150
d3_at_q6_11/Z/r90,3,q6_11,Z,90,mwpm_gap,rl,20000,8984,0.31759778684042894,0.13160221315957113,0.26754197971576343,0.7547177524535533,20000,8984,19000,8499,18000,7992,16000,7005,14000,6016,10000,3994,6000,2157
d3_at_q6_11/Z/r110,3,q6_11,Z,110,mwpm_gap,si1000,20000,9150,0.2753035123224615,0.18219648767753857,0.28753153779892004,0.8379269898679272,20000,9150,19000,8648,18000,8138,16000,7081,14000,6086,10000,4143,6000,2187
d3_at_q6_11/Z/r110,3,q6_11,Z,110,mwpm_gap,rl,20000,9073,0.32257110181682674,0.13200524169865901,0.26836424721049323,0.7546146925265784,20000,9073,19000,8574,18000,8108,16000,7069,14000,6084,10000,4058,6000,2200
d3_at_q6_11/Z/r130,3,q6_11,Z,130,mwpm_gap,si1000,20000,9370,0.29007815120931957,0.17842184879068038,0.28907822335751987,0.8321240595609221,20000,9370,19000,8860,18000,8362,16000,7328,14000,6296,10000,4333,6000,2337
d3_at_q6_11/Z/r130,3,q6_11,Z,130,mwpm_gap,rl,20000,9286,0.33755404018983715,0.12696824458028474,0.27054363611825527,0.7559276030019255,20000,9286,19000,8810,18000,8322,16000,7288,14000,6290,10000,4308,6000,2366
d3_at_q6_11/Z/r150,3,q6_11,Z,150,mwpm_gap,si1000,20000,9617,0.30662677108848035,0.17422322891151962,0.2918752352517967,0.8332447324228369,20000,9617,19000,9103,18000,8580,16000,7579,14000,6567,10000,4557,6000,2585
d3_at_q6_11/Z/r150,3,q6_11,Z,150,mwpm_gap,rl,20000,9501,0.35317296593623176,0.12769554526147187,0.2730029863180287,0.7591728116416434,20000,9501,19000,9025,18000,8545,16000,7584,14000,6558,10000,4563,6000,2578
d3_at_q6_11/Z/r170,3,q6_11,Z,170,mwpm_gap,si1000,20000,9779,0.3328253795918374,0.1561246204081626,0.2887905001529093,0.812373133180102,20000,9779,19000,9268,18000,8768,16000,7780,14000,6778,10000,4771,6000,2810
d3_at_q6_11/Z/r170,3,q6_11,Z,170,mwpm_gap,rl,20000,9809,0.37543442307156855,0.1150155769284314,0.2726958755656323,0.7531093454514336,20000,9809,19000,9325,18000,8824,16000,7792,14000,6786,10000,4818,6000,2784
d3_at_q6_11/Z/r190,3,q6_11,Z,190,mwpm_gap,si1000,20000,9820,0.3471353355327819,0.14386466446721807,0.2843184693734834,0.7950105731820064,20000,9820,19000,9321,18000,8816,16000,7809,14000,6815,10000,4806,6000,2816
d3_at_q6_11/Z/r190,3,q6_11,Z,190,mwpm_gap,rl,20000,9817,0.38839277851148213,0.10245722148851785,0.26887660001823105,0.7416864233000362,20000,9817,19000,9321,18000,8806,16000,7828,14000,6820,10000,4791,6000,2793
d3_at_q6_11/Z/r210,3,q6_11,Z,210,mwpm_gap,si1000,20000,9830,0.35515980804476105,0.13634019195523897,0.27999664769456484,0.7806547798186001,20000,9830,19000,9322,18000,8815,16000,7780,14000,6760,10000,4782,6000,2805
d3_at_q6_11/Z/r210,3,q6_11,Z,210,mwpm_gap,rl,20000,9720,0.3950601098553214,0.09118236293901107,0.266254048031837,0.7347522764482637,20000,9720,19000,9226,18000,8757,16000,7753,14000,6758,10000,4776,6000,2759
d3_at_q6_11/Z/r230,3,q6_11,Z,230,mwpm_gap,si1000,20000,9873,0.37322073342201895,0.12042926657798109,0.27551568814081145,0.7642561093318584,20000,9873,19000,9372,18000,8864,16000,7812,14000,6787,10000,4844,6000,2871
d3_at_q6_11/Z/r230,3,q6_11,Z,230,mwpm_gap,rl,20000,9655,0.40977167859331964,0.07761711599295133,0.26397836700147337,0.7275747604204931,20000,9655,19000,9182,18000,8706,16000,7749,14000,6785,10000,4805,6000,2887
d3_at_q6_11/Z/r250,3,q6_11,Z,250,mwpm_gap,si1000,20000,9821,0.3719740782179936,0.11907592178200639,0.2763505623059092,0.7669769362438086,20000,9821,19000,9328,18000,8840,16000,7825,14000,6856,10000,4839,6000,2913
d3_at_q6_11/Z/r250,3,q6_11,Z,250,mwpm_gap,rl,20000,9877,0.4104366187899002,0.08341338121009989,0.264494982304359,0.7285437241730931,20000,9877,19000,9358,18000,8866,16000,7857,14000,6861,10000,4864,6000,2902
d3_at_q6_3/X/r01,3,q6_3,X,1,mwpm_gap,si1000,20000,74,0.0020340036474114057,0.0016673026256478053,0.003378619021938786,0.01642870058420098,20000,74,19000,23,18000,2,16000,1,14000,1,10000,1,6000,1
d3_at_q6_3/X/r01,3,q6_3,X,1,mwpm_gap,rl,20000,79,0.002165690987580983,0.0017854900393500283,0.0034316426696037127,0.016578229791068485,20000,79,19000,22,18000,2,16000,1,14000,1,10000,1,6000,0
d3_at_q6_3/X/r01,3,q6_3,X,1,exact,si1000,20000,75,0.0022670537211941554,0.0014854758525848308,0.003368710524162758,0.016031743783740747,20000,75,19000,18,18000,2,16000,1,14000,1,10000,1,6000,1
d3_at_q6_3/X/r01,3,q6_3,X,1,exact,rl,20000,81,0.002503916856489051,0.0015492407830595297,0.0034667410510930154,0.01642554119145011,20000,81,19000,30,18000,2,16000,1,14000,1,10000,1,6000,1
d3_at_q6_3/X/r10,3,q6_3,X,10,mwpm_gap,si1000,20000,1369,0.03467509628392635,0.03377509032651068,0.052637344451041033,0.20332233439357605,20000,1369,19000,882,18000,583,16000,369,14000,241,10000,86,6000,4
d3_at_q6_3/X/r10,3,q6_3,X,10,mwpm_gap,rl,20000,1427,0.05224521284409974,0.01910696427640785,0.05177773289492232,0.18346935097842462,20000,1427,19000,902,18000,640,16000,369,14000,216,10000,65,6000,4
d3_at_q6_3/X/r30,3,q6_3,X,30,mwpm_gap,si1000,20000,4636,0.11368283349694912,0.11811716650305089,0.17106392321440214,0.6018137066309307,20000,4636,19000,4052,18000,3623,16000,2725,14000,2062,10000,1014,6000,386
d3_at_q6_3/X/r30,3,q6_3,X,30,mwpm_gap,rl,20000,4430,0.1428927713540755,0.07860722864592451,0.15744246735542375,0.500445571987741,20000,4430,19000,3951,18000,3423,16000,2596,14000,1963,10000,1013,6000,400
d3_at_q6_3/X/r50,3,q6_3,X,50,mwpm_gap,si1000,20000,5720,0.14397735601060002,0.14202264398939998,0.20309019135752213,0.6911016157665174,20000,5720,19000,5189,18000,4686,16000,3639,14000,2821,10000,1546,6000,717
d3_at_q6_3/X/r50,3,q6_3,X,50,mwpm_gap,rl,20000,5932,0.18230974911835104,0.11429025088164894,0.19672610028232762,0.5987087636169195,20000,5932,19000,5398,18000,4808,16000,3743,14000,2834,10000,1630,6000,708
d3_at_q6_3/X/r70,3,q6_3,X,70,mwpm_gap,si1000,20000,6814,0.17800104853148488,0.16269895146851512,0.23706319779900964,0.7749357856685588,20000,6814,19000,6297,18000,5781,16000,4820,14000,3799,10000,2241,6000,1023
d3_at_q6_3/X/r70,3,q6_3,X,70,mwpm_gap,rl,20000,6924,0.21775717730090305,0.12844282269909696,0.22700709308740205,0.6703117089242487,20000,6924,19000,6462,18000,5913,16000,4841,14000,3898,10000,2258,6000,1142
d3_at_q6_3/X/r90,3,q6_3,X,90,mwpm_gap,si1000,20000,7963,0.22118570956049485,0.17696429043950518,0.2621161597619301,0.8227403054448963,20000,7963,19000,7428,18000,6928,16000,5897,14000,4852,10000,2963,6000,1526
d3_at_q6_3/X/r90,3,q6_3,X,90,mwpm_gap,rl,20000,8499,0.2688328256055073,0.15611717439449263,0.25617904146765325,0.7308465134548918,20000,8499,19000,7989,18000,7447,16000,6310,14000,5177,10000,3163,6000,1608
d3_at_q6_3/X/r110,3,q6_3,X,110,mwpm_gap,si1000,20000,8696,0.2514273579990253,0.18337264200097464,0.2792605520925233,0.8524900276064651,20000,8696,19000,8183,18000,7653,16000,6629,14000,5612,10000,3615,6000,1925
d3_at_q6_3/X/r110,3,q6_3,X,110,mwpm_gap,rl,20000,8903,0.2954860383471676,0.14966396165283244,0.2677105572328182,0.7549483284104977,20000,8903,19000,8391,18000,7889,16000,6814,14000,5779,10000,3782,6000,1968
d3_at_q6_3/X/r130,3,q6_3,X,130,mwpm_gap,si1000,20000,8836,0.25827703008129393,0.18352296991870606,0.283315880372005,0.858001021169146,20000,8836,19000,8349,18000,7846,16000,6826,14000,5840,10000,3790,6000,2003
d3_at_q6_3/X/r130,3,q6_3,X,130,mwpm_gap,rl,20000,8904,0.293855003907128,0.15134499609287197,0.27116008288674115,0.7646953502515875,20000,8904,19000,8406,18000,7893,16000,6851,14000,5863,10000,3882,6000,1994
d3_at_q6_3/X/r150,3,q6_3,X,150,mwpm_gap,si1000,20000,9474,0.2921571725382265,0.1815428274617735,0.29038467534233486,0.85571136972398,20000,9474,19000,8977,18000,8465,16000,7397,14000,6387,10000,4344,6000,2415
d3_at_q6_3/X/r150,3,q6_3,X,150,mwpm_gap,rl,20000,9443,0.32903398225948577,0.14311601774051425,0.277412190895747,0.773073420589628,20000,9443,19000,8954,18000,8456,16000,7455,14000,6422,10000,4432,6000,2404
d3_at_q6_3/X/r170,3,q6_3,X,170,mwpm_gap,si1000,20000,9485,0.3020603340788187,0.17218966592118126,0.2880882265041457,0.8409261176322314,20000,9485,19000,8983,18000,8441,16000,7441,14000,6450,10000,4452,6000,2458
d3_at_q6_3/X/r170,3,q6_3,X,170,mwpm_gap,rl,20000,9470,0.3383721756878153,0.13512782431218476,0.27496192019289284,0.76462852567481,20000,9470,19000,8980,18000,8491,16000,7515,14000,6470,10000,4435,6000,2479
d3_at_q6_3/X/r190,3,q6_3,X,190,mwpm_gap,si1000,20000,9456,0.3146413165982418,0.15815868340175826,0.2842089737262335,0.8227995949571443,20000,9456,19000,8980,18000,8476,16000,7460,14000,6471,10000,4473,6000,2517
d3_at_q6_3/X/r190,3,q6_3,X,190,mwpm_gap,rl,20000,9652,0.3411410396267086,0.14145896037329134,0.2771652567278834,0.7688454704006606,20000,9652,19000,9154,18000,8634,16000,7585,14000,6585,10000,4547,6000,2561
d3_at_q6_3/X/r210,3,q6_3,X,210,mwpm_gap,si1000,20000,9867,0.3494212556615175,0.1439287443384825,0.2824070040656667,0.7991055996866733,20000,9867,19000,9361,18000,8883,16000,7874,14000,6797,10000,4809,6000,2809
d3_at_q6_3/X/r210,3,q6_3,X,210,mwpm_gap,rl,20000,9798,0.37093772461644964,0.1189622753835504,0.27394134024040684,0.75698429626224,20000,9798,19000,9281,18000,8782,16000,7784,14000,6769,10000,4758,6000,2754
d3_at_q6_3/X/r230,3,q6_3,X,230,mwpm_gap,si1000,20000,9704,0.3592298023814361,0.12597019761856393,0.2779336420938718,0.7827590335699096,20000,9704,19000,9230,18000,8739,16000,7779,14000,6790,10000,4811,6000,2838
d3_at_q6_3/X/r230,3,q6_3,X,230,mwpm_gap,rl,20000,9842,0.37890582973473086,0.11319417026526916,0.2732093192611989,0.7538664623410165,20000,9842,19000,9343,18000,8849,16000,7852,14000,6825,10000,4841,6000,2849
d3_at_q6_3/X/r250,3,q6_3,X,250,mwpm_gap,si1000,20000,9862,0.3501189034075089,0.1429810965924911,0.28228643453624064,0.796143566400544,20000,9862,19000,9337,18000,8856,16000,7862,14000,6894,10000,4870,6000,2850
d3_at_q6_3/X/r250,3,q6_3,X,250,mwpm_gap,rl,20000,9952,0.37452412763663634,0.12307587236336368,0.27614294629737574,0.7609846348405006,20000,9952,19000,9437,18000,8938,16000,7915,14000,6904,10000,4891,6000,2886
d3_at_q6_3/Z/r01,3,q6_3,Z,1,mwpm_gap,si1000,20000,54,0.0015136059183271495,0.0011891395530537483,0.002092077531227104,0.009618122846607608,20000,54,19000,8,18000,0,16000,0,14000,0,10000,0,6000,0
d3_at_q6_3/Z/r01,3,q6_3,Z,1,mwpm_gap,rl,20000,46,0.0019355200741195042,0.00037088858504040527,0.0020743406908333103,0.00962071192772532,20000,46,19000,12,18000,0,16000,0,14000,0,10000,0,6000,0
d3_at_q6_3/Z/r01,3,q6_3,Z,1,exact,si1000,20000,45,0.0016208752651725518,0.0006348538975534166,0.0020024726219294276,0.009287117102428397,20000,45,19000,12,18000,0,16000,0,14000,0,10000,0,6000,0
d3_at_q6_3/Z/r01,3,q6_3,Z,1,exact,rl,20000,46,0.002147109104748157,0.00016774137587313888,0.0020095298377875714,0.009320667951643654,20000,46,19000,11,18000,0,16000,0,14000,0,10000,0,6000,0
d3_at_q6_3/Z/r10,3,q6_3,Z,10,mwpm_gap,si1000,20000,1217,0.032283028390343645,0.02856730243349301,0.04792803299238413,0.1817517359841555,20000,1217,19000,790,18000,550,16000,303,14000,196,10000,60,6000,2
d3_at_q6_3/Z/r10,3,q6_3,Z,10,mwpm_gap,rl,20000,1156,0.0545784694530483,0.012361908848763833,0.046842172594750625,0.16879032313704417,20000,1156,19000,799,18000,634,16000,385,14000,178,10000,59,6000,3
d3_at_q6_3/Z/r30,3,q6_3,Z,30,mwpm_gap,si1000,20000,4461,0.10481563079091075,0.11823436920908928,0.1669250870904428,0.5747421065507078,20000,4461,19000,3959,18000,3460,16000,2572,14000,1926,10000,935,6000,473
d3_at_q6_3/Z/r30,3,q6_3,Z,30,mwpm_gap,rl,20000,4583,0.18420953950918814,0.06676222585980848,0.16943040386311833,0.5300702953546922,20000,4583,19000,4202,18000,3713,16000,2940,14000,2203,10000,1590,6000,890
d3_at_q6_3/Z/r50,3,q6_3,Z,50,mwpm_gap,si1000,20000,5299,0.13522017612348142,0.1297298238765186,0.1943174214772267,0.6469425409165722,20000,5299,19000,4735,18000,4298,16000,3406,14000,2569,10000,1398,6000,656
d3_at_q6_3/Z/r50,3,q6_3,Z,50,mwpm_gap,rl,20000,5271,0.20138655133437547,0.0621634486656245,0.18699156379545093,0.5696792797501535,20000,5271,19000,4829,18000,4348,16000,3512,14000,2773,10000,1843,6000,981
d3_at_q6_3/Z/r70,3,q6_3,Z,70,mwpm_gap,si1000,20000,6671,0.17147586750518182,0.1620741324948182,0.23340795897629718,0.7384619947775016,20000,6671,19000,6098,18000,5559,16000,4680,14000,3666,10000,2145,6000,1020
d3_at_q6_3/Z/r70,3,q6_3,Z,70,mwpm_gap,rl,20000,6534,0.231082135521508,0.09561786447849198,0.2205054192847805,0.6430194105847863,20000,6534,19000,6082,18000,5595,16000,4646,14000,3918,10000,2429,6000,1342
d3_at_q6_3/Z/r90,3,q6_3,Z,90,mwpm_gap,si1000,20000,7987,0.21038337694143602,0.18896662305856401,0.2701775973876596,0.8197422550304695,20000,7987,19000,7482,18000,6929,16000,5990,14000,4963,10000,3025,6000,1537
d3_at_q6_3/Z/r90,3,q6_3,Z,90,mwpm_gap,rl,20000,7946,0.2656986462743286,0.13160135372567144,0.2525606547691594,0.7104801352576096,20000,7946,19000,7475,18000,6996,16000,5934,14000,5038,10000,3405,6000,1819
d3_at_q6_3/Z/r110,3,q6_3,Z,110,mwpm_gap,si1000,20000,8471,0.23367653463367588,0.18987346536632413,0.27873827953173125,0.8282408937980337,20000,8471,19000,7954,18000,7415,16000,6445,14000,5485,10000,3456,6000,1763
d3_at_q6_3/Z/r110,3,q6_3,Z,110,mwpm_gap,rl,20000,8439,0.27971355408297477,0.14223644591702517,0.2616471668797819,0.7299364760700188,20000,8439,19000,7962,18000,7469,16000,6394,14000,5428,10000,3699,6000,2019
d3_at_q6_3/Z/r130,3,q6_3,Z,130,mwpm_gap,si1000,20000,8934,0.2567112537919958,0.18998874620800432,0.2899160778208579,0.8499861901590339,20000,8934,19000,8425,18000,7926,16000,6947,14000,6013,10000,3963,6000,2086
d3_at_q6_3/Z/r130,3,q6_3,Z,130,mwpm_gap,rl,20000,8935,0.2950424020521641,0.1517075979478358,0.27186456909056644,0.7514598848075706,20000,8935,19000,8490,18000,7983,16000,6938,14000,5921,10000,4133,6000,2287
d3_at_q6_3/Z/r150,3,q6_3,Z,150,mwpm_gap,si1000,20000,9647,0.30077160032201855,0.18157839967798145,0.2983555904713397,0.8566644572505168,20000,9647,19000,9126,18000,8640,16000,7633,14000,6615,10000,4635,6000,2634
d3_at_q6_3/Z/r150,3,q6_3,Z,150,mwpm_gap,rl,20000,9708,0.3180128543301328,0.16738714566986712,0.2863419917975952,0.7795483391165848,20000,9708,19000,9239,18000,8758,16000,7787,14000,6775,10000,4778,6000,2805
d3_at_q6_3/Z/r170,3,q6_3,Z,170,mwpm_gap,si1000,20000,9355,0.29108689900519324,0.17666310099480675,0.29055360965270693,0.8343156047936483,20000,9355,19000,8834,18000,8302,16000,7291,14000,6332,10000,4331,6000,2420
d3_at_q6_3/Z/r170,3,q6_3,Z,170,mwpm_gap,rl,20000,9364,0.31579760094747555,0.1524023990525245,0.27594596246207476,0.7565931114895784,20000,9364,19000,8874,18000,8370,16000,7382,14000,6362,10000,4423,6000,2601
d3_at_q6_3/Z/r190,3,q6_3,Z,190,mwpm_gap,si1000,20000,9906,0.3174740688595195,0.1778259311404805,0.2964255456306968,0.840631432351745,20000,9906,19000,9406,18000,8898,16000,7865,14000,6846,10000,4758,6000,2731
d3_at_q6_3/Z/r190,3,q6_3,Z,190,mwpm_gap,rl,20000,9767,0.3278720723756961,0.16049773242250986,0.2841534090804901,0.773822459166552,20000,9767,19000,9289,18000,8805,16000,7823,14000,6812,10000,4861,6000,2889
d3_at_q6_3/Z/r210,3,q6_3,Z,210,mwpm_gap,si1000,20000,9593,0.3065490546862595,0.1731009453137405,0.2924631577203264,0.8366745095550115,20000,9593,19000,9098,18000,8561,16000,7519,14000,6513,10000,4547,6000,2590
d3_at_q6_3/Z/r210,3,q6_3,Z,210,mwpm_gap,rl,20000,9514,0.3175335116578144,0.15816648834218544,0.27921422483099423,0.7641130411916696,20000,9514,19000,9029,18000,8523,16000,7539,14000,6499,10000,4560,6000,2665
d3_at_q6_3/Z/r230,3,q6_3,Z,230,mwpm_gap,si1000,20000,9566,0.3257184618454936,0.1527254515904375,0.28874214708771934,0.8168194734344594,20000,9566,19000,9092,18000,8614,16000,7621,14000,6633,10000,4690,6000,2686
d3_at_q6_3/Z/r230,3,q6_3,Z,230,mwpm_gap,rl,20000,9603,0.3309052308124663,0.15155316330972052,0.2780337140933464,0.7596813400267016,20000,9603,19000,9165,18000,8665,16000,7661,14000,6655,10000,4635,6000,2731
d3_at_q6_3/Z/r250,3,q6_3,Z,250,mwpm_gap,si1000,20000,9706,0.3289494467046009,0.1563505532953991,0.2896075615066067,0.8153828699512136,20000,9706,19000,9207,18000,8686,16000,7679,14000,6697,10000,4766,6000,2769
d3_at_q6_3/Z/r250,3,q6_3,Z,250,mwpm_gap,rl,20000,9618,0.33186017832918036,0.14903982167081958,0.27827179107811,0.7603984282945708,20000,9618,19000,9123,18000,8626,16000,7635,14000,6673,10000,4730,6000,2781
d3_at_q6_7/X/r01,3,q6_7,X,1,mwpm_gap,si1000,20000,377,0.003544245246349897,0.015306314584961194,0.017333712929443117,0.08733803929611927,20000,377,19000,275,18000,222,16000,7,14000,6,10000,5,6000,4
d3_at_q6_7/X/r01,3,q6_7,X,1,mwpm_gap,rl,20000,372,0.0057168900594929024,0.01289492609049119,0.01590697901273765,0.05979869935782551,20000,372,19000,68,18000,29,16000,6,14000,4,10000,3,6000,2
d3_at_q6_7/X/r01,3,q6_7,X,1,exact,si1000,20000,375,0.0038550418002369076,0.01489766163643024,0.017230572800304277,0.0818138693174107,20000,375,19000,275,18000,202,16000,6,14000,6,10000,4,6000,3
d3_at_q6_7/X/r01,3,q6_7,X,1,exact,rl,20000,374,0.006752516833655217,0.01196979886995663,0.015344965662784609,0.054618797703089715,20000,374,19000,64,18000,20,16000,6,14000,5,10000,4,6000,3
d3_at_q6_7/X/r10,3,q6_7,X,10,mwpm_gap,si1000,20000,2628,0.0512205927305753,0.0801794072694247,0.10145829989146221,0.4009093491061709,20000,2628,19000,2067,18000,1588,16000,1078,14000,873,10000,499,6000,126
d3_at_q6_7/X/r10,3,q6_7,X,10,mwpm_gap,rl,20000,2432,0.0732755271302753,0.048324472869724695,0.0940806673287379,0.32237165705324966,20000,2432,19000,1956,18000,1579,16000,1071,14000,780,10000,319,6000,78
d3_at_q6_7/X/r30,3,q6_7,X,30,mwpm_gap,si1000,20000,6313,0.13859835693205694,0.177051643067943,0.2253294911107593,0.7879408941065591,20000,6313,19000,5762,18000,5202,16000,4094,14000,3196,10000,1870,6000,1019
d3_at_q6_7/X/r30,3,q6_7,X,30,mwpm_gap,rl,20000,5935,0.1698708887327699,0.12687911126723012,0.21009643105743053,0.6413713601593479,20000,5935,19000,5462,18000,4983,16000,4045,14000,3239,10000,1810,6000,898
d3_at_q6_7/X/r50,3,q6_7,X,50,mwpm_gap,si1000,20000,7634,0.18591302329656292,0.1957869767034371,0.2663819067255501,0.8770014200395709,20000,7634,19000,7072,18000,6555,16000,5558,14000,4569,10000,2798,6000,1409
d3_at_q6_7/X/r50,3,q6_7,X,50,mwpm_gap,rl,20000,7470,0.21501969167465937,0.15848030832534066,0.25108652944612353,0.736596860316853,20000,7470,19000,6958,18000,6479,16000,5475,14000,4589,10000,2774,6000,1404
d3_at_q6_7/X/r70,3,q6_7,X,70,mwpm_gap,si1000,20000,9237,0.24654725538303818,0.21530274461696186,0.3053206077156735,0.9254154217967876,20000,9237,19000,8737,18000,8219,16000,7226,14000,6250,10000,4256,6000,2280
d3_at_q6_7/X/r70,3,q6_7,X,70,mwpm_gap,rl,20000,9171,0.283886919941817,0.17466308005818304,0.28416607965635815,0.8010790909580072,20000,9171,19000,8669,18000,8133,16000,7110,14000,6132,10000,4229,6000,2329
d3_at_q6_7/X/r90,3,q6_7,X,90,mwpm_gap,si1000,20000,10017,0.32673668182409155,0.17411331817590847,0.29491788320828,0.8518867007061477,20000,10017,19000,9513,18000,9000,16000,8001,14000,6999,10000,4946,6000,2832
d3_at_q6_7/X/r90,3,q6_7,X,90,mwpm_gap,rl,20000,9803,0.3227229084572099,0.16742709154279012,0.28821387271777016,0.7974231668863331,20000,9803,19000,9291,18000,8832,16000,7824,14000,6819,10000,4812,6000,2837
d3_at_q6_7/X/r110,3,q6_7,X,110,mwpm_gap,si1000,20000,9787,0.31190334754726684,0.17744665245273314,0.2973429862667176,0.8684430033822922,20000,9787,19000,9266,18000,8777,16000,7796,14000,6784,10000,4788,6000,2769
d3_at_q6_7/X/r110,3,q6_7,X,110,mwpm_gap,rl,20000,9684,0.31733999354089065,0.16686000645910928,0.28831198976910594,0.8001353382979148,20000,9684,19000,9202,18000,8725,16000,7739,14000,6777,10000,4765,6000,2766
d3_at_q6_7/X/r130,3,q6_7,X,130,mwpm_gap,si1000,20000,9943,0.33848915975762095,0.15866084024237906,0.2889106160474682,0.8248864728400976,20000,9943,19000,9410,18000,8908,16000,7905,14000,6896,10000,4902,6000,2861
d3_at_q6_7/X/r130,3,q6_7,X,130,mwpm_gap,rl,20000,9851,0.33810025027133783,0.15444974972866216,0.2829882507880909,0.7804251509949962,20000,9851,19000,9344,18000,8821,16000,7814,14000,6853,10000,4883,6000,2884
d3_at_q6_7/X/r150,3,q6_7,X,150,mwpm_gap,si1000,20000,9927,0.34957102246363997,0.14677897753636002,0.2852409090717154,0.80664052060735,20000,9927,19000,9410,18000,8948,16000,7936,14000,6925,10000,4901,6000,2921
d3_at_q6_7/X/r150,3,q6_7,X,150,mwpm_gap,rl,20000,9937,0.3498792370569371,0.14697076294306294,0.28030927507728853,0.771103263233938,20000,9937,19000,9409,18000,8908,16000,7930,14000,6901,10000,4892,6000,2902
d3_at_q6_7/X/r170,3,q6_7,X,170,mwpm_gap,si1000,20000,9982,0.3678543872150621,0.13124561278493788,0.2798291265173568,0.7832088964549463,20000,9982,19000,9490,18000,8985,16000,7976,14000,6990,10000,5006,6000,2998
d3_at_q6_7/X/r170,3,q6_7,X,170,mwpm_gap,rl,20000,10033,0.36462924903261174,0.13702075096738833,0.27757834063943887,0.7609206177794375,20000,10033,19000,9528,18000,9035,16000,8017,14000,7037,10000,5010,6000,2965
d3_at_q6_7/X/r190,3,q6_7,X,190,mwpm_gap,si1000,20000,10015,0.37954171638914874,0.12120828361085116,0.274290597229758,0.7619316493690099,20000,10015,19000,9501,18000,9013,16000,7983,14000,6989,10000,4952,6000,2959
d3_at_q6_7/X/r190,3,q6_7,X,190,mwpm_gap,rl,20000,10082,0.3741523056503606,0.1299476943496394,0.27445270804160743,0.750843349340357,20000,10082,19000,9589,18000,9093,16000,8100,14000,7102,10000,5087,6000,2994
d3_at_q6_7/X/r210,3,q6_7,X,210,mwpm_gap,si1000,20000,9994,0.3728872046352796,0.12681279536472037,0.2762755956174327,0.7705041614798969,20000,9994,19000,9488,18000,9007,16000,7983,14000,6993,10000,4988,6000,2951
d3_at_q6_7/X/r210,3,q6_7,X,210,mwpm_gap,rl,20000,9909,0.3731219641074953,0.12232803589250472,0.2728087397720748,0.749208783776796,20000,9909,19000,9407,18000,8922,16000,7913,14000,6931,10000,4926,6000,2934
d3_at_q6_7/X/r230,3,q6_7,X,230,mwpm_gap,si1000,20000,9960,0.3863657488019133,0.11163425119808666,0.2716583587448453,0.7536701199428572,20000,9960,19000,9471,18000,8954,16000,7944,14000,6957,10000,4921,6000,2965
d3_at_q6_7/X/r230,3,q6_7,X,230,mwpm_gap,rl,20000,9956,0.38267866399759415,0.11512133600240589,0.2701509605350025,0.7411614563539609,20000,9956,19000,9465,18000,8954,16000,7966,14000,6959,10000,4902,6000,2950
d3_at_q6_7/X/r250,3,q6_7,X,250,mwpm_gap,si1000,20000,10015,0.3912589037566852,0.10949109624331473,0.270351129015478,0.7479502021676573,20000,10015,19000,9498,18000,9029,16000,8037,14000,7067,10000,5000,6000,3045
d3_at_q6_7/X/r250,3,q6_7,X,250,mwpm_gap,rl,20000,10041,0.3889840397503052,0.11306596024969483,0.2693785104418559,0.738619089842019,20000,10041,19000,9535,18000,9019,16000,8013,14000,7026,10000,5010,6000,2991
d3_at_q6_7/Z/r01,3,q6_7,Z,1,mwpm_gap,si1000,20000,138,0.003088153445918096,0.0038130044375101592,0.005964174119070308,0.026900826576382496,20000,138,19000,51,18000,11,16000,1,14000,1,10000,1,6000,1
d3_at_q6_7/Z/r01,3,q6_7,Z,1,mwpm_gap,rl,20000,145,0.004592962383362131,0.0026600917163471928,0.005983710199103097,0.025713681362669723,20000,145,19000,35,18000,19,16000,1,14000,1,10000,1,6000,0
d3_at_q6_7/Z/r01,3,q6_7,Z,1,exact,si1000,20000,139,0.0033343206850172734,0.003618150162127213,0.0058635615866359445,0.025892095702007692,20000,139,19000,47,18000,11,16000,1,14000,1,10000,1,6000,1
d3_at_q6_7/Z/r01,3,q6_7,Z,1,exact,rl,20000,141,0.005044412476548382,0.0020144572344829017,0.005836876242930083,0.02444284344110923,20000,141,19000,35,18000,19,16000,1,14000,0,10000,0,6000,0
d3_at_q6_7/Z/r10,3,q6_7,Z,10,mwpm_gap,si1000,20000,1867,0.04438981518485582,0.04896018481514418,0.07421563592285128,0.28314453449256716,20000,1867,19000,1420,18000,1016,16000,657,14000,448,10000,261,6000,41
d3_at_q6_7/Z/r10,3,q6_7,Z,10,mwpm_gap,rl,20000,1843,0.06101651804985212,0.03113348195014787,0.07020019828190911,0.25038081353611763,20000,1843,19000,1375,18000,1004,16000,646,14000,442,10000,204,6000,44
d3_at_q6_7/Z/r30,3,q6_7,Z,30,mwpm_gap,si1000,20000,5008,0.12269204484307934,0.12770795515692066,0.18323368123159148,0.61437748329061,20000,5008,19000,4468,18000,3952,16000,3098,14000,2282,10000,1270,6000,555
d3_at_q6_7/Z/r30,3,q6_7,Z,30,mwpm_gap,rl,20000,4972,0.15880133277351405,0.08979866722648594,0.17257510691315042,0.5475217958169777,20000,4972,19000,4405,18000,3907,16000,3004,14000,2262,10000,1252,6000,553
d3_at_q6_7/Z/r50,3,q6_7,Z,50,mwpm_gap,si1000,20000,6541,0.16224411917067108,0.16480588082932893,0.23676982639859628,0.7594475141671433,20000,6541,19000,6040,18000,5555,16000,4619,14000,3740,10000,2168,6000,1060
d3_at_q6_7/Z/r50,3,q6_7,Z,50,mwpm_gap,rl,20000,6473,0.2054503537610005,0.1181996462389995,0.2211504950983642,0.6741513617606144,20000,6473,19000,5963,18000,5482,16000,4532,14000,3659,10000,2155,6000,1048
d3_at_q6_7/Z/r70,3,q6_7,Z,70,mwpm_gap,si1000,20000,8003,0.215554670262868,0.18749409224021868,0.27508312250234557,0.8369866939170093,20000,8003,19000,7511,18000,7046,16000,6061,14000,5128,10000,3262,6000,1679
d3_at_q6_7/Z/r70,3,q6_7,Z,70,mwpm_gap,rl,20000,7952,0.26391668240004035,0.13368331759995966,0.25486326280616467,0.747449523663988,20000,7952,19000,7460,18000,6945,16000,5963,14000,4976,10000,3210,6000,1666
d3_at_q6_7/Z/r90,3,q6_7,Z,90,mwpm_gap,si1000,20000,9536,0.2969326265969617,0.17986737340303838,0.29541241656603456,0.8468981527780763,20000,9536,19000,9039,18000,8541,16000,7552,14000,6545,10000,4516,6000,2566
d3_at_q6_7/Z/r90,3,q6_7,Z,90,mwpm_gap,rl,20000,9483,0.3362550500494453,0.13789494995055473,0.2771010733678833,0.7787641421112609,20000,9483,19000,8992,18000,8488,16000,7473,14000,6487,10000,4445,6000,2548
d3_at_q6_7/Z/r110,3,q6_7,Z,110,mwpm_gap,si1000,20000,9358,0.28075218484603404,0.18714781515396597,0.29275944080276706,0.8426615821414701,20000,9358,19000,8865,18000,8367,16000,7354,14000,6301,10000,4300,6000,2374
d3_at_q6_7/Z/r110,3,q6_7,Z,110,mwpm_gap,rl,20000,9337,0.33066833239379234,0.13618166760620765,0.2720128598190434,0.766892830627886,20000,9337,19000,8817,18000,8301,16000,7263,14000,6254,10000,4246,6000,2372
d3_at_q6_7/Z/r130,3,q6_7,Z,130,mwpm_gap,si1000,20000,9432,0.3061390652996145,0.16546093470038553,0.28899209265176085,0.8203625736954205,20000,9432,19000,8927,18000,8437,16000,7458,14000,6447,10000,4488,6000,2606
d3_at_q6_7/Z/r130,3,q6_7,Z,130,mwpm_gap,rl,20000,9561,0.35471810515314867,0.12333189484685128,0.2717414729038918,0.7596202175399887,20000,9561,19000,9047,18000,8510,16000,7511,14000,6501,10000,4480,6000,2562
d3_at_q6_7/Z/r150,3,q6_7,Z,150,mwpm_gap,si1000,20000,9725,0.3199769682774943,0.16690383303245634,0.29347323170178463,0.8260530067923879,20000,9725,19000,9242,18000,8737,16000,7787,14000,6791,10000,4804,6000,2759
d3_at_q6_7/Z/r150,3,q6_7,Z,150,mwpm_gap,rl,20000,9615,0.36789143152481524,0.11371342860830344,0.2730598664541505,0.7604593397526043,20000,9615,19000,9096,18000,8585,16000,7603,14000,6609,10000,4711,6000,2737
d3_at_q6_7/Z/r170,3,q6_7,Z,170,mwpm_gap,si1000,20000,9862,0.34686828321229557,0.1462317167877045,0.28443012443176396,0.7929581966200623,20000,9862,19000,9343,18000,8838,16000,7799,14000,6796,10000,4796,6000,2885
d3_at_q6_7/Z/r170,3,q6_7,Z,170,mwpm_gap,rl,20000,9804,0.3917502794046944,0.09844972059530549,0.2681333859683873,0.7423811050801303,20000,9804,19000,9290,18000,8782,16000,7762,14000,6759,10000,4792,6000,2808
d3_at_q6_7/Z/r190,3,q6_7,Z,190,mwpm_gap,si1000,20000,9963,0.35476450432793727,0.14338549567206274,0.2827358253752673,0.7852272917177814,20000,9963,19000,9429,18000,8931,16000,7912,14000,6876,10000,4877,6000,2878
d3_at_q6_7/Z/r190,3,q6_7,Z,190,mwpm_gap,rl,20000,9853,0.39892573261697517,0.09457043014152175,0.2667457885648034,0.7372676978611624,20000,9853,19000,9366,18000,8859,16000,7885,14000,6849,10000,4877,6000,2855
d3_at_q6_7/Z/r210,3,q6_7,Z,210,mwpm_gap,si1000,20000,9897,0.346875678945893,0.1485238416116267,0.2875302444636937,0.799914467378956,20000,9897,19000,9389,18000,8879,16000,7930,14000,6950,10000,4930,6000,2848
d3_at_q6_7/Z/r210,3,q6_7,Z,210,mwpm_gap,rl,20000,9916,0.3940588252386123,0.10174117476138765,0.270530980531963,0.7476917262859059,20000,9916,19000,9426,18000,8904,16000,7895,14000,6887,10000,4903,6000,2933
d3_at_q6_7/Z/r230,3,q6_7,Z,230,mwpm_gap,si1000,20000,9840,0.36133975568524307,0.13066024431475692,0.28138703720428737,0.7811754148837358,20000,9840,19000,9354,18000,8861,16000,7832,14000,6855,10000,4898,6000,2929
d3_at_q6_7/Z/r230,3,q6_7,Z,230,mwpm_gap,rl,20000,9798,0.40656270486284285,0.08631531136073183,0.2656433991371238,0.7343028098188646,20000,9798,19000,9304,18000,8817,16000,7822,14000,6829,10000,4855,6000,2886
d3_at_q6_7/Z/r250,3,q6_7,Z,250,mwpm_gap,si1000,20000,9953,0.3677375642750123,0.1299124357249877,0.2791181091960088,0.7725667423515135,20000,9953,19000,9451,18000,8908,16000,7897,14000,6897,10000,4940,6000,2920
d3_at_q6_7/Z/r250,3,q6_7,Z,250,mwpm_gap,rl,20000,9808,0.41101382354593363,0.07938617645406638,0.2632448412440812,0.7273718049842235,20000,9808,19000,9301,18000,8799,16000,7788,14000,6784,10000,4828,6000,2880
d3_at_q8_5/X/r01,3,q8_5,X,1,mwpm_gap,si1000,20000,114,0.0020850686198817317,0.0036164242636145096,0.0049922589498591075,0.02365813848350927,20000,114,19000,35,18000,4,16000,0,14000,0,10000,0,6000,0
d3_at_q8_5/X/r01,3,q8_5,X,1,mwpm_gap,rl,20000,111,0.0027878474295579153,0.0027638797403490745,0.005032539703321344,0.023225002450121126,20000,111,19000,46,18000,7,16000,0,14000,0,10000,0,6000,0
d3_at_q8_5/X/r01,3,q8_5,X,1,exact,si1000,20000,111,0.002262956890453687,0.003289934051008013,0.0049461164603881135,0.022774781869782105,20000,111,19000,46,18000,4,16000,0,14000,0,10000,0,6000,0
d3_at_q8_5/X/r01,3,q8_5,X,1,exact,rl,20000,111,0.003080837910960745,0.002474361563795226,0.004937840951739677,0.02197565674161176,20000,111,19000,46,18000,6,16000,0,14000,0,10000,0,6000,0
d3_at_q8_5/X/r10,3,q8_5,X,10,mwpm_gap,si1000,20000,1667,0.036567686781384716,0.04678249982905231,0.06419501333506093,0.25594976904100986,20000,1667,19000,1111,18000,844,16000,576,14000,455,10000,176,6000,8
d3_at_q8_5/X/r10,3,q8_5,X,10,mwpm_gap,rl,20000,1594,0.05058152845505727,0.029120727470845223,0.06171037900950289,0.22404265059946424,20000,1594,19000,1117,18000,830,16000,578,14000,419,10000,153,6000,8
d3_at_q8_5/X/r30,3,q8_5,X,30,mwpm_gap,si1000,20000,5197,0.11709803193454195,0.14275196806545806,0.19262375552560895,0.6726981736770875,20000,5197,19000,4699,18000,4105,16000,3189,14000,2425,10000,1318,6000,676
d3_at_q8_5/X/r30,3,q8_5,X,30,mwpm_gap,rl,20000,5343,0.14988316298191928,0.1172668370180807,0.1882137964773176,0.5881801013999319,20000,5343,19000,4806,18000,4317,16000,3296,14000,2567,10000,1334,6000,688
d3_at_q8_5/X/r50,3,q8_5,X,50,mwpm_gap,si1000,20000,6087,0.1361842898088957,0.16816571019110427,0.22290388588570273,0.7710444614484122,20000,6087,19000,5542,18000,5032,16000,3998,14000,3135,10000,1900,6000,967
d3_at_q8_5/X/r50,3,q8_5,X,50,mwpm_gap,rl,20000,6008,0.16559487281696905,0.13480512718303092,0.2134154904364087,0.6635829557607503,20000,6008,19000,5520,18000,5027,16000,4013,14000,3144,10000,1926,6000,988
d3_at_q8_5/X/r70,3,q8_5,X,70,mwpm_gap,si1000,20000,8304,0.21585590073957264,0.19934409926042734,0.27915295535950846,0.8817436851905828,20000,8304,19000,7769,18000,7220,16000,6202,14000,5173,10000,3302,6000,1698
d3_at_q8_5/X/r70,3,q8_5,X,70,mwpm_gap,rl,20000,7924,0.23776353469267036,0.15843646530732958,0.263152292022147,0.7716288212731787,20000,7924,19000,7418,18000,6935,16000,5989,14000,5020,10000,3232,6000,1687
d3_at_q8_5/X/r90,3,q8_5,X,90,mwpm_gap,si1000,20000,8323,0.21087929993226306,0.20527070006773687,0.28467515039423513,0.9008976881510187,20000,8323,19000,7809,18000,7284,16000,6239,14000,5229,10000,3381,6000,1854
d3_at_q8_5/X/r90,3,q8_5,X,90,mwpm_gap,rl,20000,8174,0.23870535629616615,0.1699946437038338,0.27084329578076166,0.7916931314595956,20000,8174,19000,7707,18000,7210,16000,6217,14000,5205,10000,3394,6000,1847
d3_at_q8_5/X/r110,3,q8_5,X,110,mwpm_gap,si1000,20000,8931,0.24504737384261435,0.20150262615738565,0.29242373075307115,0.8888168377489178,20000,8931,19000,8398,18000,7896,16000,6889,14000,5879,10000,3875,6000,2133
d3_at_q8_5/X/r110,3,q8_5,X,110,mwpm_gap,rl,20000,8822,0.27295675479546483,0.16814324520453508,0.2786098899329471,0.7971823069541063,20000,8822,19000,8342,18000,7807,16000,6813,14000,5790,10000,3866,6000,2153
d3_at_q8_5/X/r130,3,q8_5,X,130,mwpm_gap,si1000,20000,9347,0.2642746107713459,0.2030753892286541,0.2998462372799648,0.8942616968788574,20000,9347,19000,8838,18000,8333,16000,7277,14000,6247,10000,4258,6000,2379
d3_at_q8_5/X/r130,3,q8_5,X,130,mwpm_gap,rl,20000,9284,0.2914607355265684,0.17273926447343155,0.285953997247028,0.8098277251677791,20000,9284,19000,8796,18000,8262,16000,7261,14000,6236,10000,4231,6000,2384
d3_at_q8_5/X/r150,3,q8_5,X,150,mwpm_gap,si1000,20000,9608,0.28191462700948927,0.19848537299051072,0.3001898191124935,0.8830993576451034,20000,9608,19000,9066,18000,8562,16000,7553,14000,6515,10000,4472,6000,2514
d3_at_q8_5/X/r150,3,q8_5,X,150,mwpm_gap,rl,20000,9481,0.30747256628849906,0.16657743371150088,0.2889895004562936,0.8126980969086905,20000,9481,19000,9009,18000,8508,16000,7497,14000,6525,10000,4496,6000,2563
d3_at_q8_5/X/r170,3,q8_5,X,170,mwpm_gap,si1000,20000,9603,0.29420314729356917,0.18594685270643085,0.2988517514440861,0.87073696660845,20000,9603,19000,9104,18000,8611,16000,7592,14000,6573,10000,4589,6000,2641
d3_at_q8_5/X/r170,3,q8_5,X,170,mwpm_gap,rl,20000,9549,0.31991987808803546,0.15753012191196453,0.28636710378510083,0.8028881575657364,20000,9549,19000,9044,18000,8540,16000,7509,14000,6529,10000,4559,6000,2645
d3_at_q8_5/X/r190,3,q8_5,X,190,mwpm_gap,si1000,20000,9678,0.31293971423475725,0.1709602857652427,0.29214688757481533,0.8359012109778081,20000,9678,19000,9191,18000,8701,16000,7707,14000,6684,10000,4659,6000,2681
d3_at_q8_5/X/r190,3,q8_5,X,190,mwpm_gap,rl,20000,9598,0.3352962005107535,0.1446037994892465,0.28268695468205307,0.7865053437448107,20000,9598,19000,9111,18000,8602,16000,7652,14000,6657,10000,4666,6000,2705
d3_at_q8_5/X/r210,3,q8_5,X,210,mwpm_gap,si1000,20000,9765,0.33025888164148054,0.15799111835851942,0.2901886923373571,0.8206841795964867,20000,9765,19000,9273,18000,8755,16000,7790,14000,6755,10000,4788,6000,2858
d3_at_q8_5/X/r210,3,q8_5,X,210,mwpm_gap,rl,20000,9826,0.3528146495185465,0.13848535048145355,0.28098923879306326,0.7780713432517956,20000,9826,19000,9298,18000,8777,16000,7797,14000,6763,10000,4798,6000,2845
d3_at_q8_5/X/r230,3,q8_5,X,230,mwpm_gap,si1000,20000,9894,0.3570138381934685,0.13768616180653145,0.2820711231338871,0.785315677356219,20000,9894,19000,9410,18000,8915,16000,7930,14000,6907,10000,4923,6000,2942
d3_at_q8_5/X/r230,3,q8_5,X,230,mwpm_gap,rl,20000,9938,0.38212967484682886,0.11477032515317119,0.2742017575360853,0.755200480939944,20000,9938,19000,9448,18000,8942,16000,7931,14000,6929,10000,4937,6000,2970
d3_at_q8_5/X/r250,3,q8_5,X,250,mwpm_gap,si1000,20000,10018,0.3414623266690579,0.1594376733309421,0.28940931588848856,0.8110429873164129,20000,10018,19000,9528,18000,9015,16000,8010,14000,7018,10000,4933,6000,2924
d3_at_q8_5/X/r250,3,q8_5,X,250,mwpm_gap,rl,20000,9796,0.3607645886935459,0.12903541130645407,0.28066958379071527,0.7743838932654831,20000,9796,19000,9314,18000,8810,16000,7834,14000,6904,10000,4953,6000,2933
d3_at_q8_5/Z/r01,3,q8_5,Z,1,mwpm_gap,si1000,20000,57,0.00189684398104962,0.000957792838108353,0.002527933445446296,0.012462498303969763,20000,57,19000,19,18000,1,16000,1,14000,1,10000,1,6000,0
d3_at_q8_5/Z/r01,3,q8_5,Z,1,mwpm_gap,rl,20000,64,0.002772347284915249,0.00044101255494270405,0.0027153214707100783,0.012497083786365517,20000,64,19000,17,18000,1,16000,1,14000,0,10000,0,6000,0
d3_at_q8_5/Z/r01,3,q8_5,Z,1,exact,si1000,20000,57,0.002098552509751695,0.0007618036766405976,0.0025016165674914127,0.01198070010135233,20000,57,19000,19,18000,1,16000,1,14000,0,10000,0,6000,0
d3_at_q8_5/Z/r01,3,q8_5,Z,1,exact,rl,20000,77,0.0029154174349454746,0.000965327065977738,0.002725558315039352,0.012266403665447968,20000,77,19000,18,18000,1,16000,1,14000,1,10000,0,6000,0
d3_at_q8_5/Z/r10,3,q8_5,Z,10,mwpm_gap,si1000,20000,1363,0.034898737627428664,0.03325159319640799,0.0526104974035952,0.2002846627974949,20000,1363,19000,877,18000,629,16000,370,14000,259,10000,103,6000,3
d3_at_q8_5/Z/r10,3,q8_5,Z,10,mwpm_gap,rl,20000,1331,0.04657397888000997,0.019978994253146278,0.05130276037377815,0.18442250815284064,20000,1331,19000,888,18000,612,16000,372,14000,257,10000,102,6000,3
d3_at_q8_5/Z/r30,3,q8_5,Z,30,mwpm_gap,si1000,20000,6701,0.1516808163707174,0.18336918362928264,0.2358649087543498,0.7602162122487259,20000,6701,19000,6179,18000,5718,16000,4549,14000,3424,10000,1996,6000,988
d3_at_q8_5/Z/r30,3,q8_5,Z,30,mwpm_gap,rl,20000,6703,0.19104255964539632,0.14410744035460366,0.22044292860424275,0.6752558106249419,20000,6703,19000,6225,18000,5658,16000,4558,14000,3449,10000,1972,6000,992
d3_at_q8_5/Z/r50,3,q8_5,Z,50,mwpm_gap,si1000,20000,5857,0.14325204723828472,0.14959795276171525,0.2158358904103874,0.7114102752747407,20000,5857,19000,5299,18000,4837,16000,3946,14000,3147,10000,1775,6000,713
d3_at_q8_5/Z/r50,3,q8_5,Z,50,mwpm_gap,rl,20000,5785,0.16772752967047916,0.12152247032952085,0.20692012114822209,0.641354308766317,20000,5785,19000,5340,18000,4870,16000,3922,14000,3143,10000,1770,6000,724
d3_at_q8_5/Z/r70,3,q8_5,Z,70,mwpm_gap,si1000,20000,6658,0.17594944249777236,0.1569505575022277,0.23324377698289064,0.7393699927465824,20000,6658,19000,6113,18000,5543,16000,4637,14000,3697,10000,2237,6000,1075
d3_at_q8_5/Z/r70,3,q8_5,Z,70,mwpm_gap,rl,20000,6581,0.20018597707840305,0.12886402292159696,0.2247603156844213,0.6775131094560841,20000,6581,19000,6129,18000,5618,16000,4682,14000,3710,10000,2240,6000,1091
d3_at_q8_5/Z/r90,3,q8_5,Z,90,mwpm_gap,si1000,20000,7820,0.20553125519037535,0.1854687448096247,0.2683296940747415,0.8242665761090747,20000,7820,19000,7280,18000,6754,16000,5791,14000,4810,10000,3035,6000,1579
d3_at_q8_5/Z/r90,3,q8_5,Z,90,mwpm_gap,rl,20000,7781,0.23083567683669184,0.15821432316330816,0.2574633531925084,0.7561296846472426,20000,7781,19000,7291,18000,6819,16000,5801,14000,4876,10000,3074,6000,1563
d3_at_q8_5/Z/r110,3,q8_5,Z,110,mwpm_gap,si1000,20000,8246,0.22657087280979557,0.18572912719020446,0.2772271294950311,0.8362620367019541,20000,8246,19000,7740,18000,7216,16000,6247,14000,5258,10000,3424,6000,1805
d3_at_q8_5/Z/r110,3,q8_5,Z,110,mwpm_gap,rl,20000,8176,0.24856447725803993,0.1602355227419601,0.2658543390848615,0.7720817073060017,20000,8176,19000,7700,18000,7216,16000,6216,14000,5293,10000,3396,6000,1817
d3_at_q8_5/Z/r130,3,q8_5,Z,130,mwpm_gap,si1000,20000,8901,0.2546457004905621,0.19040429950943788,0.28967121294623444,0.8540345392406647,20000,8901,19000,8386,18000,7877,16000,6866,14000,5889,10000,3937,6000,2143
d3_at_q8_5/Z/r130,3,q8_5,Z,130,mwpm_gap,rl,20000,8811,0.2776502846950094,0.16289971530499056,0.27692406794685237,0.7914419599425214,20000,8811,19000,8335,18000,7849,16000,6829,14000,5866,10000,3926,6000,2165
d3_at_q8_5/Z/r150,3,q8_5,Z,150,mwpm_gap,si1000,20000,9880,0.3199914633382312,0.1740085366617688,0.29623301049203893,0.8349440924405555,20000,9880,19000,9388,18000,8864,16000,7894,14000,6880,10000,4820,6000,2859
d3_at_q8_5/Z/r150,3,q8_5,Z,150,mwpm_gap,rl,20000,9905,0.3377489024385161,0.15750109756148395,0.28529738885934114,0.7905856904135052,20000,9905,19000,9394,18000,8902,16000,7899,14000,6882,10000,4889,6000,2871
d3_at_q8_5/Z/r170,3,q8_5,Z,170,mwpm_gap,si1000,20000,9331,0.29056955395871326,0.17598044604128674,0.2921326723713618,0.841878494565497,20000,9331,19000,8814,18000,8313,16000,7297,14000,6333,10000,4400,6000,2499
d3_at_q8_5/Z/r170,3,q8_5,Z,170,mwpm_gap,rl,20000,9233,0.3065769041394613,0.15507309586053866,0.2810682585443538,0.7915621124885888,20000,9233,19000,8778,18000,8290,16000,7294,14000,6326,10000,4395,6000,2493
d3_at_q8_5/Z/r190,3,q8_5,Z,190,mwpm_gap,si1000,20000,9671,0.31919553807446926,0.16435446192553077,0.29277968611452204,0.8254412648866452,20000,9671,19000,9172,18000,8691,16000,7706,14000,6727,10000,4784,6000,2748
d3_at_q8_5/Z/r190,3,q8_5,Z,190,mwpm_gap,rl,20000,9713,0.3360023708685672,0.14964762913143273,0.2808300252990644,0.780291948061035,20000,9713,19000,9216,18000,8731,16000,7709,14000,6694,10000,4712,6000,2757
d3_at_q8_5/Z/r210,3,q8_5,Z,210,mwpm_gap,si1000,20000,9763,0.3108440274045363,0.1773059725954637,0.2948598432705639,0.8356544385705018,20000,9763,19000,9247,18000,8736,16000,7725,14000,6694,10000,4714,6000,2709
d3_at_q8_5/Z/r210,3,q8_5,Z,210,mwpm_gap,rl,20000,9675,0.3284349480849059,0.15531505191509412,0.2819468115933136,0.7860266697875354,20000,9675,19000,9180,18000,8682,16000,7717,14000,6711,10000,4668,6000,2679
d3_at_q8_5/Z/r230,3,q8_5,Z,230,mwpm_gap,si1000,20000,9655,0.3220757358364809,0.1606742641635191,0.29008064310325943,0.8188741737560874,20000,9655,19000,9144,18000,8624,16000,7632,14000,6653,10000,4725,6000,2728
d3_at_q8_5/Z/r230,3,q8_5,Z,230,mwpm_gap,rl,20000,9587,0.3350041968697315,0.14434580313026849,0.27942573765031764,0.7773713662873519,20000,9587,19000,9092,18000,8612,16000,7651,14000,6647,10000,4674,6000,2751
d3_at_q8_5/Z/r250,3,q8_5,Z,250,mwpm_gap,si1000,20000,9811,0.3288052620097147,0.1617447379902853,0.2923590663397834,0.8213783869224338,20000,9811,19000,9321,18000,8800,16000,7796,14000,6836,10000,4831,6000,2847
d3_at_q8_5/Z/r250,3,q8_5,Z,250,mwpm_gap,rl,20000,9848,0.3401027671901834,0.15229723280981658,0.2830308893897549,0.7839448743343094,20000,9848,19000,9349,18000,8858,16000,7851,14000,6854,10000,4858,6000,2842
d3_at_q8_9/X/r01,3,q8_9,X,1,mwpm_gap,si1000,20000,326,0.0029865198317422428,0.01331459983087994,0.015184914593519642,0.07239915682855066,20000,326,19000,123,18000,57,16000,3,14000,3,10000,3,6000,1
d3_at_q8_9/X/r01,3,q8_9,X,1,mwpm_gap,rl,20000,328,0.004226599826677556,0.012176219691774091,0.014933537575599797,0.072239883203333,20000,328,19000,237,18000,73,16000,3,14000,2,10000,1,6000,1
d3_at_q8_9/X/r01,3,q8_9,X,1,exact,si1000,20000,326,0.003279217077137242,0.01302295112895903,0.015034376663646444,0.0700969967765096,20000,326,19000,240,18000,33,16000,3,14000,3,10000,3,6000,2
d3_at_q8_9/X/r01,3,q8_9,X,1,exact,rl,20000,327,0.004667094752430604,0.01169003748264943,0.014802187156539793,0.06878193316172798,20000,327,19000,229,18000,30,16000,3,14000,3,10000,1,6000,1
d3_at_q8_9/X/r10,3,q8_9,X,10,mwpm_gap,si1000,20000,2648,0.05444141641944733,0.07795858358055266,0.1045048601021312,0.4209996926084192,20000,2648,19000,2111,18000,1667,16000,1228,14000,956,10000,454,6000,122
d3_at_q8_9/X/r10,3,q8_9,X,10,mwpm_gap,rl,20000,2555,0.0727612526955498,0.054988747304450206,0.09958908744493145,0.3491485344761483,20000,2555,19000,2056,18000,1659,16000,1204,14000,908,10000,413,6000,139
d3_at_q8_9/X/r30,3,q8_9,X,30,mwpm_gap,si1000,20000,6503,0.1455585644628111,0.1795914355371889,0.23618383035365387,0.8154595873956738,20000,6503,19000,5959,18000,5423,16000,4393,14000,3515,10000,2049,6000,1022
d3_at_q8_9/X/r30,3,q8_9,X,30,mwpm_gap,rl,20000,6345,0.17267026652057474,0.14457973347942524,0.2224955386874609,0.6841590579786424,20000,6345,19000,5831,18000,5302,16000,4343,14000,3486,10000,2033,6000,1041
d3_at_q8_9/X/r50,3,q8_9,X,50,mwpm_gap,si1000,20000,7709,0.19347908718332177,0.19197091281667822,0.2683561772522887,0.8704724501442408,20000,7709,19000,7220,18000,6690,16000,5673,14000,4656,10000,2947,6000,1529
d3_at_q8_9/X/r50,3,q8_9,X,50,mwpm_gap,rl,20000,7548,0.21640416946081417,0.16099583053918584,0.2542598817581061,0.7512486896916547,20000,7548,19000,7069,18000,6577,16000,5531,14000,4641,10000,2965,6000,1510
d3_at_q8_9/X/r70,3,q8_9,X,70,mwpm_gap,si1000,20000,8826,0.23917215461174454,0.20212784538825546,0.2930241120635652,0.9018021800040417,20000,8826,19000,8306,18000,7783,16000,6768,14000,5760,10000,3848,6000,2109
d3_at_q8_9/X/r70,3,q8_9,X,70,mwpm_gap,rl,20000,8719,0.25797749137534165,0.17797250862465835,0.27946638847822025,0.7995824307775969,20000,8719,19000,8252,18000,7751,16000,6720,14000,5722,10000,3779,6000,2108
d3_at_q8_9/X/r90,3,q8_9,X,90,mwpm_gap,si1000,20000,9532,0.27900664461387936,0.1975933553861206,0.30089300467812835,0.8923573967958939,20000,9532,19000,9012,18000,8486,16000,7452,14000,6433,10000,4439,6000,2544
d3_at_q8_9/X/r90,3,q8_9,X,90,mwpm_gap,rl,20000,9375,0.29221781212486314,0.18051100764294947,0.2893466921644747,0.8113833514015961,20000,9375,19000,8900,18000,8449,16000,7418,14000,6391,10000,4427,6000,2561
d3_at_q8_9/X/r110,3,q8_9,X,110,mwpm_gap,si1000,20000,9592,0.2996281149299551,0.17997188507004486,0.29623479188353313,0.862218908077195,20000,9592,19000,9089,18000,8614,16000,7617,14000,6563,10000,4575,6000,2636
d3_at_q8_9/X/r110,3,q8_9,X,110,mwpm_gap,rl,20000,9547,0.3080016855401184,0.16934831445988158,0.28768089823562476,0.8002588832051156,20000,9547,19000,9051,18000,8572,16000,7558,14000,6554,10000,4565,6000,2646
d3_at_q8_9/X/r130,3,q8_9,X,130,mwpm_gap,si1000,20000,9709,0.3224300133133049,0.16301998668669512,0.29145055161682126,0.8336395872816809,20000,9709,19000,9212,18000,8732,16000,7715,14000,6723,10000,4734,6000,2768
d3_at_q8_9/X/r130,3,q8_9,X,130,mwpm_gap,rl,20000,9697,0.32712582267636775,0.15772417732363223,0.2848186936288552,0.7871413022167371,20000,9697,19000,9180,18000,8705,16000,7724,14000,6708,10000,4730,6000,2770
d3_at_q8_9/X/r150,3,q8_9,X,150,mwpm_gap,si1000,20000,9989,0.3427862107074117,0.15666378929258826,0.2872183006144591,0.808394109482884,20000,9989,19000,9481,18000,8974,16000,7951,14000,6894,10000,4861,6000,2863
d3_at_q8_9/X/r150,3,q8_9,X,150,mwpm_gap,rl,20000,9847,0.34616279340802136,0.14618720659197865,0.2820856267044597,0.7746151293329584,20000,9847,19000,9331,18000,8835,16000,7867,14000,6862,10000,4868,6000,2893
d3_at_q8_9/X/r170,3,q8_9,X,170,mwpm_gap,si1000,20000,9902,0.3541886259358589,0.1409113740641411,0.2825934046883096,0.7913549006670979,20000,9902,19000,9395,18000,8890,16000,7903,14000,6915,10000,4904,6000,2877
d3_at_q8_9/X/r170,3,q8_9,X,170,mwpm_gap,rl,20000,9818,0.3552175105619498,0.13568248943805025,0.2785478020792601,0.7641404662280663,20000,9818,19000,9306,18000,8812,16000,7817,14000,6846,10000,4867,6000,2891
d3_at_q8_9/X/r190,3,q8_9,X,190,mwpm_gap,si1000,20000,10072,0.36531566380093,0.13828433619907,0.28086603025401513,0.7814169671278345,20000,10072,19000,9576,18000,9088,16000,8068,14000,7065,10000,4989,6000,2913
d3_at_q8_9/X/r190,3,q8_9,X,190,mwpm_gap,rl,20000,9958,0.3650146905878111,0.13288530941218893,0.27694758523292307,0.7588764185256552,20000,9958,19000,9438,18000,8920,16000,7921,14000,6926,10000,4912,6000,2921
d3_at_q8_9/X/r210,3,q8_9,X,210,mwpm_gap,si1000,20000,9933,0.3776084323863358,0.1190415676136642,0.27544452958927024,0.7650091722446806,20000,9933,19000,9427,18000,8939,16000,7945,14000,6946,10000,4962,6000,2942
d3_at_q8_9/X/r210,3,q8_9,X,210,mwpm_gap,rl,20000,10005,0.37603563932307965,0.12421436067692034,0.27448280032521366,0.7513390506677837,20000,10005,19000,9509,18000,9002,16000,7966,14000,6947,10000,4954,6000,2949
d3_at_q8_9/X/r230,3,q8_9,X,230,mwpm_gap,si1000,20000,9993,0.3863696889151818,0.11328031108481819,0.27281903513888633,0.7546497706610182,20000,9993,19000,9486,18000,9012,16000,8008,14000,6966,10000,5023,6000,3012
d3_at_q8_9/X/r230,3,q8_9,X,230,mwpm_gap,rl,20000,10031,0.3853725662280624,0.11617743377193765,0.27264419239594256,0.7459888149574737,20000,10031,19000,9542,18000,9009,16000,8012,14000,6982,10000,4992,6000,3034
d3_at_q8_9/X/r250,3,q8_9,X,250,mwpm_gap,si1000,20000,9862,0.39284822349792753,0.10025177650207247,0.2677837845256371,0.7403751229873056,20000,9862,19000,9394,18000,8913,16000,7881,14000,6892,10000,4906,6000,2947
d3_at_q8_9/X/r250,3,q8_9,X,250,mwpm_gap,rl,20000,9940,0.39109802286347684,0.10590197713652322,0.2688001209720072,0.736574479866011,20000,9940,19000,9440,18000,8948,16000,7989,14000,6981,10000,4925,6000,2932
d3_at_q8_9/Z/r01,3,q8_9,Z,1,mwpm_gap,si1000,20000,112,0.002942716829590982,0.0026586384232166224,0.004755896313638196,0.021169723035720876,20000,112,19000,46,18000,13,16000,0,14000,0,10000,0,6000,0
d3_at_q8_9/Z/r01,3,q8_9,Z,1,mwpm_gap,rl,20000,114,0.004246279524849857,0.001458300264603612,0.0047758527606490166,0.02027416181748323,20000,114,19000,35,18000,15,16000,0,14000,0,10000,0,6000,0
d3_at_q8_9/Z/r01,3,q8_9,Z,1,exact,si1000,20000,112,0.0032721725190892727,0.002330701306494949,0.004671867323311717,0.020395365784262792,20000,112,19000,44,18000,16,16000,0,14000,0,10000,0,6000,0
d3_at_q8_9/Z/r01,3,q8_9,Z,1,exact,rl,20000,115,0.004891162893795291,0.0008710471941707382,0.004702195408585622,0.019675871423890188,20000,115,19000,31,18000,16,16000,0,14000,0,10000,0,6000,0
d3_at_q8_9/Z/r10,3,q8_9,Z,10,mwpm_gap,si1000,20000,2321,0.05674447161761375,0.05930552838238624,0.08983521896028515,0.3337818077385191,20000,2321,19000,1823,18000,1426,16000,945,14000,622,10000,241,6000,59
d3_at_q8_9/Z/r10,3,q8_9,Z,10,mwpm_gap,rl,20000,2187,0.09082301497732966,0.022819671067913896,0.08551834417488095,0.2923345155408385,20000,2187,19000,1775,18000,1435,16000,1057,14000,721,10000,227,6000,50
d3_at_q8_9/Z/r30,3,q8_9,Z,30,mwpm_gap,si1000,20000,5465,0.13294130547900038,0.14030869452099964,0.20134200602774935,0.6726298295681316,20000,5465,19000,4859,18000,4445,16000,3467,14000,2803,10000,1601,6000,672
d3_at_q8_9/Z/r30,3,q8_9,Z,30,mwpm_gap,rl,20000,5319,0.19430415863775494,0.07164584136224507,0.1849746680156846,0.5642133156337803,20000,5319,19000,4811,18000,4314,16000,3413,14000,2773,10000,1712,6000,778
d3_at_q8_9/Z/r50,3,q8_9,Z,50,mwpm_gap,si1000,20000,7218,0.18653209907993545,0.17436790092006454,0.25311396046515244,0.7910536150028203,20000,7218,19000,6660,18000,6107,16000,5272,14000,4259,10000,2598,6000,1356
d3_at_q8_9/Z/r50,3,q8_9,Z,50,mwpm_gap,rl,20000,7089,0.24710588326717278,0.10734411673282718,0.2324722385677931,0.6735115450869019,20000,7089,19000,6598,18000,6082,16000,5208,14000,4218,10000,2776,6000,1508
d3_at_q8_9/Z/r70,3,q8_9,Z,70,mwpm_gap,si1000,20000,8425,0.2316422292178357,0.18960777078216434,0.2820280953434541,0.8436074784250188,20000,8425,19000,7902,18000,7382,16000,6402,14000,5448,10000,3580,6000,1876
d3_at_q8_9/Z/r70,3,q8_9,Z,70,mwpm_gap,rl,20000,8397,0.2857757096300102,0.1340742903699898,0.2593270953685125,0.726863264924996,20000,8397,19000,7903,18000,7405,16000,6434,14000,5455,10000,3538,6000,1980
d3_at_q8_9/Z/r90,3,q8_9,Z,90,mwpm_gap,si1000,20000,9118,0.26768178431256967,0.18821821568743033,0.2940206732205356,0.85405673331093,20000,9118,19000,8596,18000,8077,16000,7089,14000,6141,10000,4163,6000,2338
d3_at_q8_9/Z/r90,3,q8_9,Z,90,mwpm_gap,rl,20000,9105,0.31119536931560426,0.14405463068439575,0.27226679449433994,0.7516321186696485,20000,9105,19000,8601,18000,8113,16000,7112,14000,6169,10000,4172,6000,2379
d3_at_q8_9/Z/r110,3,q8_9,Z,110,mwpm_gap,si1000,20000,9535,0.2919802950270534,0.18509110413738214,0.2986006614264653,0.8531952451759535,20000,9535,19000,9007,18000,8515,16000,7534,14000,6563,10000,4579,6000,2607
d3_at_q8_9/Z/r110,3,q8_9,Z,110,mwpm_gap,rl,20000,9516,0.3313199503581815,0.14448004964181843,0.27632192535389616,0.7579050463489898,20000,9516,19000,9014,18000,8521,16000,7547,14000,6513,10000,4543,6000,2642
d3_at_q8_9/Z/r130,3,q8_9,Z,130,mwpm_gap,si1000,20000,9780,0.3110602647946331,0.1779397352053669,0.29774471669414915,0.8413507957164708,20000,9780,19000,9273,18000,8786,16000,7776,14000,6780,10000,4803,6000,2764
d3_at_q8_9/Z/r130,3,q8_9,Z,130,mwpm_gap,rl,20000,9783,0.34553468373861496,0.14361531626138505,0.2781181841374734,0.7604324757319828,20000,9783,19000,9271,18000,8770,16000,7752,14000,6737,10000,4795,6000,2772
d3_at_q8_9/Z/r150,3,q8_9,Z,150,mwpm_gap,si1000,20000,9753,0.33139635956330965,0.15625364043669032,0.28894746991755255,0.8090900796362108,20000,9753,19000,9254,18000,8745,16000,7729,14000,6679,10000,4773,6000,2792
d3_at_q8_9/Z/r150,3,q8_9,Z,150,mwpm_gap,rl,20000,9744,0.3564823363303688,0.13071766366963114,0.2745367958649091,0.750887268812664,20000,9744,19000,9263,18000,8771,16000,7762,14000,6758,10000,4777,6000,2805
d3_at_q8_9/Z/r170,3,q8_9,Z,170,mwpm_gap,si1000,20000,9816,0.3524526067663779,0.13834739323362213,0.2831536148455967,0.7850864861134979,20000,9816,19000,9324,18000,8835,16000,7838,14000,6850,10000,4882,6000,2921
d3_at_q8_9/Z/r170,3,q8_9,Z,170,mwpm_gap,rl,20000,9951,0.3766909960016301,0.12085900399836993,0.27124324312403403,0.7420064268101234,20000,9951,19000,9430,18000,8916,16000,7888,14000,6872,10000,4887,6000,2851
d3_at_q8_9/Z/r190,3,q8_9,Z,190,mwpm_gap,si1000,20000,9871,0.35761273308123137,0.13593726691876862,0.28159553852787683,0.7807936909892811,20000,9871,19000,9387,18000,8884,16000,7802,14000,6837,10000,4862,6000,2858
d3_at_q8_9/Z/r190,3,q8_9,Z,190,mwpm_gap,rl,20000,9856,0.37637169517475266,0.11642830482524735,0.2711151591483108,0.7416769407872531,20000,9856,19000,9369,18000,8862,16000,7880,14000,6875,10000,4889,6000,2870
d3_at_q8_9/Z/r210,3,q8_9,Z,210,mwpm_gap,si1000,20000,10037,0.3772493966423761,0.12460060335762393,0.2794720409057377,0.7698470207444585,20000,10037,19000,9539,18000,9047,16000,8057,14000,7063,10000,5104,6000,3023
d3_at_q8_9/Z/r210,3,q8_9,Z,210,mwpm_gap,rl,20000,9984,0.3885782946235168,0.11062170537648323,0.2704165025344567,0.7394027113519384,20000,9984,19000,9475,18000,8989,16000,7992,14000,7003,10000,4997,6000,3006
d3_at_q8_9/Z/r230,3,q8_9,Z,230,mwpm_gap,si1000,20000,10158,0.3812663153099834,0.12663368469001662,0.2785923352872596,0.7666823090583593,20000,10158,19000,9639,18000,9147,16000,8126,14000,7124,10000,5074,6000,3044
d3_at_q8_9/Z/r230,3,q8_9,Z,230,mwpm_gap,rl,20000,10053,0.3944674634393905,0.10818253656060947,0.2687053929412726,0.7353283225057811,20000,10053,19000,9565,18000,9048,16000,8017,14000,7018,10000,4991,6000,3007
d3_at_q8_9/Z/r250,3,q8_9,Z,250,mwpm_gap,si1000,20000,10027,0.3956717295673338,0.10567827043266625,0.27129912835684156,0.7462134319110997,20000,10027,19000,9538,18000,9039,16000,8020,14000,7018,10000,4997,6000,3005
d3_at_q8_9/Z/r250,3,q8_9,Z,250,mwpm_gap,rl,20000,9968,0.4040460493425485,0.09466481254854509,0.26471723476373815,0.7259772133448856,20000,9968,19000,9502,18000,8998,16000,7984,14000,6996,10000,4950,6000,2937
d5_at_q4_7/X/r01,5,q4_7,X,1,mwpm_gap,si1000,20000,58,0.0013234947152492365,0.0015767746173035028,0.002518151814415164,0.011846531627465653,20000,58,19000,0,18000,0,16000,0,14000,0,10000,0,6000,0
d5_at_q4_7/X/r01,5,q4_7,X,1,mwpm_gap,rl,20000,54,0.001786376811518021,0.0009160744663761117,0.0023081290962481257,0.009228241420596356,20000,54,19000,0,18000,0,16000,0,14000,0,10000,0,6000,0
d5_at_q4_7/X/r01,5,q4_7,X,1,exact,si1000,20000,55,0.001405965253228781,0.0013448352415464278,0.0024541633175526045,0.010859182440288386,20000,55,19000,0,18000,0,16000,0,14000,0,10000,0,6000,0
d5_at_q4_7/X/r01,5,q4_7,X,1,exact,rl,20000,53,0.001959499083498957,0.0006961042106187754,0.002229540006169788,0.008709493321247729,20000,53,19000,0,18000,0,16000,0,14000,0,10000,0,6000,0
d5_at_q4_7/X/r10,5,q4_7,X,10,mwpm_gap,si1000,20000,1039,0.025581890463308225,0.026368144641358157,0.041347398614841914,0.163552830102454,20000,1039,19000,630,18000,413,16000,177,14000,80,10000,12,6000,2
d5_at_q4_7/X/r10,5,q4_7,X,10,mwpm_gap,rl,20000,1025,0.03396905928181014,0.017281757472650722,0.039371527850358905,0.14120723340382516,20000,1025,19000,615,18000,401,16000,158,14000,70,10000,9,6000,2
d5_at_q4_7/X/r30,5,q4_7,X,30,mwpm_gap,si1000,20000,3310,0.08110833269410365,0.08439166730589634,0.12660648348171621,0.4551576399450117,20000,3310,19000,2832,18000,2392,16000,1664,14000,1119,10000,455,6000,113
d5_at_q4_7/X/r30,5,q4_7,X,30,mwpm_gap,rl,20000,3197,0.10140912407093318,0.058440875929066806,0.11908853063154075,0.3969492927057683,20000,3197,19000,2731,18000,2308,16000,1627,14000,1083,10000,432,6000,115
d5_at_q4_7/X/r50,5,q4_7,X,50,mwpm_gap,si1000,20000,4525,0.1136344147324356,0.11261558526756435,0.16660739212453538,0.5633675731061311,20000,4525,19000,4022,18000,3549,16000,2676,14000,1939,10000,929,6000,290
d5_at_q4_7/X/r50,5,q4_7,X,50,mwpm_gap,rl,20000,4317,0.14054809049972758,0.07630819084494213,0.15610973184152602,0.49608485243453543,20000,4317,19000,3875,18000,3435,16000,2610,14000,1907,10000,894,6000,273
d5_at_q4_7/X/r70,5,q4_7,X,70,mwpm_gap,si1000,20000,6266,0.16146051753185006,0.15183948246814993,0.22596954097075453,0.727387380695502,20000,6266,19000,5785,18000,5318,16000,4420,14000,3539,10000,1984,6000,780
d5_at_q4_7/X/r70,5,q4_7,X,70,mwpm_gap,rl,20000,6099,0.19276279572077784,0.1121872042792221,0.210888276849352,0.642349705939767,20000,6099,19000,5608,18000,5158,16000,4289,14000,3413,10000,1944,6000,770
d5_at_q4_7/X/r90,5,q4_7,X,90,mwpm_gap,si1000,20000,7015,0.1855271256463909,0.16522287435360908,0.24453976622064227,0.7683495760372682,20000,7015,19000,6551,18000,6045,16000,5074,14000,4119,10000,2449,6000,1153
d5_at_q4_7/X/r90,5,q4_7,X,90,mwpm_gap,rl,20000,6928,0.22007491731581794,0.12632508268418208,0.23018257799703742,0.6865513830880519,20000,6928,19000,6440,18000,5934,16000,4976,14000,4083,10000,2430,6000,1105
d5_at_q4_7/X/r110,5,q4_7,X,110,mwpm_gap,si1000,20000,7925,0.2198005770139697,0.17644942298603028,0.2670775259441388,0.8094860906235828,20000,7925,19000,7425,18000,6912,16000,5930,14000,5017,10000,3172,6000,1593
d5_at_q4_7/X/r110,5,q4_7,X,110,mwpm_gap,rl,20000,7815,0.25515442626116475,0.1355955737388352,0.2511033301088258,0.7311762508549008,20000,7815,19000,7345,18000,6854,16000,5903,14000,4927,10000,3112,6000,1564
d5_at_q4_7/X/r130,5,q4_7,X,130,mwpm_gap,si1000,20000,8247,0.22957374550009205,0.18277625449990798,0.2740630833250207,0.8239632869392437,20000,8247,19000,7748,18000,7254,16000,6273,14000,5283,10000,3401,6000,1710
d5_at_q4_7/X/r130,5,q4_7,X,130,mwpm_gap,rl,20000,8085,0.26385006142866735,0.14039993857133262,0.2562347021311487,0.7409884372230805,20000,8085,19000,7571,18000,7076,16000,6096,14000,5128,10000,3312,6000,1690
d5_at_q4_7/X/r150,5,q4_7,X,150,mwpm_gap,si1000,20000,8587,0.24436139045824748,0.18498860954175253,0.28212656468767733,0.8341934788998764,20000,8587,19000,8081,18000,7601,16000,6641,14000,5656,10000,3745,6000,1980
d5_at_q4_7/X/r150,5,q4_7,X,150,mwpm_gap,rl,20000,8475,0.27985129992267055,0.1438987000773294,0.26443153143659703,0.7562391578120286,20000,8475,19000,7998,18000,7499,16000,6496,14000,5522,10000,3648,6000,1921
d5_at_q4_7/X/r170,5,q4_7,X,170,mwpm_gap,si1000,20000,9012,0.2678314221358392,0.1827685778641608,0.284525139059729,0.8251299259494713,20000,9012,19000,8496,18000,7988,16000,7017,14000,5970,10000,4006,6000,2181
d5_at_q4_7/X/r170,5,q4_7,X,170,mwpm_gap,rl,20000,8967,0.3024078315003028,0.14594216849969713,0.27034677399139084,0.7646776249729825,20000,8967,19000,8462,18000,7939,16000,6959,14000,5923,10000,4000,6000,2203
d5_at_q4_7/X/r190,5,q4_7,X,190,mwpm_gap,si1000,20000,9234,0.2856661134589375,0.17603388654106253,0.2886859757060015,0.8282579301597017,20000,9234,19000,8760,18000,8243,16000,7273,14000,6252,10000,4306,6000,2437
d5_at_q4_7/X/r190,5,q4_7,X,190,mwpm_gap,rl,20000,9176,0.3197666029857436,0.1399034246942406,0.27353535365117665,0.7672636545614281,20000,9176,19000,8710,18000,8212,16000,7234,14000,6232,10000,4288,6000,2387
d5_at_q4_7/X/r210,5,q4_7,X,210,mwpm_gap,si1000,20000,9206,0.28421404126430433,0.17608595873569566,0.28835229822609765,0.826276122092494,20000,9206,19000,8680,18000,8185,16000,7194,14000,6256,10000,4333,6000,2435
d5_at_q4_7/X/r210,5,q4_7,X,210,mwpm_gap,rl,20000,9156,0.31765911652519563,0.1401408834748043,0.2722277195283721,0.7630436234931672,20000,9156,19000,8646,18000,8166,16000,7172,14000,6185,10000,4232,6000,2352
d5_at_q4_7/X/r230,5,q4_7,X,230,mwpm_gap,si1000,20000,9364,0.2955042275353605,0.17269577246463955,0.28832726178488194,0.8207684263509938,20000,9364,19000,8858,18000,8377,16000,7372,14000,6381,10000,4420,6000,2535
d5_at_q4_7/X/r230,5,q4_7,X,230,mwpm_gap,rl,20000,9327,0.32920387241985666,0.1371461275801434,0.27337815847387115,0.7628152215029367,20000,9327,19000,8830,18000,8351,16000,7363,14000,6373,10000,4371,6000,2433
d5_at_q4_7/X/r250,5,q4_7,X,250,mwpm_gap,si1000,20000,9405,0.301767125455702,0.168482874544298,0.286707316608979,0.8111902688869375,20000,9405,19000,8901,18000,8415,16000,7441,14000,6420,10000,4455,6000,2534
d5_at_q4_7/X/r250,5,q4_7,X,250,mwpm_gap,rl,20000,9305,0.33468564694059205,0.13056435305940792,0.2711839051848705,0.7552640427035578,20000,9305,19000,8817,18000,8314,16000,7375,14000,6373,10000,4405,6000,2442
d5_at_q4_7/Z/r01,5,q4_7,Z,1,mwpm_gap,si1000,20000,27,0.0007852238564452735,0.0005649881324527052,0.0011226772871660241,0.005009336545695692,20000,27,19000,0,18000,0,16000,0,14000,0,10000,0,6000,0
d5_at_q4_7/Z/r01,5,q4_7,Z,1,mwpm_gap,rl,20000,26,0.0011420365738602624,0.00015912240020086725,0.001161062718534544,0.0049394507676072215,20000,26,19000,0,18000,0,16000,0,14000,0,10000,0,6000,0
d5_at_q4_7/Z/r01,5,q4_7,Z,1,exact,si1000,20000,27,0.0008709974075821645,0.00047963965728577547,0.0011281327657425538,0.0048924088811083954,20000,27,19000,0,18000,0,16000,0,14000,0,10000,0,6000,0
d5_at_q4_7/Z/r01,5,q4_7,Z,1,exact,rl,20000,26,0.0012256172659578322,7.693633700363692e-05,0.001166781584908813,0.004876300146492602,20000,26,19000,0,18000,0,16000,0,14000,0,10000,0,6000,0
d5_at_q4_7/Z/r10,5,q4_7,Z,10,mwpm_gap,si1000,20000,870,0.02440802834153766,0.01909214993972123,0.033578027856064015,0.12879500429809182,20000,870,19000,466,18000,275,16000,112,14000,41,10000,9,6000,1
d5_at_q4_7/Z/r10,5,q4_7,Z,10,mwpm_gap,rl,20000,842,0.029641651466100562,0.01246082328925229,0.032101532856170845,0.11482938147132024,20000,842,19000,470,18000,256,16000,85,14000,38,10000,7,6000,3
d5_at_q4_7/Z/r30,5,q4_7,Z,30,mwpm_gap,si1000,20000,2633,0.06718937881703076,0.06446062118296925,0.10075172301998528,0.36482724514288045,20000,2633,19000,2165,18000,1732,16000,1123,14000,692,10000,260,6000,68
d5_at_q4_7/Z/r30,5,q4_7,Z,30,mwpm_gap,rl,20000,2528,0.08137779777461508,0.04502220222538491,0.09503291783404857,0.3218716397999029,20000,2528,19000,2076,18000,1678,16000,1069,14000,671,10000,224,6000,60
d5_at_q4_7/Z/r50,5,q4_7,Z,50,mwpm_gap,si1000,20000,3847,0.10215824827226194,0.09019175172773804,0.14132344313946696,0.48161154139819373,20000,3847,19000,3346,18000,2878,16000,2065,14000,1411,10000,613,6000,186
d5_at_q4_7/Z/r50,5,q4_7,Z,50,mwpm_gap,rl,20000,3686,0.12034285829383128,0.06395714170616873,0.133078596527946,0.43019932751819207,20000,3686,19000,3216,18000,2773,16000,1979,14000,1370,10000,572,6000,180
d5_at_q4_7/Z/r70,5,q4_7,Z,70,mwpm_gap,si1000,20000,5125,0.1385080654083618,0.1177419345916382,0.18597348212009565,0.6088128908913806,20000,5125,19000,4641,18000,4167,16000,3276,14000,2501,10000,1301,6000,482
d5_at_q4_7/Z/r70,5,q4_7,Z,70,mwpm_gap,rl,20000,4989,0.16298416418088696,0.08646583581911303,0.17609292960764597,0.5502902318908441,20000,4989,19000,4501,18000,4037,16000,3163,14000,2439,10000,1291,6000,457
d5_at_q4_7/Z/r90,5,q4_7,Z,90,mwpm_gap,si1000,20000,7038,0.19583674753161218,0.15606325246838784,0.23952446537084826,0.7375879105527161,20000,7038,19000,6530,18000,6021,16000,5040,14000,4091,10000,2451,6000,1107
d5_at_q4_7/Z/r90,5,q4_7,Z,90,mwpm_gap,rl,20000,6840,0.2201864624649665,0.12181353753503352,0.2263116505675056,0.6731207405974143,20000,6840,19000,6363,18000,5856,16000,4896,14000,3999,10000,2342,6000,1055
d5_at_q4_7/Z/r110,5,q4_7,Z,110,mwpm_gap,si1000,20000,6905,0.19242901121401312,0.15282098878598688,0.23783316367791368,0.7370457576656507,20000,6905,19000,6355,18000,5887,16000,4947,14000,4013,10000,2424,6000,1115
d5_at_q4_7/Z/r110,5,q4_7,Z,110,mwpm_gap,rl,20000,6741,0.2175981306233316,0.11945186937666841,0.22613107403349805,0.6746269412249497,20000,6741,19000,6252,18000,5794,16000,4841,14000,3956,10000,2337,6000,1088
d5_at_q4_7/Z/r130,5,q4_7,Z,130,mwpm_gap,si1000,20000,7775,0.2146168258890377,0.17413317411096235,0.26064540749859316,0.7868310601025016,20000,7775,19000,7261,18000,6767,16000,5760,14000,4810,10000,2977,6000,1423
d5_at_q4_7/Z/r130,5,q4_7,Z,130,mwpm_gap,rl,20000,7612,0.23980055231243882,0.14079944768756117,0.24662642063679718,0.719741950702315,20000,7612,19000,7118,18000,6616,16000,5640,14000,4682,10000,2916,6000,1375
d5_at_q4_7/Z/r150,5,q4_7,Z,150,mwpm_gap,si1000,20000,7826,0.22632083271495862,0.1649791672850414,0.2615085396886473,0.7832718478148706,20000,7826,19000,7341,18000,6851,16000,5863,14000,4913,10000,3149,6000,1541
d5_at_q4_7/Z/r150,5,q4_7,Z,150,mwpm_gap,rl,20000,7758,0.2529240950055302,0.13497590499446976,0.24803305937895076,0.7214101584309841,20000,7758,19000,7260,18000,6754,16000,5769,14000,4827,10000,3046,6000,1498
d5_at_q4_7/Z/r170,5,q4_7,Z,170,mwpm_gap,si1000,20000,8105,0.2446019422203675,0.16064805777963248,0.2652531601351568,0.782750139649594,20000,8105,19000,7613,18000,7092,16000,6134,14000,5177,10000,3390,6000,1748
d5_at_q4_7/Z/r170,5,q4_7,Z,170,mwpm_gap,rl,20000,8140,0.27056383913404697,0.13643616086595306,0.25513831486340904,0.7321934885472763,20000,8140,19000,7642,18000,7153,16000,6118,14000,5194,10000,3352,6000,1684
d5_at_q4_7/Z/r190,5,q4_7,Z,190,mwpm_gap,si1000,20000,8799,0.26832014373586177,0.1716298562641382,0.2779705183586767,0.8040707215252388,20000,8799,19000,8294,18000,7799,16000,6810,14000,5809,10000,3882,6000,2045
d5_at_q4_7/Z/r190,5,q4_7,Z,190,mwpm_gap,rl,20000,8657,0.29431566532727427,0.13853433467272566,0.26515268326981406,0.7523439658265636,20000,8657,19000,8160,18000,7662,16000,6690,14000,5699,10000,3832,6000,2016
d5_at_q4_7/Z/r210,5,q4_7,Z,210,mwpm_gap,si1000,20000,8726,0.27052832292363826,0.1657716770763617,0.2778803336037374,0.8025356990141663,20000,8726,19000,8209,18000,7720,16000,6760,14000,5793,10000,3956,6000,2098
d5_at_q4_7/Z/r210,5,q4_7,Z,210,mwpm_gap,rl,20000,8666,0.29544468951142583,0.13785531048857416,0.26502469783522803,0.7513290986105919,20000,8666,19000,8163,18000,7662,16000,6689,14000,5706,10000,3807,6000,2057
d5_at_q4_7/Z/r230,5,q4_7,Z,230,mwpm_gap,si1000,20000,8958,0.277560047888934,0.17033995211106598,0.28116153180871445,0.8070978854899242,20000,8958,19000,8457,18000,7951,16000,6973,14000,5987,10000,4062,6000,2202
d5_at_q4_7/Z/r230,5,q4_7,Z,230,mwpm_gap,rl,20000,8862,0.3025930374679185,0.1405069625320815,0.2684248034391002,0.7569084646815285,20000,8862,19000,8364,18000,7873,16000,6881,14000,5899,10000,3962,6000,2153
d5_at_q4_7/Z/r250,5,q4_7,Z,250,mwpm_gap,si1000,20000,9160,0.2872884716524423,0.1707115283475577,0.28381837545532346,0.8096237259135898,20000,9160,19000,8671,18000,8167,16000,7134,14000,6142,10000,4210,6000,2361
d5_at_q4_7/Z/r250,5,q4_7,Z,250,mwpm_gap,rl,20000,9054,0.3117683653469443,0.14093163465305572,0.2714775643700117,0.7615173157003757,20000,9054,19000,8558,18000,8071,16000,7076,14000,6108,10000,4161,6000,2277
d5_at_q6_5/X/r01,5,q6_5,X,1,mwpm_gap,si1000,20000,51,0.0011034434078225023,0.0014467710769711178,0.002155360317244863,0.009000711389325556,20000,51,19000,0,18000,0,16000,0,14000,0,10000,0,6000,0
d5_at_q6_5/X/r01,5,q6_5,X,1,mwpm_gap,rl,20000,47,0.0014484358032790673,0.0009025949663574666,0.001849375362815247,0.0067888775723365215,20000,47,19000,0,18000,0,16000,0,14000,0,10000,0,6000,0
d5_at_q6_5/X/r01,5,q6_5,X,1,exact,si1000,20000,47,0.0012293757117808576,0.0011212713305669949,0.0020893745193795964,0.008365700500189683,20000,47,19000,0,18000,0,16000,0,14000,0,10000,0,6000,0
d5_at_q6_5/X/r01,5,q6_5,X,1,exact,rl,20000,46,0.0016342405368896071,0.0006689578920824209,0.0017481841312991882,0.0063371858402421245,20000,46,19000,0,18000,0,16000,0,14000,0,10000,0,6000,0
d5_at_q6_5/X/r10,5,q6_5,X,10,mwpm_gap,si1000,20000,1131,0.027605437394637635,0.028944759136813308,0.04452959664531903,0.17412822353776614,20000,1131,19000,709,18000,451,16000,190,14000,98,10000,17,6000,1
d5_at_q6_5/X/r10,5,q6_5,X,10,mwpm_gap,rl,20000,1074,0.03678956370742436,0.016916332029904807,0.04130062431621064,0.1475567564151773,20000,1074,19000,667,18000,425,16000,178,14000,85,10000,15,6000,1
d5_at_q6_5/X/r30,5,q6_5,X,30,mwpm_gap,si1000,20000,3663,0.09079637188663951,0.0923536281133605,0.1378672649669258,0.485733420930181,20000,3663,19000,3158,18000,2727,16000,1935,14000,1339,10000,535,6000,158
d5_at_q6_5/X/r30,5,q6_5,X,30,mwpm_gap,rl,20000,3401,0.1122665950582954,0.05778340494170462,0.12488591688920685,0.4088310302611311,20000,3401,19000,2957,18000,2515,16000,1790,14000,1210,10000,494,6000,136
d5_at_q6_5/X/r50,5,q6_5,X,50,mwpm_gap,si1000,20000,4523,0.11450033507257558,0.1116496649274244,0.1682970889038954,0.5724933124964777,20000,4523,19000,4037,18000,3582,16000,2732,14000,2007,10000,916,6000,319
d5_at_q6_5/X/r50,5,q6_5,X,50,mwpm_gap,rl,20000,4408,0.14281066316967062,0.07758933683032937,0.15630755355991646,0.4955366302699923,20000,4408,19000,3919,18000,3461,16000,2614,14000,1924,10000,878,6000,291
d5_at_q6_5/X/r70,5,q6_5,X,70,mwpm_gap,si1000,20000,6603,0.17512641406518764,0.15502358593481239,0.2326121424889313,0.7396233231539807,20000,6603,19000,6120,18000,5641,16000,4687,14000,3807,10000,2173,6000,912
d5_at_q6_5/X/r70,5,q6_5,X,70,mwpm_gap,rl,20000,6433,0.20600849685835673,0.11564150314164323,0.2155705215864053,0.6499437080851584,20000,6433,19000,5930,18000,5436,16000,4493,14000,3618,10000,2053,6000,885
d5_at_q6_5/X/r90,5,q6_5,X,90,mwpm_gap,si1000,20000,7439,0.20034702503683458,0.1716029749631654,0.25189943485793254,0.7766537670267382,20000,7439,19000,6917,18000,6423,16000,5401,14000,4434,10000,2689,6000,1225
d5_at_q6_5/X/r90,5,q6_5,X,90,mwpm_gap,rl,20000,7250,0.23550930412699153,0.12699069587300846,0.2359511279482209,0.6941962963955233,20000,7250,19000,6769,18000,6268,16000,5284,14000,4339,10000,2694,6000,1242
d5_at_q6_5/X/r110,5,q6_5,X,110,mwpm_gap,si1000,20000,7961,0.2208002636263966,0.1772497363736034,0.26919802949687893,0.8158782918693759,20000,7961,19000,7440,18000,6980,16000,5999,14000,5052,10000,3290,6000,1611
d5_at_q6_5/X/r110,5,q6_5,X,110,mwpm_gap,rl,20000,7942,0.25618611359834437,0.14091388640165564,0.2524503297076591,0.7299973703248874,20000,7942,19000,7447,18000,6966,16000,5954,14000,4994,10000,3169,6000,1552
d5_at_q6_5/X/r130,5,q6_5,X,130,mwpm_gap,si1000,20000,8285,0.23455287604795103,0.17969712395204898,0.27607781311389923,0.8262294402678947,20000,8285,19000,7805,18000,7302,16000,6313,14000,5372,10000,3524,6000,1830
d5_at_q6_5/X/r130,5,q6_5,X,130,mwpm_gap,rl,20000,8259,0.2700564007752096,0.14289359922479042,0.2588007967182921,0.7422131710337732,20000,8259,19000,7767,18000,7261,16000,6248,14000,5306,10000,3418,6000,1761
d5_at_q6_5/X/r150,5,q6_5,X,150,mwpm_gap,si1000,20000,8787,0.25560260127486145,0.1837473987251385,0.2831703790947042,0.8304634680322556,20000,8787,19000,8277,18000,7778,16000,6796,14000,5790,10000,3882,6000,2077
d5_at_q6_5/X/r150,5,q6_5,X,150,mwpm_gap,rl,20000,8624,0.28997740274652806,0.1432950816683712,0.2668317860749029,0.7562244786201211,20000,8624,19000,8156,18000,7678,16000,6709,14000,5722,10000,3843,6000,2063
d5_at_q6_5/X/r170,5,q6_5,X,170,mwpm_gap,si1000,20000,9027,0.27725348177489667,0.1740965182251033,0.28187762747571465,0.815911531047178,20000,9027,19000,8508,18000,8003,16000,6993,14000,5960,10000,4034,6000,2198
d5_at_q6_5/X/r170,5,q6_5,X,170,mwpm_gap,rl,20000,8819,0.30931147565125267,0.13163852434874732,0.265945457197627,0.7483202209259913,20000,8819,19000,8324,18000,7843,16000,6855,14000,5896,10000,3972,6000,2197
d5_at_q6_5/X/r190,5,q6_5,X,190,mwpm_gap,si1000,20000,9340,0.28988114633439466,0.1771188536656054,0.2899955978453214,0.8288605722823428,20000,9340,19000,8838,18000,8323,16000,7354,14000,6336,10000,4421,6000,2494
d5_at_q6_5/X/r190,5,q6_5,X,190,mwpm_gap,rl,20000,9219,0.32141437452415905,0.13953562547584097,0.27455910623635377,0.766432374018562,20000,9219,19000,8757,18000,8232,16000,7264,14000,6299,10000,4379,6000,2470
d5_at_q6_5/X/r210,5,q6_5,X,210,mwpm_gap,si1000,20000,9419,0.29009068018010736,0.18085931981989262,0.29239394046002604,0.8343909941862298,20000,9419,19000,8921,18000,8416,16000,7451,14000,6449,10000,4479,6000,2510
d5_at_q6_5/X/r210,5,q6_5,X,210,mwpm_gap,rl,20000,9303,0.3212115969090694,0.14393840309093062,0.2744222809013467,0.7657338133292,20000,9303,19000,8799,18000,8288,16000,7269,14000,6282,10000,4375,6000,2461
d5_at_q6_5/X/r230,5,q6_5,X,230,mwpm_gap,si1000,20000,9822,0.32907310835905357,0.16303782266372724,0.28820552843681185,0.8044875620269035,20000,9822,19000,9334,18000,8846,16000,7823,14000,6814,10000,4821,6000,2806
d5_at_q6_5/X/r230,5,q6_5,X,230,mwpm_gap,rl,20000,9717,0.353507559891917,0.13282426049523002,0.2747797735485238,0.7581719583538259,20000,9717,19000,9208,18000,8707,16000,7769,14000,6752,10000,4712,6000,2725
d5_at_q6_5/X/r250,5,q6_5,X,250,mwpm_gap,si1000,20000,9606,0.3120110627482242,0.16828893725177577,0.289908355271958,0.8175597575532078,20000,9606,19000,9112,18000,8594,16000,7624,14000,6606,10000,4640,6000,2694
d5_at_q6_5/X/r250,5,q6_5,X,250,mwpm_gap,rl,20000,9588,0.34149214460491195,0.137907855395088,0.2764666080434955,0.7652314078336951,20000,9588,19000,9104,18000,8593,16000,7588,14000,6573,10000,4672,6000,2705
d5_at_q6_5/Z/r01,5,q6_5,Z,1,mwpm_gap,si1000,20000,18,0.0006563872415322092,0.00024379967719343414,0.0006876019123707086,0.0029149485576656863,20000,18,19000,0,18000,0,16000,0,14000,0,10000,0,6000,0
d5_at_q6_5/Z/r01,5,q6_5,Z,1,mwpm_gap,rl,20000,17,0.0009076003213522448,5.760032135224501e-05,0.0006849593761565787,0.002894088782891116,20000,17,19000,0,18000,0,16000,0,14000,0,10000,0,6000,0
d5_at_q6_5/Z/r01,5,q6_5,Z,1,exact,si1000,20000,16,0.0007106633715479929,8.990012779231004e-05,0.0006644914315964066,0.0028549314967473128,20000,16,19000,0,18000,0,16000,0,14000,0,10000,0,6000,0
d5_at_q6_5/Z/r01,5,q6_5,Z,1,exact,rl,20000,16,0.0009730254988631465,0.0001730254988631466,0.0006717366320633921,0.0028821456815731625,20000,16,19000,0,18000,0,16000,0,14000,0,10000,0,6000,0
d5_at_q6_5/Z/r10,5,q6_5,Z,10,mwpm_gap,si1000,20000,895,0.023649688210907148,0.02110099945620089,0.034994717833321795,0.13088465598455212,20000,895,19000,504,18000,274,16000,96,14000,41,10000,8,6000,0
d5_at_q6_5/Z/r10,5,q6_5,Z,10,mwpm_gap,rl,20000,849,0.031578338757961975,0.010882565921822003,0.032326206826815126,0.1145970909329576,20000,849,19000,463,18000,263,16000,93,14000,38,10000,8,6000,0
d5_at_q6_5/Z/r30,5,q6_5,Z,30,mwpm_gap,si1000,20000,3361,0.08708496268371346,0.08096503731628654,0.12531589896552753,0.4377324723489599,20000,3361,19000,2864,18000,2417,16000,1664,14000,1110,10000,430,6000,126
d5_at_q6_5/Z/r30,5,q6_5,Z,30,mwpm_gap,rl,20000,3382,0.1166959399386214,0.054810339646432615,0.12370842304144139,0.40419977255823536,20000,3382,19000,2910,18000,2541,16000,1796,14000,1180,10000,473,6000,138
d5_at_q6_5/Z/r50,5,q6_5,Z,50,mwpm_gap,si1000,20000,3892,0.10506390028129697,0.08953609971870302,0.14453316396326157,0.4929122984092379,20000,3892,19000,3424,18000,2977,16000,2165,14000,1522,10000,668,6000,211
d5_at_q6_5/Z/r50,5,q6_5,Z,50,mwpm_gap,rl,20000,3875,0.1335109543335049,0.060239045666495135,0.138865143450315,0.44518584099725483,20000,3875,19000,3412,18000,2973,16000,2195,14000,1512,10000,666,6000,209
d5_at_q6_5/Z/r70,5,q6_5,Z,70,mwpm_gap,si1000,20000,5029,0.1399273981916339,0.11152260180836607,0.1813840274796605,0.5925580359310657,20000,5029,19000,4536,18000,4072,16000,3184,14000,2378,10000,1218,6000,458
d5_at_q6_5/Z/r70,5,q6_5,Z,70,mwpm_gap,rl,20000,4987,0.17083162842878494,0.07851837157121505,0.17223028804424,0.5338539693545717,20000,4987,19000,4484,18000,4013,16000,3143,14000,2365,10000,1209,6000,448
d5_at_q6_5/Z/r90,5,q6_5,Z,90,mwpm_gap,si1000,20000,7092,0.19859739186452435,0.15600260813547565,0.24186332184951354,0.7416989138278222,20000,7092,19000,6574,18000,6106,16000,5114,14000,4192,10000,2521,6000,1145
d5_at_q6_5/Z/r90,5,q6_5,Z,90,mwpm_gap,rl,20000,7244,0.23968436935309004,0.12251563064690994,0.23260169223731095,0.6824096474366292,20000,7244,19000,6703,18000,6207,16000,5221,14000,4272,10000,2598,6000,1196
d5_at_q6_5/Z/r110,5,q6_5,Z,110,mwpm_gap,si1000,20000,7316,0.20731605499448075,0.15848394500551924,0.24748579340417046,0.7555228903616484,20000,7316,19000,6808,18000,6332,16000,5322,14000,4367,10000,2686,6000,1316
d5_at_q6_5/Z/r110,5,q6_5,Z,110,mwpm_gap,rl,20000,7387,0.24881366912642702,0.12053633087357297,0.23682338173295084,0.6905111549964712,20000,7387,19000,6891,18000,6376,16000,5440,14000,4498,10000,2759,6000,1292
d5_at_q6_5/Z/r130,5,q6_5,Z,130,mwpm_gap,si1000,20000,7617,0.22019519997823628,0.1606548000217637,0.25334380001264745,0.7574738862888875,20000,7617,19000,7097,18000,6619,16000,5635,14000,4674,10000,2873,6000,1397
d5_at_q6_5/Z/r130,5,q6_5,Z,130,mwpm_gap,rl,20000,7508,0.2594848803427404,0.11591511965725958,0.23866483780738104,0.6901944368190414,20000,7508,19000,6994,18000,6499,16000,5555,14000,4650,10000,2891,6000,1373
d5_at_q6_5/Z/r150,5,q6_5,Z,150,mwpm_gap,si1000,20000,7970,0.23169924258962646,0.1668007574103736,0.2625775020312796,0.7799298254556577,20000,7970,19000,7449,18000,6972,16000,6017,14000,5054,10000,3174,6000,1546
d5_at_q6_5/Z/r150,5,q6_5,Z,150,mwpm_gap,rl,20000,7853,0.271163182646015,0.12148681735398499,0.2475108737329101,0.7121640156191922,20000,7853,19000,7359,18000,6864,16000,5900,14000,4988,10000,3189,6000,1586
d5_at_q6_5/Z/r170,5,q6_5,Z,170,mwpm_gap,si1000,20000,8655,0.2581570077412096,0.1745929922587903,0.2776217295131057,0.8106120800581211,20000,8655,19000,8145,18000,7641,16000,6646,14000,5653,10000,3772,6000,2011
d5_at_q6_5/Z/r170,5,q6_5,Z,170,mwpm_gap,rl,20000,8628,0.2997967396312416,0.13160326036875833,0.261762494902028,0.7425302593896181,20000,8628,19000,8108,18000,7626,16000,6614,14000,5657,10000,3741,6000,1978
d5_at_q6_5/Z/r190,5,q6_5,Z,190,mwpm_gap,si1000,20000,8845,0.2700647045831401,0.17218529541685992,0.27740958956978773,0.7999331014204909,20000,8845,19000,8340,18000,7840,16000,6815,14000,5799,10000,3841,6000,2100
d5_at_q6_5/Z/r190,5,q6_5,Z,190,mwpm_gap,rl,20000,8778,0.3076115724575022,0.13128842754249784,0.26215698309075713,0.738483528297743,20000,8778,19000,8277,18000,7766,16000,6754,14000,5778,10000,3849,6000,2046
d5_at_q6_5/Z/r210,5,q6_5,Z,210,mwpm_gap,si1000,20000,9150,0.2852810814921701,0.17221891850782994,0.28439363022449127,0.8110669529926052,20000,9150,19000,8624,18000,8118,16000,7161,14000,6171,10000,4252,6000,2327
d5_at_q6_5/Z/r210,5,q6_5,Z,210,mwpm_gap,rl,20000,9187,0.33079229215309225,0.12855770784690773,0.268528525971529,0.7486447256031719,20000,9187,19000,8692,18000,8189,16000,7251,14000,6249,10000,4281,6000,2382
d5_at_q6_5/Z/r230,5,q6_5,Z,230,mwpm_gap,si1000,20000,9028,0.2812832632856777,0.17011673671432226,0.28162678028191224,0.8072419475137405,20000,9028,19000,8531,18000,7997,16000,7006,14000,6017,10000,4080,6000,2250
d5_at_q6_5/Z/r230,5,q6_5,Z,230,mwpm_gap,rl,20000,8935,0.31746381554902137,0.12928618445097867,0.2659827853812837,0.7456722220756212,20000,8935,19000,8425,18000,7929,16000,6936,14000,5954,10000,4050,6000,2240
d5_at_q6_5/Z/r250,5,q6_5,Z,250,mwpm_gap,si1000,20000,9197,0.286403968911775,0.17344603108822504,0.2851621898277852,0.8125318859656209,20000,9197,19000,8698,18000,8196,16000,7197,14000,6221,10000,4236,6000,2359
d5_at_q6_5/Z/r250,5,q6_5,Z,250,mwpm_gap,rl,20000,9160,0.3227268547849977,0.1352731452150023,0.26942293351241914,0.751972845880422,20000,9160,19000,8660,18000,8173,16000,7181,14000,6175,10000,4231,6000,2310
d5_at_q6_9/X/r01,5,q6_9,X,1,mwpm_gap,si1000,20000,61,0.0013489584622863309,0.0017012750833840845,0.0026182593823080975,0.011105966233082578,20000,61,19000,0,18000,0,16000,0,14000,0,10000,0,6000,0
d5_at_q6_9/X/r01,5,q6_9,X,1,mwpm_gap,rl,20000,57,0.0015573734659343516,0.001293480549334726,0.002152336031698954,0.008455421881626117,20000,57,19000,0,18000,0,16000,0,14000,0,10000,0,6000,0
d5_at_q6_9/X/r01,5,q6_9,X,1,exact,si1000,20000,58,0.0014862951123971809,0.0014143920901023405,0.002461338665787188,0.009782405928011256,20000,58,19000,0,18000,0,16000,0,14000,0,10000,0,6000,0
d5_at_q6_9/X/r01,5,q6_9,X,1,exact,rl,20000,50,0.0017387994429151157,0.0007632889255076265,0.002052688547210155,0.007713587372273732,20000,50,19000,0,18000,0,16000,0,14000,0,10000,0,6000,0
d5_at_q6_9/X/r10,5,q6_9,X,10,mwpm_gap,si1000,20000,1208,0.02907253738372782,0.03132746261627217,0.04741633604316988,0.18395402033190048,20000,1208,19000,775,18000,498,16000,228,14000,110,10000,17,6000,4
d5_at_q6_9/X/r10,5,q6_9,X,10,mwpm_gap,rl,20000,1179,0.038465219573613395,0.02049946406501144,0.044598524358282994,0.1588903896408024,20000,1179,19000,747,18000,482,16000,228,14000,104,10000,15,6000,3
d5_at_q6_9/X/r30,5,q6_9,X,30,mwpm_gap,si1000,20000,3691,0.09089483681865901,0.093655163181341,0.1403902776680335,0.5021672602426778,20000,3691,19000,3207,18000,2771,16000,1979,14000,1401,10000,643,6000,196
d5_at_q6_9/X/r30,5,q6_9,X,30,mwpm_gap,rl,20000,3631,0.11501170068944606,0.06653829931055392,0.1321230283557552,0.43433178881910106,20000,3631,19000,3155,18000,2698,16000,1928,14000,1351,10000,581,6000,175
d5_at_q6_9/X/r50,5,q6_9,X,50,mwpm_gap,si1000,20000,5129,0.12903586460402378,0.12741413539597618,0.18760687617761052,0.6249577617081238,20000,5129,19000,4626,18000,4160,16000,3271,14000,2458,10000,1235,6000,440
d5_at_q6_9/X/r50,5,q6_9,X,50,mwpm_gap,rl,20000,5021,0.1592317580224451,0.0918182419775549,0.17616242121503786,0.5503243947169093,20000,5021,19000,4557,18000,4079,16000,3201,14000,2404,10000,1156,6000,432
d5_at_q6_9/X/r70,5,q6_9,X,70,mwpm_gap,si1000,20000,6817,0.177843749735148,0.16300625026485197,0.23996820897713156,0.7579649168056731,20000,6817,19000,6327,18000,5843,16000,4883,14000,3951,10000,2355,6000,1052
d5_at_q6_9/X/r70,5,q6_9,X,70,mwpm_gap,rl,20000,6745,0.21164941916410962,0.12560058083589043,0.226161353412059,0.6770775945143368,20000,6745,19000,6256,18000,5787,16000,4858,14000,3904,10000,2279,6000,999
d5_at_q6_9/X/r90,5,q6_9,X,90,mwpm_gap,si1000,20000,7723,0.2100719637441002,0.1760780362558998,0.2633766614104219,0.806752515547757,20000,7723,19000,7225,18000,6727,16000,5766,14000,4811,10000,3016,6000,1456
d5_at_q6_9/X/r90,5,q6_9,X,90,mwpm_gap,rl,20000,7709,0.24506442033355125,0.14038557966644877,0.2494115903257824,0.7286469199137793,20000,7709,19000,7214,18000,6712,16000,5732,14000,4806,10000,3028,6000,1442
d5_at_q6_9/X/r110,5,q6_9,X,110,mwpm_gap,si1000,20000,8105,0.2209956006043144,0.18425439939568558,0.2711361936259078,0.8183802785279221,20000,8105,19000,7579,18000,7063,16000,6074,14000,5129,10000,3271,6000,1643
d5_at_q6_9/X/r110,5,q6_9,X,110,mwpm_gap,rl,20000,7990,0.25638473139079127,0.14311526860920878,0.2541029693353974,0.7367670325110255,20000,7990,19000,7482,18000,6978,16000,5975,14000,5000,10000,3190,6000,1588
d5_at_q6_9/X/r130,5,q6_9,X,130,mwpm_gap,si1000,20000,8624,0.24857107923883787,0.18262892076116213,0.2808434385872055,0.8287185104625591,20000,8624,19000,8118,18000,7614,16000,6629,14000,5666,10000,3800,6000,1954
d5_at_q6_9/X/r130,5,q6_9,X,130,mwpm_gap,rl,20000,8449,0.282903306813481,0.14185841436168384,0.2637432729007802,0.7540454759025611,20000,8449,19000,7954,18000,7500,16000,6537,14000,5547,10000,3667,6000,1923
d5_at_q6_9/X/r150,5,q6_9,X,150,mwpm_gap,si1000,20000,8898,0.26932789235267435,0.17557210764732564,0.2839362084258745,0.8234219629700655,20000,8898,19000,8382,18000,7878,16000,6935,14000,5972,10000,4032,6000,2209
d5_at_q6_9/X/r150,5,q6_9,X,150,mwpm_gap,rl,20000,8967,0.30265497468131664,0.1456950253186834,0.2696586151662778,0.7612589466942894,20000,8967,19000,8454,18000,7915,16000,6923,14000,5907,10000,3966,6000,2173
d5_at_q6_9/X/r170,5,q6_9,X,170,mwpm_gap,si1000,20000,9426,0.2879888083405508,0.18331119165944923,0.2909564975322312,0.8315965920561723,20000,9426,19000,8908,18000,8394,16000,7410,14000,6380,10000,4389,6000,2454
d5_at_q6_9/X/r170,5,q6_9,X,170,mwpm_gap,rl,20000,9386,0.3226300546319942,0.1466699453680058,0.2753122733429325,0.7693308469727052,20000,9386,19000,8888,18000,8355,16000,7332,14000,6311,10000,4377,6000,2441
d5_at_q6_9/X/r190,5,q6_9,X,190,mwpm_gap,si1000,20000,9579,0.3036693882302104,0.17528061176978957,0.2900916905997027,0.8196176691340268,20000,9579,19000,9066,18000,8576,16000,7555,14000,6559,10000,4558,6000,2604
d5_at_q6_9/X/r190,5,q6_9,X,190,mwpm_gap,rl,20000,9463,0.33616904323391905,0.13698095676608096,0.2762824221589365,0.7688414016335162,20000,9463,19000,8949,18000,8455,16000,7473,14000,6469,10000,4563,6000,2588
d5_at_q6_9/X/r210,5,q6_9,X,210,mwpm_gap,si1000,20000,9493,0.3029271393292082,0.17215521012839985,0.2911295459391193,0.8251013598358924,20000,9493,19000,8985,18000,8517,16000,7524,14000,6549,10000,4586,6000,2640
d5_at_q6_9/X/r210,5,q6_9,X,210,mwpm_gap,rl,20000,9496,0.3344003836060719,0.1406438627927459,0.27834083814406646,0.7739613996845673,20000,9496,19000,8999,18000,8518,16000,7547,14000,6554,10000,4574,6000,2660
d5_at_q6_9/X/r230,5,q6_9,X,230,mwpm_gap,si1000,20000,9635,0.3226197737835091,0.1591302262164909,0.28627122905532987,0.8031080763637034,20000,9635,19000,9106,18000,8611,16000,7648,14000,6673,10000,4688,6000,2703
d5_at_q6_9/X/r230,5,q6_9,X,230,mwpm_gap,rl,20000,9606,0.3522183602615703,0.12808163973842973,0.2738372240964978,0.7580363591109566,20000,9606,19000,9102,18000,8615,16000,7635,14000,6652,10000,4651,6000,2680
d5_at_q6_9/X/r250,5,q6_9,X,250,mwpm_gap,si1000,20000,9664,0.3279566209263226,0.15524337907367738,0.28471695332036845,0.7964580648506785,20000,9664,19000,9156,18000,8671,16000,7644,14000,6652,10000,4688,6000,2698
d5_at_q6_9/X/r250,5,q6_9,X,250,mwpm_gap,rl,20000,9675,0.35956210257439297,0.12533392124178347,0.2735669986759709,0.7562542306177693,20000,9675,19000,9186,18000,8704,16000,7720,14000,6714,10000,4734,6000,2717
d5_at_q6_9/Z/r01,5,q6_9,Z,1,mwpm_gap,si1000,20000,19,0.0009336662779474246,1.654166250144784e-05,0.0008510471803667769,0.0037542221171254857,20000,19,19000,0,18000,0,16000,0,14000,0,10000,0,6000,0
d5_at_q6_9/Z/r01,5,q6_9,Z,1,mwpm_gap,rl,20000,23,0.0010840108216984962,6.660774040919211e-05,0.0009514811150886285,0.003929823257206716,20000,23,19000,0,18000,0,16000,0,14000,0,10000,0,6000,0
d5_at_q6_9/Z/r01,5,q6_9,Z,1,exact,si1000,20000,20,0.0010124132888511025,1.2413288851102355e-05,0.0008447192511427872,0.003541100083538894,20000,20,19000,0,18000,0,16000,0,14000,0,10000,0,6000,0
d5_at_q6_9/Z/r01,5,q6_9,Z,1,exact,rl,20000,21,0.0012319845873265105,0.0001819845873265105,0.000947312521887897,0.0038625537415465055,20000,21,19000,0,18000,0,16000,0,14000,0,10000,0,6000,0
d5_at_q6_9/Z/r10,5,q6_9,Z,10,mwpm_gap,si1000,20000,1123,0.03144780405422151,0.02470256518699678,0.04436403507126986,0.16690926461222916,20000,1123,19000,725,18000,482,16000,189,14000,89,10000,16,6000,3
d5_at_q6_9/Z/r10,5,q6_9,Z,10,mwpm_gap,rl,20000,1102,0.040862408315522736,0.014244683537060942,0.041956984099582866,0.14766402980564608,20000,1102,19000,691,18000,454,16000,191,14000,83,10000,14,6000,2
d5_at_q6_9/Z/r30,5,q6_9,Z,30,mwpm_gap,si1000,20000,4022,0.1053897838127719,0.09571021618722811,0.14853420591051045,0.5089145878068695,20000,4022,19000,3529,18000,3072,16000,2237,14000,1590,10000,697,6000,222
d5_at_q6_9/Z/r30,5,q6_9,Z,30,mwpm_gap,rl,20000,4097,0.1333590002982414,0.07149099970175861,0.14655557707026862,0.46866535132570664,20000,4097,19000,3602,18000,3197,16000,2372,14000,1649,10000,777,6000,237
d5_at_q6_9/Z/r50,5,q6_9,Z,50,mwpm_gap,si1000,20000,5062,0.13609463141991163,0.11700536858008836,0.1824688126092638,0.6016927771112792,20000,5062,19000,4539,18000,4063,16000,3191,14000,2418,10000,1200,6000,445
d5_at_q6_9/Z/r50,5,q6_9,Z,50,mwpm_gap,rl,20000,4883,0.1621328900793273,0.08201710992067271,0.17101897567230653,0.5327377310632626,20000,4883,19000,4423,18000,3945,16000,3085,14000,2299,10000,1140,6000,417
d5_at_q6_9/Z/r70,5,q6_9,Z,70,mwpm_gap,si1000,20000,6114,0.16574231574213896,0.139957684257861,0.21411490945556697,0.678580291306862,20000,6114,19000,5594,18000,5117,16000,4159,14000,3308,10000,1806,6000,738
d5_at_q6_9/Z/r70,5,q6_9,Z,70,mwpm_gap,rl,20000,5938,0.1962438821349137,0.10065611786508628,0.20187997576300404,0.609010531621876,20000,5938,19000,5471,18000,4985,16000,4091,14000,3228,10000,1755,6000,709
d5_at_q6_9/Z/r90,5,q6_9,Z,90,mwpm_gap,si1000,20000,8046,0.23081838915091726,0.17148161084908276,0.26721083159480274,0.8004437655444062,20000,8046,19000,7536,18000,7029,16000,6063,14000,5136,10000,3292,6000,1655
d5_at_q6_9/Z/r90,5,q6_9,Z,90,mwpm_gap,rl,20000,7940,0.2629825085535444,0.13470570613305624,0.2521721672278067,0.7271928089716522,20000,7940,19000,7441,18000,6981,16000,6017,14000,5073,10000,3208,6000,1582
d5_at_q6_9/Z/r110,5,q6_9,Z,110,mwpm_gap,si1000,20000,7827,0.22273906144450667,0.16861093855549336,0.2614133060080229,0.7846220294011714,20000,7827,19000,7329,18000,6823,16000,5902,14000,4909,10000,3080,6000,1513
d5_at_q6_9/Z/r110,5,q6_9,Z,110,mwpm_gap,rl,20000,7719,0.25442320184060235,0.13152679815939766,0.24680504573923923,0.7149002660816176,20000,7719,19000,7204,18000,6710,16000,5744,14000,4822,10000,3008,6000,1483
d5_at_q6_9/Z/r130,5,q6_9,Z,130,mwpm_gap,si1000,20000,8292,0.24660818220700467,0.16799181779299532,0.26976465860130144,0.7937305544314653,20000,8292,19000,7792,18000,7293,16000,6341,14000,5387,10000,3479,6000,1767
d5_at_q6_9/Z/r130,5,q6_9,Z,130,mwpm_gap,rl,20000,8151,0.2783359918747824,0.12921400812521758,0.2539565066268701,0.724726327282545,20000,8151,19000,7644,18000,7169,16000,6217,14000,5289,10000,3382,6000,1736
d5_at_q6_9/Z/r150,5,q6_9,Z,150,mwpm_gap,si1000,20000,8638,0.26474122175054426,0.16715877824945571,0.2755805518066562,0.8006542939573316,20000,8638,19000,8136,18000,7623,16000,6648,14000,5687,10000,3813,6000,1987
d5_at_q6_9/Z/r150,5,q6_9,Z,150,mwpm_gap,rl,20000,8559,0.29329101904047084,0.1346589809595292,0.2601427171044073,0.7363129872524979,20000,8559,19000,8054,18000,7540,16000,6566,14000,5581,10000,3659,6000,1914
d5_at_q6_9/Z/r170,5,q6_9,Z,170,mwpm_gap,si1000,20000,8984,0.2826044647522014,0.16659553524779855,0.28230606858121143,0.8093073648176701,20000,8984,19000,8495,18000,8005,16000,7039,14000,6095,10000,4165,6000,2271
d5_at_q6_9/Z/r170,5,q6_9,Z,170,mwpm_gap,rl,20000,9014,0.31188458547545134,0.13881541452454868,0.26809477574959617,0.7519688570474067,20000,9014,19000,8482,18000,7981,16000,6953,14000,5978,10000,4084,6000,2221
d5_at_q6_9/Z/r190,5,q6_9,Z,190,mwpm_gap,si1000,20000,9500,0.30113320433120233,0.17386679566879765,0.2882526815273153,0.8148707352464873,20000,9500,19000,9030,18000,8519,16000,7525,14000,6499,10000,4476,6000,2535
d5_at_q6_9/Z/r190,5,q6_9,Z,190,mwpm_gap,rl,20000,9350,0.32801485030608285,0.1398019690635851,0.27363006210863916,0.7611934730218509,20000,9350,19000,8858,18000,8373,16000,7368,14000,6366,10000,4387,6000,2450
d5_at_q6_9/Z/r210,5,q6_9,Z,210,mwpm_gap,si1000,20000,9361,0.30313098560313806,0.16510444235608407,0.28497946373107164,0.8057423014952434,20000,9361,19000,8881,18000,8384,16000,7388,14000,6422,10000,4404,6000,2490
d5_at_q6_9/Z/r210,5,q6_9,Z,210,mwpm_gap,rl,20000,9309,0.3302391971734716,0.13523182761292887,0.2728406692760961,0.7588084757854398,20000,9309,19000,8793,18000,8329,16000,7365,14000,6377,10000,4391,6000,2479
d5_at_q6_9/Z/r230,5,q6_9,Z,230,mwpm_gap,si1000,20000,9618,0.3237660310302678,0.1577993157529355,0.2860627908044927,0.8021693079920922,20000,9618,19000,9134,18000,8638,16000,7646,14000,6638,10000,4649,6000,2728
d5_at_q6_9/Z/r230,5,q6_9,Z,230,mwpm_gap,rl,20000,9660,0.34868263314473313,0.13431736685526682,0.2752082643470819,0.7606121602239313,20000,9660,19000,9147,18000,8635,16000,7611,14000,6643,10000,4677,6000,2718
d5_at_q6_9/Z/r250,5,q6_9,Z,250,mwpm_gap,si1000,20000,9792,0.330044313637218,0.159555686362782,0.2848104114727002,0.7932349239599508,20000,9792,19000,9284,18000,8782,16000,7792,14000,6778,10000,4702,6000,2706
d5_at_q6_9/Z/r250,5,q6_9,Z,250,mwpm_gap,rl,20000,9577,0.35490625758053945,0.12394374241946059,0.2718213628096795,0.7511515745362668,20000,9577,19000,9075,18000,8582,16000,7597,14000,6611,10000,4642,6000,2664
d5_at_q8_7/X/r01,5,q8_7,X,1,mwpm_gap,si1000,20000,52,0.0012015176772858548,0.0013987130441569762,0.002316649939194478,0.011079237177475058,20000,52,19000,1,18000,0,16000,0,14000,0,10000,0,6000,0
d5_at_q8_7/X/r01,5,q8_7,X,1,mwpm_gap,rl,20000,44,0.0016284861638867945,0.0005725808445498765,0.002105166491362654,0.009167850241000378,20000,44,19000,1,18000,0,16000,0,14000,0,10000,0,6000,0
d5_at_q8_7/X/r01,5,q8_7,X,1,exact,si1000,20000,50,0.001332615629797731,0.0011680767081457886,0.0022458238713130357,0.010293863223844154,20000,50,19000,1,18000,0,16000,0,14000,0,10000,0,6000,0
d5_at_q8_7/X/r01,5,q8_7,X,1,exact,rl,20000,44,0.0018038967201638577,0.0003989273111411457,0.0020915316079653033,0.008904796188467404,20000,44,19000,1,18000,0,16000,0,14000,0,10000,0,6000,0
d5_at_q8_7/X/r10,5,q8_7,X,10,mwpm_gap,si1000,20000,1279,0.029876802637931642,0.03407324892923712,0.05067202326839948,0.20023530936040046,20000,1279,19000,845,18000,573,16000,272,14000,123,10000,24,6000,4
d5_at_q8_7/X/r10,5,q8_7,X,10,mwpm_gap,rl,20000,1260,0.0391003569751074,0.02390092882775172,0.04762947164102981,0.16857865647078352,20000,1260,19000,818,18000,540,16000,245,14000,99,10000,23,6000,5
d5_at_q8_7/X/r30,5,q8_7,X,30,mwpm_gap,si1000,20000,3976,0.0971513007146013,0.1016486992853987,0.15086140061333797,0.5311251893993595,20000,3976,19000,3486,18000,3047,16000,2257,14000,1615,10000,694,6000,211
d5_at_q8_7/X/r30,5,q8_7,X,30,mwpm_gap,rl,20000,3918,0.12329418843362214,0.07260581156637787,0.1421100433200058,0.4587218596044254,20000,3918,19000,3460,18000,2999,16000,2196,14000,1566,10000,661,6000,197
d5_at_q8_7/X/r50,5,q8_7,X,50,mwpm_gap,si1000,20000,5134,0.12529171104324854,0.13140828895675144,0.18929332365257623,0.637905076704101,20000,5134,19000,4637,18000,4190,16000,3265,14000,2484,10000,1222,6000,430
d5_at_q8_7/X/r50,5,q8_7,X,50,mwpm_gap,rl,20000,4884,0.1542623129648408,0.0899376870351592,0.17265219173595134,0.5412302194259576,20000,4884,19000,4414,18000,3965,16000,3101,14000,2310,10000,1113,6000,397
d5_at_q8_7/X/r70,5,q8_7,X,70,mwpm_gap,si1000,20000,6736,0.17478262884785586,0.16201737115214412,0.2380467848874376,0.7550759022863289,20000,6736,19000,6259,18000,5767,16000,4848,14000,3896,10000,2265,6000,960
d5_at_q8_7/X/r70,5,q8_7,X,70,mwpm_gap,rl,20000,6537,0.20759959175800222,0.11925040824199777,0.21872527751865872,0.6550708991693964,20000,6537,19000,6058,18000,5567,16000,4596,14000,3738,10000,2117,6000,877
d5_at_q8_7/X/r90,5,q8_7,X,90,mwpm_gap,si1000,20000,7572,0.19793305984193002,0.18066694015807,0.26002311167610187,0.8079207906138268,20000,7572,19000,7062,18000,6573,16000,5580,14000,4603,10000,2837,6000,1357
d5_at_q8_7/X/r90,5,q8_7,X,90,mwpm_gap,rl,20000,7275,0.22941316538294146,0.1343368346170586,0.23944539704302648,0.7069813192596632,20000,7275,19000,6796,18000,6269,16000,5321,14000,4394,10000,2721,6000,1252
d5_at_q8_7/X/r110,5,q8_7,X,110,mwpm_gap,si1000,20000,8316,0.23000324097253252,0.18579675902746745,0.2761690730562632,0.8289922133305297,20000,8316,19000,7797,18000,7301,16000,6332,14000,5382,10000,3421,6000,1728
d5_at_q8_7/X/r110,5,q8_7,X,110,mwpm_gap,rl,20000,8102,0.26285508579821587,0.1434291113899759,0.2586858460530244,0.7451711784700212,20000,8102,19000,7631,18000,7154,16000,6202,14000,5213,10000,3378,6000,1715
d5_at_q8_7/X/r130,5,q8_7,X,130,mwpm_gap,si1000,20000,8802,0.24932698966218514,0.1907730103378148,0.2881805770318123,0.8530136962091983,20000,8802,19000,8293,18000,7804,16000,6817,14000,5852,10000,3906,6000,2133
d5_at_q8_7/X/r130,5,q8_7,X,130,mwpm_gap,rl,20000,8740,0.2817755754412599,0.1552244245587401,0.2715589230615754,0.77140032015833,20000,8740,19000,8229,18000,7753,16000,6779,14000,5781,10000,3904,6000,2059
d5_at_q8_7/X/r150,5,q8_7,X,150,mwpm_gap,si1000,20000,9199,0.2697503122540277,0.1901996877459723,0.29083565499916997,0.8435618507912254,20000,9199,19000,8689,18000,8175,16000,7189,14000,6168,10000,4203,6000,2268
d5_at_q8_7/X/r150,5,q8_7,X,150,mwpm_gap,rl,20000,9112,0.3034500564257676,0.1521499435742324,0.2739707398116837,0.77018412481515,20000,9112,19000,8622,18000,8088,16000,7108,14000,6093,10000,4131,6000,2276
d5_at_q8_7/X/r170,5,q8_7,X,170,mwpm_gap,si1000,20000,9553,0.2881024132643812,0.1895475867356188,0.29408568453679407,0.841024811111659,20000,9553,19000,9053,18000,8528,16000,7499,14000,6471,10000,4453,6000,2497
d5_at_q8_7/X/r170,5,q8_7,X,170,mwpm_gap,rl,20000,9355,0.3186928827222918,0.1490571172777082,0.27468515151162165,0.7673696646553354,20000,9355,19000,8869,18000,8354,16000,7303,14000,6279,10000,4286,6000,2409
d5_at_q8_7/X/r190,5,q8_7,X,190,mwpm_gap,si1000,20000,9631,0.30003163806612265,0.18151836193387733,0.29464214988747917,0.8358862756176823,20000,9631,19000,9155,18000,8639,16000,7636,14000,6617,10000,4620,6000,2670
d5_at_q8_7/X/r190,5,q8_7,X,190,mwpm_gap,rl,20000,9544,0.3311758334859022,0.1460241665140978,0.2794239956601524,0.7764201313326583,20000,9544,19000,9054,18000,8567,16000,7589,14000,6593,10000,4622,6000,2639
d5_at_q8_7/X/r210,5,q8_7,X,210,mwpm_gap,si1000,20000,9657,0.3046681572803374,0.1781818427196626,0.2917216518086961,0.8251229979350478,20000,9657,19000,9123,18000,8617,16000,7583,14000,6590,10000,4608,6000,2628
d5_at_q8_7/X/r210,5,q8_7,X,210,mwpm_gap,rl,20000,9473,0.33366392263583666,0.1399860773641633,0.27657314727734,0.7678009402956543,20000,9473,19000,8979,18000,8464,16000,7498,14000,6524,10000,4548,6000,2618
d5_at_q8_7/X/r230,5,q8_7,X,230,mwpm_gap,si1000,20000,9870,0.333236230850295,0.16026376914970497,0.28823227023800585,0.8033746537781927,20000,9870,19000,9363,18000,8859,16000,7837,14000,6852,10000,4873,6000,2834
d5_at_q8_7/X/r230,5,q8_7,X,230,mwpm_gap,rl,20000,9688,0.36069842535287217,0.12370157464712783,0.2734520416118312,0.7544243351740557,20000,9688,19000,9196,18000,8682,16000,7678,14000,6720,10000,4756,6000,2836
d5_at_q8_7/X/r250,5,q8_7,X,250,mwpm_gap,si1000,20000,9808,0.3271763242431962,0.16322367575680383,0.2892449712183947,0.8079192514502466,20000,9808,19000,9317,18000,8801,16000,7831,14000,6816,10000,4826,6000,2812
d5_at_q8_7/X/r250,5,q8_7,X,250,mwpm_gap,rl,20000,9737,0.35526249544610056,0.13203089158069742,0.2760115538307133,0.7610049398884671,20000,9737,19000,9265,18000,8762,16000,7784,14000,6771,10000,4793,6000,2790
d5_at_q8_7/Z/r01,5,q8_7,Z,1,mwpm_gap,si1000,20000,32,0.0007187557014085781,0.0008814576678953213,0.001214001327318114,0.005402681430147635,20000,32,19000,0,18000,0,16000,0,14000,0,10000,0,6000,0
d5_at_q8_7/Z/r01,5,q8_7,Z,1,mwpm_gap,rl,20000,32,0.000965524964524964,0.0006352804682098572,0.001206871918601328,0.004850387435528473,20000,32,19000,0,18000,0,16000,0,14000,0,10000,0,6000,0
d5_at_q8_7/Z/r01,5,q8_7,Z,1,exact,si1000,20000,31,0.0008309314693543033,0.0007196983348093411,0.0011907091939034468,0.005177690737460184,20000,31,19000,0,18000,0,16000,0,14000,0,10000,0,6000,0
d5_at_q8_7/Z/r01,5,q8_7,Z,1,exact,rl,20000,29,0.0010928875647275393,0.00035945353238568163,0.0011495606073979917,0.00458435729138167,20000,29,19000,0,18000,0,16000,0,14000,0,10000,0,6000,0
d5_at_q8_7/Z/r10,5,q8_7,Z,10,mwpm_gap,si1000,20000,1153,0.02925531920161945,0.028394968295318495,0.0450871257922757,0.1714727578621213,20000,1153,19000,730,18000,449,16000,202,14000,98,10000,13,6000,2
d5_at_q8_7/Z/r10,5,q8_7,Z,10,mwpm_gap,rl,20000,1111,0.03886324730991385,0.016703268025887813,0.04211035994171375,0.1481378031526911,20000,1111,19000,689,18000,447,16000,191,14000,84,10000,12,6000,1
d5_at_q8_7/Z/r30,5,q8_7,Z,30,mwpm_gap,si1000,20000,3521,0.09100857270809895,0.08504142729190106,0.13305110549645857,0.46834146969269114,20000,3521,19000,3033,18000,2597,16000,1856,14000,1275,10000,541,6000,165
d5_at_q8_7/Z/r30,5,q8_7,Z,30,mwpm_gap,rl,20000,3458,0.115008022270197,0.05789197772980298,0.12625718673552527,0.4127531449572297,20000,3458,19000,2998,18000,2547,16000,1801,14000,1264,10000,525,6000,139
d5_at_q8_7/Z/r50,5,q8_7,Z,50,mwpm_gap,si1000,20000,4625,0.12163395960308078,0.10961604039691922,0.17056617957716072,0.5696403510126172,20000,4625,19000,4147,18000,3688,16000,2877,14000,2078,10000,976,6000,349
d5_at_q8_7/Z/r50,5,q8_7,Z,50,mwpm_gap,rl,20000,4560,0.14923167900749718,0.07876832099250283,0.15973916514396855,0.5023600469879757,20000,4560,19000,4054,18000,3574,16000,2730,14000,2000,10000,932,6000,318
d5_at_q8_7/Z/r70,5,q8_7,Z,70,mwpm_gap,si1000,20000,6092,0.1629009678595331,0.1416990321404669,0.2151302599173304,0.6869986700816078,20000,6092,19000,5595,18000,5103,16000,4165,14000,3268,10000,1837,6000,743
d5_at_q8_7/Z/r70,5,q8_7,Z,70,mwpm_gap,rl,20000,6023,0.19552281316827863,0.10562718683172136,0.2040827680416533,0.6179362686001103,20000,6023,19000,5549,18000,5047,16000,4123,14000,3265,10000,1795,6000,717
d5_at_q8_7/Z/r90,5,q8_7,Z,90,mwpm_gap,si1000,20000,7741,0.22086612076695564,0.16618387923304437,0.25934146654706747,0.7829515225682914,20000,7741,19000,7239,18000,6782,16000,5784,14000,4835,10000,3016,6000,1481
d5_at_q8_7/Z/r90,5,q8_7,Z,90,mwpm_gap,rl,20000,7759,0.2555162308787927,0.1324337691212073,0.24562022225145327,0.7112171776563476,20000,7759,19000,7269,18000,6769,16000,5760,14000,4783,10000,2996,6000,1430
d5_at_q8_7/Z/r110,5,q8_7,Z,110,mwpm_gap,si1000,20000,7831,0.22222815255427053,0.1693218474457295,0.26061877545292483,0.7834920903361395,20000,7831,19000,7325,18000,6815,16000,5799,14000,4876,10000,3057,6000,1503
d5_at_q8_7/Z/r110,5,q8_7,Z,110,mwpm_gap,rl,20000,7715,0.2574051558151731,0.12834484418482686,0.24534878184042208,0.710193044897919,20000,7715,19000,7214,18000,6715,16000,5733,14000,4783,10000,3019,6000,1481
d5_at_q8_7/Z/r130,5,q8_7,Z,130,mwpm_gap,si1000,20000,8398,0.24307870833881207,0.17682129166118787,0.273643395468824,0.8070259977841259,20000,8398,19000,7900,18000,7392,16000,6392,14000,5396,10000,3533,6000,1826
d5_at_q8_7/Z/r130,5,q8_7,Z,130,mwpm_gap,rl,20000,8271,0.27896971144801636,0.13458028855198365,0.25827569629338043,0.737176138773682,20000,8271,19000,7743,18000,7274,16000,6321,14000,5364,10000,3519,6000,1795
d5_at_q8_7/Z/r150,5,q8_7,Z,150,mwpm_gap,si1000,20000,8842,0.26699873458355394,0.17510126541644608,0.28063979203037764,0.8146091786604759,20000,8842,19000,8321,18000,7822,16000,6805,14000,5834,10000,3924,6000,2121
d5_at_q8_7/Z/r150,5,q8_7,Z,150,mwpm_gap,rl,20000,8774,0.30175189624416704,0.136948103755833,0.26638677843350234,0.752390621444677,20000,8774,19000,8261,18000,7761,16000,6790,14000,5828,10000,3907,6000,2133
d5_at_q8_7/Z/r170,5,q8_7,Z,170,mwpm_gap,si1000,20000,9066,0.2801959293486464,0.17310407065135366,0.28399230363235506,0.8137601879732677,20000,9066,19000,8597,18000,8072,16000,7109,14000,6103,10000,4178,6000,2279
d5_at_q8_7/Z/r170,5,q8_7,Z,170,mwpm_gap,rl,20000,9023,0.31406688593059484,0.13708311406940515,0.2693521247701081,0.7548776361328265,20000,9023,19000,8524,18000,8033,16000,7072,14000,6095,10000,4110,6000,2243
d5_at_q8_7/Z/r190,5,q8_7,Z,190,mwpm_gap,si1000,20000,9315,0.29749322337188033,0.1682567766281197,0.2852524087914798,0.809236265313042,20000,9315,19000,8833,18000,8332,16000,7318,14000,6331,10000,4387,6000,2462
d5_at_q8_7/Z/r190,5,q8_7,Z,190,mwpm_gap,rl,20000,9252,0.3294290376274747,0.13317096237252532,0.2717285279464642,0.7572163129612148,20000,9252,19000,8757,18000,8243,16000,7260,14000,6262,10000,4340,6000,2451
d5_at_q8_7/Z/r210,5,q8_7,Z,210,mwpm_gap,si1000,20000,9590,0.31645589335418156,0.16304410664581848,0.28661794330068113,0.8052107454844271,20000,9590,19000,9075,18000,8573,16000,7579,14000,6580,10000,4611,6000,2674
d5_at_q8_7/Z/r210,5,q8_7,Z,210,mwpm_gap,rl,20000,9465,0.3459721185284319,0.12727788147156804,0.27280290218824893,0.7569585548638386,20000,9465,19000,8950,18000,8462,16000,7458,14000,6447,10000,4521,6000,2634
d5_at_q8_7/Z/r230,5,q8_7,Z,230,mwpm_gap,si1000,20000,9509,0.3195038441697816,0.1559461558302184,0.28387730839505004,0.7958314167054911,20000,9509,19000,8981,18000,8507,16000,7537,14000,6556,10000,4627,6000,2598
d5_at_q8_7/Z/r230,5,q8_7,Z,230,mwpm_gap,rl,20000,9414,0.35020040211205666,0.12055640516896897,0.2706089720290135,0.7501052673062699,20000,9414,19000,8912,18000,8431,16000,7459,14000,6446,10000,4519,6000,2600
d5_at_q8_7/Z/r250,5,q8_7,Z,250,mwpm_gap,si1000,20000,9605,0.32055918856610877,0.15969081143389124,0.2853457920194667,0.799520369447108,20000,9605,19000,9101,18000,8616,16000,7623,14000,6641,10000,4579,6000,2659
d5_at_q8_7/Z/r250,5,q8_7,Z,250,mwpm_gap,rl,20000,9567,0.35126683064443903,0.12708316935556102,0.2719860699631648,0.7528108887961645,20000,9567,19000,9069,18000,8567,16000,7545,14000,6535,10000,4529,6000,2653
d7_at_q6_7/X/r01,7,q6_7,X,1,mwpm_gap,si1000,20000,14,0.0002727075961590756,0.00042729478151758463,0.0006567338394074863,0.003538151421338791,20000,14,19000,1,18000,0,16000,0,14000,0,10000,0,6000,0
d7_at_q6_7/X/r01,7,q6_7,X,1,mwpm_gap,rl,20000,14,0.0003917310574598852,0.00030828293413843414,0.0005832229929834447,0.0030292919586935225,20000,14,19000,1,18000,0,16000,0,14000,0,10000,0,6000,0
d7_at_q6_7/X/r10,7,q6_7,X,10,mwpm_gap,si1000,20000,706,0.01714316897367982,0.01815715308975204,0.028351779736686455,0.11122819790495221,20000,706,19000,351,18000,175,16000,37,14000,13,10000,1,6000,0
d7_at_q6_7/X/r10,7,q6_7,X,10,mwpm_gap,rl,20000,703,0.021720771396139604,0.013435278045055671,0.0267067717759603,0.0951208993526497,20000,703,19000,325,18000,155,16000,40,14000,13,10000,1,6000,0
d7_at_q6_7/X/r30,7,q6_7,X,30,mwpm_gap,si1000,20000,2462,0.06082019542883795,0.06227980457116205,0.09342316989783613,0.3418320258692963,20000,2462,19000,1971,18000,1551,16000,947,14000,534,10000,163,6000,31
d7_at_q6_7/X/r30,7,q6_7,X,30,mwpm_gap,rl,20000,2314,0.07575343875645524,0.03994656124354475,0.08562454815262062,0.28822746387684367,20000,2314,19000,1864,18000,1481,16000,843,14000,470,10000,135,6000,25
d7_at_q6_7/X/r50,7,q6_7,X,50,mwpm_gap,si1000,20000,3342,0.08567018633619687,0.08142981366380313,0.12722844816309833,0.4560313323558603,20000,3342,19000,2887,18000,2451,16000,1713,14000,1141,10000,458,6000,121
d7_at_q6_7/X/r50,7,q6_7,X,50,mwpm_gap,rl,20000,3270,0.1053233908199455,0.05817660918005447,0.11936604783626142,0.3965113131680334,20000,3270,19000,2802,18000,2373,16000,1609,14000,1082,10000,423,6000,119
d7_at_q6_7/X/r70,7,q6_7,X,70,mwpm_gap,si1000,20000,4966,0.12735598985215696,0.12094401014784305,0.18026308078769718,0.6083669378529437,20000,4966,19000,4463,18000,3976,16000,3096,14000,2300,10000,1104,6000,372
d7_at_q6_7/X/r70,7,q6_7,X,70,mwpm_gap,rl,20000,4739,0.1496143670355223,0.08733563296447773,0.16628308273523992,0.5263234544893579,20000,4739,19000,4245,18000,3785,16000,2921,14000,2158,10000,964,6000,335
d7_at_q6_7/X/r90,7,q6_7,X,90,mwpm_gap,si1000,20000,5614,0.14605846203014097,0.13464153796985903,0.20239347627665194,0.6644833289889135,20000,5614,19000,5140,18000,4642,16000,3740,14000,2918,10000,1516,6000,584
d7_at_q6_7/X/r90,7,q6_7,X,90,mwpm_gap,rl,20000,5489,0.1722711890226238,0.10217881097737616,0.18859808413788914,0.5841583928633081,20000,5489,19000,4975,18000,4495,16000,3602,14000,2755,10000,1414,6000,535
d7_at_q6_7/X/r110,7,q6_7,X,110,mwpm_gap,si1000,20000,6226,0.16599502884717368,0.14530497115282634,0.22125230980259034,0.711000858543355,20000,6226,19000,5741,18000,5259,16000,4330,14000,3462,10000,1939,6000,799
d7_at_q6_7/X/r110,7,q6_7,X,110,mwpm_gap,rl,20000,6087,0.19684582548388885,0.10857084809113987,0.20702438548370933,0.6294433001509399,20000,6087,19000,5614,18000,5162,16000,4229,14000,3348,10000,1848,6000,760
d7_at_q6_7/X/r130,7,q6_7,X,130,mwpm_gap,si1000,20000,7050,0.19185278261286712,0.1606472173871329,0.24306157008939894,0.7591636436119595,20000,7050,19000,6549,18000,6081,16000,5101,14000,4151,10000,2500,6000,1099
d7_at_q6_7/X/r130,7,q6_7,X,130,mwpm_gap,rl,20000,6856,0.22208426252556293,0.12071573747443706,0.22652333099384003,0.6783400899644534,20000,6856,19000,6357,18000,5845,16000,4882,14000,3986,10000,2399,6000,1075
d7_at_q6_7/X/r150,7,q6_7,X,150,mwpm_gap,si1000,20000,7297,0.20274828418539717,0.1621017158146028,0.24853759177651846,0.769604596806059,20000,7297,19000,6809,18000,6307,16000,5319,14000,4409,10000,2657,6000,1240
d7_at_q6_7/X/r150,7,q6_7,X,150,mwpm_gap,rl,20000,7204,0.23233363661510606,0.1278663633848939,0.2339535376710098,0.6908093775157292,20000,7204,19000,6696,18000,6184,16000,5226,14000,4289,10000,2578,6000,1176
d7_at_q6_7/X/r170,7,q6_7,X,170,mwpm_gap,si1000,20000,8143,0.2275250647870387,0.18024868358284762,0.27159349076680744,0.8189824900344125,20000,8143,19000,7665,18000,7199,16000,6160,14000,5226,10000,3355,6000,1649
d7_at_q6_7/X/r170,7,q6_7,X,170,mwpm_gap,rl,20000,8068,0.25862893747289256,0.14477106252710742,0.2549659976866965,0.7383396006100981,20000,8068,19000,7550,18000,7057,16000,6032,14000,5067,10000,3257,6000,1621
d7_at_q6_7/X/r190,7,q6_7,X,190,mwpm_gap,si1000,20000,8328,0.24041070541980333,0.17598929458019658,0.27337555866478624,0.8137602705854348,20000,8328,19000,7819,18000,7332,16000,6367,14000,5403,10000,3508,6000,1811
d7_at_q6_7/X/r190,7,q6_7,X,190,mwpm_gap,rl,20000,8261,0.2710509660675487,0.14199903393245136,0.2586898905819243,0.7434158267646297,20000,8261,19000,7750,18000,7257,16000,6276,14000,5280,10000,3482,6000,1738
d7_at_q6_7/X/r210,7,q6_7,X,210,mwpm_gap,si1000,20000,8269,0.23654483168106294,0.17690516831893704,0.27184576069354105,0.8102864593171398,20000,8269,19000,7765,18000,7257,16000,6288,14000,5310,10000,3433,6000,1728
d7_at_q6_7/X/r210,7,q6_7,X,210,mwpm_gap,rl,20000,8196,0.2679710444769873,0.14182895552301272,0.2564263043686251,0.7380189666336222,20000,8196,19000,7726,18000,7218,16000,6195,14000,5242,10000,3348,6000,1655
d7_at_q6_7/X/r230,7,q6_7,X,230,mwpm_gap,si1000,20000,8830,0.2648682492593371,0.1766317507406629,0.28173676488381294,0.8204953200818765,20000,8830,19000,8336,18000,7845,16000,6835,14000,5879,10000,3924,6000,2099
d7_at_q6_7/X/r230,7,q6_7,X,230,mwpm_gap,rl,20000,8784,0.29337683947174065,0.1458231605282594,0.2667253286100158,0.7556614636274113,20000,8784,19000,8276,18000,7795,16000,6769,14000,5780,10000,3842,6000,2048
d7_at_q6_7/X/r250,7,q6_7,X,250,mwpm_gap,si1000,20000,8862,0.2597140435598754,0.1833859564401246,0.28323839708617954,0.8270473532288084,20000,8862,19000,8361,18000,7871,16000,6872,14000,5883,10000,3921,6000,2053
d7_at_q6_7/X/r250,7,q6_7,X,250,mwpm_gap,rl,20000,8797,0.2898300469000148,0.15001995309998523,0.26874062488542977,0.7636488033738819,20000,8797,19000,8290,18000,7767,16000,6779,14000,5756,10000,3884,6000,2061
d7_at_q6_7/Z/r01,7,q6_7,Z,1,mwpm_gap,si1000,20000,8,0.00024447466357611556,0.00015552590861262028,0.0003437473498618325,0.0013412062888859023,20000,8,19000,0,18000,0,16000,0,14000,0,10000,0,6000,0
d7_at_q6_7/Z/r01,7,q6_7,Z,1,mwpm_gap,rl,20000,9,0.0002919103848187819,0.00015809363052238112,0.00037042899054765026,0.001372941982879321,20000,9,19000,0,18000,0,16000,0,14000,0,10000,0,6000,0
d7_at_q6_7/Z/r10,7,q6_7,Z,10,mwpm_gap,si1000,20000,508,0.01440974667126226,0.010990323970519373,0.020525212465838456,0.0800564953897307,20000,508,19000,205,18000,92,16000,29,14000,8,10000,2,6000,0
d7_at_q6_7/Z/r10,7,q6_7,Z,10,mwpm_gap,rl,20000,499,0.01882680787035529,0.006124656700296329,0.0191964709647364,0.07005337383408212,20000,499,19000,189,18000,92,16000,23,14000,10,10000,2,6000,0
d7_at_q6_7/Z/r30,7,q6_7,Z,30,mwpm_gap,si1000,20000,2201,0.0568989824562391,0.053151017543760885,0.08489472703572101,0.3120219904540858,20000,2201,19000,1757,18000,1363,16000,799,14000,447,10000,133,6000,27
d7_at_q6_7/Z/r30,7,q6_7,Z,30,mwpm_gap,rl,20000,2203,0.07471020092875574,0.035439799071244255,0.08272690487965315,0.2809385201408724,20000,2203,19000,1777,18000,1387,16000,818,14000,469,10000,130,6000,24
d7_at_q6_7/Z/r50,7,q6_7,Z,50,mwpm_gap,si1000,20000,3010,0.08063142065756194,0.06986857934243806,0.11304191319405281,0.3998091896262005,20000,3010,19000,2535,18000,2111,16000,1386,14000,891,10000,317,6000,87
d7_at_q6_7/Z/r50,7,q6_7,Z,50,mwpm_gap,rl,20000,2965,0.09958209080697758,0.04866790919302242,0.10779713223074125,0.35690504422306657,20000,2965,19000,2480,18000,2050,16000,1356,14000,863,10000,311,6000,79
d7_at_q6_7/Z/r70,7,q6_7,Z,70,mwpm_gap,si1000,20000,4100,0.10941439277904362,0.09558560722095638,0.15033738518978845,0.5139099025559823,20000,4100,19000,3596,18000,3142,16000,2301,14000,1628,10000,682,6000,215
d7_at_q6_7/Z/r70,7,q6_7,Z,70,mwpm_gap,rl,20000,4061,0.13324340447308744,0.06980659552691258,0.1433922254920938,0.4619421221249873,20000,4061,19000,3550,18000,3094,16000,2251,14000,1631,10000,697,6000,220
d7_at_q6_7/Z/r90,7,q6_7,Z,90,mwpm_gap,si1000,20000,5959,0.15802056460718678,0.13992943539281322,0.21075911427617408,0.6799536075620616,20000,5959,19000,5467,18000,4959,16000,4033,14000,3166,10000,1692,6000,660
d7_at_q6_7/Z/r90,7,q6_7,Z,90,mwpm_gap,rl,20000,5989,0.18866399752599777,0.11078600247400221,0.20259594017345384,0.6171113447587454,20000,5989,19000,5480,18000,5011,16000,4083,14000,3191,10000,1684,6000,666
d7_at_q6_7/Z/r110,7,q6_7,Z,110,mwpm_gap,si1000,20000,5938,0.1588798058197268,0.1380201941802732,0.21116452686743492,0.6844942374859109,20000,5938,19000,5440,18000,4943,16000,4031,14000,3189,10000,1714,6000,709
d7_at_q6_7/Z/r110,7,q6_7,Z,110,mwpm_gap,rl,20000,6043,0.1902630855990379,0.11188691440096209,0.20395057931026267,0.622866616394408,20000,6043,19000,5524,18000,5025,16000,4125,14000,3232,10000,1737,6000,693
d7_at_q6_7/Z/r130,7,q6_7,Z,130,mwpm_gap,si1000,20000,6237,0.17387593288687916,0.13797406711312085,0.21858243368857858,0.6952008270062054,20000,6237,19000,5746,18000,5262,16000,4334,14000,3457,10000,1951,6000,818
d7_at_q6_7/Z/r130,7,q6_7,Z,130,mwpm_gap,rl,20000,6176,0.20393194319622726,0.10486805680377274,0.2090278019275035,0.6318531385865727,20000,6176,19000,5689,18000,5229,16000,4285,14000,3459,10000,1942,6000,816
d7_at_q6_7/Z/r150,7,q6_7,Z,150,mwpm_gap,si1000,20000,7049,0.2001686872518534,0.15228131274814657,0.2395672789848134,0.7374534090477234,20000,7049,19000,6514,18000,6053,16000,5091,14000,4143,10000,2464,6000,1102
d7_at_q6_7/Z/r150,7,q6_7,Z,150,mwpm_gap,rl,20000,7023,0.23011657980313058,0.12103342019686941,0.2291058198286792,0.6782844441550457,20000,7023,19000,6494,18000,6006,16000,5049,14000,4137,10000,2483,6000,1124
d7_at_q6_7/Z/r170,7,q6_7,Z,170,mwpm_gap,si1000,20000,7457,0.21010753781247796,0.16274246218752203,0.2516885603014568,0.7647546030321347,20000,7457,19000,6954,18000,6449,16000,5490,14000,4544,10000,2785,6000,1291
d7_at_q6_7/Z/r170,7,q6_7,Z,170,mwpm_gap,rl,20000,7433,0.24329688996850432,0.1283531100314957,0.23894946467099293,0.6988598783720962,20000,7433,19000,6909,18000,6395,16000,5453,14000,4538,10000,2753,6000,1293
d7_at_q6_7/Z/r190,7,q6_7,Z,190,mwpm_gap,si1000,20000,8174,0.2382172970876406,0.1704827029123594,0.2667774630917665,0.7923783070967787,20000,8174,19000,7666,18000,7161,16000,6199,14000,5180,10000,3343,6000,1669
d7_at_q6_7/Z/r190,7,q6_7,Z,190,mwpm_gap,rl,20000,8115,0.26852181911732265,0.13722818088267735,0.25236999185179754,0.726338160478399,20000,8115,19000,7584,18000,7086,16000,6087,14000,5093,10000,3232,6000,1629
d7_at_q6_7/Z/r210,7,q6_7,Z,210,mwpm_gap,si1000,20000,8255,0.23857074608955123,0.17417925391044878,0.26886539012864374,0.7963223760935649,20000,8255,19000,7726,18000,7238,16000,6272,14000,5275,10000,3377,6000,1684
d7_at_q6_7/Z/r210,7,q6_7,Z,210,mwpm_gap,rl,20000,8144,0.2731782151609651,0.1340217848390349,0.2553920545047371,0.7325735356080573,20000,8144,19000,7643,18000,7132,16000,6192,14000,5268,10000,3375,6000,1701
d7_at_q6_7/Z/r230,7,q6_7,Z,230,mwpm_gap,si1000,20000,8431,0.2506700002590602,0.17087999974093981,0.27177109893653356,0.7994301432508041,20000,8431,19000,7926,18000,7421,16000,6420,14000,5433,10000,3568,6000,1834
d7_at_q6_7/Z/r230,7,q6_7,Z,230,mwpm_gap,rl,20000,8381,0.2809615323192387,0.1380884676807613,0.2590741140970346,0.7400676292673672,20000,8381,19000,7886,18000,7387,16000,6402,14000,5404,10000,3509,6000,1827
d7_at_q6_7/Z/r250,7,q6_7,Z,250,mwpm_gap,si1000,20000,8213,0.2493409866523613,0.16130901334763872,0.269232227850084,0.7932485282622536,20000,8213,19000,7749,18000,7248,16000,6290,14000,5380,10000,3519,6000,1815
d7_at_q6_7/Z/r250,7,q6_7,Z,250,mwpm_gap,rl,20000,8179,0.27947559502619795,0.12947440497380203,0.25533277712667496,0.7306369741040958,20000,8179,19000,7695,18000,7205,16000,6245,14000,5271,10000,3449,6000,1753
