key,distance,patch,basis,rounds,method,prior,calibrator,test_n,test_errors,mean_q,ece,brier,nll,params
d3_at_q10_7/X/r01,3,q10_7,X,1,mwpm_gap,si1000,raw,15000,76,0.002130885448268747,0.002937274101894162,0.004355929162751346,0.019513934697458914,
d3_at_q10_7/X/r01,3,q10_7,X,1,mwpm_gap,si1000,temperature,15000,76,0.004372075709729772,0.0007315218160479783,0.004238523884330061,0.017890851984875448,T=1.301
d3_at_q10_7/X/r01,3,q10_7,X,1,mwpm_gap,si1000,platt,15000,76,0.004308826428283707,0.0008030064892058694,0.0042593704833408085,0.01793545278597815,a=0.7472;b=0.1005
d3_at_q10_7/X/r01,3,q10_7,X,1,mwpm_gap,si1000,isotonic,15000,76,0.004295127478439127,0.0008115371883275339,0.004266074677062283,0.017870322719705102,steps=19
d3_at_q10_7/X/r01,3,q10_7,X,1,mwpm_gap,rl,raw,15000,79,0.0025964383451902574,0.0026737925969386603,0.0043101383720445694,0.018665143217830353,
d3_at_q10_7/X/r01,3,q10_7,X,1,mwpm_gap,rl,temperature,15000,79,0.00446856999187987,0.001038795479570945,0.004226109343955301,0.017621083935352545,T=1.235
d3_at_q10_7/X/r01,3,q10_7,X,1,mwpm_gap,rl,platt,15000,79,0.00450143818337891,0.0009969229980173802,0.004215999901575661,0.017595790682018202,a=0.8189;b=-0.04258
d3_at_q10_7/X/r01,3,q10_7,X,1,mwpm_gap,rl,isotonic,15000,79,0.004496563656125807,0.0008101010106408537,0.004238518486523959,0.017736243865250086,steps=16
d3_at_q10_7/X/r01,3,q10_7,X,1,exact,si1000,raw,15000,78,0.002346068790667633,0.0028568221507940658,0.004329787528138729,0.019090027248066924,
d3_at_q10_7/X/r01,3,q10_7,X,1,exact,si1000,temperature,15000,78,0.004349786569206396,0.0008925385650048242,0.004230649226942027,0.017834244707608454,T=1.255
d3_at_q10_7/X/r01,3,q10_7,X,1,exact,si1000,platt,15000,78,0.0041452102314066324,0.0011288677494671957,0.004316325422322443,0.018038353173943665,a=0.7319;b=0.3012
d3_at_q10_7/X/r01,3,q10_7,X,1,exact,si1000,isotonic,15000,78,0.004180920238706829,0.0010590777613931662,0.004263168296355083,0.01784483292416318,steps=18
d3_at_q10_7/X/r01,3,q10_7,X,1,exact,rl,raw,15000,78,0.0031969331232292253,0.0020129883464071355,0.004293295830986346,0.01831806020393335,
d3_at_q10_7/X/r01,3,q10_7,X,1,exact,rl,temperature,15000,78,0.004565749919480926,0.0007638551237074889,0.004249666119389846,0.01782486428614229,T=1.15
d3_at_q10_7/X/r01,3,q10_7,X,1,exact,rl,platt,15000,78,0.004568405474959625,0.0007614328385949223,0.004249456780439355,0.017824332111010657,a=0.8697;b=-0.0009357
d3_at_q10_7/X/r01,3,q10_7,X,1,exact,rl,isotonic,15000,78,0.004611397375761845,0.0006286006243381495,0.004190191918572413,0.017665127752360354,steps=16
d3_at_q10_7/X/r01,3,q10_7,X,1,bm_gap,rl,raw,15000,79,0.001042396412534498,0.004224270254132224,0.004445684197549707,0.030455355941754608,
d3_at_q10_7/X/r01,3,q10_7,X,1,bm_gap,rl,temperature,15000,79,0.004689619084478047,0.000652934045375763,0.004149819146478352,0.017474602353596175,T=2.372
d3_at_q10_7/X/r01,3,q10_7,X,1,bm_gap,rl,platt,15000,79,0.004480488051928315,0.0009018467704627517,0.004221396332983826,0.017609674672418467,a=0.3881;b=0.2752
d3_at_q10_7/X/r01,3,q10_7,X,1,bm_gap,rl,isotonic,15000,79,0.004448269961756747,0.0008583947050099143,0.004175568700001925,0.017615652298759357,steps=21
d3_at_q10_7/X/r01,3,q10_7,X,1,nn,rl,raw,15000,65,0.00508927559260257,0.001003289989461299,0.0040253397393488245,0.017547771039244885,
d3_at_q10_7/X/r01,3,q10_7,X,1,nn,rl,temperature,15000,65,0.005345634013085281,0.001195097102911025,0.00403018619036617,0.017578539150975108,T=1.02
d3_at_q10_7/X/r01,3,q10_7,X,1,nn,rl,platt,15000,65,0.004129161616866297,0.0006012300739605393,0.003999141970994633,0.017670929750152473,a=0.6767;b=1.222
d3_at_q10_7/X/r01,3,q10_7,X,1,nn,rl,isotonic,15000,65,0.00410294840528466,0.00039035293444739355,0.004075799202324296,0.018138844083347802,steps=12
d3_at_q10_7/X/r10,3,q10_7,X,10,mwpm_gap,si1000,raw,15000,1012,0.03293899097922948,0.034528048908311244,0.05070346406194391,0.19682676606021685,
d3_at_q10_7/X/r10,3,q10_7,X,10,mwpm_gap,si1000,temperature,15000,1012,0.06709280143872491,0.011873999151359248,0.0485864857489876,0.17320998643098007,T=1.638
d3_at_q10_7/X/r10,3,q10_7,X,10,mwpm_gap,si1000,platt,15000,1012,0.07191258123482949,0.00642578032021301,0.04809388269648756,0.1720824719598106,a=0.692;b=-0.3393
d3_at_q10_7/X/r10,3,q10_7,X,10,mwpm_gap,si1000,isotonic,15000,1012,0.07180537614919658,0.005817645587512854,0.048008545951722784,0.1714743380648305,steps=45
d3_at_q10_7/X/r10,3,q10_7,X,10,mwpm_gap,rl,raw,15000,917,0.0444757826819811,0.01671541811335927,0.04887251027908864,0.1769499700029857,
d3_at_q10_7/X/r10,3,q10_7,X,10,mwpm_gap,rl,temperature,15000,917,0.06621132317766076,0.007604551731718522,0.048282891456903204,0.17216525634607568,T=1.3
d3_at_q10_7/X/r10,3,q10_7,X,10,mwpm_gap,rl,platt,15000,917,0.06690313018311456,0.006832089490692319,0.04830067566821499,0.17217014882868922,a=0.7847;b=-0.05058
d3_at_q10_7/X/r10,3,q10_7,X,10,mwpm_gap,rl,isotonic,15000,917,0.06731730886072979,0.006372358380079361,0.04777630478724762,0.17056908756370556,steps=45
d3_at_q10_7/X/r10,3,q10_7,X,10,bm_gap,rl,raw,15000,750,0.02139068999837214,0.02860931029930979,0.039451219040682814,0.18343785436649523,
d3_at_q10_7/X/r10,3,q10_7,X,10,bm_gap,rl,temperature,15000,750,0.05712284052789276,0.009916452186024891,0.03757097533222574,0.13672987103427175,T=2.246
d3_at_q10_7/X/r10,3,q10_7,X,10,bm_gap,rl,platt,15000,750,0.05363547379970768,0.012413940193949213,0.03772340435041782,0.13648947839352393,a=0.4014;b=0.2455
d3_at_q10_7/X/r10,3,q10_7,X,10,bm_gap,rl,isotonic,15000,750,0.053285779588267676,0.004126841955896834,0.03704268031565458,0.1332099435297775,steps=61
d3_at_q10_7/X/r10,3,q10_7,X,10,nn,rl,raw,15000,710,0.05071448389889844,0.005120879569852406,0.03606951000618446,0.1288140993441188,
d3_at_q10_7/X/r10,3,q10_7,X,10,nn,rl,temperature,15000,710,0.05258539275019138,0.006347186402511138,0.03610004558930435,0.12908248732836947,T=1.027
d3_at_q10_7/X/r10,3,q10_7,X,10,nn,rl,platt,15000,710,0.05076505415253696,0.006467038484244151,0.03608507704610562,0.12910148692732712,a=0.9288;b=0.1288
d3_at_q10_7/X/r10,3,q10_7,X,10,nn,rl,isotonic,15000,710,0.05100323825835941,0.004467519924236308,0.036393816051149226,0.13007275263672077,steps=46
d3_at_q10_7/X/r30,3,q10_7,X,30,mwpm_gap,si1000,raw,15000,3304,0.10272866120882855,0.1175380054578381,0.16620924387644737,0.5884722024688122,
d3_at_q10_7/X/r30,3,q10_7,X,30,mwpm_gap,si1000,temperature,15000,3304,0.21194040519316235,0.020970708741741895,0.14991149715782043,0.4632783447414389,T=2.221
d3_at_q10_7/X/r30,3,q10_7,X,30,mwpm_gap,si1000,platt,15000,3304,0.22046177198300151,0.015094158294453906,0.1496294878723642,0.4623692279455324,a=0.4995;b=-0.1817
d3_at_q10_7/X/r30,3,q10_7,X,30,mwpm_gap,si1000,isotonic,15000,3304,0.2202500149009991,0.0053348273931250224,0.1491657198430678,0.46072390731584784,steps=53
d3_at_q10_7/X/r30,3,q10_7,X,30,mwpm_gap,rl,raw,15000,3272,0.12649425896608446,0.09163907436724889,0.16067763072958435,0.5225059507992575,
d3_at_q10_7/X/r30,3,q10_7,X,30,mwpm_gap,rl,temperature,15000,3272,0.21153685755542673,0.019827917757440028,0.15122726193254318,0.46724814829365546,T=1.733
d3_at_q10_7/X/r30,3,q10_7,X,30,mwpm_gap,rl,platt,15000,3272,0.22006729359779734,0.016136042761238856,0.151128076542083,0.46674449368534404,a=0.6454;b=-0.1928
d3_at_q10_7/X/r30,3,q10_7,X,30,mwpm_gap,rl,isotonic,15000,3272,0.2195717588495442,0.008918623232681978,0.1499109687893794,0.46341406034247046,steps=58
d3_at_q10_7/X/r30,3,q10_7,X,30,bm_gap,rl,raw,15000,2857,0.08273594110733175,0.10773072555933494,0.1446964621482694,0.5426396277685405,
d3_at_q10_7/X/r30,3,q10_7,X,30,bm_gap,rl,temperature,15000,2857,0.18496019227502916,0.019343301211863853,0.12969242808577996,0.40600302782792197,T=2.409
d3_at_q10_7/X/r30,3,q10_7,X,30,bm_gap,rl,platt,15000,2857,0.1884766220570488,0.015972051876152898,0.12949464929153728,0.4056538949695358,a=0.4334;b=-0.07772
d3_at_q10_7/X/r30,3,q10_7,X,30,bm_gap,rl,isotonic,15000,2857,0.18864842847756239,0.005520327804010964,0.1291788863657401,0.4041597698992339,steps=80
d3_at_q10_7/X/r30,3,q10_7,X,30,nn,rl,raw,15000,2791,0.1813855239572736,0.005005994840360422,0.12567832161315123,0.3922795736165341,
d3_at_q10_7/X/r30,3,q10_7,X,30,nn,rl,temperature,15000,2791,0.18526751101589106,0.004066955739177906,0.12565436425529783,0.39222892458152664,T=1.029
d3_at_q10_7/X/r30,3,q10_7,X,30,nn,rl,platt,15000,2791,0.18182456091650198,0.008101876191476795,0.12574708991388506,0.3924924784983643,a=0.935;b=0.0691
d3_at_q10_7/X/r30,3,q10_7,X,30,nn,rl,isotonic,15000,2791,0.1810172786368643,0.010606824448503775,0.1261474188854824,0.3946154244546667,steps=63
d3_at_q10_7/X/r50,3,q10_7,X,50,mwpm_gap,si1000,raw,15000,4194,0.13370914726881275,0.14589085273118724,0.20130471947163284,0.6882981399864008,
d3_at_q10_7/X/r50,3,q10_7,X,50,mwpm_gap,si1000,temperature,15000,4194,0.2665958133442033,0.020726870358572173,0.17925236774940398,0.5368947992819756,T=2.494
d3_at_q10_7/X/r50,3,q10_7,X,50,mwpm_gap,si1000,platt,15000,4194,0.27967409152468564,0.008724339382430644,0.17849303860701232,0.5352297913946026,a=0.4648;b=-0.2177
d3_at_q10_7/X/r50,3,q10_7,X,50,mwpm_gap,si1000,isotonic,15000,4194,0.2796581287392192,0.008682716482066026,0.17842709203164764,0.5349535559439483,steps=47
d3_at_q10_7/X/r50,3,q10_7,X,50,mwpm_gap,rl,raw,15000,3889,0.157663697798824,0.10543921324664232,0.19265399635631789,0.609738578547903,
d3_at_q10_7/X/r50,3,q10_7,X,50,mwpm_gap,rl,temperature,15000,3889,0.2625832078338686,0.02611383950320825,0.1795780889087771,0.5381594080529104,T=1.923
d3_at_q10_7/X/r50,3,q10_7,X,50,mwpm_gap,rl,platt,15000,3889,0.2628293680820233,0.02616186683738085,0.17958930611475876,0.5381767423113897,a=0.5217;b=-0.004479
d3_at_q10_7/X/r50,3,q10_7,X,50,mwpm_gap,rl,isotonic,15000,3889,0.26258530940347835,0.009664531317875175,0.17860079863597894,0.5356182202730645,steps=52
d3_at_q10_7/X/r50,3,q10_7,X,50,bm_gap,rl,raw,15000,3368,0.10090092592835262,0.1236324074049807,0.1691728553859248,0.6278109482493028,
d3_at_q10_7/X/r50,3,q10_7,X,50,bm_gap,rl,temperature,15000,3368,0.22105876821115666,0.014262936121135815,0.15095082265999893,0.46398580222033453,T=2.589
d3_at_q10_7/X/r50,3,q10_7,X,50,bm_gap,rl,platt,15000,3368,0.22469707412187792,0.010479419311038659,0.1508412340802234,0.4638634896454806,a=0.4021;b=-0.06595
d3_at_q10_7/X/r50,3,q10_7,X,50,bm_gap,rl,isotonic,15000,3368,0.22507557040964518,0.008090029857279161,0.15059767621023645,0.462658843967789,steps=72
d3_at_q10_7/X/r50,3,q10_7,X,50,nn,rl,raw,15000,3398,0.22163870045624012,0.006950265043649986,0.14916559975952373,0.4560896932246527,
d3_at_q10_7/X/r50,3,q10_7,X,50,nn,rl,temperature,15000,3398,0.2154151237714254,0.011118209561907916,0.14926246781691835,0.45648901461094515,T=0.9573
d3_at_q10_7/X/r50,3,q10_7,X,50,nn,rl,platt,15000,3398,0.21060167148608136,0.01593166184725197,0.14947733705403865,0.4568826666592778,a=0.9995;b=0.0764
d3_at_q10_7/X/r50,3,q10_7,X,50,nn,rl,isotonic,15000,3398,0.21050722105269912,0.02111038281689086,0.15017951373726998,0.4621932919002187,steps=61
d3_at_q10_7/X/r70,3,q10_7,X,70,mwpm_gap,si1000,raw,15000,5176,0.17028633270788926,0.17478033395877743,0.24156703671724003,0.792682577971021,
d3_at_q10_7/X/r70,3,q10_7,X,70,mwpm_gap,si1000,temperature,15000,5176,0.3260566590176984,0.02366895862728831,0.2087213543014764,0.6048528784043942,T=2.976
d3_at_q10_7/X/r70,3,q10_7,X,70,mwpm_gap,si1000,platt,15000,5176,0.34278544298456,0.01184553717450171,0.20787647802794,0.6030893520233639,a=0.4055;b=-0.2197
d3_at_q10_7/X/r70,3,q10_7,X,70,mwpm_gap,si1000,isotonic,15000,5176,0.34248762942542366,0.009640726237993513,0.207823351448863,0.6029057333699148,steps=53
d3_at_q10_7/X/r70,3,q10_7,X,70,mwpm_gap,rl,raw,15000,4896,0.1904894882982607,0.1359105117017393,0.23055729265462338,0.7065382851803469,
d3_at_q10_7/X/r70,3,q10_7,X,70,mwpm_gap,rl,temperature,15000,4896,0.31933551761213713,0.023727625394771842,0.20847660121150172,0.6046529375930945,T=2.299
d3_at_q10_7/X/r70,3,q10_7,X,70,mwpm_gap,rl,platt,15000,4896,0.32241617823212276,0.023320159809377492,0.20847664586787584,0.6046251416227713,a=0.4538;b=-0.0456
d3_at_q10_7/X/r70,3,q10_7,X,70,mwpm_gap,rl,isotonic,15000,4896,0.32254853038331077,0.01020891815547163,0.2077422250015527,0.6034409566367407,steps=46
d3_at_q10_7/X/r90,3,q10_7,X,90,mwpm_gap,si1000,raw,15000,5832,0.20102545276279474,0.1877745472372053,0.2646533294944206,0.8370161659501426,
d3_at_q10_7/X/r90,3,q10_7,X,90,mwpm_gap,si1000,temperature,15000,5832,0.3680255978375482,0.03181537698178446,0.22485066567009127,0.640222074105237,T=3.462
d3_at_q10_7/X/r90,3,q10_7,X,90,mwpm_gap,si1000,platt,15000,5832,0.38327123283386705,0.01801371597218788,0.22403118477018485,0.638485594959761,a=0.3463;b=-0.1699
d3_at_q10_7/X/r90,3,q10_7,X,90,mwpm_gap,si1000,isotonic,15000,5832,0.3837293415068205,0.012809322898868719,0.22369443049688756,0.6384062432816595,steps=50
d3_at_q10_7/X/r90,3,q10_7,X,90,mwpm_gap,rl,raw,15000,5586,0.22200539407847172,0.15039460592152823,0.25097015691984004,0.7486255417671966,
d3_at_q10_7/X/r90,3,q10_7,X,90,mwpm_gap,rl,temperature,15000,5586,0.3638202451517974,0.023607775782905602,0.2241113714940344,0.6388293885584991,T=2.71
d3_at_q10_7/X/r90,3,q10_7,X,90,mwpm_gap,rl,platt,15000,5586,0.3710272642162933,0.024642953101098885,0.22400921443569047,0.6385603049565852,a=0.4084;b=-0.08906
d3_at_q10_7/X/r90,3,q10_7,X,90,mwpm_gap,rl,isotonic,15000,5586,0.37104807520940186,0.007919002000979202,0.2233328602933213,0.6369895764287384,steps=38
d3_at_q10_7/X/r110,3,q10_7,X,110,mwpm_gap,si1000,raw,15000,6412,0.23153234575397066,0.195934320912696,0.28254734808083437,0.8758602691193048,
d3_at_q10_7/X/r110,3,q10_7,X,110,mwpm_gap,si1000,temperature,15000,6412,0.4065471312568927,0.026984161352588673,0.23716099587103892,0.6667396112223243,T=4.286
d3_at_q10_7/X/r110,3,q10_7,X,110,mwpm_gap,si1000,platt,15000,6412,0.4268128644192694,0.014632478966193066,0.23660692768436517,0.6656655350361514,a=0.3076;b=-0.2019
d3_at_q10_7/X/r110,3,q10_7,X,110,mwpm_gap,si1000,isotonic,15000,6412,0.42662111341811654,0.011196083069435269,0.23654033898966773,0.6661166657800283,steps=40
d3_at_q10_7/X/r110,3,q10_7,X,110,mwpm_gap,rl,raw,15000,6152,0.2450190378386352,0.16511429549469814,0.27191595446874617,0.798823592833418,
d3_at_q10_7/X/r110,3,q10_7,X,110,mwpm_gap,rl,temperature,15000,6152,0.4010157981672455,0.024205764803534577,0.23724623310965676,0.6669548511720752,T=3.38
d3_at_q10_7/X/r110,3,q10_7,X,110,mwpm_gap,rl,platt,15000,6152,0.40587059131413694,0.02447550023127452,0.23726487026505275,0.6669849596188137,a=0.3224;b=-0.05555
d3_at_q10_7/X/r110,3,q10_7,X,110,mwpm_gap,rl,isotonic,15000,6152,0.4061086062536045,0.014579577804160764,0.23665915587229847,0.6656821372744788,steps=37
d3_at_q10_7/X/r130,3,q10_7,X,130,mwpm_gap,si1000,raw,15000,6674,0.2526924852694903,0.19224084806384303,0.2887746860949891,0.8741487614131701,
d3_at_q10_7/X/r130,3,q10_7,X,130,mwpm_gap,si1000,temperature,15000,6674,0.42746764620132094,0.021321052767725886,0.24185658826138093,0.6764841708586891,T=4.934
d3_at_q10_7/X/r130,3,q10_7,X,130,mwpm_gap,si1000,platt,15000,6674,0.4402133003273838,0.01177989721746314,0.24145414984681338,0.6756680877741036,a=0.2485;b=-0.1173
d3_at_q10_7/X/r130,3,q10_7,X,130,mwpm_gap,si1000,isotonic,15000,6674,0.4399388248087393,0.011143251375081358,0.24154631378949043,0.6759023468272661,steps=32
d3_at_q10_7/X/r130,3,q10_7,X,130,mwpm_gap,rl,raw,15000,6442,0.26616092725240953,0.1633057394142571,0.2753963292283793,0.7994728529234199,
d3_at_q10_7/X/r130,3,q10_7,X,130,mwpm_gap,rl,temperature,15000,6442,0.422474768984575,0.016517828794065464,0.24123336480052884,0.6752656377639162,T=3.891
d3_at_q10_7/X/r130,3,q10_7,X,130,mwpm_gap,rl,platt,15000,6442,0.4234088099226301,0.016144818214590656,0.24121921899257714,0.6752362270583626,a=0.262;b=-0.009766
d3_at_q10_7/X/r130,3,q10_7,X,130,mwpm_gap,rl,isotonic,15000,6442,0.4234721377888444,0.006699690318636281,0.24110256272306627,0.6750325863669692,steps=28
d3_at_q10_7/X/r150,3,q10_7,X,150,mwpm_gap,si1000,raw,15000,6951,0.27176905668026236,0.19163094331973762,0.2939905231366944,0.8745240150894431,
d3_at_q10_7/X/r150,3,q10_7,X,150,mwpm_gap,si1000,temperature,15000,6951,0.4505656809199464,0.021265838082681978,0.24542221026164432,0.6838451624291977,T=6.52
d3_at_q10_7/X/r150,3,q10_7,X,150,mwpm_gap,si1000,platt,15000,6951,0.4657003610019608,0.01006294501212734,0.2450585448415218,0.6830923848162951,a=0.2084;b=-0.1317
d3_at_q10_7/X/r150,3,q10_7,X,150,mwpm_gap,si1000,isotonic,15000,6951,0.4656585404848515,0.007000662475812741,0.24508821236651013,0.6831488877132489,steps=37
d3_at_q10_7/X/r150,3,q10_7,X,150,mwpm_gap,rl,raw,15000,6840,0.28432979823276316,0.17167020176723685,0.2839342430031584,0.8125882647346256,
d3_at_q10_7/X/r150,3,q10_7,X,150,mwpm_gap,rl,temperature,15000,6840,0.4462489680663696,0.020791173746123565,0.24559891860535243,0.6842123736951014,T=5.1
d3_at_q10_7/X/r150,3,q10_7,X,150,mwpm_gap,rl,platt,15000,6840,0.4506885343635975,0.018627965688110263,0.24549110149088924,0.6839889212146926,a=0.2194;b=-0.04346
d3_at_q10_7/X/r150,3,q10_7,X,150,mwpm_gap,rl,isotonic,15000,6840,0.4506666471796883,0.009482732536387898,0.2452738274461884,0.683488682446566,steps=27
d3_at_q10_7/X/r170,3,q10_7,X,170,mwpm_gap,si1000,raw,15000,7162,0.29241401172844633,0.18505265493822026,0.2924695054522276,0.85401065433455,
d3_at_q10_7/X/r170,3,q10_7,X,170,mwpm_gap,si1000,temperature,15000,7162,0.4612677988880383,0.022689948992734767,0.2470363155472541,0.6871426481620714,T=7.308
d3_at_q10_7/X/r170,3,q10_7,X,170,mwpm_gap,si1000,platt,15000,7162,0.4729148730877083,0.014425552063646213,0.24653130026679607,0.6861177234592206,a=0.179;b=-0.09436
d3_at_q10_7/X/r170,3,q10_7,X,170,mwpm_gap,si1000,isotonic,15000,7162,0.472752308088542,0.011202553655235049,0.24669984689775112,0.686499652436583,steps=36
d3_at_q10_7/X/r170,3,q10_7,X,170,mwpm_gap,rl,raw,15000,6926,0.2994490634481569,0.16228426988517644,0.2817592595413297,0.8000672284951741,
d3_at_q10_7/X/r170,3,q10_7,X,170,mwpm_gap,rl,temperature,15000,6926,0.4578968537074848,0.012772545136465868,0.24676307737492198,0.6866067143272342,T=5.912
d3_at_q10_7/X/r170,3,q10_7,X,170,mwpm_gap,rl,platt,15000,6926,0.4606711314621091,0.012342422163264288,0.24671476465599387,0.6865070596410698,a=0.1841;b=-0.02605
d3_at_q10_7/X/r170,3,q10_7,X,170,mwpm_gap,rl,isotonic,15000,6926,0.4607553956872585,0.007139242420721258,0.246562254728551,0.6861920250845434,steps=24
d3_at_q10_7/X/r190,3,q10_7,X,190,mwpm_gap,si1000,raw,15000,7120,0.3013596230248576,0.17330704364180916,0.2913108191435219,0.8445277281289265,
d3_at_q10_7/X/r190,3,q10_7,X,190,mwpm_gap,si1000,temperature,15000,7120,0.4680808731534787,0.0204683481101938,0.24766059683244368,0.6884204166633215,T=8.346
d3_at_q10_7/X/r190,3,q10_7,X,190,mwpm_gap,si1000,platt,15000,7120,0.477408996287626,0.016885994414207305,0.24749662585858587,0.6880807665828929,a=0.1556;b=-0.07551
d3_at_q10_7/X/r190,3,q10_7,X,190,mwpm_gap,si1000,isotonic,15000,7120,0.4773610241021898,0.00925568167840875,0.2473409095378505,0.6877637130606223,steps=22
d3_at_q10_7/X/r190,3,q10_7,X,190,mwpm_gap,rl,raw,15000,7044,0.3109997680805475,0.15860023191945252,0.2801920000161064,0.7900286078684348,
d3_at_q10_7/X/r190,3,q10_7,X,190,mwpm_gap,rl,temperature,15000,7044,0.4657825202588746,0.015544250389331181,0.2472945581560892,0.6876834132123391,T=6.768
d3_at_q10_7/X/r190,3,q10_7,X,190,mwpm_gap,rl,platt,15000,7044,0.47031454666683475,0.012016343992523382,0.24715394136832547,0.6873946901582065,a=0.1733;b=-0.04178
d3_at_q10_7/X/r190,3,q10_7,X,190,mwpm_gap,rl,isotonic,15000,7044,0.4700667599236104,0.012076643049023195,0.2470087682083605,0.687088862180853,steps=20
d3_at_q10_7/X/r210,3,q10_7,X,210,mwpm_gap,si1000,raw,15000,7329,0.3157158099256759,0.1728841900743241,0.2934457038845607,0.8403363941891369,
d3_at_q10_7/X/r210,3,q10_7,X,210,mwpm_gap,si1000,temperature,15000,7329,0.4814290985818207,0.0169840070644199,0.24907204999786123,0.691281730737172,T=12.94
d3_at_q10_7/X/r210,3,q10_7,X,210,mwpm_gap,si1000,platt,15000,7329,0.48816801981303687,0.014535194316317591,0.2488950902763571,0.6909240048296224,a=0.1039;b=-0.05252
d3_at_q10_7/X/r210,3,q10_7,X,210,mwpm_gap,si1000,isotonic,15000,7329,0.4882698577931973,0.01164890918809833,0.24885134604403542,0.6908179853621867,steps=22
d3_at_q10_7/X/r210,3,q10_7,X,210,mwpm_gap,rl,raw,15000,7210,0.32535381907431915,0.15531284759234748,0.28347488867405357,0.7945015720137775,
d3_at_q10_7/X/r210,3,q10_7,X,210,mwpm_gap,rl,temperature,15000,7210,0.4786999063935412,0.014201803571039286,0.2490289060334895,0.6911956639997937,T=9.853
d3_at_q10_7/X/r210,3,q10_7,X,210,mwpm_gap,rl,platt,15000,7210,0.48161055679211157,0.013192080354972685,0.24899785647766048,0.6911319740483443,a=0.1186;b=-0.02602
d3_at_q10_7/X/r210,3,q10_7,X,210,mwpm_gap,rl,isotonic,15000,7210,0.48161343798368533,0.01443868084596755,0.24898029639622193,0.6910905902342096,steps=21
d3_at_q10_7/X/r230,3,q10_7,X,230,mwpm_gap,si1000,raw,15000,7400,0.33329526145835503,0.16003807187497826,0.28997200402970663,0.8239884108305283,
d3_at_q10_7/X/r230,3,q10_7,X,230,mwpm_gap,si1000,temperature,15000,7400,0.486435316139075,0.01548993168197131,0.24964045342534288,0.6924263277403891,T=15.53
d3_at_q10_7/X/r230,3,q10_7,X,230,mwpm_gap,si1000,platt,15000,7400,0.4947424438994128,0.012220254170704386,0.24957140272503942,0.6922877994288026,a=0.09927;b=-0.06262
d3_at_q10_7/X/r230,3,q10_7,X,230,mwpm_gap,si1000,isotonic,15000,7400,0.4947663937087197,0.010741795566484025,0.24959006390200175,0.6928860651258011,steps=19
d3_at_q10_7/X/r230,3,q10_7,X,230,mwpm_gap,rl,raw,15000,7200,0.34008164361182097,0.14138052391653771,0.2798058925091916,0.7802942325527228,
d3_at_q10_7/X/r230,3,q10_7,X,230,mwpm_gap,rl,temperature,15000,7200,0.48420534925283454,0.009087065343782452,0.24946304958122018,0.6920707767577117,T=11.84
d3_at_q10_7/X/r230,3,q10_7,X,230,mwpm_gap,rl,platt,15000,7200,0.487033022453886,0.010143351046287614,0.2495152596301723,0.6921747813695336,a=0.1024;b=-0.02467
d3_at_q10_7/X/r230,3,q10_7,X,230,mwpm_gap,rl,isotonic,15000,7200,0.4868586427585623,0.014669788193341176,0.24943384751580602,0.6920131379354733,steps=21
d3_at_q10_7/X/r250,3,q10_7,X,250,mwpm_gap,si1000,raw,15000,7453,0.3385886915020795,0.15827797516458716,0.2881157030567711,0.8158601406394526,
d3_at_q10_7/X/r250,3,q10_7,X,250,mwpm_gap,si1000,temperature,15000,7453,0.48425457066429756,0.017725715646054307,0.2496801638105677,0.6925050118786314,T=12.84
d3_at_q10_7/X/r250,3,q10_7,X,250,mwpm_gap,si1000,platt,15000,7453,0.48975302494971695,0.014721970768973658,0.24954219079085252,0.6922286899640834,a=0.1022;b=-0.04164
d3_at_q10_7/X/r250,3,q10_7,X,250,mwpm_gap,si1000,isotonic,15000,7453,0.4897931993436979,0.013338436876019207,0.24963936184572222,0.6924260296593614,steps=20
d3_at_q10_7/X/r250,3,q10_7,X,250,mwpm_gap,rl,raw,15000,7246,0.3437688647637209,0.13929780190294577,0.2778288778924201,0.7746339021604701,
d3_at_q10_7/X/r250,3,q10_7,X,250,mwpm_gap,rl,temperature,15000,7246,0.485286394180236,0.012741524009552476,0.24938848706061192,0.6919218618675577,T=12.37
d3_at_q10_7/X/r250,3,q10_7,X,250,mwpm_gap,rl,platt,15000,7246,0.4909288807467168,0.013719504418866817,0.24941788348723223,0.6919801254441253,a=0.1182;b=-0.04978
d3_at_q10_7/X/r250,3,q10_7,X,250,mwpm_gap,rl,isotonic,15000,7246,0.4908888138606681,0.014392447003451147,0.24942895428765127,0.6920022926073182,steps=16
d3_at_q10_7/Z/r01,3,q10_7,Z,1,mwpm_gap,si1000,raw,15000,72,0.002026221395915068,0.0027751018994315105,0.0043909005143302465,0.02072192328562909,
d3_at_q10_7/Z/r01,3,q10_7,Z,1,mwpm_gap,si1000,temperature,15000,72,0.005235283073995905,0.0008646050044529396,0.004320760727852445,0.01846035754303071,T=1.438
d3_at_q10_7/Z/r01,3,q10_7,Z,1,mwpm_gap,si1000,platt,15000,72,0.00521897115534833,0.0008453931420170979,0.004320149598838187,0.018457840957153495,a=0.6912;b=0.0203
d3_at_q10_7/Z/r01,3,q10_7,Z,1,mwpm_gap,si1000,isotonic,15000,72,0.005103443271532732,0.0003034432715327315,0.004276315230307997,0.01784238335547058,steps=10
d3_at_q10_7/Z/r01,3,q10_7,Z,1,mwpm_gap,rl,raw,15000,73,0.0026216545364436826,0.002248285583729603,0.004245148916094617,0.018858736779600895,
d3_at_q10_7/Z/r01,3,q10_7,Z,1,mwpm_gap,rl,temperature,15000,73,0.004944522007993079,0.0001641636104317216,0.004204769081745418,0.017591129550290987,T=1.305
d3_at_q10_7/Z/r01,3,q10_7,Z,1,mwpm_gap,rl,platt,15000,73,0.005197872497882288,0.0004576407468449498,0.004225674648430007,0.01761866895848678,a=0.8338;b=-0.3027
d3_at_q10_7/Z/r01,3,q10_7,Z,1,mwpm_gap,rl,isotonic,15000,73,0.00516437115280886,0.00029770448614219473,0.004167936117436097,0.01731257181690972,steps=14
d3_at_q10_7/Z/r01,3,q10_7,Z,1,exact,si1000,raw,15000,72,0.002232623151435319,0.0025702006738726646,0.004325519490784165,0.01977313904319657,
d3_at_q10_7/Z/r01,3,q10_7,Z,1,exact,si1000,temperature,15000,72,0.005047672306639862,0.0006672035280640773,0.004264211288991953,0.018098849681516056,T=1.365
d3_at_q10_7/Z/r01,3,q10_7,Z,1,exact,si1000,platt,15000,72,0.005163570758589593,0.0008048493306870628,0.0042678647908558805,0.01810649786525169,a=0.7663;b=-0.1565
d3_at_q10_7/Z/r01,3,q10_7,Z,1,exact,si1000,isotonic,15000,72,0.004999761701342644,0.00019976170134264324,0.004215657917931296,0.017597794224418404,steps=16
d3_at_q10_7/Z/r01,3,q10_7,Z,1,exact,rl,raw,15000,70,0.00294780566716092,0.0017252228394734066,0.004188759799884647,0.01822909286895222,
d3_at_q10_7/Z/r01,3,q10_7,Z,1,exact,rl,temperature,15000,70,0.004855999482462323,0.0005153735223639107,0.0041658447482634045,0.017409457749569916,T=1.234
d3_at_q10_7/Z/r01,3,q10_7,Z,1,exact,rl,platt,15000,70,0.004672319287432119,0.0003030546514660645,0.004149593223395793,0.017402335991822147,a=0.7638;b=0.2075
d3_at_q10_7/Z/r01,3,q10_7,Z,1,exact,rl,isotonic,15000,70,0.004695577460980407,0.00013558373458300339,0.0041531023260200604,0.017442282996326625,steps=20
d3_at_q10_7/Z/r01,3,q10_7,Z,1,bm_gap,rl,raw,15000,73,0.0011805511953151381,0.003686115471351567,0.004357513258347385,0.031160366520300523,
d3_at_q10_7/Z/r01,3,q10_7,Z,1,bm_gap,rl,temperature,15000,73,0.005332226976090452,0.00061123835595193,0.00423043141619304,0.017544329334623524,T=2.553
d3_at_q10_7/Z/r01,3,q10_7,Z,1,bm_gap,rl,platt,15000,73,0.005321848632617408,0.0005996770407581065,0.004229254829376703,0.017541249106665584,a=0.3901;b=0.01244
d3_at_q10_7/Z/r01,3,q10_7,Z,1,bm_gap,rl,isotonic,15000,73,0.0052621671604141315,0.00039550049374746513,0.004268677509510444,0.017531335848362178,steps=22
d3_at_q10_7/Z/r01,3,q10_7,Z,1,nn,rl,raw,15000,70,0.004353878013214308,0.0003397852797931603,0.004315979077813195,0.018137195557638847,
d3_at_q10_7/Z/r01,3,q10_7,Z,1,nn,rl,temperature,15000,70,0.0039124810607789745,0.0007645272630322203,0.004317601466277223,0.01830064525832031,T=0.9549
d3_at_q10_7/Z/r01,3,q10_7,Z,1,nn,rl,platt,15000,70,0.0038083300053749006,0.0008727739039757271,0.0042943057635291635,0.01824050267150347,a=1.006;b=0.1427
d3_at_q10_7/Z/r01,3,q10_7,Z,1,nn,rl,isotonic,15000,70,0.0038920085091580375,0.00085464216070799,0.004297224250443053,0.02061168129865221,steps=11
d3_at_q10_7/Z/r10,3,q10_7,Z,10,mwpm_gap,si1000,raw,15000,1199,0.03843515687665755,0.04149992937329366,0.059978477682848155,0.22868523273923355,
d3_at_q10_7/Z/r10,3,q10_7,Z,10,mwpm_gap,si1000,temperature,15000,1199,0.07687092287565583,0.0134568928597814,0.05704945434130471,0.19877771964913632,T=1.662
d3_at_q10_7/Z/r10,3,q10_7,Z,10,mwpm_gap,si1000,platt,15000,1199,0.08104082806392604,0.01038116257570587,0.05652285003316211,0.19774045059040735,a=0.6605;b=-0.2404
d3_at_q10_7/Z/r10,3,q10_7,Z,10,mwpm_gap,si1000,isotonic,15000,1199,0.08126167267577812,0.004859899775472529,0.05591935006071352,0.1954082836193608,steps=39
d3_at_q10_7/Z/r10,3,q10_7,Z,10,mwpm_gap,rl,raw,15000,1084,0.04939583602732934,0.022872609335373856,0.05619702034145402,0.20192316862893317,
d3_at_q10_7/Z/r10,3,q10_7,Z,10,mwpm_gap,rl,temperature,15000,1084,0.07440627277130167,0.006186829145140375,0.05522609575173596,0.19357510729425262,T=1.336
d3_at_q10_7/Z/r10,3,q10_7,Z,10,mwpm_gap,rl,platt,15000,1084,0.0746496487371428,0.005973058139309476,0.05522041380506568,0.19355901625792207,a=0.7527;b=-0.01477
d3_at_q10_7/Z/r10,3,q10_7,Z,10,mwpm_gap,rl,isotonic,15000,1084,0.07502021607466014,0.004937304987024723,0.05477294669087643,0.19165381670940781,steps=38
d3_at_q10_7/Z/r10,3,q10_7,Z,10,bm_gap,rl,raw,15000,844,0.02471735533504459,0.0315493113316221,0.046283446453069775,0.2242210832347481,
d3_at_q10_7/Z/r10,3,q10_7,Z,10,bm_gap,rl,temperature,15000,844,0.06409519233229569,0.011525310782569893,0.043906449458770085,0.15640033188415556,T=2.402
d3_at_q10_7/Z/r10,3,q10_7,Z,10,bm_gap,rl,platt,15000,844,0.05855179613090043,0.00823944293799319,0.04369601953799979,0.15514699513932811,a=0.363;b=0.3192
d3_at_q10_7/Z/r10,3,q10_7,Z,10,bm_gap,rl,isotonic,15000,844,0.05867404207041782,0.006765402096431607,0.04366809546558845,0.1541287187391601,steps=66
d3_at_q10_7/Z/r10,3,q10_7,Z,10,nn,rl,raw,15000,854,0.056237013941795956,0.003530502393728136,0.04284744210492748,0.14791057704087143,
d3_at_q10_7/Z/r10,3,q10_7,Z,10,nn,rl,temperature,15000,854,0.05926701087701728,0.003433780056641236,0.04284714225991992,0.14794894604881206,T=1.044
d3_at_q10_7/Z/r10,3,q10_7,Z,10,nn,rl,platt,15000,854,0.060796668931043574,0.004637972005483143,0.04292578243870994,0.14806053811534534,a=0.991;b=-0.09094
d3_at_q10_7/Z/r10,3,q10_7,Z,10,nn,rl,isotonic,15000,854,0.06104360488415458,0.0055525895097666535,0.04323745396532647,0.149898235065465,steps=46
d3_at_q10_7/Z/r30,3,q10_7,Z,30,mwpm_gap,si1000,raw,15000,3057,0.09467108184386225,0.10912891815613776,0.15030312637998805,0.527336251901697,
d3_at_q10_7/Z/r30,3,q10_7,Z,30,mwpm_gap,si1000,temperature,15000,3057,0.18584769966481762,0.021922697722849434,0.1375644708164339,0.43183970590117177,T=1.961
d3_at_q10_7/Z/r30,3,q10_7,Z,30,mwpm_gap,si1000,platt,15000,3057,0.19567542475316793,0.012667782056297388,0.13653133229726797,0.42976568463360504,a=0.5776;b=-0.2382
d3_at_q10_7/Z/r30,3,q10_7,Z,30,mwpm_gap,si1000,isotonic,15000,3057,0.19590972266220527,0.009662287482152738,0.13622751432999344,0.42995243874418615,steps=44
d3_at_q10_7/Z/r30,3,q10_7,Z,30,mwpm_gap,rl,raw,15000,2932,0.11906686809478795,0.07639979857187873,0.1437495184803985,0.47114940979158115,
d3_at_q10_7/Z/r30,3,q10_7,Z,30,mwpm_gap,rl,temperature,15000,2932,0.18485893991552732,0.01788604296028884,0.13700863370287328,0.43044107256500996,T=1.562
d3_at_q10_7/Z/r30,3,q10_7,Z,30,mwpm_gap,rl,platt,15000,2932,0.18827848765559138,0.01799884186833511,0.1368526041595971,0.43009593046169325,a=0.6694;b=-0.08282
d3_at_q10_7/Z/r30,3,q10_7,Z,30,mwpm_gap,rl,isotonic,15000,2932,0.18824130481139376,0.012211671308854243,0.13595082325210303,0.4286483005713944,steps=55
d3_at_q10_7/Z/r30,3,q10_7,Z,30,bm_gap,rl,raw,15000,2368,0.07108538618321326,0.08678128048345342,0.12017724277873343,0.4841983749513204,
d3_at_q10_7/Z/r30,3,q10_7,Z,30,bm_gap,rl,temperature,15000,2368,0.15915233026501222,0.01632768412585764,0.10964718245341076,0.3528093628397066,T=2.471
d3_at_q10_7/Z/r30,3,q10_7,Z,30,bm_gap,rl,platt,15000,2368,0.1538918476204027,0.02093820224508794,0.1098999133058786,0.3529555095965489,a=0.3803;b=0.1192
d3_at_q10_7/Z/r30,3,q10_7,Z,30,bm_gap,rl,isotonic,15000,2368,0.15386621797090472,0.006193703857043537,0.10915006430835161,0.3515757904892491,steps=90
d3_at_q10_7/Z/r30,3,q10_7,Z,30,nn,rl,raw,15000,2284,0.1507469440864735,0.005160557232301176,0.10656739100563983,0.3407771380934855,
d3_at_q10_7/Z/r30,3,q10_7,Z,30,nn,rl,temperature,15000,2284,0.15986271923635395,0.0077326261141450765,0.10663174229447572,0.3411296890997123,T=1.072
d3_at_q10_7/Z/r30,3,q10_7,Z,30,nn,rl,platt,15000,2284,0.15700015378860535,0.008523272792230512,0.10662533679033659,0.3411675431964222,a=0.9058;b=0.0611
d3_at_q10_7/Z/r30,3,q10_7,Z,30,nn,rl,isotonic,15000,2284,0.15599371060142572,0.017421364260097365,0.10744239037655892,0.3437269661863975,steps=47
d3_at_q10_7/Z/r50,3,q10_7,Z,50,mwpm_gap,si1000,raw,15000,4292,0.14023609148832566,0.1458972418450077,0.20495821150880933,0.6798248238174341,
d3_at_q10_7/Z/r50,3,q10_7,Z,50,mwpm_gap,si1000,temperature,15000,4292,0.2782192130695058,0.02686811882477797,0.18272686478400166,0.5450634490312253,T=2.501
d3_at_q10_7/Z/r50,3,q10_7,Z,50,mwpm_gap,si1000,platt,15000,4292,0.294927659817243,0.01456046970095475,0.18193283506313734,0.5433500084736363,a=0.4858;b=-0.2746
d3_at_q10_7/Z/r50,3,q10_7,Z,50,mwpm_gap,si1000,isotonic,15000,4292,0.29520617000896004,0.012109298336255996,0.18157870992192207,0.5427085710188267,steps=43
d3_at_q10_7/Z/r50,3,q10_7,Z,50,mwpm_gap,rl,raw,15000,4099,0.16769035987839911,0.10620899990734659,0.19386976799771702,0.6051488068625812,
d3_at_q10_7/Z/r50,3,q10_7,Z,50,mwpm_gap,rl,temperature,15000,4099,0.27435200103310625,0.02339823244663297,0.1811800051126649,0.5416598192778775,T=1.954
d3_at_q10_7/Z/r50,3,q10_7,Z,50,mwpm_gap,rl,platt,15000,4099,0.28097105597967237,0.02021320271100867,0.18112169880717252,0.5414672390072802,a=0.555;b=-0.1107
d3_at_q10_7/Z/r50,3,q10_7,Z,50,mwpm_gap,rl,isotonic,15000,4099,0.2809980676410765,0.013305612617711808,0.18004316174947865,0.5392840454125336,steps=48
d3_at_q10_7/Z/r50,3,q10_7,Z,50,bm_gap,rl,raw,15000,3441,0.1057252119532619,0.1236747880467381,0.1715858649714067,0.6346555070804651,
d3_at_q10_7/Z/r50,3,q10_7,Z,50,bm_gap,rl,temperature,15000,3441,0.23043302583412814,0.015647023552592516,0.1525638269444712,0.46665785346278865,T=2.739
d3_at_q10_7/Z/r50,3,q10_7,Z,50,bm_gap,rl,platt,15000,3441,0.23335208691464784,0.014537138289965496,0.1524967805741102,0.4665693483467414,a=0.3764;b=-0.04848
d3_at_q10_7/Z/r50,3,q10_7,Z,50,bm_gap,rl,isotonic,15000,3441,0.23331886058384574,0.007342825478226528,0.15202659443614308,0.4667164070302818,steps=74
d3_at_q10_7/Z/r50,3,q10_7,Z,50,nn,rl,raw,15000,3384,0.223955138482175,0.007509053510719239,0.1484904586242834,0.4533709046705289,
d3_at_q10_7/Z/r50,3,q10_7,Z,50,nn,rl,temperature,15000,3384,0.23264870550438396,0.01228378763955608,0.14856498627519255,0.45374535399138044,T=1.064
d3_at_q10_7/Z/r50,3,q10_7,Z,50,nn,rl,platt,15000,3384,0.23490724110820904,0.012421634558908948,0.14858299616317877,0.45375586220292946,a=0.9582;b=-0.03252
d3_at_q10_7/Z/r50,3,q10_7,Z,50,nn,rl,isotonic,15000,3384,0.23482865398182995,0.011794096465984052,0.14887768049634573,0.45475370215542565,steps=54
d3_at_q10_7/Z/r70,3,q10_7,Z,70,mwpm_gap,si1000,raw,15000,5585,0.1925592433958612,0.1797740899374721,0.25481842395665644,0.7961782423170671,
d3_at_q10_7/Z/r70,3,q10_7,Z,70,mwpm_gap,si1000,temperature,15000,5585,0.36100475044469604,0.02890117836160932,0.21895653276114335,0.6271350011668755,T=3.332
d3_at_q10_7/Z/r70,3,q10_7,Z,70,mwpm_gap,si1000,platt,15000,5585,0.37680245467156065,0.015331561637552862,0.21808522324531276,0.625140079112953,a=0.3667;b=-0.1906
d3_at_q10_7/Z/r70,3,q10_7,Z,70,mwpm_gap,si1000,isotonic,15000,5585,0.37681367811124,0.01372384328952322,0.2178543383122846,0.6245135800593806,steps=41
d3_at_q10_7/Z/r70,3,q10_7,Z,70,mwpm_gap,rl,raw,15000,5414,0.22461576935840621,0.1372891196153458,0.2405630842120436,0.7132836257550941,
d3_at_q10_7/Z/r70,3,q10_7,Z,70,mwpm_gap,rl,temperature,15000,5414,0.3589442664486646,0.023346194873513863,0.21772937615152696,0.6244441014118844,T=2.591
d3_at_q10_7/Z/r70,3,q10_7,Z,70,mwpm_gap,rl,platt,15000,5414,0.36938743501075494,0.021247967885363234,0.21753645854267809,0.6238606445305227,a=0.4417;b=-0.1263
d3_at_q10_7/Z/r70,3,q10_7,Z,70,mwpm_gap,rl,isotonic,15000,5414,0.36976503354784906,0.013056345561120689,0.2167914746196296,0.6221041183160803,steps=52
d3_at_q10_7/Z/r90,3,q10_7,Z,90,mwpm_gap,si1000,raw,15000,6051,0.21394559655284556,0.18945440344715442,0.2719888571747949,0.8341144289911084,
d3_at_q10_7/Z/r90,3,q10_7,Z,90,mwpm_gap,si1000,temperature,15000,6051,0.3818467381070252,0.026807677474337824,0.23056680191480253,0.6524685995010668,T=3.523
d3_at_q10_7/Z/r90,3,q10_7,Z,90,mwpm_gap,si1000,platt,15000,6051,0.39928403700022674,0.018773388918272488,0.22988358175377957,0.6510241107263265,a=0.3574;b=-0.1951
d3_at_q10_7/Z/r90,3,q10_7,Z,90,mwpm_gap,si1000,isotonic,15000,6051,0.39903832343713475,0.01797058652142482,0.22971994575908505,0.6507372901415843,steps=35
d3_at_q10_7/Z/r90,3,q10_7,Z,90,mwpm_gap,rl,raw,15000,5914,0.24651356892515577,0.1477530977415109,0.25801933364396357,0.7527944348148242,
d3_at_q10_7/Z/r90,3,q10_7,Z,90,mwpm_gap,rl,temperature,15000,5914,0.3814712336954885,0.0238342416172057,0.23006681423163672,0.6513991705847428,T=2.768
d3_at_q10_7/Z/r90,3,q10_7,Z,90,mwpm_gap,rl,platt,15000,5914,0.39340131058034555,0.02171739910350052,0.22994027265309663,0.6510520708840529,a=0.4247;b=-0.1333
d3_at_q10_7/Z/r90,3,q10_7,Z,90,mwpm_gap,rl,isotonic,15000,5914,0.39372787695076333,0.012465359446421896,0.22927771515286055,0.6497396560144701,steps=42
d3_at_q10_7/Z/r110,3,q10_7,Z,110,mwpm_gap,si1000,raw,15000,6416,0.24278446432370898,0.1849488690096244,0.27946041861791604,0.8350550069600973,
d3_at_q10_7/Z/r110,3,q10_7,Z,110,mwpm_gap,si1000,temperature,15000,6416,0.4216110942507653,0.023418221888169163,0.2378516482859935,0.6681148556520726,T=4.643
d3_at_q10_7/Z/r110,3,q10_7,Z,110,mwpm_gap,si1000,platt,15000,6416,0.43644115930794564,0.014120737368278515,0.23740496521565244,0.6671241723347785,a=0.2777;b=-0.1507
d3_at_q10_7/Z/r110,3,q10_7,Z,110,mwpm_gap,si1000,isotonic,15000,6416,0.4362767527563259,0.01125378632388893,0.23727767022539914,0.6668409117261902,steps=27
d3_at_q10_7/Z/r110,3,q10_7,Z,110,mwpm_gap,rl,raw,15000,6287,0.273264813033416,0.1465262944690527,0.2666771793652801,0.7660721806044797,
d3_at_q10_7/Z/r110,3,q10_7,Z,110,mwpm_gap,rl,temperature,15000,6287,0.42153938368991234,0.01971716592714801,0.23760547916854224,0.6676103710969645,T=3.7
d3_at_q10_7/Z/r110,3,q10_7,Z,110,mwpm_gap,rl,platt,15000,6287,0.4300395723020606,0.01914757202158874,0.23754120139297508,0.6674100303830923,a=0.315;b=-0.08645
d3_at_q10_7/Z/r110,3,q10_7,Z,110,mwpm_gap,rl,isotonic,15000,6287,0.42982252377364843,0.0186144311727404,0.23721006654253887,0.6666114449985059,steps=35
d3_at_q10_7/Z/r130,3,q10_7,Z,130,mwpm_gap,si1000,raw,15000,6770,0.26138796139906423,0.1899453719342692,0.289708357182473,0.8535971701841293,
d3_at_q10_7/Z/r130,3,q10_7,Z,130,mwpm_gap,si1000,temperature,15000,6770,0.44245904045093803,0.019839236430988866,0.2436217031345422,0.6801514972916299,T=5.71
d3_at_q10_7/Z/r130,3,q10_7,Z,130,mwpm_gap,si1000,platt,15000,6770,0.4553338034719869,0.013734779109423334,0.24328040782799815,0.6794304773750242,a=0.2304;b=-0.1244
d3_at_q10_7/Z/r130,3,q10_7,Z,130,mwpm_gap,si1000,isotonic,15000,6770,0.45546179512535295,0.016171508496074957,0.24327491677800997,0.6794310039445209,steps=28
d3_at_q10_7/Z/r130,3,q10_7,Z,130,mwpm_gap,rl,raw,15000,6711,0.2915131326556121,0.15588686734438795,0.2769049264346671,0.7862567271462152,
d3_at_q10_7/Z/r130,3,q10_7,Z,130,mwpm_gap,rl,temperature,15000,6711,0.44001576897666966,0.022151388920198148,0.24339676200625357,0.6796748392735524,T=4.365
d3_at_q10_7/Z/r130,3,q10_7,Z,130,mwpm_gap,rl,platt,15000,6711,0.44882787188268736,0.020996138814488436,0.24319923515653802,0.67924783507993,a=0.2759;b=-0.08459
d3_at_q10_7/Z/r130,3,q10_7,Z,130,mwpm_gap,rl,isotonic,15000,6711,0.44870287219233573,0.013534623962045612,0.24300992481108158,0.6793499333492735,steps=34
d3_at_q10_7/Z/r150,3,q10_7,Z,150,mwpm_gap,si1000,raw,15000,6884,0.27798679276300864,0.18094654057032472,0.2897019341701403,0.8416828682029217,
d3_at_q10_7/Z/r150,3,q10_7,Z,150,mwpm_gap,si1000,temperature,15000,6884,0.45385357658928815,0.016379966998179663,0.24549197256944905,0.6840041252876644,T=6.438
d3_at_q10_7/Z/r150,3,q10_7,Z,150,mwpm_gap,si1000,platt,15000,6884,0.46433785526850235,0.014025119011162504,0.24530222495485496,0.6836016490170499,a=0.1999;b=-0.09505
d3_at_q10_7/Z/r150,3,q10_7,Z,150,mwpm_gap,si1000,isotonic,15000,6884,0.4643903620619926,0.010476109511246862,0.24525336266555095,0.6835026072507393,steps=32
d3_at_q10_7/Z/r150,3,q10_7,Z,150,mwpm_gap,rl,raw,15000,6853,0.30734643636399145,0.14952023030267522,0.27741192952533666,0.782084141249134,
d3_at_q10_7/Z/r150,3,q10_7,Z,150,mwpm_gap,rl,temperature,15000,6853,0.45427685173094473,0.016374864358609992,0.24536508068072527,0.6837545665649039,T=5.198
d3_at_q10_7/Z/r150,3,q10_7,Z,150,mwpm_gap,rl,platt,15000,6853,0.46119102556888136,0.015373712298366631,0.24522627769950814,0.6834626521285063,a=0.2285;b=-0.06217
d3_at_q10_7/Z/r150,3,q10_7,Z,150,mwpm_gap,rl,isotonic,15000,6853,0.4613653868413676,0.013794820827126204,0.2451412061866007,0.6832810640610604,steps=34
d3_at_q10_7/Z/r170,3,q10_7,Z,170,mwpm_gap,si1000,raw,15000,7204,0.3119237756134971,0.16834289105316952,0.2906068577290912,0.8265086940692139,
d3_at_q10_7/Z/r170,3,q10_7,Z,170,mwpm_gap,si1000,temperature,15000,7204,0.47573097236997514,0.013825399376456588,0.24857336935005134,0.6902770818817299,T=9.876
d3_at_q10_7/Z/r170,3,q10_7,Z,170,mwpm_gap,si1000,platt,15000,7204,0.4850478904167514,0.012767093864713502,0.2484632829826551,0.6900510308086109,a=0.1429;b=-0.07725
d3_at_q10_7/Z/r170,3,q10_7,Z,170,mwpm_gap,si1000,isotonic,15000,7204,0.4851174059370318,0.01304497906595557,0.24851106592530514,0.6901405506046701,steps=19
d3_at_q10_7/Z/r170,3,q10_7,Z,170,mwpm_gap,rl,raw,15000,7226,0.34272219972161433,0.13901113361171902,0.2797114348668473,0.7791066054201595,
d3_at_q10_7/Z/r170,3,q10_7,Z,170,mwpm_gap,rl,temperature,15000,7226,0.4781469587175926,0.014934640601934305,0.24868525659717566,0.6905031816285386,T=8.61
d3_at_q10_7/Z/r170,3,q10_7,Z,170,mwpm_gap,rl,platt,15000,7226,0.48900981218206796,0.011850030540838883,0.2485950015101742,0.6903150093414542,a=0.1734;b=-0.08654
d3_at_q10_7/Z/r170,3,q10_7,Z,170,mwpm_gap,rl,isotonic,15000,7226,0.4890284553365936,0.009093807859187036,0.24844673340364848,0.6900083697999556,steps=22
d3_at_q10_7/Z/r190,3,q10_7,Z,190,mwpm_gap,si1000,raw,15000,7284,0.3082756700326402,0.17732432996735978,0.29496516404391404,0.8384126234440624,
d3_at_q10_7/Z/r190,3,q10_7,Z,190,mwpm_gap,si1000,temperature,15000,7284,0.47187016648995306,0.021341248086444636,0.2489615483584231,0.6910547308307823,T=8.699
d3_at_q10_7/Z/r190,3,q10_7,Z,190,mwpm_gap,si1000,platt,15000,7284,0.48083353810378526,0.016447048729135105,0.24878001794915333,0.6906894630771666,a=0.1556;b=-0.07564
d3_at_q10_7/Z/r190,3,q10_7,Z,190,mwpm_gap,si1000,isotonic,15000,7284,0.4810300242833398,0.010978209348311325,0.24861685849006415,0.6903982509932237,steps=22
d3_at_q10_7/Z/r190,3,q10_7,Z,190,mwpm_gap,rl,raw,15000,7298,0.3385700625428926,0.14796327079044075,0.28243142844533553,0.7862667303982038,
d3_at_q10_7/Z/r190,3,q10_7,Z,190,mwpm_gap,rl,temperature,15000,7298,0.4694958165019655,0.017268964959241465,0.24907302322766212,0.6912802602267039,T=6.302
d3_at_q10_7/Z/r190,3,q10_7,Z,190,mwpm_gap,rl,platt,15000,7298,0.4726422470334768,0.01429273752213952,0.2489703994727787,0.6910744896936364,a=0.1757;b=-0.02568
d3_at_q10_7/Z/r190,3,q10_7,Z,190,mwpm_gap,rl,isotonic,15000,7298,0.47285635318443076,0.014906017224953438,0.24913959661444401,0.6914593057633287,steps=19
d3_at_q10_7/Z/r210,3,q10_7,Z,210,mwpm_gap,si1000,raw,15000,7396,0.33820628750384524,0.15486037916282142,0.2871564426050014,0.8060521232439748,
d3_at_q10_7/Z/r210,3,q10_7,Z,210,mwpm_gap,si1000,temperature,15000,7396,0.4845754860942474,0.010557887351015443,0.2495667562253928,0.6922774649709562,T=12.84
d3_at_q10_7/Z/r210,3,q10_7,Z,210,mwpm_gap,si1000,platt,15000,7396,0.4864702621233282,0.00906076587771899,0.24951779469393384,0.6921791085815134,a=0.08707;b=-0.01484
d3_at_q10_7/Z/r210,3,q10_7,Z,210,mwpm_gap,si1000,isotonic,15000,7396,0.4865522643444822,0.00920942739790771,0.2495610563492239,0.6922684927375065,steps=16
d3_at_q10_7/Z/r210,3,q10_7,Z,210,mwpm_gap,rl,raw,15000,7315,0.35509883337715237,0.13256783328951427,0.27727930843911214,0.7676038731678627,
d3_at_q10_7/Z/r210,3,q10_7,Z,210,mwpm_gap,rl,temperature,15000,7315,0.4836738101142382,0.010257915787574885,0.2492922308086442,0.6917277579711094,T=10.27
d3_at_q10_7/Z/r210,3,q10_7,Z,210,mwpm_gap,rl,platt,15000,7315,0.4818854662391312,0.011720298373597764,0.2493471281597718,0.6918379646432556,a=0.08659;b=0.0144
d3_at_q10_7/Z/r210,3,q10_7,Z,210,mwpm_gap,rl,isotonic,15000,7315,0.4820300666523535,0.013860579613332757,0.2493909496225086,0.6919287049259896,steps=16
d3_at_q10_7/Z/r230,3,q10_7,Z,230,mwpm_gap,si1000,raw,15000,7347,0.3334863854976996,0.1563136145023004,0.28997262709873844,0.8138138117259099,
d3_at_q10_7/Z/r230,3,q10_7,Z,230,mwpm_gap,si1000,temperature,15000,7347,0.4865926007309777,0.011055289486323828,0.24967155561464696,0.6924890766964481,T=15.2
d3_at_q10_7/Z/r230,3,q10_7,Z,230,mwpm_gap,si1000,platt,15000,7347,0.49325367537022297,0.012140214485064183,0.24969026740090203,0.692526250130113,a=0.09816;b=-0.05304
d3_at_q10_7/Z/r230,3,q10_7,Z,230,mwpm_gap,si1000,isotonic,15000,7347,0.49331700071368756,0.009381602531299287,0.24970666456682708,0.692563605862661,steps=16
d3_at_q10_7/Z/r230,3,q10_7,Z,230,mwpm_gap,rl,raw,15000,7263,0.35682960689654586,0.1273703931034542,0.27939761561999915,0.7733369797227012,
d3_at_q10_7/Z/r230,3,q10_7,Z,230,mwpm_gap,rl,temperature,15000,7263,0.4861224095470639,0.009623525589507742,0.2496064095367846,0.6923590806177359,T=11.94
d3_at_q10_7/Z/r230,3,q10_7,Z,230,mwpm_gap,rl,platt,15000,7263,0.4838627932593732,0.009780393198874915,0.2496003292869887,0.6923469895612839,a=0.07035;b=0.01794
d3_at_q10_7/Z/r230,3,q10_7,Z,230,mwpm_gap,rl,isotonic,15000,7263,0.4839357834474962,0.008025128474975756,0.24977326076575174,0.6926936829221468,steps=19
d3_at_q10_7/Z/r250,3,q10_7,Z,250,mwpm_gap,si1000,raw,15000,7415,0.3666351202503906,0.1276982130829428,0.27757873390613325,0.7715943132882782,
d3_at_q10_7/Z/r250,3,q10_7,Z,250,mwpm_gap,si1000,temperature,15000,7415,0.49045120107368345,0.006921595352158793,0.2498072825460848,0.6927616715368362,T=16.25
d3_at_q10_7/Z/r250,3,q10_7,Z,250,mwpm_gap,si1000,platt,15000,7415,0.4884356253886054,0.0084703311191285,0.2498428861619391,0.6928328161615415,a=0.05051;b=0.01491
d3_at_q10_7/Z/r250,3,q10_7,Z,250,mwpm_gap,si1000,isotonic,15000,7415,0.4884552335055726,0.008596249888740286,0.24987291338834813,0.6928949414474251,steps=10
d3_at_q10_7/Z/r250,3,q10_7,Z,250,mwpm_gap,rl,raw,15000,7388,0.3785428313504783,0.11399050198285511,0.27397395998821866,0.7547790095197352,
d3_at_q10_7/Z/r250,3,q10_7,Z,250,mwpm_gap,rl,temperature,15000,7388,0.49244774237477773,0.011073431032129865,0.24987556779967962,0.6928982976607083,T=18
d3_at_q10_7/Z/r250,3,q10_7,Z,250,mwpm_gap,rl,platt,15000,7388,0.49791948597752744,0.012916851229134546,0.24992671689161136,0.6930007725452939,a=0.09211;b=-0.04178
d3_at_q10_7/Z/r250,3,q10_7,Z,250,mwpm_gap,rl,isotonic,15000,7388,0.49794178111095366,0.011844149617251026,0.24993940120825453,0.6930327914164118,steps=19
d3_at_q2_7/X/r01,3,q2_7,X,1,mwpm_gap,si1000,raw,15000,89,0.0023234730032463714,0.003611353213583204,0.0051725972070893215,0.02357131722017044,
d3_at_q2_7/X/r01,3,q2_7,X,1,mwpm_gap,si1000,temperature,15000,89,0.004723267721577069,0.0012516077375821432,0.005059943279166946,0.02106112798040682,T=1.315
d3_at_q2_7/X/r01,3,q2_7,X,1,mwpm_gap,si1000,platt,15000,89,0.004940111768436119,0.0010160099393906235,0.00503247984171936,0.021003499704073513,a=0.8252;b=-0.2981
d3_at_q2_7/X/r01,3,q2_7,X,1,mwpm_gap,si1000,isotonic,15000,89,0.004847954137170391,0.0011253771962629383,0.005011730554717367,0.020606089769287003,steps=18
d3_at_q2_7/X/r01,3,q2_7,X,1,mwpm_gap,rl,raw,15000,90,0.0038187869921338696,0.00218750795119511,0.005046637815918273,0.021568763929033678,
d3_at_q2_7/X/r01,3,q2_7,X,1,mwpm_gap,rl,temperature,15000,90,0.004920766171167983,0.0011024297081415279,0.005022611926656704,0.020920683992418435,T=1.117
d3_at_q2_7/X/r01,3,q2_7,X,1,mwpm_gap,rl,platt,15000,90,0.004509106536543651,0.0015653760668881385,0.00513038090953231,0.021001928962814612,a=0.7617;b=0.4946
d3_at_q2_7/X/r01,3,q2_7,X,1,mwpm_gap,rl,isotonic,15000,90,0.004619536864036511,0.0014351706573739178,0.004932792412832172,0.020266802311372213,steps=17
d3_at_q2_7/X/r01,3,q2_7,X,1,exact,si1000,raw,15000,86,0.0026318627220198987,0.0031043615527751338,0.00514221637210277,0.022740733858374048,
d3_at_q2_7/X/r01,3,q2_7,X,1,exact,si1000,temperature,15000,86,0.004710661823806853,0.001064970257570305,0.005049475948825672,0.020899553026716044,T=1.255
d3_at_q2_7/X/r01,3,q2_7,X,1,exact,si1000,platt,15000,86,0.0048394377371945695,0.0009242783968561887,0.005050037065254879,0.020885074853682538,a=0.8349;b=-0.1694
d3_at_q2_7/X/r01,3,q2_7,X,1,exact,si1000,isotonic,15000,86,0.004786236870806641,0.0009870944626266876,0.005072260763127686,0.020674825220194832,steps=18
d3_at_q2_7/X/r01,3,q2_7,X,1,exact,rl,raw,15000,82,0.0043587496276329355,0.0011228918551422168,0.004918850261031755,0.020732147674121446,
d3_at_q2_7/X/r01,3,q2_7,X,1,exact,rl,temperature,15000,82,0.0049153513980640115,0.0005785604785847888,0.004912659179993273,0.020500796361787307,T=1.055
d3_at_q2_7/X/r01,3,q2_7,X,1,exact,rl,platt,15000,82,0.004432251929139888,0.0011288969750187278,0.004918470633062317,0.020395783668014558,a=0.793;b=0.5552
d3_at_q2_7/X/r01,3,q2_7,X,1,exact,rl,isotonic,15000,82,0.004579358828391578,0.0009420153596855183,0.004959419945925215,0.020328025172718988,steps=16
d3_at_q2_7/X/r01,3,q2_7,X,1,bm_gap,rl,raw,15000,89,0.0009468386273552233,0.0049864947059785015,0.0053547610692641365,0.03458827102549415,
d3_at_q2_7/X/r01,3,q2_7,X,1,bm_gap,rl,temperature,15000,89,0.005104627557265596,0.0008288365055272087,0.005029793038017247,0.020744818537601795,T=2.202
d3_at_q2_7/X/r01,3,q2_7,X,1,bm_gap,rl,platt,15000,89,0.004539609122786771,0.0013965395302350985,0.005155338018112453,0.020768377570649272,a=0.3482;b=0.7331
d3_at_q2_7/X/r01,3,q2_7,X,1,bm_gap,rl,isotonic,15000,89,0.004586819006660657,0.0013865333783516722,0.0049868802824830066,0.020355243761829647,steps=22
d3_at_q2_7/X/r01,3,q2_7,X,1,nn,rl,raw,15000,82,0.005608056893934698,0.0002569774674201085,0.004905331822911203,0.020012814462640995,
d3_at_q2_7/X/r01,3,q2_7,X,1,nn,rl,temperature,15000,82,0.004577562844499272,0.0009103049981853767,0.004914515140145134,0.020171277706747794,T=0.9174
d3_at_q2_7/X/r01,3,q2_7,X,1,nn,rl,platt,15000,82,0.004013161168565683,0.0015298274373872487,0.004915201301757975,0.020286596464456973,a=0.9036;b=0.6402
d3_at_q2_7/X/r01,3,q2_7,X,1,nn,rl,isotonic,15000,82,0.004149789555681355,0.0014673983736392543,0.005046407995137958,0.022142105144572922,steps=19
d3_at_q2_7/X/r10,3,q2_7,X,10,mwpm_gap,si1000,raw,15000,1051,0.03173882381252595,0.03832802946457774,0.054614949414242484,0.2241953970232266,
d3_at_q2_7/X/r10,3,q2_7,X,10,mwpm_gap,si1000,temperature,15000,1051,0.0659913331737167,0.011363288712660768,0.052341287862873384,0.18806331484117306,T=1.659
d3_at_q2_7/X/r10,3,q2_7,X,10,mwpm_gap,si1000,platt,15000,1051,0.0699924636975014,0.007727884119997858,0.05207839353391348,0.18795689708785548,a=0.6711;b=-0.2874
d3_at_q2_7/X/r10,3,q2_7,X,10,mwpm_gap,si1000,isotonic,15000,1051,0.06978864266207291,0.0029467909108143353,0.051827429211261274,0.18664869247404106,steps=53
d3_at_q2_7/X/r10,3,q2_7,X,10,mwpm_gap,rl,raw,15000,980,0.04116202498456762,0.024172598114241165,0.05326381069146866,0.20225438637671844,
d3_at_q2_7/X/r10,3,q2_7,X,10,mwpm_gap,rl,temperature,15000,980,0.06594199610286879,0.01062813877595916,0.05237923390653192,0.18902582836080584,T=1.358
d3_at_q2_7/X/r10,3,q2_7,X,10,mwpm_gap,rl,platt,15000,980,0.06424837968027523,0.011854844429032509,0.05240609479059652,0.18885520784178383,a=0.6978;b=0.1305
d3_at_q2_7/X/r10,3,q2_7,X,10,mwpm_gap,rl,isotonic,15000,980,0.06442105728770124,0.002742366256570351,0.051891763030297335,0.18698861007751297,steps=40
d3_at_q2_7/X/r10,3,q2_7,X,10,bm_gap,rl,raw,15000,810,0.021614576231543187,0.03238542376845687,0.045234604503594,0.2304409365884466,
d3_at_q2_7/X/r10,3,q2_7,X,10,bm_gap,rl,temperature,15000,810,0.059385367980290586,0.010748390114700407,0.0424916617155925,0.15546812359754983,T=2.374
d3_at_q2_7/X/r10,3,q2_7,X,10,bm_gap,rl,platt,15000,810,0.05580606499739753,0.007982970236290785,0.04237543872681801,0.15422038137194014,a=0.3804;b=0.2386
d3_at_q2_7/X/r10,3,q2_7,X,10,bm_gap,rl,isotonic,15000,810,0.05581916436321629,0.00432639780560155,0.042388340366041256,0.15209054229681745,steps=72
d3_at_q2_7/X/r10,3,q2_7,X,10,nn,rl,raw,15000,773,0.05377380579922897,0.004055350716107055,0.03988337506367049,0.14135133019728033,
d3_at_q2_7/X/r10,3,q2_7,X,10,nn,rl,temperature,15000,773,0.05633185847941695,0.00568039615938221,0.03991803427716312,0.1414665429000708,T=1.037
d3_at_q2_7/X/r10,3,q2_7,X,10,nn,rl,platt,15000,773,0.0570837855369576,0.006513160884013968,0.03997643632685361,0.14159591011159495,a=0.981;b=-0.04704
d3_at_q2_7/X/r10,3,q2_7,X,10,nn,rl,isotonic,15000,773,0.05734538393587251,0.010261199754886895,0.04026616403992607,0.145076895615864,steps=46
d3_at_q2_7/X/r30,3,q2_7,X,30,mwpm_gap,si1000,raw,15000,2981,0.08966833163730974,0.10906500169602358,0.14715018240769706,0.5339636736177585,
d3_at_q2_7/X/r30,3,q2_7,X,30,mwpm_gap,si1000,temperature,15000,2981,0.18542057063151968,0.02219574685292201,0.13431293370353295,0.4239949118259273,T=2.093
d3_at_q2_7/X/r30,3,q2_7,X,30,mwpm_gap,si1000,platt,15000,2981,0.19817804682085904,0.009299049768320505,0.13335881913282857,0.421963954156375,a=0.56;b=-0.3108
d3_at_q2_7/X/r30,3,q2_7,X,30,mwpm_gap,si1000,isotonic,15000,2981,0.19859606936757582,0.009654708446855523,0.13292407691606445,0.42137173032865705,steps=51
d3_at_q2_7/X/r30,3,q2_7,X,30,mwpm_gap,rl,raw,15000,2776,0.10561801582063733,0.07944865084602934,0.14106311453421497,0.47218044031352085,
d3_at_q2_7/X/r30,3,q2_7,X,30,mwpm_gap,rl,temperature,15000,2776,0.1816030658004748,0.013649643455439092,0.13376048687337952,0.42311429794766375,T=1.665
d3_at_q2_7/X/r30,3,q2_7,X,30,mwpm_gap,rl,platt,15000,2776,0.18650286455001658,0.015508077428541748,0.13374477224515896,0.42303636703528136,a=0.6467;b=-0.135
d3_at_q2_7/X/r30,3,q2_7,X,30,mwpm_gap,rl,isotonic,15000,2776,0.18624274656567055,0.010676074748729078,0.13321631055268587,0.4223940912188611,steps=47
d3_at_q2_7/X/r30,3,q2_7,X,30,bm_gap,rl,raw,15000,2370,0.06760217926353274,0.09039782073646728,0.12440935695695196,0.5224929525609969,
d3_at_q2_7/X/r30,3,q2_7,X,30,bm_gap,rl,temperature,15000,2370,0.16065289913706293,0.015493406245133635,0.11200183471847755,0.36213868606715344,T=2.602
d3_at_q2_7/X/r30,3,q2_7,X,30,bm_gap,rl,platt,15000,2370,0.15688325605565553,0.015854520666659166,0.11206782636046074,0.361943948407915,a=0.3667;b=0.0893
d3_at_q2_7/X/r30,3,q2_7,X,30,bm_gap,rl,isotonic,15000,2370,0.1571109403061869,0.01403071492128466,0.11168606046999974,0.36008291152233507,steps=78
d3_at_q2_7/X/r30,3,q2_7,X,30,nn,rl,raw,15000,2325,0.15202535005886955,0.006596270239143503,0.10609774540747946,0.33900487551298575,
d3_at_q2_7/X/r30,3,q2_7,X,30,nn,rl,temperature,15000,2325,0.1559891914777388,0.0071426239161022365,0.1061038903056787,0.33911521311129483,T=1.031
d3_at_q2_7/X/r30,3,q2_7,X,30,nn,rl,platt,15000,2325,0.16016890969500674,0.006238872150779626,0.10608695180809058,0.3390541784183515,a=1.014;b=-0.09274
d3_at_q2_7/X/r30,3,q2_7,X,30,nn,rl,isotonic,15000,2325,0.1602858053088474,0.006521460675695035,0.10652361972184939,0.34202174887115866,steps=55
d3_at_q2_7/X/r50,3,q2_7,X,50,mwpm_gap,si1000,raw,15000,4301,0.13224627177219422,0.1544870615611391,0.20758420346635909,0.7166309167293164,
d3_at_q2_7/X/r50,3,q2_7,X,50,mwpm_gap,si1000,temperature,15000,4301,0.2731105989019825,0.0220254748332234,0.18287077835425392,0.5457124284058188,T=2.634
d3_at_q2_7/X/r50,3,q2_7,X,50,mwpm_gap,si1000,platt,15000,4301,0.2867791233083472,0.009373848682746497,0.1820256544178928,0.5439140197347359,a=0.4445;b=-0.2258
d3_at_q2_7/X/r50,3,q2_7,X,50,mwpm_gap,si1000,isotonic,15000,4301,0.28639070477432255,0.008691494951252201,0.18173558404139015,0.5435509607380995,steps=48
d3_at_q2_7/X/r50,3,q2_7,X,50,mwpm_gap,rl,raw,15000,4175,0.14963809349541704,0.12869523983791628,0.20034489607934935,0.6349254019536731,
d3_at_q2_7/X/r50,3,q2_7,X,50,mwpm_gap,rl,temperature,15000,4175,0.26976046678096627,0.02306799094978804,0.18320172992392275,0.5465643934390176,T=2.089
d3_at_q2_7/X/r50,3,q2_7,X,50,mwpm_gap,rl,platt,15000,4175,0.27622361992926525,0.020704024997045368,0.18280628777637986,0.5456609323934759,a=0.5246;b=-0.1227
d3_at_q2_7/X/r50,3,q2_7,X,50,mwpm_gap,rl,isotonic,15000,4175,0.27633675892816134,0.01039256941916358,0.1820031378865989,0.5443177752924698,steps=41
d3_at_q2_7/X/r50,3,q2_7,X,50,bm_gap,rl,raw,15000,3540,0.1031115071918264,0.13288849280817358,0.1791949750620323,0.6886641403257682,
d3_at_q2_7/X/r50,3,q2_7,X,50,bm_gap,rl,temperature,15000,3540,0.23878440537731538,0.01568708095225722,0.1578173725555637,0.48227621414533894,T=2.959
d3_at_q2_7/X/r50,3,q2_7,X,50,bm_gap,rl,platt,15000,3540,0.23994714763450198,0.014385543698219275,0.15779371189689756,0.4822525705888247,a=0.3422;b=-0.0192
d3_at_q2_7/X/r50,3,q2_7,X,50,bm_gap,rl,isotonic,15000,3540,0.23979178855048486,0.00798414706106781,0.15756379457184738,0.48112046740137954,steps=82
d3_at_q2_7/X/r50,3,q2_7,X,50,nn,rl,raw,15000,3483,0.23030487781169282,0.0069035554734561055,0.15324768124975913,0.4661168560396127,
d3_at_q2_7/X/r50,3,q2_7,X,50,nn,rl,temperature,15000,3483,0.22785426543789605,0.007990940626821479,0.1532683960277564,0.4662033724074685,T=0.9828
d3_at_q2_7/X/r50,3,q2_7,X,50,nn,rl,platt,15000,3483,0.22840047184916426,0.00799687937762625,0.15326746880162367,0.46620434791672766,a=1.022;b=-0.008066
d3_at_q2_7/X/r50,3,q2_7,X,50,nn,rl,isotonic,15000,3483,0.22817891725151834,0.012021033654406987,0.15391433703624557,0.4701159020806607,steps=56
d3_at_q2_7/X/r70,3,q2_7,X,70,mwpm_gap,si1000,raw,15000,5117,0.1647112390206173,0.176422094312716,0.24209904316585096,0.8064510732450226,
d3_at_q2_7/X/r70,3,q2_7,X,70,mwpm_gap,si1000,temperature,15000,5117,0.3299791846822254,0.02283502038697128,0.2084554573790315,0.604527480982479,T=3.172
d3_at_q2_7/X/r70,3,q2_7,X,70,mwpm_gap,si1000,platt,15000,5117,0.3444964572172521,0.014480761676955504,0.20790112199882352,0.603322199705669,a=0.3751;b=-0.1948
d3_at_q2_7/X/r70,3,q2_7,X,70,mwpm_gap,si1000,isotonic,15000,5117,0.344240887015386,0.011767683907523172,0.2079003210272719,0.6038078552712393,steps=40
d3_at_q2_7/X/r70,3,q2_7,X,70,mwpm_gap,rl,raw,15000,4947,0.18100891628427102,0.148791083715729,0.23287621164718436,0.7179228886932691,
d3_at_q2_7/X/r70,3,q2_7,X,70,mwpm_gap,rl,temperature,15000,4947,0.3268956915542727,0.019871282626736295,0.20868542917998176,0.6053634927458605,T=2.527
d3_at_q2_7/X/r70,3,q2_7,X,70,mwpm_gap,rl,platt,15000,4947,0.3375407167517631,0.018869326261824824,0.2086113546938127,0.6051221137256596,a=0.4629;b=-0.1662
d3_at_q2_7/X/r70,3,q2_7,X,70,mwpm_gap,rl,isotonic,15000,4947,0.3376306894779224,0.013895242567489021,0.20818143078408968,0.6044929865780656,steps=35
d3_at_q2_7/X/r90,3,q2_7,X,90,mwpm_gap,si1000,raw,15000,6569,0.23832848673429397,0.19960484659903935,0.2948436115929853,0.9164640454145687,
d3_at_q2_7/X/r90,3,q2_7,X,90,mwpm_gap,si1000,temperature,15000,6569,0.43569946387063146,0.021349979364253757,0.24187808301128863,0.676546774594204,T=6.209
d3_at_q2_7/X/r90,3,q2_7,X,90,mwpm_gap,si1000,platt,15000,6569,0.44726853818793205,0.022017982732114944,0.24185435993867135,0.676452336383595,a=0.1995;b=-0.1082
d3_at_q2_7/X/r90,3,q2_7,X,90,mwpm_gap,si1000,isotonic,15000,6569,0.4474557699662522,0.018988464686288592,0.24105590820216638,0.674692602385342,steps=27
d3_at_q2_7/X/r90,3,q2_7,X,90,mwpm_gap,rl,raw,15000,6460,0.2431699735550826,0.1874966931115841,0.2834779333800475,0.8294007198055163,
d3_at_q2_7/X/r90,3,q2_7,X,90,mwpm_gap,rl,temperature,15000,6460,0.42634977245209427,0.02305370024666572,0.24105152592008441,0.6748544321304177,T=4.639
d3_at_q2_7/X/r90,3,q2_7,X,90,mwpm_gap,rl,platt,15000,6460,0.4299033610690577,0.02189810895804172,0.2409447317756198,0.6746214829005848,a=0.2346;b=-0.04042
d3_at_q2_7/X/r90,3,q2_7,X,90,mwpm_gap,rl,isotonic,15000,6460,0.43029952528799187,0.012664272993704833,0.2402400712259557,0.6731173811116536,steps=29
d3_at_q2_7/X/r110,3,q2_7,X,110,mwpm_gap,si1000,raw,15000,6272,0.22374151635359377,0.1943918169797395,0.2824904046300829,0.8845244269805347,
d3_at_q2_7/X/r110,3,q2_7,X,110,mwpm_gap,si1000,temperature,15000,6272,0.4102312482374244,0.018289142117030525,0.23625797121392422,0.6648562088401974,T=4.679
d3_at_q2_7/X/r110,3,q2_7,X,110,mwpm_gap,si1000,platt,15000,6272,0.4231746901327736,0.01375135447867605,0.23605194761151185,0.6644035591637429,a=0.2605;b=-0.1316
d3_at_q2_7/X/r110,3,q2_7,X,110,mwpm_gap,si1000,isotonic,15000,6272,0.4233439821328191,0.015548069827244932,0.23608934168971143,0.6645662906241623,steps=38
d3_at_q2_7/X/r110,3,q2_7,X,110,mwpm_gap,rl,raw,15000,6187,0.23499936834703739,0.17746729831962926,0.27479753963620485,0.8078219796311867,
d3_at_q2_7/X/r110,3,q2_7,X,110,mwpm_gap,rl,temperature,15000,6187,0.4060240946469492,0.020226772764571566,0.23715394249191243,0.6667679765110178,T=3.729
d3_at_q2_7/X/r110,3,q2_7,X,110,mwpm_gap,rl,platt,15000,6187,0.41425277604915073,0.018541718494794635,0.23708038745060597,0.6665842382299915,a=0.3155;b=-0.1002
d3_at_q2_7/X/r110,3,q2_7,X,110,mwpm_gap,rl,isotonic,15000,6187,0.4146952326822867,0.012198358431465528,0.2367354123773311,0.6658442873181187,steps=30
d3_at_q2_7/X/r130,3,q2_7,X,130,mwpm_gap,si1000,raw,15000,6861,0.2562730412935661,0.2011269587064339,0.2967026311511826,0.8994375435435794,
d3_at_q2_7/X/r130,3,q2_7,X,130,mwpm_gap,si1000,temperature,15000,6861,0.44480512001862177,0.019430203033330734,0.24452694535240432,0.6820105693573565,T=6.444
d3_at_q2_7/X/r130,3,q2_7,X,130,mwpm_gap,si1000,platt,15000,6861,0.4542847455521635,0.012883925213189179,0.24419282068804077,0.6813228447032628,a=0.1887;b=-0.08591
d3_at_q2_7/X/r130,3,q2_7,X,130,mwpm_gap,si1000,isotonic,15000,6861,0.4544319266616539,0.010529859321729779,0.24409998158178595,0.681096922127525,steps=31
d3_at_q2_7/X/r130,3,q2_7,X,130,mwpm_gap,rl,raw,15000,6756,0.2641479041356372,0.18625209586436275,0.2860209911376705,0.8240135951270846,
d3_at_q2_7/X/r130,3,q2_7,X,130,mwpm_gap,rl,temperature,15000,6756,0.443895382977885,0.022698833892273458,0.24439414607732454,0.6817675180360195,T=5.428
d3_at_q2_7/X/r130,3,q2_7,X,130,mwpm_gap,rl,platt,15000,6756,0.45521035623498357,0.018066784018558497,0.24412693464825708,0.6812031273756062,a=0.248;b=-0.1231
d3_at_q2_7/X/r130,3,q2_7,X,130,mwpm_gap,rl,isotonic,15000,6756,0.45527632338310325,0.01381804800564327,0.24405021139383606,0.6810103106395922,steps=25
d3_at_q2_7/X/r150,3,q2_7,X,150,mwpm_gap,si1000,raw,15000,6908,0.2650855430703209,0.19544779026301246,0.29820912394871535,0.898407260930134,
d3_at_q2_7/X/r150,3,q2_7,X,150,mwpm_gap,si1000,temperature,15000,6908,0.45299428989554263,0.011700208912829342,0.24613461513034687,0.6853301301454187,T=7.156
d3_at_q2_7/X/r150,3,q2_7,X,150,mwpm_gap,si1000,platt,15000,6908,0.4617297391849276,0.008714472301974556,0.2460515272025137,0.6851600021294194,a=0.1711;b=-0.07733
d3_at_q2_7/X/r150,3,q2_7,X,150,mwpm_gap,si1000,isotonic,15000,6908,0.4615964730084882,0.011555192519260571,0.24618763969668103,0.6865201349276892,steps=35
d3_at_q2_7/X/r150,3,q2_7,X,150,mwpm_gap,rl,raw,15000,6942,0.2705576080922251,0.19224239190777487,0.291115168397789,0.835549265168591,
d3_at_q2_7/X/r150,3,q2_7,X,150,mwpm_gap,rl,temperature,15000,6942,0.45049879340888704,0.01808298715479707,0.24652050865906636,0.6861169402807483,T=5.916
d3_at_q2_7/X/r150,3,q2_7,X,150,mwpm_gap,rl,platt,15000,6942,0.45485451123312254,0.012940706660850386,0.24634531672959503,0.6857631078429234,a=0.1944;b=-0.0472
d3_at_q2_7/X/r150,3,q2_7,X,150,mwpm_gap,rl,isotonic,15000,6942,0.4547074214684379,0.01646265551755069,0.24649337643320787,0.6870960550007871,steps=22
d3_at_q2_7/X/r170,3,q2_7,X,170,mwpm_gap,si1000,raw,15000,7067,0.2877177751843262,0.18341555814900717,0.2955237095008621,0.8705706986360936,
d3_at_q2_7/X/r170,3,q2_7,X,170,mwpm_gap,si1000,temperature,15000,7067,0.4658405642478991,0.010474496780931798,0.24759961726244134,0.688306115352139,T=8.551
d3_at_q2_7/X/r170,3,q2_7,X,170,mwpm_gap,si1000,platt,15000,7067,0.47290443785293057,0.00786963475908135,0.247515310742359,0.6881335107881245,a=0.1421;b=-0.05771
d3_at_q2_7/X/r170,3,q2_7,X,170,mwpm_gap,si1000,isotonic,15000,7067,0.4730356662383366,0.006665278810523578,0.24744229625348782,0.6879864419034607,steps=28
d3_at_q2_7/X/r170,3,q2_7,X,170,mwpm_gap,rl,raw,15000,7070,0.290667410160456,0.1806659231728774,0.28873543182806094,0.8180960371422445,
d3_at_q2_7/X/r170,3,q2_7,X,170,mwpm_gap,rl,temperature,15000,7070,0.4615980961231161,0.015724411770838227,0.2478294906430975,0.6887717836046732,T=6.744
d3_at_q2_7/X/r170,3,q2_7,X,170,mwpm_gap,rl,platt,15000,7070,0.4693985045459447,0.010070827822962907,0.2476725347465737,0.688454231763708,a=0.1943;b=-0.07893
d3_at_q2_7/X/r170,3,q2_7,X,170,mwpm_gap,rl,isotonic,15000,7070,0.46965727633013515,0.009649813770237818,0.24760144734594428,0.6883059723837964,steps=27
d3_at_q2_7/X/r190,3,q2_7,X,190,mwpm_gap,si1000,raw,15000,7127,0.2950141053762828,0.18011922795705046,0.2948723967428649,0.8651136516604713,
d3_at_q2_7/X/r190,3,q2_7,X,190,mwpm_gap,si1000,temperature,15000,7127,0.46841251211037704,0.01272371810333673,0.24811321813053466,0.6893498727350753,T=8.824
d3_at_q2_7/X/r190,3,q2_7,X,190,mwpm_gap,si1000,platt,15000,7127,0.47817172571721,0.0121588496600239,0.2480653389855031,0.6892542863588923,a=0.1504;b=-0.08035
d3_at_q2_7/X/r190,3,q2_7,X,190,mwpm_gap,si1000,isotonic,15000,7127,0.47831078796448984,0.013918706809678766,0.24819585732833813,0.6895236873982851,steps=21
d3_at_q2_7/X/r190,3,q2_7,X,190,mwpm_gap,rl,raw,15000,7024,0.29436334689679394,0.1739033197698727,0.2878101756369838,0.8134061300421795,
d3_at_q2_7/X/r190,3,q2_7,X,190,mwpm_gap,rl,temperature,15000,7024,0.46639055698908705,0.010009145328160284,0.24802932586200077,0.6891802677496545,T=7.508
d3_at_q2_7/X/r190,3,q2_7,X,190,mwpm_gap,rl,platt,15000,7024,0.4717999614325533,0.011555355084551284,0.24802244124115086,0.6891623837561742,a=0.168;b=-0.05674
d3_at_q2_7/X/r190,3,q2_7,X,190,mwpm_gap,rl,isotonic,15000,7024,0.4717767358322651,0.015496140506162813,0.2482006229938758,0.6895272805298357,steps=26
d3_at_q2_7/X/r210,3,q2_7,X,210,mwpm_gap,si1000,raw,15000,7265,0.3121674431708975,0.17216589016243583,0.29276821889258453,0.8471656222766114,
d3_at_q2_7/X/r210,3,q2_7,X,210,mwpm_gap,si1000,temperature,15000,7265,0.4824321275084319,0.012073503034089482,0.24903362911708718,0.6912091718575349,T=14.11
d3_at_q2_7/X/r210,3,q2_7,X,210,mwpm_gap,si1000,platt,15000,7265,0.4908644549526192,0.010962889476886022,0.2489563444492634,0.6910537595157058,a=0.1032;b=-0.06579
d3_at_q2_7/X/r210,3,q2_7,X,210,mwpm_gap,si1000,isotonic,15000,7265,0.49085626916466085,0.01100136720387654,0.24903239953803719,0.6912084681270682,steps=13
d3_at_q2_7/X/r210,3,q2_7,X,210,mwpm_gap,rl,raw,15000,7287,0.3114543781514289,0.17434562184857116,0.28742819403436826,0.8046507233725997,
d3_at_q2_7/X/r210,3,q2_7,X,210,mwpm_gap,rl,temperature,15000,7287,0.4805136549857542,0.015549833154796166,0.2490739148654201,0.691288391401415,T=11.62
d3_at_q2_7/X/r210,3,q2_7,X,210,mwpm_gap,rl,platt,15000,7287,0.4830972252303206,0.012931893457316773,0.2489677133049395,0.6910746623696303,a=0.1027;b=-0.02542
d3_at_q2_7/X/r210,3,q2_7,X,210,mwpm_gap,rl,isotonic,15000,7287,0.48311628650156246,0.012157414789319913,0.24892405774532533,0.6915301457220139,steps=24
d3_at_q2_7/X/r230,3,q2_7,X,230,mwpm_gap,si1000,raw,15000,7318,0.32481876270578497,0.16304790396088162,0.29061321134835355,0.831775146727105,
d3_at_q2_7/X/r230,3,q2_7,X,230,mwpm_gap,si1000,temperature,15000,7318,0.48717271202348167,0.012230530849761017,0.24942819464401578,0.6920009635196845,T=17.56
d3_at_q2_7/X/r230,3,q2_7,X,230,mwpm_gap,si1000,platt,15000,7318,0.4947498923978249,0.010501024709748796,0.24939462901474305,0.6919321454720084,a=0.08919;b=-0.05937
d3_at_q2_7/X/r230,3,q2_7,X,230,mwpm_gap,si1000,isotonic,15000,7318,0.4946806290206078,0.008885583753954098,0.24939661446408948,0.6919120579963856,steps=17
d3_at_q2_7/X/r230,3,q2_7,X,230,mwpm_gap,rl,raw,15000,7375,0.32135126953746074,0.17031539712920585,0.28718016248170053,0.8001046579123846,
d3_at_q2_7/X/r230,3,q2_7,X,230,mwpm_gap,rl,temperature,15000,7375,0.4850404435792043,0.012228790072963387,0.2495705695253361,0.6922862400672564,T=14.09
d3_at_q2_7/X/r230,3,q2_7,X,230,mwpm_gap,rl,platt,15000,7375,0.49134740589737363,0.010582390375244138,0.24942992463925784,0.6920036052608823,a=0.1167;b=-0.0637
d3_at_q2_7/X/r230,3,q2_7,X,230,mwpm_gap,rl,isotonic,15000,7375,0.4912059435372948,0.011218204176334895,0.249516756457951,0.6921792197082786,steps=15
d3_at_q2_7/X/r250,3,q2_7,X,250,mwpm_gap,si1000,raw,15000,7208,0.328690191267959,0.15184314206537428,0.28843447396670063,0.8226217313651647,
d3_at_q2_7/X/r250,3,q2_7,X,250,mwpm_gap,si1000,temperature,15000,7208,0.48611619984886373,0.013038499903233986,0.24943723226623812,0.6920193703860563,T=15.63
d3_at_q2_7/X/r250,3,q2_7,X,250,mwpm_gap,si1000,platt,15000,7208,0.48706148879223027,0.013178061365474348,0.24944916365486228,0.6920431167654121,a=0.068;b=-0.007284
d3_at_q2_7/X/r250,3,q2_7,X,250,mwpm_gap,si1000,isotonic,15000,7208,0.4870748182146187,0.009589681620218166,0.24951815179794534,0.6921837297536354,steps=11
d3_at_q2_7/X/r250,3,q2_7,X,250,mwpm_gap,rl,raw,15000,7363,0.32667288300564806,0.16419378366101858,0.28568295177265807,0.7939029141403467,
d3_at_q2_7/X/r250,3,q2_7,X,250,mwpm_gap,rl,temperature,15000,7363,0.48424590491185965,0.01316269099905506,0.2496835268241979,0.6925125928412059,T=12.83
d3_at_q2_7/X/r250,3,q2_7,X,250,mwpm_gap,rl,platt,15000,7363,0.48614734817650557,0.012392955784627268,0.24964802770318661,0.6924413516504262,a=0.09193;b=-0.01889
d3_at_q2_7/X/r250,3,q2_7,X,250,mwpm_gap,rl,isotonic,15000,7363,0.4862157839795746,0.010119553900876734,0.24961857415058608,0.692382214463117,steps=16
d3_at_q2_7/Z/r01,3,q2_7,Z,1,mwpm_gap,si1000,raw,15000,99,0.002470793989328313,0.004130529306018265,0.005962913438471892,0.027587326565018527,
d3_at_q2_7/Z/r01,3,q2_7,Z,1,mwpm_gap,si1000,temperature,15000,99,0.006684666276004441,0.0008330933012371427,0.0058430249963195915,0.02408717696013232,T=1.469
d3_at_q2_7/Z/r01,3,q2_7,Z,1,mwpm_gap,si1000,platt,15000,99,0.0069813015871123315,0.0012125414322752652,0.0058532972808132645,0.024115708689587616,a=0.7476;b=-0.3165
d3_at_q2_7/Z/r01,3,q2_7,Z,1,mwpm_gap,si1000,isotonic,15000,99,0.007005522588170002,0.0006038194992601954,0.005513638011835163,0.021474538543219613,steps=21
d3_at_q2_7/Z/r01,3,q2_7,Z,1,mwpm_gap,rl,raw,15000,96,0.003478588885985378,0.002928909536759226,0.0056203524320846045,0.022019830413312045,
d3_at_q2_7/Z/r01,3,q2_7,Z,1,mwpm_gap,rl,temperature,15000,96,0.005944940785672477,0.0007897145030882285,0.005458658790714236,0.020873584619829428,T=1.262
d3_at_q2_7/Z/r01,3,q2_7,Z,1,mwpm_gap,rl,platt,15000,96,0.006099980073095293,0.0005721558426736251,0.005449097437548092,0.020826346461857957,a=0.8276;b=-0.1427
d3_at_q2_7/Z/r01,3,q2_7,Z,1,mwpm_gap,rl,isotonic,15000,96,0.006375073102223886,0.000292202095167324,0.004972630340795911,0.018720242062727734,steps=16
d3_at_q2_7/Z/r01,3,q2_7,Z,1,exact,si1000,raw,15000,98,0.0026618613169780976,0.00387429584166322,0.005904027210292083,0.02693215070934505,
d3_at_q2_7/Z/r01,3,q2_7,Z,1,exact,si1000,temperature,15000,98,0.006558813875691126,0.0006187534856176561,0.005808129280949555,0.02402520415538833,T=1.412
d3_at_q2_7/Z/r01,3,q2_7,Z,1,exact,si1000,platt,15000,98,0.006902929172369396,0.0010428979081073327,0.005828630249806271,0.024061657512740475,a=0.7882;b=-0.37
d3_at_q2_7/Z/r01,3,q2_7,Z,1,exact,si1000,isotonic,15000,98,0.007039188791248147,0.0007233119045282931,0.005577980628314958,0.021922066380147376,steps=20
d3_at_q2_7/Z/r01,3,q2_7,Z,1,exact,rl,raw,15000,96,0.003953309743741832,0.0024580203808966983,0.0056587160231632416,0.021904542731128587,
d3_at_q2_7/Z/r01,3,q2_7,Z,1,exact,rl,temperature,15000,96,0.00601328279730353,0.0006513836454968189,0.005543292506481069,0.021111364099932552,T=1.206
d3_at_q2_7/Z/r01,3,q2_7,Z,1,exact,rl,platt,15000,96,0.006087653923398603,0.0005485005463364723,0.0055423745853108225,0.02109665318493427,a=0.8466;b=-0.0668
d3_at_q2_7/Z/r01,3,q2_7,Z,1,exact,rl,isotonic,15000,96,0.006396837536330624,0.00023319278456650807,0.004982630580085585,0.018682088059750128,steps=11
d3_at_q2_7/Z/r01,3,q2_7,Z,1,bm_gap,rl,raw,15000,97,0.0010947753114182177,0.005371891355248715,0.006119967632880178,0.03496513299734162,
d3_at_q2_7/Z/r01,3,q2_7,Z,1,bm_gap,rl,temperature,15000,97,0.006360104438182361,0.00021818376580653426,0.0054993410461516195,0.02083929760413891,T=2.427
d3_at_q2_7/Z/r01,3,q2_7,Z,1,bm_gap,rl,platt,15000,97,0.006221058819264668,0.00038915787284427207,0.005503211629957362,0.020862121655382978,a=0.3934;b=0.1333
d3_at_q2_7/Z/r01,3,q2_7,Z,1,bm_gap,rl,isotonic,15000,97,0.006409784671139727,0.0002893382947898987,0.005002655052342238,0.018689556608383867,steps=13
d3_at_q2_7/Z/r01,3,q2_7,Z,1,nn,rl,raw,15000,94,0.006509066948211271,0.00024240028154460548,0.005043375223345078,0.01926080006807002,
d3_at_q2_7/Z/r01,3,q2_7,Z,1,nn,rl,temperature,15000,94,0.00703499144189492,0.0007683247752282528,0.0050474937949361335,0.019326475832552717,T=1.045
d3_at_q2_7/Z/r01,3,q2_7,Z,1,nn,rl,platt,15000,94,0.0067025890171096515,0.0004359223504429854,0.0050464979714748,0.019347588039151438,a=0.9021;b=0.1886
d3_at_q2_7/Z/r01,3,q2_7,Z,1,nn,rl,isotonic,15000,94,0.0068548567818157964,0.0010072359126148966,0.005012836183173201,0.019465516348028237,steps=14
d3_at_q2_7/Z/r10,3,q2_7,Z,10,mwpm_gap,si1000,raw,15000,1033,0.03349126564493685,0.03537574586992066,0.05475798651527234,0.2155709861990233,
d3_at_q2_7/Z/r10,3,q2_7,Z,10,mwpm_gap,si1000,temperature,15000,1033,0.06780049559429496,0.008348831596699375,0.0525435505396691,0.18755193100781797,T=1.599
d3_at_q2_7/Z/r10,3,q2_7,Z,10,mwpm_gap,si1000,platt,15000,1033,0.07116803800715064,0.0070480869243671005,0.05241450372068431,0.18748112023460972,a=0.6863;b=-0.2441
d3_at_q2_7/Z/r10,3,q2_7,Z,10,mwpm_gap,si1000,isotonic,15000,1033,0.07075436675344626,0.004141973530844043,0.05200634535156036,0.185763594577731,steps=42
d3_at_q2_7/Z/r10,3,q2_7,Z,10,mwpm_gap,rl,raw,15000,981,0.04415864158062738,0.021245327823429843,0.0524683918172667,0.19129315699698138,
d3_at_q2_7/Z/r10,3,q2_7,Z,10,mwpm_gap,rl,temperature,15000,981,0.06486842499756082,0.005186469682570026,0.05173205080612499,0.18406442964644337,T=1.274
d3_at_q2_7/Z/r10,3,q2_7,Z,10,mwpm_gap,rl,platt,15000,981,0.06756005765880466,0.0052094293305281055,0.051698661400650645,0.1841786548211845,a=0.8547;b=-0.2176
d3_at_q2_7/Z/r10,3,q2_7,Z,10,mwpm_gap,rl,isotonic,15000,981,0.06739119639944831,0.006198241741713958,0.050959570399414796,0.18150930753809608,steps=33
d3_at_q2_7/Z/r10,3,q2_7,Z,10,bm_gap,rl,raw,15000,819,0.021612135054734916,0.03298786494526512,0.043635785523289665,0.2044564292908232,
d3_at_q2_7/Z/r10,3,q2_7,Z,10,bm_gap,rl,temperature,15000,819,0.057538299744871776,0.0093800864247947,0.040937372885540495,0.14779620746433786,T=2.208
d3_at_q2_7/Z/r10,3,q2_7,Z,10,bm_gap,rl,platt,15000,819,0.05652508192421317,0.010098280799276152,0.04097460723011544,0.14764603937341375,a=0.4399;b=0.06994
d3_at_q2_7/Z/r10,3,q2_7,Z,10,bm_gap,rl,isotonic,15000,819,0.056250057791069834,0.004793185670127026,0.04078161889172922,0.14567545879923532,steps=63
d3_at_q2_7/Z/r10,3,q2_7,Z,10,nn,rl,raw,15000,781,0.051861142411728844,0.0012628169062578866,0.03912891543421162,0.13615781536210744,
d3_at_q2_7/Z/r10,3,q2_7,Z,10,nn,rl,temperature,15000,781,0.05910989485034186,0.007066252215694353,0.03918626919569669,0.13698671001153334,T=1.109
d3_at_q2_7/Z/r10,3,q2_7,Z,10,nn,rl,platt,15000,781,0.06083696354326575,0.008828332359972055,0.03929905773749733,0.13712552449946633,a=0.9375;b=-0.106
d3_at_q2_7/Z/r10,3,q2_7,Z,10,nn,rl,isotonic,15000,781,0.06086769997251158,0.009242133814652047,0.039501227752822464,0.13771953379579396,steps=40
d3_at_q2_7/Z/r30,3,q2_7,Z,30,mwpm_gap,si1000,raw,15000,2815,0.09234777355471298,0.09531889311195368,0.14230783149335385,0.4979263858924033,
d3_at_q2_7/Z/r30,3,q2_7,Z,30,mwpm_gap,si1000,temperature,15000,2815,0.18265701924379316,0.012797368953259562,0.1315411156221354,0.4157545328515162,T=1.945
d3_at_q2_7/Z/r30,3,q2_7,Z,30,mwpm_gap,si1000,platt,15000,2815,0.19140498451982416,0.0062005759035727885,0.13133255785595893,0.41512367516324644,a=0.5765;b=-0.2188
d3_at_q2_7/Z/r30,3,q2_7,Z,30,mwpm_gap,si1000,isotonic,15000,2815,0.19117491014907265,0.006020184495349244,0.13071708451218028,0.41338782112845046,steps=43
d3_at_q2_7/Z/r30,3,q2_7,Z,30,mwpm_gap,rl,raw,15000,2695,0.11068138608168529,0.06898528058498138,0.13613241793062347,0.44284040227034044,
d3_at_q2_7/Z/r30,3,q2_7,Z,30,mwpm_gap,rl,temperature,15000,2695,0.17835565482186436,0.01670117956053473,0.13035439662058088,0.4123261249102539,T=1.543
d3_at_q2_7/Z/r30,3,q2_7,Z,30,mwpm_gap,rl,platt,15000,2695,0.18349224004006973,0.01608320933858625,0.13025695138816176,0.41189095045543167,a=0.7033;b=-0.1503
d3_at_q2_7/Z/r30,3,q2_7,Z,30,mwpm_gap,rl,isotonic,15000,2695,0.18374301653410816,0.006988779503839659,0.1286972676131473,0.4078053235303692,steps=40
d3_at_q2_7/Z/r30,3,q2_7,Z,30,bm_gap,rl,raw,15000,2290,0.06460886476767665,0.08805780189899003,0.11686472444826884,0.4629868623980696,
d3_at_q2_7/Z/r30,3,q2_7,Z,30,bm_gap,rl,temperature,15000,2290,0.15331137616589877,0.01668945645356316,0.10611646960196426,0.3431344424523018,T=2.404
d3_at_q2_7/Z/r30,3,q2_7,Z,30,bm_gap,rl,platt,15000,2290,0.15567577280430833,0.015294019626073494,0.10600142409397378,0.34303136931781064,a=0.429;b=-0.06073
d3_at_q2_7/Z/r30,3,q2_7,Z,30,bm_gap,rl,isotonic,15000,2290,0.15582045921150953,0.006737262784975945,0.10566346135276286,0.34051592412155135,steps=71
d3_at_q2_7/Z/r30,3,q2_7,Z,30,nn,rl,raw,15000,2275,0.1495732847567074,0.0036446619853244006,0.10488786824649432,0.33471746489437926,
d3_at_q2_7/Z/r30,3,q2_7,Z,30,nn,rl,temperature,15000,2275,0.15546947660066646,0.005136598307205787,0.10491274493716213,0.3348405407366872,T=1.048
d3_at_q2_7/Z/r30,3,q2_7,Z,30,nn,rl,platt,15000,2275,0.15595148986753068,0.005199066969913147,0.10491499516286486,0.3348379462210977,a=0.9597;b=-0.01079
d3_at_q2_7/Z/r30,3,q2_7,Z,30,nn,rl,isotonic,15000,2275,0.15656598049311937,0.014184391189329798,0.1056637827477494,0.3368736874337118,steps=58
d3_at_q2_7/Z/r50,3,q2_7,Z,50,mwpm_gap,si1000,raw,15000,4008,0.12617081025537832,0.1410291897446217,0.19513585909081568,0.6516399099039503,
d3_at_q2_7/Z/r50,3,q2_7,Z,50,mwpm_gap,si1000,temperature,15000,4008,0.2518460258375169,0.02334185605657623,0.17394107107081067,0.5238119166583581,T=2.286
d3_at_q2_7/Z/r50,3,q2_7,Z,50,mwpm_gap,si1000,platt,15000,4008,0.26497433915490526,0.01729539317415412,0.1729687249120223,0.5217999494190161,a=0.5143;b=-0.2467
d3_at_q2_7/Z/r50,3,q2_7,Z,50,mwpm_gap,si1000,isotonic,15000,4008,0.26483152767549023,0.00964846871698732,0.1721474640977792,0.5201367501900436,steps=31
d3_at_q2_7/Z/r50,3,q2_7,Z,50,mwpm_gap,rl,raw,15000,3827,0.1490994960860552,0.10603383724727813,0.18522686080373105,0.5771530942833127,
d3_at_q2_7/Z/r50,3,q2_7,Z,50,mwpm_gap,rl,temperature,15000,3827,0.2476944314410162,0.03176255217832205,0.17308927578827096,0.52206802567121,T=1.786
d3_at_q2_7/Z/r50,3,q2_7,Z,50,mwpm_gap,rl,platt,15000,3827,0.2578571428810251,0.03201631944856544,0.17274922832914993,0.5212156825533744,a=0.6526;b=-0.225
d3_at_q2_7/Z/r50,3,q2_7,Z,50,mwpm_gap,rl,isotonic,15000,3827,0.25715091099927734,0.012551755363835832,0.17107040799309034,0.517509247586998,steps=38
d3_at_q2_7/Z/r50,3,q2_7,Z,50,bm_gap,rl,raw,15000,3326,0.09425022503178636,0.12748310830154697,0.16438775778983647,0.6112513910921386,
d3_at_q2_7/Z/r50,3,q2_7,Z,50,bm_gap,rl,temperature,15000,3326,0.21076528495079166,0.029612060179008567,0.14511032978203636,0.4479640653691818,T=2.584
d3_at_q2_7/Z/r50,3,q2_7,Z,50,bm_gap,rl,platt,15000,3326,0.2128961459255397,0.027221807734423183,0.14489086399751885,0.44757236921585375,a=0.3962;b=-0.03981
d3_at_q2_7/Z/r50,3,q2_7,Z,50,bm_gap,rl,isotonic,15000,3326,0.2132227284947659,0.014075600720140588,0.14434496176006684,0.4462244123599407,steps=70
d3_at_q2_7/Z/r50,3,q2_7,Z,50,nn,rl,raw,15000,3229,0.21051498664113025,0.007363924926544549,0.1426917934830682,0.43881608151702833,
d3_at_q2_7/Z/r50,3,q2_7,Z,50,nn,rl,temperature,15000,3229,0.21368474470062124,0.006075485894676703,0.1426795901353249,0.43874032607844177,T=1.023
d3_at_q2_7/Z/r50,3,q2_7,Z,50,nn,rl,platt,15000,3229,0.2138038743447072,0.005962261289874944,0.14267814757734654,0.4387379470994285,a=0.9787;b=-0.001905
d3_at_q2_7/Z/r50,3,q2_7,Z,50,nn,rl,isotonic,15000,3229,0.213594006813259,0.014121862216558779,0.14326769326534014,0.442270860786008,steps=60
d3_at_q2_7/Z/r70,3,q2_7,Z,70,mwpm_gap,si1000,raw,15000,5169,0.1727527362197196,0.17184726378028045,0.24194592895576025,0.7663901462449855,
d3_at_q2_7/Z/r70,3,q2_7,Z,70,mwpm_gap,si1000,temperature,15000,5169,0.32508335895184026,0.028693426344057166,0.20952577490247562,0.6061464394752788,T=2.782
d3_at_q2_7/Z/r70,3,q2_7,Z,70,mwpm_gap,si1000,platt,15000,5169,0.3351643917697541,0.017227701897354064,0.20880931210226233,0.6045973364963003,a=0.408;b=-0.1401
d3_at_q2_7/Z/r70,3,q2_7,Z,70,mwpm_gap,si1000,isotonic,15000,5169,0.33525081062284057,0.017587097909185074,0.20856869525710084,0.6040433151507774,steps=44
d3_at_q2_7/Z/r70,3,q2_7,Z,70,mwpm_gap,rl,raw,15000,5016,0.19151721062887098,0.14288278937112905,0.23216570401876135,0.6926983934313515,
d3_at_q2_7/Z/r70,3,q2_7,Z,70,mwpm_gap,rl,temperature,15000,5016,0.3210408599965005,0.029304574855886598,0.21031730320612638,0.6086324760399888,T=2.197
d3_at_q2_7/Z/r70,3,q2_7,Z,70,mwpm_gap,rl,platt,15000,5016,0.3306918068545721,0.02593144677402853,0.2098796783515383,0.6076478148991851,a=0.533;b=-0.1675
d3_at_q2_7/Z/r70,3,q2_7,Z,70,mwpm_gap,rl,isotonic,15000,5016,0.33044999708999645,0.010887015214726656,0.20847376865445108,0.6043682197567836,steps=37
d3_at_q2_7/Z/r90,3,q2_7,Z,90,mwpm_gap,si1000,raw,15000,5953,0.20525964519835127,0.1916070214683154,0.2747762037295835,0.8499178060698607,
d3_at_q2_7/Z/r90,3,q2_7,Z,90,mwpm_gap,si1000,temperature,15000,5953,0.3893665463735068,0.017893233058922153,0.23086649036338938,0.6534221041900156,T=3.927
d3_at_q2_7/Z/r90,3,q2_7,Z,90,mwpm_gap,si1000,platt,15000,5953,0.40075339485685624,0.00984084988711382,0.23062245240149737,0.6528694380577139,a=0.3032;b=-0.1319
d3_at_q2_7/Z/r90,3,q2_7,Z,90,mwpm_gap,si1000,isotonic,15000,5953,0.4007889999379702,0.007675322386248998,0.23055629200438926,0.652734847924668,steps=32
d3_at_q2_7/Z/r90,3,q2_7,Z,90,mwpm_gap,rl,raw,15000,5769,0.22545702043354002,0.15951388929463853,0.2617128486487551,0.7643730395294396,
d3_at_q2_7/Z/r90,3,q2_7,Z,90,mwpm_gap,rl,temperature,15000,5769,0.3824484847006524,0.023613925618601164,0.2305847424459469,0.6529671344703102,T=2.992
d3_at_q2_7/Z/r90,3,q2_7,Z,90,mwpm_gap,rl,platt,15000,5769,0.3912936212969158,0.025964071498120144,0.23071024566487244,0.6531619351004493,a=0.3957;b=-0.1239
d3_at_q2_7/Z/r90,3,q2_7,Z,90,mwpm_gap,rl,isotonic,15000,5769,0.39139434956108,0.015443689782484763,0.22979740408023877,0.6511950684323027,steps=39
d3_at_q2_7/Z/r110,3,q2_7,Z,110,mwpm_gap,si1000,raw,15000,6148,0.2182093218705235,0.19165734479614321,0.2758577145588468,0.834080612643909,
d3_at_q2_7/Z/r110,3,q2_7,Z,110,mwpm_gap,si1000,temperature,15000,6148,0.39873143839816017,0.02644014463290671,0.23317063822862563,0.658276077352891,T=3.971
d3_at_q2_7/Z/r110,3,q2_7,Z,110,mwpm_gap,si1000,platt,15000,6148,0.4111741303741199,0.0173475774873529,0.23257437158276684,0.6570079538722827,a=0.307;b=-0.1401
d3_at_q2_7/Z/r110,3,q2_7,Z,110,mwpm_gap,si1000,isotonic,15000,6148,0.4112060832021559,0.014247552461171526,0.23242561951854296,0.6567439710372002,steps=33
d3_at_q2_7/Z/r110,3,q2_7,Z,110,mwpm_gap,rl,raw,15000,5972,0.23421487719381195,0.16391845613952136,0.26393315191411426,0.7605824145108863,
d3_at_q2_7/Z/r110,3,q2_7,Z,110,mwpm_gap,rl,temperature,15000,5972,0.3945522979329349,0.02629172191833394,0.23280941952430143,0.6576189933829103,T=3.175
d3_at_q2_7/Z/r110,3,q2_7,Z,110,mwpm_gap,rl,platt,15000,5972,0.40239851947303895,0.02517371812951392,0.23252670713106746,0.656960827094331,a=0.3726;b=-0.1099
d3_at_q2_7/Z/r110,3,q2_7,Z,110,mwpm_gap,rl,isotonic,15000,5972,0.4023924921154042,0.012221681100657134,0.23171946704032992,0.6551462177294648,steps=23
d3_at_q2_7/Z/r130,3,q2_7,Z,130,mwpm_gap,si1000,raw,15000,6532,0.25004055471364106,0.1854261119530256,0.2852617937510594,0.8438345986673662,
d3_at_q2_7/Z/r130,3,q2_7,Z,130,mwpm_gap,si1000,temperature,15000,6532,0.42666421141108335,0.0212444377979606,0.24092545622660208,0.6745661803816763,T=4.699
d3_at_q2_7/Z/r130,3,q2_7,Z,130,mwpm_gap,si1000,platt,15000,6532,0.44139858604695104,0.013989524540467596,0.24076979849358918,0.6742104416721422,a=0.2755;b=-0.1462
d3_at_q2_7/Z/r130,3,q2_7,Z,130,mwpm_gap,si1000,isotonic,15000,6532,0.44133120391105124,0.012145451741097157,0.24051432775631246,0.6737129400404919,steps=29
d3_at_q2_7/Z/r130,3,q2_7,Z,130,mwpm_gap,rl,raw,15000,6397,0.26045878553224755,0.1689969026379152,0.2760802101085441,0.7850867296507534,
d3_at_q2_7/Z/r130,3,q2_7,Z,130,mwpm_gap,rl,temperature,15000,6397,0.42316292461049876,0.029542028155318346,0.2410793244411911,0.6749721708371416,T=3.852
d3_at_q2_7/Z/r130,3,q2_7,Z,130,mwpm_gap,rl,platt,15000,6397,0.4304441955110102,0.027606591347117806,0.2410474208584903,0.6748866448513521,a=0.3109;b=-0.09036
d3_at_q2_7/Z/r130,3,q2_7,Z,130,mwpm_gap,rl,isotonic,15000,6397,0.4304437964856449,0.01081228963544329,0.24033332313417208,0.6734294559035302,steps=24
d3_at_q2_7/Z/r150,3,q2_7,Z,150,mwpm_gap,si1000,raw,15000,6764,0.2631011339504953,0.18783219938283813,0.29164764948670496,0.8522709116206849,
d3_at_q2_7/Z/r150,3,q2_7,Z,150,mwpm_gap,si1000,temperature,15000,6764,0.43882593553592997,0.019176075492998056,0.24427296561140152,0.6814741962089945,T=5.237
d3_at_q2_7/Z/r150,3,q2_7,Z,150,mwpm_gap,si1000,platt,15000,6764,0.4477304453911731,0.015067393200611984,0.24407971865807462,0.6810671419452309,a=0.2294;b=-0.0852
d3_at_q2_7/Z/r150,3,q2_7,Z,150,mwpm_gap,si1000,isotonic,15000,6764,0.44769306917656854,0.0075013701258549335,0.24385009451184042,0.6805951563079489,steps=31
d3_at_q2_7/Z/r150,3,q2_7,Z,150,mwpm_gap,rl,raw,15000,6698,0.2722350825568371,0.17429825077649627,0.2810393184395712,0.7917824390206004,
d3_at_q2_7/Z/r150,3,q2_7,Z,150,mwpm_gap,rl,temperature,15000,6698,0.4350605898276252,0.02257326760693526,0.24401470588924082,0.6809848801307797,T=4.269
d3_at_q2_7/Z/r150,3,q2_7,Z,150,mwpm_gap,rl,platt,15000,6698,0.44371957960899744,0.015068532678886332,0.24372658505357223,0.6803809558641989,a=0.296;b=-0.1036
d3_at_q2_7/Z/r150,3,q2_7,Z,150,mwpm_gap,rl,isotonic,15000,6698,0.443945599602088,0.013847277806664981,0.2437576830521155,0.6815031659888469,steps=25
d3_at_q2_7/Z/r170,3,q2_7,Z,170,mwpm_gap,si1000,raw,15000,6928,0.277944177103869,0.1839224895627977,0.29269508960169816,0.8471599400817031,
d3_at_q2_7/Z/r170,3,q2_7,Z,170,mwpm_gap,si1000,temperature,15000,6928,0.4532274422504072,0.017697984593773218,0.2462741794245922,0.6856159206095526,T=6.276
d3_at_q2_7/Z/r170,3,q2_7,Z,170,mwpm_gap,si1000,platt,15000,6928,0.46188741847849873,0.014150375476022313,0.24612793976383363,0.6853195880047461,a=0.1986;b=-0.08084
d3_at_q2_7/Z/r170,3,q2_7,Z,170,mwpm_gap,si1000,isotonic,15000,6928,0.46208120975130734,0.006968168083061899,0.2460210682723431,0.6851293791994253,steps=24
d3_at_q2_7/Z/r170,3,q2_7,Z,170,mwpm_gap,rl,raw,15000,6833,0.2865761621269518,0.1689571712063815,0.2851533137132023,0.7983303218795959,
d3_at_q2_7/Z/r170,3,q2_7,Z,170,mwpm_gap,rl,temperature,15000,6833,0.45022431258336265,0.014837348489885887,0.24660562070607728,0.6862940291374816,T=5.151
d3_at_q2_7/Z/r170,3,q2_7,Z,170,mwpm_gap,rl,platt,15000,6833,0.46087274596261363,0.017901919892951472,0.24676066317060621,0.6865937011557842,a=0.2704;b=-0.1211
d3_at_q2_7/Z/r170,3,q2_7,Z,170,mwpm_gap,rl,isotonic,15000,6833,0.46099281011705495,0.013325595753840725,0.2464439560934044,0.6864965710899805,steps=31
d3_at_q2_7/Z/r190,3,q2_7,Z,190,mwpm_gap,si1000,raw,15000,7112,0.29921881011781326,0.1749145232155201,0.2926381850730113,0.835250100412625,
d3_at_q2_7/Z/r190,3,q2_7,Z,190,mwpm_gap,si1000,temperature,15000,7112,0.46922236289550845,0.013406137466074847,0.24800937053230257,0.6891356784972833,T=8.393
d3_at_q2_7/Z/r190,3,q2_7,Z,190,mwpm_gap,si1000,platt,15000,7112,0.47778738883167593,0.011121863309856917,0.24790995066184923,0.6889288275148224,a=0.1581;b=-0.07458
d3_at_q2_7/Z/r190,3,q2_7,Z,190,mwpm_gap,si1000,isotonic,15000,7112,0.4778048634435196,0.009520858788555926,0.2477969988161027,0.6887005665643325,steps=21
d3_at_q2_7/Z/r190,3,q2_7,Z,190,mwpm_gap,rl,raw,15000,7055,0.3029316974261469,0.16740163590718646,0.2855790450406767,0.7938046390054265,
d3_at_q2_7/Z/r190,3,q2_7,Z,190,mwpm_gap,rl,temperature,15000,7055,0.46733227616408596,0.01700120541310274,0.24792814687135498,0.6889766205882645,T=7.154
d3_at_q2_7/Z/r190,3,q2_7,Z,190,mwpm_gap,rl,platt,15000,7055,0.4727728771083307,0.017082459027555546,0.24781284443904347,0.688738603026531,a=0.1803;b=-0.05973
d3_at_q2_7/Z/r190,3,q2_7,Z,190,mwpm_gap,rl,isotonic,15000,7055,0.47251846677548515,0.012555184776659978,0.2476105795083753,0.6886242665047885,steps=29
d3_at_q2_7/Z/r210,3,q2_7,Z,210,mwpm_gap,si1000,raw,15000,7217,0.30790419325540946,0.17322914007792395,0.29316463103271134,0.8299333344298998,
d3_at_q2_7/Z/r210,3,q2_7,Z,210,mwpm_gap,si1000,temperature,15000,7217,0.47455867528215234,0.014907225599108514,0.24862055419084395,0.6903696942928457,T=9.565
d3_at_q2_7/Z/r210,3,q2_7,Z,210,mwpm_gap,si1000,platt,15000,7217,0.4823924061854245,0.009623064766929014,0.24847433856058854,0.6900699641423915,a=0.1416;b=-0.06746
d3_at_q2_7/Z/r210,3,q2_7,Z,210,mwpm_gap,si1000,isotonic,15000,7217,0.48256692395668244,0.0078088430263477,0.24830868427281882,0.6897198823422073,steps=22
d3_at_q2_7/Z/r210,3,q2_7,Z,210,mwpm_gap,rl,raw,15000,7125,0.3106097106332551,0.16487758705685066,0.28604718335974455,0.7922683579178774,
d3_at_q2_7/Z/r210,3,q2_7,Z,210,mwpm_gap,rl,temperature,15000,7125,0.4717877740847477,0.015081684751978547,0.24858119756603372,0.6902952317906148,T=7.871
d3_at_q2_7/Z/r210,3,q2_7,Z,210,mwpm_gap,rl,platt,15000,7125,0.4736665494890202,0.015075537770257226,0.2485424240964767,0.6902160938012227,a=0.1411;b=-0.02006
d3_at_q2_7/Z/r210,3,q2_7,Z,210,mwpm_gap,rl,isotonic,15000,7125,0.4737216455956506,0.009452997724023953,0.24835553882122263,0.6898170043724177,steps=20
d3_at_q2_7/Z/r230,3,q2_7,Z,230,mwpm_gap,si1000,raw,15000,7309,0.31942468897401716,0.16784197769264964,0.2947765403272309,0.8314588695119297,
d3_at_q2_7/Z/r230,3,q2_7,Z,230,mwpm_gap,si1000,temperature,15000,7309,0.47946811750903967,0.013188246016083087,0.2496346701356826,0.692416113625025,T=10.93
d3_at_q2_7/Z/r230,3,q2_7,Z,230,mwpm_gap,si1000,platt,15000,7309,0.48385026170861467,0.012547338560741477,0.24963414193789563,0.6924158540340102,a=0.1126;b=-0.03648
d3_at_q2_7/Z/r230,3,q2_7,Z,230,mwpm_gap,si1000,isotonic,15000,7309,0.48425123283667854,0.009278308474388756,0.24973564509158167,0.6926543359286278,steps=18
d3_at_q2_7/Z/r230,3,q2_7,Z,230,mwpm_gap,rl,raw,15000,7326,0.32221510231143,0.1665406529637584,0.28912636445586787,0.7969382194636973,
d3_at_q2_7/Z/r230,3,q2_7,Z,230,mwpm_gap,rl,temperature,15000,7326,0.4793723908886627,0.018117677752842704,0.2496342332596474,0.6924133226544155,T=9.98
d3_at_q2_7/Z/r230,3,q2_7,Z,230,mwpm_gap,rl,platt,15000,7326,0.48812278134855513,0.019411401094312244,0.24964370139927278,0.6924317271933894,a=0.1671;b=-0.0901
d3_at_q2_7/Z/r230,3,q2_7,Z,230,mwpm_gap,rl,isotonic,15000,7326,0.4881364713650696,0.01345172728836277,0.24962041797495463,0.6924496733096817,steps=22
d3_at_q2_7/Z/r250,3,q2_7,Z,250,mwpm_gap,si1000,raw,15000,7317,0.3286068139164107,0.15919318608358926,0.2876018392581565,0.8076373335424162,
d3_at_q2_7/Z/r250,3,q2_7,Z,250,mwpm_gap,si1000,temperature,15000,7317,0.48832597137023176,0.018114368870907734,0.24932758469207578,0.6918002840834717,T=18.04
d3_at_q2_7/Z/r250,3,q2_7,Z,250,mwpm_gap,si1000,platt,15000,7317,0.48804263440840806,0.0182413663320375,0.2493373654440383,0.6918199024871527,a=0.05403;b=0.002315
d3_at_q2_7/Z/r250,3,q2_7,Z,250,mwpm_gap,si1000,isotonic,15000,7317,0.4879795282578434,0.015789329215829893,0.24930218437180143,0.6917479709108231,steps=18
d3_at_q2_7/Z/r250,3,q2_7,Z,250,mwpm_gap,rl,raw,15000,7217,0.331836974243538,0.14929635908979536,0.28193073475549213,0.7784313774778683,
d3_at_q2_7/Z/r250,3,q2_7,Z,250,mwpm_gap,rl,temperature,15000,7217,0.48536998041509066,0.011100384254574935,0.24928777461265625,0.6917207572760257,T=13.21
d3_at_q2_7/Z/r250,3,q2_7,Z,250,mwpm_gap,rl,platt,15000,7217,0.4909845252321523,0.011865176132862195,0.24928351487156514,0.6917111425044177,a=0.1193;b=-0.05621
d3_at_q2_7/Z/r250,3,q2_7,Z,250,mwpm_gap,rl,isotonic,15000,7217,0.4910033350911325,0.012997642087674096,0.24930223656520314,0.6922823520456437,steps=20
d3_at_q4_5/X/r01,3,q4_5,X,1,mwpm_gap,si1000,raw,15000,93,0.0025297376594949866,0.0036717552240012555,0.005532670177329557,0.02634954109504415,
d3_at_q4_5/X/r01,3,q4_5,X,1,mwpm_gap,si1000,temperature,15000,93,0.006149400978692982,0.00015117377555623937,0.005468949125930658,0.023037852831850544,T=1.435
d3_at_q4_5/X/r01,3,q4_5,X,1,mwpm_gap,si1000,platt,15000,93,0.006070228554757295,0.00024658023295167963,0.005470112075337231,0.02302540786433227,a=0.6803;b=0.0791
d3_at_q4_5/X/r01,3,q4_5,X,1,mwpm_gap,si1000,isotonic,15000,93,0.006002987236871585,0.00023701076322840998,0.005331106288697682,0.02219795193966386,steps=17
d3_at_q4_5/X/r01,3,q4_5,X,1,mwpm_gap,rl,raw,15000,98,0.004211565502654463,0.0023287610451684132,0.005402459908768223,0.02214104239240044,
d3_at_q4_5/X/r01,3,q4_5,X,1,mwpm_gap,rl,temperature,15000,98,0.005611444538041813,0.0009597458965206273,0.005368110941922917,0.02128215416209804,T=1.159
d3_at_q4_5/X/r01,3,q4_5,X,1,mwpm_gap,rl,platt,15000,98,0.0056591687378422404,0.0009090251666436112,0.005365004082162672,0.02128315176649935,a=0.8728;b=-0.03649
d3_at_q4_5/X/r01,3,q4_5,X,1,mwpm_gap,rl,isotonic,15000,98,0.005565876570634107,0.0009974552627742238,0.005172365301141286,0.021276938070474313,steps=21
d3_at_q4_5/X/r01,3,q4_5,X,1,exact,si1000,raw,15000,90,0.0026935868568098674,0.0033093040846518306,0.0054464489893525075,0.025029646273352007,
d3_at_q4_5/X/r01,3,q4_5,X,1,exact,si1000,temperature,15000,90,0.005850325735919649,0.0002505329015899131,0.0053757945374572225,0.02243752893465524,T=1.367
d3_at_q4_5/X/r01,3,q4_5,X,1,exact,si1000,platt,15000,90,0.005827465960483735,0.0002780348491722191,0.005374674281535365,0.02243386508231985,a=0.7261;b=0.02436
d3_at_q4_5/X/r01,3,q4_5,X,1,exact,si1000,isotonic,15000,90,0.005697768993626784,0.0003422290064732099,0.005242353930864003,0.021857566575484447,steps=16
d3_at_q4_5/X/r01,3,q4_5,X,1,exact,rl,raw,15000,93,0.004435476951235041,0.0017822308318197742,0.005243922852855197,0.021441949516962343,
d3_at_q4_5/X/r01,3,q4_5,X,1,exact,rl,temperature,15000,93,0.005386278547522987,0.0008646127600521552,0.005227998826143629,0.02094862573729783,T=1.102
d3_at_q4_5/X/r01,3,q4_5,X,1,exact,rl,platt,15000,93,0.005227626138996583,0.0010383980366191583,0.005234206504052623,0.02094221437528939,a=0.8736;b=0.1263
d3_at_q4_5/X/r01,3,q4_5,X,1,exact,rl,isotonic,15000,93,0.0052733592147299795,0.0009566392853450182,0.005064182177485678,0.020991573542193918,steps=26
d3_at_q4_5/X/r01,3,q4_5,X,1,bm_gap,rl,raw,15000,98,0.001414132065954578,0.005119201267379074,0.005752305667283874,0.034351006292522954,
d3_at_q4_5/X/r01,3,q4_5,X,1,bm_gap,rl,temperature,15000,98,0.005948294051463717,0.0005852367653724217,0.0053847690039567795,0.02102754469940806,T=2.272
d3_at_q4_5/X/r01,3,q4_5,X,1,bm_gap,rl,platt,15000,98,0.005711333238019512,0.000822426070770086,0.005398061974156111,0.021005951925352415,a=0.4137;b=0.1826
d3_at_q4_5/X/r01,3,q4_5,X,1,bm_gap,rl,isotonic,15000,98,0.005592103421061354,0.000981227912371973,0.005207312111767788,0.020742626725387847,steps=27
d3_at_q4_5/X/r01,3,q4_5,X,1,nn,rl,raw,15000,86,0.006723425592659267,0.0010363286827993808,0.005058203677295861,0.020121396679881845,
d3_at_q4_5/X/r01,3,q4_5,X,1,nn,rl,temperature,15000,86,0.0060788541357677355,0.0005373586950458665,0.005046796614496469,0.020088365470338446,T=0.9499
d3_at_q4_5/X/r01,3,q4_5,X,1,nn,rl,platt,15000,86,0.0052113088236627894,0.0006431276449882302,0.005009073371316275,0.020085936853041376,a=0.8644;b=0.6294
d3_at_q4_5/X/r01,3,q4_5,X,1,nn,rl,isotonic,15000,86,0.005174449799678035,0.0007188515400540193,0.0049800135385779385,0.020134464950984192,steps=16
d3_at_q4_5/X/r10,3,q4_5,X,10,mwpm_gap,si1000,raw,15000,1278,0.03719489215028858,0.04800574108957807,0.06490059193834102,0.25538146340835305,
d3_at_q4_5/X/r10,3,q4_5,X,10,mwpm_gap,si1000,temperature,15000,1278,0.07781307889920175,0.020609622339383182,0.061352937378344234,0.21431850188203824,T=1.691
d3_at_q4_5/X/r10,3,q4_5,X,10,mwpm_gap,si1000,platt,15000,1278,0.08330550463815066,0.016515246296829635,0.06057503879494081,0.21305853059529054,a=0.6716;b=-0.3316
d3_at_q4_5/X/r10,3,q4_5,X,10,mwpm_gap,si1000,isotonic,15000,1278,0.0833458536796061,0.0050782586864204565,0.060017264855546516,0.21046244529633476,steps=31
d3_at_q4_5/X/r10,3,q4_5,X,10,mwpm_gap,rl,raw,15000,1133,0.049689982580736834,0.025849480255583725,0.05989753951095778,0.21908933988368517,
d3_at_q4_5/X/r10,3,q4_5,X,10,mwpm_gap,rl,temperature,15000,1133,0.0752515771242709,0.005882079558295324,0.0587439664000112,0.20615988467336138,T=1.348
d3_at_q4_5/X/r10,3,q4_5,X,10,mwpm_gap,rl,platt,15000,1133,0.07396652735183198,0.0059663111865488295,0.058740692515877456,0.2061693931669805,a=0.7204;b=0.07505
d3_at_q4_5/X/r10,3,q4_5,X,10,mwpm_gap,rl,isotonic,15000,1133,0.07399628248249973,0.0047977579573577345,0.058742124550737344,0.206019258584139,steps=46
d3_at_q4_5/X/r10,3,q4_5,X,10,bm_gap,rl,raw,15000,979,0.025708529873348873,0.039558136793317905,0.052995025345761344,0.23918390729265337,
d3_at_q4_5/X/r10,3,q4_5,X,10,bm_gap,rl,temperature,15000,979,0.06712649569158752,0.011108786175166347,0.049010160838425264,0.17328392510094698,T=2.191
d3_at_q4_5/X/r10,3,q4_5,X,10,bm_gap,rl,platt,15000,979,0.0624501191956369,0.013996884016732073,0.04934987713216558,0.17307663044593216,a=0.4014;b=0.2865
d3_at_q4_5/X/r10,3,q4_5,X,10,bm_gap,rl,isotonic,15000,979,0.062302551450199986,0.0038722603954982784,0.048782664308677406,0.16973846848104635,steps=64
d3_at_q4_5/X/r10,3,q4_5,X,10,nn,rl,raw,15000,975,0.061723506261160174,0.00476199448829188,0.04666059486277953,0.15972842982638952,
d3_at_q4_5/X/r10,3,q4_5,X,10,nn,rl,temperature,15000,975,0.06030025309898195,0.005451942778893523,0.04668140433621976,0.15978377076457742,T=0.9811
d3_at_q4_5/X/r10,3,q4_5,X,10,nn,rl,platt,15000,975,0.06038147655101323,0.005363473406246317,0.046675693259220816,0.15977046108208995,a=1.021;b=-0.004653
d3_at_q4_5/X/r10,3,q4_5,X,10,nn,rl,isotonic,15000,975,0.06049205134894125,0.005213528333111938,0.04673614040579256,0.16054797072799323,steps=46
d3_at_q4_5/X/r30,3,q4_5,X,30,mwpm_gap,si1000,raw,15000,3265,0.09543803627321422,0.12222863039345243,0.15979076662127806,0.5702447899396504,
d3_at_q4_5/X/r30,3,q4_5,X,30,mwpm_gap,si1000,temperature,15000,3265,0.19959910800899283,0.0299284450772163,0.14402356167409147,0.4494977858569964,T=2.154
d3_at_q4_5/X/r30,3,q4_5,X,30,mwpm_gap,si1000,platt,15000,3265,0.2178233329473303,0.024094781330229163,0.14232483902225843,0.4461565465502236,a=0.5779;b=-0.4188
d3_at_q4_5/X/r30,3,q4_5,X,30,mwpm_gap,si1000,isotonic,15000,3265,0.21906226721916505,0.006024724993419223,0.1408671696519001,0.44267277531153343,steps=45
d3_at_q4_5/X/r30,3,q4_5,X,30,mwpm_gap,rl,raw,15000,2915,0.11970563303454805,0.0746277002987853,0.14436074598682633,0.48962718554889567,
d3_at_q4_5/X/r30,3,q4_5,X,30,mwpm_gap,rl,temperature,15000,2915,0.19433085594925192,0.013477622018123345,0.1379618892509315,0.4356360482130924,T=1.702
d3_at_q4_5/X/r30,3,q4_5,X,30,mwpm_gap,rl,platt,15000,2915,0.18953822976898324,0.01535084093465756,0.13801726492747507,0.4357824815259028,a=0.5544;b=0.1034
d3_at_q4_5/X/r30,3,q4_5,X,30,mwpm_gap,rl,isotonic,15000,2915,0.1897275600367005,0.009455356889127194,0.13764595355317027,0.4354041742636126,steps=49
d3_at_q4_5/X/r30,3,q4_5,X,30,bm_gap,rl,raw,15000,2442,0.07354822366915287,0.08925177633084715,0.12763116297900753,0.5038888730129935,
d3_at_q4_5/X/r30,3,q4_5,X,30,bm_gap,rl,temperature,15000,2442,0.16841709214023642,0.018816189793085126,0.11687001672812979,0.37676581165407297,T=2.367
d3_at_q4_5/X/r30,3,q4_5,X,30,bm_gap,rl,platt,15000,2442,0.1655994984193006,0.017458362310765863,0.1168857411456324,0.3765425754204008,a=0.4073;b=0.06754
d3_at_q4_5/X/r30,3,q4_5,X,30,bm_gap,rl,isotonic,15000,2442,0.16603483050730167,0.009567409981245488,0.1163218553336363,0.3726349407438175,steps=73
d3_at_q4_5/X/r30,3,q4_5,X,30,nn,rl,raw,15000,2424,0.1624015548468522,0.005598932906494201,0.11190529566026394,0.35524218512596445,
d3_at_q4_5/X/r30,3,q4_5,X,30,nn,rl,temperature,15000,2424,0.16651197503341883,0.006543251897147053,0.1119309361003781,0.3554631807366553,T=1.031
d3_at_q4_5/X/r30,3,q4_5,X,30,nn,rl,platt,15000,2424,0.16545405153087347,0.0066256133511528635,0.11193190055001111,0.3554877383155942,a=0.9598;b=0.0217
d3_at_q4_5/X/r30,3,q4_5,X,30,nn,rl,isotonic,15000,2424,0.1657080723687897,0.011664572596764327,0.11232773553211728,0.3574541929298998,steps=46
d3_at_q4_5/X/r50,3,q4_5,X,50,mwpm_gap,si1000,raw,15000,4763,0.14174745775227282,0.1757858755810605,0.22393655695118816,0.7541504575487123,
d3_at_q4_5/X/r50,3,q4_5,X,50,mwpm_gap,si1000,temperature,15000,4763,0.2889567271008015,0.03589568814162713,0.19343290511075095,0.5697659257337293,T=2.722
d3_at_q4_5/X/r50,3,q4_5,X,50,mwpm_gap,si1000,platt,15000,4763,0.31424429670196286,0.013828225124317481,0.19097658871981912,0.5646894171286765,a=0.4871;b=-0.3995
d3_at_q4_5/X/r50,3,q4_5,X,50,mwpm_gap,si1000,isotonic,15000,4763,0.31406070958104193,0.012731621974202193,0.19032269671904195,0.5637947670746122,steps=39
d3_at_q4_5/X/r50,3,q4_5,X,50,mwpm_gap,rl,raw,15000,4269,0.1713210919079228,0.11327890809207715,0.20366132306417845,0.6603332222940677,
d3_at_q4_5/X/r50,3,q4_5,X,50,mwpm_gap,rl,temperature,15000,4269,0.28381305751591607,0.015942569370127117,0.18832421429683727,0.5593550180314846,T=2.161
d3_at_q4_5/X/r50,3,q4_5,X,50,mwpm_gap,rl,platt,15000,4269,0.2828501766481991,0.015919007732091366,0.18830910129682601,0.5593233002984822,a=0.458;b=0.01387
d3_at_q4_5/X/r50,3,q4_5,X,50,mwpm_gap,rl,isotonic,15000,4269,0.28314396494319344,0.010169011064906204,0.18810200430667992,0.5588947659928083,steps=44
d3_at_q4_5/X/r50,3,q4_5,X,50,bm_gap,rl,raw,15000,3675,0.10928489742042026,0.13571510257957975,0.18861880407035445,0.6862636773767702,
d3_at_q4_5/X/r50,3,q4_5,X,50,bm_gap,rl,temperature,15000,3675,0.24213422818799982,0.024429315804151846,0.1658597601107684,0.5025811542599612,T=2.669
d3_at_q4_5/X/r50,3,q4_5,X,50,bm_gap,rl,platt,15000,3675,0.24490082172235506,0.025008447188159727,0.16585298240495291,0.5026272823795651,a=0.387;b=-0.04847
d3_at_q4_5/X/r50,3,q4_5,X,50,bm_gap,rl,isotonic,15000,3675,0.24459710779621116,0.009421813764073186,0.1650044864941582,0.5004522792567235,steps=87
d3_at_q4_5/X/r50,3,q4_5,X,50,nn,rl,raw,15000,3685,0.24244063837750476,0.009186051466159438,0.15969390123061447,0.48277976808127276,
d3_at_q4_5/X/r50,3,q4_5,X,50,nn,rl,temperature,15000,3685,0.247668761146476,0.009531222935979463,0.1597047503409965,0.482891537018467,T=1.037
d3_at_q4_5/X/r50,3,q4_5,X,50,nn,rl,platt,15000,3685,0.24736429051356026,0.00973863549469754,0.15970861682208665,0.48290273284707835,a=0.9615;b=0.004209
d3_at_q4_5/X/r50,3,q4_5,X,50,nn,rl,isotonic,15000,3685,0.24732502842403353,0.008413705752644217,0.15983194609545717,0.485277860574429,steps=57
d3_at_q4_5/X/r70,3,q4_5,X,70,mwpm_gap,si1000,raw,15000,5640,0.1796924447668378,0.1963075552331622,0.2608638699644277,0.8452821367858768,
d3_at_q4_5/X/r70,3,q4_5,X,70,mwpm_gap,si1000,temperature,15000,5640,0.35114632634029247,0.03255652601753794,0.21981314404064975,0.6294057123072914,T=3.38
d3_at_q4_5/X/r70,3,q4_5,X,70,mwpm_gap,si1000,platt,15000,5640,0.37647346050576863,0.022285252529864966,0.21855267521614105,0.6268560781021424,a=0.3999;b=-0.3192
d3_at_q4_5/X/r70,3,q4_5,X,70,mwpm_gap,si1000,isotonic,15000,5640,0.37664374020597596,0.011231282395963086,0.2172693160888099,0.6242852509870483,steps=35
d3_at_q4_5/X/r70,3,q4_5,X,70,mwpm_gap,rl,raw,15000,5061,0.21423320379060035,0.12833445271387872,0.23575852107545664,0.7397394981510418,
d3_at_q4_5/X/r70,3,q4_5,X,70,mwpm_gap,rl,temperature,15000,5061,0.3456665923815053,0.01788878587434389,0.21451209721790745,0.6184356108383058,T=2.634
d3_at_q4_5/X/r70,3,q4_5,X,70,mwpm_gap,rl,platt,15000,5061,0.3416955974279005,0.01535193885661459,0.2143252357705675,0.6180530392447292,a=0.3628;b=0.04486
d3_at_q4_5/X/r70,3,q4_5,X,70,mwpm_gap,rl,isotonic,15000,5061,0.34185420914166875,0.012748549958032788,0.21403847889833263,0.6175448506365239,steps=47
d3_at_q4_5/X/r90,3,q4_5,X,90,mwpm_gap,si1000,raw,15000,6570,0.23177544796898727,0.20622455203101273,0.29190933062758123,0.9021763667241312,
d3_at_q4_5/X/r90,3,q4_5,X,90,mwpm_gap,si1000,temperature,15000,6570,0.4216263353937651,0.02968245000066343,0.2403080018881412,0.6732729226332039,T=5.128
d3_at_q4_5/X/r90,3,q4_5,X,90,mwpm_gap,si1000,platt,15000,6570,0.43273817496674843,0.018903895427511638,0.23983755682709307,0.6723056613291618,a=0.236;b=-0.111
d3_at_q4_5/X/r90,3,q4_5,X,90,mwpm_gap,si1000,isotonic,15000,6570,0.4327475818589947,0.012219657743786277,0.2392119034469773,0.67214386532414,steps=19
d3_at_q4_5/X/r90,3,q4_5,X,90,mwpm_gap,rl,raw,15000,6339,0.2731628146846639,0.149437185315336,0.26794872899528754,0.8049111522649464,
d3_at_q4_5/X/r90,3,q4_5,X,90,mwpm_gap,rl,temperature,15000,6339,0.41801276654918246,0.02198791961615316,0.2379261680243248,0.6684136325218824,T=3.856
d3_at_q4_5/X/r90,3,q4_5,X,90,mwpm_gap,rl,platt,15000,6339,0.4244865090397976,0.021871947674128672,0.23791853338516938,0.6684042114937002,a=0.2835;b=-0.0569
d3_at_q4_5/X/r90,3,q4_5,X,90,mwpm_gap,rl,isotonic,15000,6339,0.42442538285825737,0.007916243720197929,0.2372770197509731,0.6670681652917229,steps=36
d3_at_q4_5/X/r110,3,q4_5,X,110,mwpm_gap,si1000,raw,15000,6657,0.23780757059926025,0.20599242940073975,0.29149381480323383,0.8933541862509596,
d3_at_q4_5/X/r110,3,q4_5,X,110,mwpm_gap,si1000,temperature,15000,6657,0.4250397020763241,0.027672909320801933,0.24087113190355497,0.6744419733729408,T=5.182
d3_at_q4_5/X/r110,3,q4_5,X,110,mwpm_gap,si1000,platt,15000,6657,0.44489462078735426,0.016779782132269244,0.24015888501168303,0.6729908128421475,a=0.2644;b=-0.1915
d3_at_q4_5/X/r110,3,q4_5,X,110,mwpm_gap,si1000,isotonic,15000,6657,0.44522704424163906,0.0069766184319209005,0.23956300706165937,0.6728697261361931,steps=31
d3_at_q4_5/X/r110,3,q4_5,X,110,mwpm_gap,rl,raw,15000,6252,0.27690916223595985,0.14428570070206068,0.2689100433544149,0.8040302858630611,
d3_at_q4_5/X/r110,3,q4_5,X,110,mwpm_gap,rl,temperature,15000,6252,0.4204502044741741,0.018043664518409604,0.23882004849918997,0.6702888963230396,T=3.874
d3_at_q4_5/X/r110,3,q4_5,X,110,mwpm_gap,rl,platt,15000,6252,0.4145203072168488,0.017220789362097127,0.23875351592730287,0.6701527962524289,a=0.2367;b=0.0507
d3_at_q4_5/X/r110,3,q4_5,X,110,mwpm_gap,rl,isotonic,15000,6252,0.41446242012541223,0.013116787910209305,0.23881756424070041,0.6708515467313604,steps=22
d3_at_q4_5/X/r130,3,q4_5,X,130,mwpm_gap,si1000,raw,15000,6867,0.2621792238434942,0.19562077615650583,0.2940077345835782,0.8825104964554521,
d3_at_q4_5/X/r130,3,q4_5,X,130,mwpm_gap,si1000,temperature,15000,6867,0.44500994094222285,0.025373838770948422,0.2444519088844243,0.6818524374727334,T=6.21
d3_at_q4_5/X/r130,3,q4_5,X,130,mwpm_gap,si1000,platt,15000,6867,0.4620644509029946,0.019134721644709966,0.2440987906487981,0.6811217097388151,a=0.2218;b=-0.1516
d3_at_q4_5/X/r130,3,q4_5,X,130,mwpm_gap,si1000,isotonic,15000,6867,0.46208061815003304,0.01007748128204266,0.24381647675637064,0.6805881997605903,steps=23
d3_at_q4_5/X/r130,3,q4_5,X,130,mwpm_gap,rl,raw,15000,6553,0.30179180452238213,0.1369806959274451,0.27280218951010665,0.8005168008279815,
d3_at_q4_5/X/r130,3,q4_5,X,130,mwpm_gap,rl,temperature,15000,6553,0.4408047046077422,0.011673482328477631,0.24296910286538134,0.6788435019809441,T=4.51
d3_at_q4_5/X/r130,3,q4_5,X,130,mwpm_gap,rl,platt,15000,6553,0.4412146310810494,0.011981213140879932,0.2429759140319417,0.6788571222418558,a=0.2232;b=-0.003214
d3_at_q4_5/X/r130,3,q4_5,X,130,mwpm_gap,rl,isotonic,15000,6553,0.4413583669261156,0.02195780509982879,0.24347581117893466,0.679928249297939,steps=29
d3_at_q4_5/X/r150,3,q4_5,X,150,mwpm_gap,si1000,raw,15000,7142,0.28079023047081947,0.1953431028625139,0.29901475244602765,0.8804485477682132,
d3_at_q4_5/X/r150,3,q4_5,X,150,mwpm_gap,si1000,temperature,15000,7142,0.4627798561273577,0.022373000008638486,0.2474743257578782,0.6880360329477502,T=8.161
d3_at_q4_5/X/r150,3,q4_5,X,150,mwpm_gap,si1000,platt,15000,7142,0.47092176298903227,0.0171609812927907,0.24717719074906933,0.687431908515362,a=0.1522;b=-0.06869
d3_at_q4_5/X/r150,3,q4_5,X,150,mwpm_gap,si1000,isotonic,15000,7142,0.47120347319837114,0.013289975841835756,0.24688982135304438,0.6868598336960201,steps=16
d3_at_q4_5/X/r150,3,q4_5,X,150,mwpm_gap,rl,raw,15000,6884,0.3205322518191918,0.14065276130961127,0.2779777326790394,0.8021406818486728,
d3_at_q4_5/X/r150,3,q4_5,X,150,mwpm_gap,rl,temperature,15000,6884,0.4607853919793222,0.01358479976975735,0.2464206048575072,0.6859027712505674,T=5.994
d3_at_q4_5/X/r150,3,q4_5,X,150,mwpm_gap,rl,platt,15000,6884,0.46196297873613584,0.013199644089087258,0.24642322884106876,0.6859071239057952,a=0.1712;b=-0.008816
d3_at_q4_5/X/r150,3,q4_5,X,150,mwpm_gap,rl,isotonic,15000,6884,0.4621082717176282,0.010597266899343039,0.2464033751916239,0.6858714196451178,steps=22
d3_at_q4_5/X/r170,3,q4_5,X,170,mwpm_gap,si1000,raw,15000,7319,0.29859306547079917,0.18934026786253416,0.2982134138472404,0.866611919848868,
d3_at_q4_5/X/r170,3,q4_5,X,170,mwpm_gap,si1000,temperature,15000,7319,0.4645922360634623,0.024100192237817893,0.24887590082434388,0.6908715983659538,T=7.634
d3_at_q4_5/X/r170,3,q4_5,X,170,mwpm_gap,si1000,platt,15000,7319,0.4759955984488628,0.01626916642475774,0.2485044188968383,0.6901275208140103,a=0.1742;b=-0.09238
d3_at_q4_5/X/r170,3,q4_5,X,170,mwpm_gap,si1000,isotonic,15000,7319,0.47575540579566306,0.014421155296288752,0.24830928656630172,0.6897488386262559,steps=25
d3_at_q4_5/X/r170,3,q4_5,X,170,mwpm_gap,rl,raw,15000,7063,0.3370702262693213,0.1366458038837644,0.27844415591475635,0.7958505012583669,
d3_at_q4_5/X/r170,3,q4_5,X,170,mwpm_gap,rl,temperature,15000,7063,0.46240977826053226,0.016134760991311944,0.2480820414818722,0.689286405353356,T=5.513
d3_at_q4_5/X/r170,3,q4_5,X,170,mwpm_gap,rl,platt,15000,7063,0.4654042059314388,0.015222012873870174,0.2480846566815199,0.6892941820648865,a=0.1929;b=-0.02153
d3_at_q4_5/X/r170,3,q4_5,X,170,mwpm_gap,rl,isotonic,15000,7063,0.4656993228714918,0.012417228808612686,0.24801857223782411,0.6891811365363382,steps=30
d3_at_q4_5/X/r190,3,q4_5,X,190,mwpm_gap,si1000,raw,15000,7289,0.31391363232694125,0.17201970100639213,0.2928800571033998,0.8428215309796057,
d3_at_q4_5/X/r190,3,q4_5,X,190,mwpm_gap,si1000,temperature,15000,7289,0.4820449943579201,0.013401837604559385,0.24907541003643358,0.6912909153721943,T=13.56
d3_at_q4_5/X/r190,3,q4_5,X,190,mwpm_gap,si1000,platt,15000,7289,0.4861528860638106,0.011837950711804551,0.24898788782644696,0.6911145643195507,a=0.0898;b=-0.03209
d3_at_q4_5/X/r190,3,q4_5,X,190,mwpm_gap,si1000,isotonic,15000,7289,0.4862199267983749,0.007767130835639118,0.2490243820844566,0.6912508330249727,steps=19
d3_at_q4_5/X/r190,3,q4_5,X,190,mwpm_gap,rl,raw,15000,7233,0.35406935481285734,0.12813064518714268,0.2767695195958095,0.7839229978474462,
d3_at_q4_5/X/r190,3,q4_5,X,190,mwpm_gap,rl,temperature,15000,7233,0.4794430895360949,0.010202546945435485,0.24877794560866398,0.6906895935436651,T=8.872
d3_at_q4_5/X/r190,3,q4_5,X,190,mwpm_gap,rl,platt,15000,7233,0.48321530512239314,0.009838381516707989,0.2487380115279074,0.6906088599365088,a=0.1276;b=-0.02598
d3_at_q4_5/X/r190,3,q4_5,X,190,mwpm_gap,rl,isotonic,15000,7233,0.48329087114295627,0.010307229497300303,0.2488970509731081,0.6909266372828885,steps=22
d3_at_q4_5/X/r210,3,q4_5,X,210,mwpm_gap,si1000,raw,15000,7489,0.32870974682604764,0.17055691984061908,0.29265582481658275,0.831887494409393,
d3_at_q4_5/X/r210,3,q4_5,X,210,mwpm_gap,si1000,temperature,15000,7489,0.48454402052341816,0.01885147745146546,0.24972250080068434,0.6925890963718775,T=14.07
d3_at_q4_5/X/r210,3,q4_5,X,210,mwpm_gap,si1000,platt,15000,7489,0.48920917221352633,0.015885832797603076,0.24956230277446678,0.692267832906274,a=0.09135;b=-0.03631
d3_at_q4_5/X/r210,3,q4_5,X,210,mwpm_gap,si1000,isotonic,15000,7489,0.4888885773665502,0.010378089300116577,0.24939603160525858,0.691940368522027,steps=20
d3_at_q4_5/X/r210,3,q4_5,X,210,mwpm_gap,rl,raw,15000,7293,0.3669171662424763,0.12294104473238626,0.274538975405341,0.7727370263128337,
d3_at_q4_5/X/r210,3,q4_5,X,210,mwpm_gap,rl,temperature,15000,7293,0.4829991051012278,0.010097612988386606,0.24929417800533393,0.6917313595048523,T=9.503
d3_at_q4_5/X/r210,3,q4_5,X,210,mwpm_gap,rl,platt,15000,7293,0.48607560470455563,0.00965318361754125,0.24927655245020233,0.6916962721722749,a=0.1189;b=-0.02115
d3_at_q4_5/X/r210,3,q4_5,X,210,mwpm_gap,rl,isotonic,15000,7293,0.4859692773271746,0.011261953997516038,0.24928261519271452,0.6917098285623264,steps=22
d3_at_q4_5/X/r230,3,q4_5,X,230,mwpm_gap,si1000,raw,15000,7382,0.3377837605540358,0.15434957277929753,0.28900710250028067,0.8184487642777337,
d3_at_q4_5/X/r230,3,q4_5,X,230,mwpm_gap,si1000,temperature,15000,7382,0.48785403272585287,0.012635294641361157,0.24982110822145948,0.6927886407851638,T=16.62
d3_at_q4_5/X/r230,3,q4_5,X,230,mwpm_gap,si1000,platt,15000,7382,0.4928667641305282,0.012139971739530075,0.24983705202358086,0.6928204467313742,a=0.08243;b=-0.03802
d3_at_q4_5/X/r230,3,q4_5,X,230,mwpm_gap,si1000,isotonic,15000,7382,0.4927876399089324,0.00910858285426926,0.24982207242057805,0.692794058998468,steps=18
d3_at_q4_5/X/r230,3,q4_5,X,230,mwpm_gap,rl,raw,15000,7399,0.37705295123130417,0.11621371543536241,0.27547407897424014,0.7709009432601064,
d3_at_q4_5/X/r230,3,q4_5,X,230,mwpm_gap,rl,temperature,15000,7399,0.4851746503633516,0.0158853718969595,0.24991751454514244,0.6929830448236588,T=9.864
d3_at_q4_5/X/r230,3,q4_5,X,230,mwpm_gap,rl,platt,15000,7399,0.4871411009068528,0.015718327328634124,0.24991229528625966,0.6929730506393743,a=0.1104;b=-0.01317
d3_at_q4_5/X/r230,3,q4_5,X,230,mwpm_gap,rl,isotonic,15000,7399,0.48712662309973737,0.017399607570024844,0.25014015989433647,0.6934347226676362,steps=17
d3_at_q4_5/X/r250,3,q4_5,X,250,mwpm_gap,si1000,raw,15000,7410,0.34949877894512016,0.14450122105487978,0.2840248859420703,0.7977646928349041,
d3_at_q4_5/X/r250,3,q4_5,X,250,mwpm_gap,si1000,temperature,15000,7410,0.490727482235462,0.01381066153489618,0.24980374214501935,0.6927538660868805,T=19.72
d3_at_q4_5/X/r250,3,q4_5,X,250,mwpm_gap,si1000,platt,15000,7410,0.49547420654580043,0.012775018104195086,0.24978285233114142,0.6927116366390648,a=0.07307;b=-0.03534
d3_at_q4_5/X/r250,3,q4_5,X,250,mwpm_gap,si1000,isotonic,15000,7410,0.49547998955618,0.012619651699114038,0.24977292157762537,0.6926949921691036,steps=22
d3_at_q4_5/X/r250,3,q4_5,X,250,mwpm_gap,rl,raw,15000,7455,0.38717975856530834,0.10982024143469163,0.27114470976775223,0.7551569204100597,
d3_at_q4_5/X/r250,3,q4_5,X,250,mwpm_gap,rl,temperature,15000,7455,0.49050424131397075,0.014580726663821505,0.24973465974031298,0.6926149536635889,T=13.88
d3_at_q4_5/X/r250,3,q4_5,X,250,mwpm_gap,rl,platt,15000,7455,0.4902591566383542,0.01471373375464209,0.24974060152116495,0.6926268689595912,a=0.07082;b=0.001621
d3_at_q4_5/X/r250,3,q4_5,X,250,mwpm_gap,rl,isotonic,15000,7455,0.49017214493319006,0.008956863164122081,0.2495692272305169,0.6922813314404722,steps=10
d3_at_q4_5/Z/r01,3,q4_5,Z,1,mwpm_gap,si1000,raw,15000,62,0.002596341206993675,0.0015381500097679142,0.003505475182902289,0.016405014481740105,
d3_at_q4_5/Z/r01,3,q4_5,Z,1,mwpm_gap,si1000,temperature,15000,62,0.004129170125756523,0.0002362979589794432,0.003477258077836849,0.015627122079302468,T=1.215
d3_at_q4_5/Z/r01,3,q4_5,Z,1,mwpm_gap,si1000,platt,15000,62,0.0040219235269083895,0.0001307555308238518,0.003487308921103041,0.015607464555084837,a=0.7883;b=0.1496
d3_at_q4_5/Z/r01,3,q4_5,Z,1,mwpm_gap,si1000,isotonic,15000,62,0.004072029117976484,0.00012700150125180578,0.003381823511664297,0.014866917881630878,steps=10
d3_at_q4_5/Z/r01,3,q4_5,Z,1,mwpm_gap,rl,raw,15000,58,0.0026669859048777922,0.0012032193269845017,0.003415492890710614,0.015334227236139558,
d3_at_q4_5/Z/r01,3,q4_5,Z,1,mwpm_gap,rl,temperature,15000,58,0.0037412323794298297,0.00020332035713395788,0.0033923630831031613,0.015021525587006286,T=1.13
d3_at_q4_5/Z/r01,3,q4_5,Z,1,mwpm_gap,rl,platt,15000,58,0.003955069601363847,0.00022087621956279848,0.0033727590033168146,0.01506379456182353,a=0.9908;b=-0.4134
d3_at_q4_5/Z/r01,3,q4_5,Z,1,mwpm_gap,rl,isotonic,15000,58,0.0040771789226389035,0.00033884583929307135,0.0033627156734469554,0.014763216062838284,steps=22
d3_at_q4_5/Z/r01,3,q4_5,Z,1,exact,si1000,raw,15000,61,0.0027393393090764163,0.0013297982047347369,0.003417502057079842,0.015702446995207876,
d3_at_q4_5/Z/r01,3,q4_5,Z,1,exact,si1000,temperature,15000,61,0.0039725754427667095,0.00012135305621464449,0.003396609906562447,0.015207308344098029,T=1.165
d3_at_q4_5/Z/r01,3,q4_5,Z,1,exact,si1000,platt,15000,61,0.004081598930229788,0.00024771962985904424,0.003389622188679024,0.015227860485696907,a=0.8958;b=-0.1562
d3_at_q4_5/Z/r01,3,q4_5,Z,1,exact,si1000,isotonic,15000,61,0.004139194319596907,0.0002454570064625642,0.003337683126752075,0.01472542683013013,steps=16
d3_at_q4_5/Z/r01,3,q4_5,Z,1,exact,rl,raw,15000,58,0.0029683247214925966,0.0009045365712769339,0.003403088419997815,0.015403237343591506,
d3_at_q4_5/Z/r01,3,q4_5,Z,1,exact,rl,temperature,15000,58,0.0037698937163443474,0.00017458669764524993,0.003394738526704021,0.01522547883360285,T=1.091
d3_at_q4_5/Z/r01,3,q4_5,Z,1,exact,rl,platt,15000,58,0.003871663076068818,0.00013676924368977332,0.003380939888081875,0.01524643437270785,a=0.9703;b=-0.2015
d3_at_q4_5/Z/r01,3,q4_5,Z,1,exact,rl,isotonic,15000,58,0.003817479039725716,0.00016655247763673207,0.0033216933796134857,0.014652925548922136,steps=20
d3_at_q4_5/Z/r01,3,q4_5,Z,1,bm_gap,rl,raw,15000,58,0.0007758596991229416,0.0030908069675437654,0.0035440947324152294,0.023637151500004856,
d3_at_q4_5/Z/r01,3,q4_5,Z,1,bm_gap,rl,temperature,15000,58,0.0040737793275702405,0.00037799229046622557,0.003367053569894836,0.015553458067204496,T=2.103
d3_at_q4_5/Z/r01,3,q4_5,Z,1,bm_gap,rl,platt,15000,58,0.003990409616864234,0.000284250459513927,0.0033708236339100436,0.01549334592970111,a=0.4566;b=0.1317
d3_at_q4_5/Z/r01,3,q4_5,Z,1,bm_gap,rl,isotonic,15000,58,0.004041323483723593,0.0003029904003777606,0.0034006616205826947,0.0147867244928344,steps=16
d3_at_q4_5/Z/r01,3,q4_5,Z,1,nn,rl,raw,15000,61,0.004212672263359806,0.00029106429805098597,0.0034190742481175766,0.015175321057678486,
d3_at_q4_5/Z/r01,3,q4_5,Z,1,nn,rl,temperature,15000,61,0.00419933154598471,0.00028036425672516274,0.0034190491725272446,0.01517496447554616,T=0.9987
d3_at_q4_5/Z/r01,3,q4_5,Z,1,nn,rl,platt,15000,61,0.0048390811665996155,0.0010377947366358208,0.0035172319533811024,0.015490517830435717,a=1.23;b=-0.8238
d3_at_q4_5/Z/r01,3,q4_5,Z,1,nn,rl,isotonic,15000,61,0.005174408134175322,0.001344085922755536,0.0038527696781664677,0.01903934192446333,steps=20
d3_at_q4_5/Z/r10,3,q4_5,Z,10,mwpm_gap,si1000,raw,15000,1121,0.03624601205385992,0.038487983739644384,0.056927783803609966,0.2160539971392575,
d3_at_q4_5/Z/r10,3,q4_5,Z,10,mwpm_gap,si1000,temperature,15000,1121,0.07007803200946033,0.014160707369186775,0.054245592762602705,0.18945924434169856,T=1.591
d3_at_q4_5/Z/r10,3,q4_5,Z,10,mwpm_gap,si1000,platt,15000,1121,0.07617598400902213,0.009330170917296175,0.053699351340192776,0.18841757146200155,a=0.726;b=-0.3872
d3_at_q4_5/Z/r10,3,q4_5,Z,10,mwpm_gap,si1000,isotonic,15000,1121,0.07621970540365583,0.0032112132649329593,0.05328066363344877,0.18633772430051548,steps=49
d3_at_q4_5/Z/r10,3,q4_5,Z,10,mwpm_gap,rl,raw,15000,1052,0.044793292676124655,0.025342688240171368,0.05468198950237586,0.1963193728863275,
d3_at_q4_5/Z/r10,3,q4_5,Z,10,mwpm_gap,rl,temperature,15000,1052,0.06825850552324388,0.01071327298440132,0.05340070810191825,0.18656220032554754,T=1.332
d3_at_q4_5/Z/r10,3,q4_5,Z,10,mwpm_gap,rl,platt,15000,1052,0.07178761047277585,0.008183224310062302,0.05326865450733347,0.18639566738280622,a=0.8259;b=-0.2442
d3_at_q4_5/Z/r10,3,q4_5,Z,10,mwpm_gap,rl,isotonic,15000,1052,0.07212504280879263,0.004309186550618117,0.05281028129250223,0.18463166601827213,steps=53
d3_at_q4_5/Z/r10,3,q4_5,Z,10,bm_gap,rl,raw,15000,846,0.024420504624898035,0.031979495375521014,0.04379244674287831,0.20672725565106448,
d3_at_q4_5/Z/r10,3,q4_5,Z,10,bm_gap,rl,temperature,15000,846,0.05889145338372456,0.005729569086999493,0.04106822666461545,0.1458636805144278,T=2.323
d3_at_q4_5/Z/r10,3,q4_5,Z,10,bm_gap,rl,platt,15000,846,0.0564665118344369,0.007785105365076621,0.041155786534562776,0.14574290274027665,a=0.4067;b=0.1429
d3_at_q4_5/Z/r10,3,q4_5,Z,10,bm_gap,rl,isotonic,15000,846,0.05645345188685923,0.0024879559533266256,0.04096066235028697,0.14418176374819758,steps=66
d3_at_q4_5/Z/r10,3,q4_5,Z,10,nn,rl,raw,15000,823,0.05339033884740792,0.0026690870602185776,0.040260776520189466,0.14039854302983518,
d3_at_q4_5/Z/r10,3,q4_5,Z,10,nn,rl,temperature,15000,823,0.055415321068505094,0.0024470850067190336,0.040259227885158885,0.1403959637818839,T=1.031
d3_at_q4_5/Z/r10,3,q4_5,Z,10,nn,rl,platt,15000,823,0.05684713517357298,0.003945769385994782,0.04026877938021981,0.14041915408500893,a=1;b=-0.08622
d3_at_q4_5/Z/r10,3,q4_5,Z,10,nn,rl,isotonic,15000,823,0.0568712621350446,0.004331309521415822,0.04051103787556801,0.14174596292385988,steps=43
d3_at_q4_5/Z/r30,3,q4_5,Z,30,mwpm_gap,si1000,raw,15000,2872,0.09142578330903493,0.10004088335763174,0.144873137953042,0.5029824468764177,
d3_at_q4_5/Z/r30,3,q4_5,Z,30,mwpm_gap,si1000,temperature,15000,2872,0.18186843106707365,0.020387942884466815,0.13290125443887504,0.4177642220657632,T=1.949
d3_at_q4_5/Z/r30,3,q4_5,Z,30,mwpm_gap,si1000,platt,15000,2872,0.19237569568658527,0.012228490462482942,0.13246919398509438,0.4165402217807169,a=0.5879;b=-0.2622
d3_at_q4_5/Z/r30,3,q4_5,Z,30,mwpm_gap,si1000,isotonic,15000,2872,0.1927063402675128,0.008475712256349287,0.13182500433058253,0.4150017220452947,steps=43
d3_at_q4_5/Z/r30,3,q4_5,Z,30,mwpm_gap,rl,raw,15000,2849,0.11097323269649603,0.07896010063683731,0.14039058294742007,0.4546479910906179,
d3_at_q4_5/Z/r30,3,q4_5,Z,30,mwpm_gap,rl,temperature,15000,2849,0.1792716356068644,0.021719672946526183,0.13275224712827793,0.41606404750436643,T=1.583
d3_at_q4_5/Z/r30,3,q4_5,Z,30,mwpm_gap,rl,platt,15000,2849,0.18922362126872855,0.016719637225259234,0.13228868603440294,0.41467320327665064,a=0.7272;b=-0.2674
d3_at_q4_5/Z/r30,3,q4_5,Z,30,mwpm_gap,rl,isotonic,15000,2849,0.18954248845337468,0.009289731164890937,0.13126532556601309,0.41221959889134363,steps=38
d3_at_q4_5/Z/r30,3,q4_5,Z,30,bm_gap,rl,raw,15000,2310,0.06943708297566265,0.08456291702433735,0.11607181637887855,0.47231851252139484,
d3_at_q4_5/Z/r30,3,q4_5,Z,30,bm_gap,rl,temperature,15000,2310,0.15466283902522676,0.015043009545845318,0.10544823917827009,0.3392998646011572,T=2.544
d3_at_q4_5/Z/r30,3,q4_5,Z,30,bm_gap,rl,platt,15000,2310,0.15065257832851445,0.017605556604086504,0.10565799236544893,0.3395794682061628,a=0.3758;b=0.09027
d3_at_q4_5/Z/r30,3,q4_5,Z,30,bm_gap,rl,isotonic,15000,2310,0.15043543907673793,0.011843377783337147,0.10523420838622606,0.33799772852296944,steps=72
d3_at_q4_5/Z/r30,3,q4_5,Z,30,nn,rl,raw,15000,2186,0.14714667633630737,0.006936821648024887,0.10291282080068444,0.3308773714164553,
d3_at_q4_5/Z/r30,3,q4_5,Z,30,nn,rl,temperature,15000,2186,0.15200507374444902,0.007235347739140358,0.10294644165363236,0.3309478244529711,T=1.039
d3_at_q4_5/Z/r30,3,q4_5,Z,30,nn,rl,platt,15000,2186,0.15528406924516286,0.010425433818128457,0.10310345173517622,0.33128314938821823,a=0.9957;b=-0.07287
d3_at_q4_5/Z/r30,3,q4_5,Z,30,nn,rl,isotonic,15000,2186,0.1558086233975597,0.017965670523706952,0.10362125499283187,0.3333606121356883,steps=51
d3_at_q4_5/Z/r50,3,q4_5,Z,50,mwpm_gap,si1000,raw,15000,4218,0.1345058559509618,0.14669414404903824,0.20438332273301155,0.6719069129503349,
d3_at_q4_5/Z/r50,3,q4_5,Z,50,mwpm_gap,si1000,temperature,15000,4218,0.25887108628235533,0.026750018636436963,0.1811457427080745,0.5396058858985479,T=2.273
d3_at_q4_5/Z/r50,3,q4_5,Z,50,mwpm_gap,si1000,platt,15000,4218,0.27007493528228194,0.01406043389159645,0.1803054025335329,0.5377490473107182,a=0.5026;b=-0.1964
d3_at_q4_5/Z/r50,3,q4_5,Z,50,mwpm_gap,si1000,isotonic,15000,4218,0.26996142219630387,0.011242933698378421,0.17998890130573636,0.537863161600226,steps=34
d3_at_q4_5/Z/r50,3,q4_5,Z,50,mwpm_gap,rl,raw,15000,4068,0.1564790897688455,0.11565477062091965,0.1960836447828203,0.6081258129603678,
d3_at_q4_5/Z/r50,3,q4_5,Z,50,mwpm_gap,rl,temperature,15000,4068,0.2587231754594667,0.03251409267686015,0.18059862221529965,0.5386700202262449,T=1.87
d3_at_q4_5/Z/r50,3,q4_5,Z,50,mwpm_gap,rl,platt,15000,4068,0.2723093113465426,0.031748073236400665,0.18055368193054872,0.538316881855307,a=0.6372;b=-0.2576
d3_at_q4_5/Z/r50,3,q4_5,Z,50,mwpm_gap,rl,isotonic,15000,4068,0.2727418538562976,0.01515273208456371,0.17923140021549322,0.5360364557021277,steps=36
d3_at_q4_5/Z/r50,3,q4_5,Z,50,bm_gap,rl,raw,15000,3385,0.10792974574740467,0.11773692091926197,0.16784643259491897,0.6369419567149552,
d3_at_q4_5/Z/r50,3,q4_5,Z,50,bm_gap,rl,temperature,15000,3385,0.22242564580876018,0.01037007439852314,0.15058369038047303,0.46154367665827617,T=2.683
d3_at_q4_5/Z/r50,3,q4_5,Z,50,bm_gap,rl,platt,15000,3385,0.22612495562906745,0.01143213657115328,0.15057900543933198,0.4616775136167113,a=0.3854;b=-0.05769
d3_at_q4_5/Z/r50,3,q4_5,Z,50,bm_gap,rl,isotonic,15000,3385,0.22598307674357468,0.010354369982082732,0.15052823753241482,0.4610494719297822,steps=88
d3_at_q4_5/Z/r50,3,q4_5,Z,50,nn,rl,raw,15000,3428,0.21993588834276076,0.00960094354039821,0.1509392984533152,0.45964776029582044,
d3_at_q4_5/Z/r50,3,q4_5,Z,50,nn,rl,temperature,15000,3428,0.21501229495130575,0.014233461951577245,0.15108257983674636,0.4603162917261441,T=0.9649
d3_at_q4_5/Z/r50,3,q4_5,Z,50,nn,rl,platt,15000,3428,0.21809774775294596,0.014127621098928516,0.15106688039783073,0.4603590636736666,a=1.063;b=-0.04589
d3_at_q4_5/Z/r50,3,q4_5,Z,50,nn,rl,isotonic,15000,3428,0.21866254821255465,0.01731119365544126,0.15160580383346872,0.4634487303594183,steps=54
d3_at_q4_5/Z/r70,3,q4_5,Z,70,mwpm_gap,si1000,raw,15000,5124,0.16750689487133735,0.17409310512866263,0.24225490874911115,0.7671856401289022,
d3_at_q4_5/Z/r70,3,q4_5,Z,70,mwpm_gap,si1000,temperature,15000,5124,0.32198217460812717,0.0300176469837693,0.20905878965027325,0.6047864517695017,T=2.777
d3_at_q4_5/Z/r70,3,q4_5,Z,70,mwpm_gap,si1000,platt,15000,5124,0.3358265922976687,0.0161859668207262,0.20830031211176078,0.6030498991002945,a=0.4287;b=-0.1981
d3_at_q4_5/Z/r70,3,q4_5,Z,70,mwpm_gap,si1000,isotonic,15000,5124,0.33623310259585576,0.008780581483104162,0.20775257198080502,0.6018764820913168,steps=43
d3_at_q4_5/Z/r70,3,q4_5,Z,70,mwpm_gap,rl,raw,15000,4999,0.18977730762789238,0.14348935903877427,0.2315171661277695,0.6958970775022161,
d3_at_q4_5/Z/r70,3,q4_5,Z,70,mwpm_gap,rl,temperature,15000,4999,0.31720969330626153,0.03169882183615489,0.20822331722918608,0.6032545987590561,T=2.225
d3_at_q4_5/Z/r70,3,q4_5,Z,70,mwpm_gap,rl,platt,15000,4999,0.3272076140959968,0.026937007548357664,0.20779646249351122,0.6021925711314599,a=0.5181;b=-0.158
d3_at_q4_5/Z/r70,3,q4_5,Z,70,mwpm_gap,rl,isotonic,15000,4999,0.3273948249128985,0.010482864445380043,0.20680613247130902,0.5998179935666895,steps=46
d3_at_q4_5/Z/r90,3,q4_5,Z,90,mwpm_gap,si1000,raw,15000,6185,0.21722370494170948,0.19510962839162388,0.282057010204328,0.8537425008713733,
d3_at_q4_5/Z/r90,3,q4_5,Z,90,mwpm_gap,si1000,temperature,15000,6185,0.4014955666368866,0.028821342000650802,0.23543642171775256,0.6628347470684409,T=4.125
d3_at_q4_5/Z/r90,3,q4_5,Z,90,mwpm_gap,si1000,platt,15000,6185,0.4097242239494563,0.024541171378900047,0.23520437575350964,0.6622776288037989,a=0.2797;b=-0.09425
d3_at_q4_5/Z/r90,3,q4_5,Z,90,mwpm_gap,si1000,isotonic,15000,6185,0.40971215432255875,0.011495718744865723,0.23442762461105424,0.6604968464834875,steps=31
d3_at_q4_5/Z/r90,3,q4_5,Z,90,mwpm_gap,rl,raw,15000,6137,0.23772335330532232,0.17280155534643718,0.27252968954450096,0.7901924658220416,
d3_at_q4_5/Z/r90,3,q4_5,Z,90,mwpm_gap,rl,temperature,15000,6137,0.39514839650727895,0.034093197975230013,0.23534506870974983,0.6626645378956552,T=3.253
d3_at_q4_5/Z/r90,3,q4_5,Z,90,mwpm_gap,rl,platt,15000,6137,0.4004962320638214,0.029802508504721662,0.23516575255053324,0.662233656700516,a=0.3393;b=-0.06577
d3_at_q4_5/Z/r90,3,q4_5,Z,90,mwpm_gap,rl,isotonic,15000,6137,0.40019637537099,0.010437776259091574,0.23434441928998798,0.660427214301257,steps=28
d3_at_q4_5/Z/r110,3,q4_5,Z,110,mwpm_gap,si1000,raw,15000,6162,0.2211164743815946,0.18968352561840549,0.27817268609532547,0.8371724708832897,
d3_at_q4_5/Z/r110,3,q4_5,Z,110,mwpm_gap,si1000,temperature,15000,6162,0.40369266979680657,0.01976306437749537,0.23489547043471928,0.6618663839323924,T=4.094
d3_at_q4_5/Z/r110,3,q4_5,Z,110,mwpm_gap,si1000,platt,15000,6162,0.4151770734191148,0.014208104820299544,0.2346287613443978,0.6612388121122983,a=0.2973;b=-0.1308
d3_at_q4_5/Z/r110,3,q4_5,Z,110,mwpm_gap,si1000,isotonic,15000,6162,0.41494848283756597,0.012292670211060739,0.23424357100354445,0.6604765782970101,steps=26
d3_at_q4_5/Z/r110,3,q4_5,Z,110,mwpm_gap,rl,raw,15000,6118,0.24353730559602846,0.16432936107063822,0.2682990677346372,0.7753249228385044,
d3_at_q4_5/Z/r110,3,q4_5,Z,110,mwpm_gap,rl,temperature,15000,6118,0.40070751501000446,0.02510029588679519,0.2347001059886198,0.661515049693676,T=3.318
d3_at_q4_5/Z/r110,3,q4_5,Z,110,mwpm_gap,rl,platt,15000,6118,0.40766919870701307,0.02486826210771714,0.23446303158780568,0.6609661672011493,a=0.3439;b=-0.08485
d3_at_q4_5/Z/r110,3,q4_5,Z,110,mwpm_gap,rl,isotonic,15000,6118,0.407634962486263,0.012636274930464786,0.23366904903563604,0.6591395996387792,steps=30
d3_at_q4_5/Z/r130,3,q4_5,Z,130,mwpm_gap,si1000,raw,15000,6568,0.2462754465670431,0.19159122009962362,0.2864292834151635,0.8434474589921825,
d3_at_q4_5/Z/r130,3,q4_5,Z,130,mwpm_gap,si1000,temperature,15000,6568,0.42675523636956697,0.019833232160804754,0.24126184595082875,0.6752293121400537,T=4.726
d3_at_q4_5/Z/r130,3,q4_5,Z,130,mwpm_gap,si1000,platt,15000,6568,0.4395378745976921,0.011636184460652878,0.24093315543025703,0.6745150065759893,a=0.2707;b=-0.1336
d3_at_q4_5/Z/r130,3,q4_5,Z,130,mwpm_gap,si1000,isotonic,15000,6568,0.43995757014049575,0.007235292849456898,0.240812893203244,0.6742671600341666,steps=42
d3_at_q4_5/Z/r130,3,q4_5,Z,130,mwpm_gap,rl,raw,15000,6537,0.2692451679336583,0.1665548320663417,0.27837053080331403,0.7933895506901387,
d3_at_q4_5/Z/r130,3,q4_5,Z,130,mwpm_gap,rl,temperature,15000,6537,0.42625099392318044,0.02018742275898873,0.2417374332178606,0.6762583157085712,T=3.941
d3_at_q4_5/Z/r130,3,q4_5,Z,130,mwpm_gap,rl,platt,15000,6537,0.4328379301445289,0.01887398534685764,0.24156621694791103,0.675884380835125,a=0.2923;b=-0.07165
d3_at_q4_5/Z/r130,3,q4_5,Z,130,mwpm_gap,rl,isotonic,15000,6537,0.43259182300046883,0.008377606879568995,0.24085561133155628,0.6742261233758298,steps=36
d3_at_q4_5/Z/r150,3,q4_5,Z,150,mwpm_gap,si1000,raw,15000,6875,0.2628970840480932,0.19543624928524014,0.2944937997693739,0.855355092819916,
d3_at_q4_5/Z/r150,3,q4_5,Z,150,mwpm_gap,si1000,temperature,15000,6875,0.447507633818391,0.018347372070120126,0.24544193817883478,0.6838841034154018,T=6.025
d3_at_q4_5/Z/r150,3,q4_5,Z,150,mwpm_gap,si1000,platt,15000,6875,0.4606640960017613,0.013215406264497107,0.24518161897057347,0.6833321724447328,a=0.2267;b=-0.1297
d3_at_q4_5/Z/r150,3,q4_5,Z,150,mwpm_gap,si1000,isotonic,15000,6875,0.4608937634406507,0.009588994747986695,0.24501235579129507,0.6829788288239693,steps=22
d3_at_q4_5/Z/r150,3,q4_5,Z,150,mwpm_gap,rl,raw,15000,6767,0.28369551260196596,0.16825117413948737,0.28601064651934793,0.8080702224356711,
d3_at_q4_5/Z/r150,3,q4_5,Z,150,mwpm_gap,rl,temperature,15000,6767,0.4425310076719427,0.025147975368060307,0.2455920561870956,0.6841958383747119,T=4.68
d3_at_q4_5/Z/r150,3,q4_5,Z,150,mwpm_gap,rl,platt,15000,6767,0.44984174494226936,0.02546849126084853,0.2456031555168746,0.684197999051681,a=0.2564;b=-0.07549
d3_at_q4_5/Z/r150,3,q4_5,Z,150,mwpm_gap,rl,isotonic,15000,6767,0.4500795582270482,0.017319511641831348,0.24498055884896638,0.6840058763874178,steps=34
d3_at_q4_5/Z/r170,3,q4_5,Z,170,mwpm_gap,si1000,raw,15000,6878,0.2758613974570333,0.1826719358763,0.29099599417926625,0.836676981697044,
d3_at_q4_5/Z/r170,3,q4_5,Z,170,mwpm_gap,si1000,temperature,15000,6878,0.45812943260972744,0.01999616005802666,0.2460321008620421,0.6851187497075288,T=6.994
d3_at_q4_5/Z/r170,3,q4_5,Z,170,mwpm_gap,si1000,platt,15000,6878,0.46015960234151215,0.018700408544858063,0.24597168440691783,0.6849927719119833,a=0.1528;b=-0.01965
d3_at_q4_5/Z/r170,3,q4_5,Z,170,mwpm_gap,si1000,isotonic,15000,6878,0.46025263535625927,0.014673666934357385,0.24571507525984868,0.6844648678179903,steps=25
d3_at_q4_5/Z/r170,3,q4_5,Z,170,mwpm_gap,rl,raw,15000,6951,0.2977185441083711,0.16568145589162897,0.2846135607345904,0.7989006348667501,
d3_at_q4_5/Z/r170,3,q4_5,Z,170,mwpm_gap,rl,temperature,15000,6951,0.45664529964784745,0.022428788144345943,0.24645770231833772,0.6859819413251862,T=5.733
d3_at_q4_5/Z/r170,3,q4_5,Z,170,mwpm_gap,rl,platt,15000,6951,0.4617363207367952,0.020144061066287036,0.24628924779226913,0.6856332419380012,a=0.2043;b=-0.05014
d3_at_q4_5/Z/r170,3,q4_5,Z,170,mwpm_gap,rl,isotonic,15000,6951,0.461578694417795,0.011467369025787533,0.24579988853593346,0.6846136929496388,steps=21
d3_at_q4_5/Z/r190,3,q4_5,Z,190,mwpm_gap,si1000,raw,15000,7100,0.2927796852513231,0.1805536480820103,0.29572042512482555,0.8416722161451061,
d3_at_q4_5/Z/r190,3,q4_5,Z,190,mwpm_gap,si1000,temperature,15000,7100,0.47100829246594195,0.008169516073134852,0.24853237702907274,0.6901953033404022,T=9.065
d3_at_q4_5/Z/r190,3,q4_5,Z,190,mwpm_gap,si1000,platt,15000,7100,0.48004954586677423,0.010071433205030018,0.24862724303634995,0.6903804139333627,a=0.1566;b=-0.0849
d3_at_q4_5/Z/r190,3,q4_5,Z,190,mwpm_gap,si1000,isotonic,15000,7100,0.480007991393994,0.016082793391583017,0.24863064505468338,0.6903505844386785,steps=25
d3_at_q4_5/Z/r190,3,q4_5,Z,190,mwpm_gap,rl,raw,15000,7164,0.3158397411958646,0.16326232281693384,0.2885469971076753,0.8052515286794354,
d3_at_q4_5/Z/r190,3,q4_5,Z,190,mwpm_gap,rl,temperature,15000,7164,0.46812444187092705,0.016657879160054567,0.24874795217637646,0.6906270848680328,T=6.978
d3_at_q4_5/Z/r190,3,q4_5,Z,190,mwpm_gap,rl,platt,15000,7164,0.47055212729415263,0.016176009607259782,0.24870976974584025,0.690549231583593,a=0.1575;b=-0.0224
d3_at_q4_5/Z/r190,3,q4_5,Z,190,mwpm_gap,rl,isotonic,15000,7164,0.4706019739366493,0.015601217566330235,0.248618927095072,0.6903566891481495,steps=29
d3_at_q4_5/Z/r210,3,q4_5,Z,210,mwpm_gap,si1000,raw,15000,7222,0.30368183173752006,0.17778483492914668,0.2933092780506478,0.8300109489560139,
d3_at_q4_5/Z/r210,3,q4_5,Z,210,mwpm_gap,si1000,temperature,15000,7222,0.4766242300163499,0.010689126084820411,0.2488388421759902,0.6908151894107081,T=10.5
d3_at_q4_5/Z/r210,3,q4_5,Z,210,mwpm_gap,si1000,platt,15000,7222,0.4806167400627889,0.008607814540668451,0.24874914595275305,0.6906340240369405,a=0.1153;b=-0.03573
d3_at_q4_5/Z/r210,3,q4_5,Z,210,mwpm_gap,si1000,isotonic,15000,7222,0.4808200404480759,0.007848987519317691,0.24878554045746273,0.6906994197310332,steps=19
d3_at_q4_5/Z/r210,3,q4_5,Z,210,mwpm_gap,rl,raw,15000,7258,0.32268009110135476,0.16118657556531193,0.28827992978314837,0.8021449603149027,
d3_at_q4_5/Z/r210,3,q4_5,Z,210,mwpm_gap,rl,temperature,15000,7258,0.4742723665474927,0.014451291130246647,0.2490952639976384,0.6913294236584824,T=8.257
d3_at_q4_5/Z/r210,3,q4_5,Z,210,mwpm_gap,rl,platt,15000,7258,0.4763811212578784,0.01321746784706683,0.2490431970002296,0.6912245461427371,a=0.1335;b=-0.01894
d3_at_q4_5/Z/r210,3,q4_5,Z,210,mwpm_gap,rl,isotonic,15000,7258,0.47649611194915764,0.008078569939899055,0.24897234289613746,0.6916269823885769,steps=23
d3_at_q4_5/Z/r230,3,q4_5,Z,230,mwpm_gap,si1000,raw,15000,7364,0.31530200574762296,0.17563132758571043,0.29460283321149594,0.8276971339034479,
d3_at_q4_5/Z/r230,3,q4_5,Z,230,mwpm_gap,si1000,temperature,15000,7364,0.4755846138725066,0.015351227111434954,0.2497104618000306,0.692566551968683,T=9.276
d3_at_q4_5/Z/r230,3,q4_5,Z,230,mwpm_gap,si1000,platt,15000,7364,0.47765730981258814,0.014043537940311374,0.24966137372144845,0.6924685791255852,a=0.1188;b=-0.0183
d3_at_q4_5/Z/r230,3,q4_5,Z,230,mwpm_gap,si1000,isotonic,15000,7364,0.4778454000421403,0.014320616955750941,0.2497105164824103,0.6925753062503086,steps=25
d3_at_q4_5/Z/r230,3,q4_5,Z,230,mwpm_gap,rl,raw,15000,7272,0.33555083355513826,0.15290423804017378,0.2871731249654803,0.7970230736074176,
d3_at_q4_5/Z/r230,3,q4_5,Z,230,mwpm_gap,rl,temperature,15000,7272,0.4782994396518579,0.01400678877342793,0.24962014014492945,0.6923853999721502,T=8.978
d3_at_q4_5/Z/r230,3,q4_5,Z,230,mwpm_gap,rl,platt,15000,7272,0.4787479652507682,0.013986796492331232,0.24962002864842556,0.6923851382602996,a=0.1141;b=-0.003892
d3_at_q4_5/Z/r230,3,q4_5,Z,230,mwpm_gap,rl,isotonic,15000,7272,0.47865498466664075,0.012084622609907418,0.24953671768923888,0.692218100172989,steps=18
d3_at_q4_5/Z/r250,3,q4_5,Z,250,mwpm_gap,si1000,raw,15000,7318,0.3265711210984072,0.16367229468307196,0.2902337394261569,0.8123437035011438,
d3_at_q4_5/Z/r250,3,q4_5,Z,250,mwpm_gap,si1000,temperature,15000,7318,0.489238889981766,0.013757752156177165,0.24962071951443032,0.692387662301861,T=19.53
d3_at_q4_5/Z/r250,3,q4_5,Z,250,mwpm_gap,si1000,platt,15000,7318,0.4941881746603417,0.012648664457168213,0.24961802559184623,0.6923816804541959,a=0.07787;b=-0.04222
d3_at_q4_5/Z/r250,3,q4_5,Z,250,mwpm_gap,si1000,isotonic,15000,7318,0.494102747847476,0.01199581004497553,0.249575310073915,0.6922951467745714,steps=25
d3_at_q4_5/Z/r250,3,q4_5,Z,250,mwpm_gap,rl,raw,15000,7415,0.3474251068097524,0.14690822652358093,0.28297234476340966,0.7837172454530146,
d3_at_q4_5/Z/r250,3,q4_5,Z,250,mwpm_gap,rl,temperature,15000,7415,0.48810909104050454,0.019195635669041283,0.2495792664035926,0.6923043931681299,T=15.06
d3_at_q4_5/Z/r250,3,q4_5,Z,250,mwpm_gap,rl,platt,15000,7415,0.49129445962609336,0.016240077853746062,0.2494770891543828,0.6920996385874998,a=0.08531;b=-0.02631
d3_at_q4_5/Z/r250,3,q4_5,Z,250,mwpm_gap,rl,isotonic,15000,7415,0.49094515627521845,0.009370343233832174,0.24953838064094314,0.6933275400272007,steps=14
d3_at_q4_9/X/r01,3,q4_9,X,1,mwpm_gap,si1000,raw,15000,83,0.002162374109623669,0.0033722654967688753,0.004916224555364145,0.022792931531688758,
d3_at_q4_9/X/r01,3,q4_9,X,1,mwpm_gap,si1000,temperature,15000,83,0.00456885636094265,0.001013606348309898,0.004795270667330361,0.02000744945439836,T=1.354
d3_at_q4_9/X/r01,3,q4_9,X,1,mwpm_gap,si1000,platt,15000,83,0.004524675200894626,0.0010637346495373874,0.004799523601223305,0.020012933225028413,a=0.7263;b=0.05911
d3_at_q4_9/X/r01,3,q4_9,X,1,mwpm_gap,si1000,isotonic,15000,83,0.0044475194518062665,0.0012610745278269656,0.004878437370405146,0.021138093351699982,steps=17
d3_at_q4_9/X/r01,3,q4_9,X,1,mwpm_gap,rl,raw,15000,83,0.002959349722016273,0.0026518002879534056,0.004908092732099238,0.022980571373705166,
d3_at_q4_9/X/r01,3,q4_9,X,1,mwpm_gap,rl,temperature,15000,83,0.004955618597765878,0.0008963817757682362,0.004866158926619041,0.021035229324350726,T=1.261
d3_at_q4_9/X/r01,3,q4_9,X,1,mwpm_gap,rl,platt,15000,83,0.004704270416449071,0.0012099904870657193,0.004862500040182804,0.02095081082706367,a=0.7356;b=0.259
d3_at_q4_9/X/r01,3,q4_9,X,1,mwpm_gap,rl,isotonic,15000,83,0.004515509282605299,0.0013816901638662362,0.004842459106245966,0.02022081829494488,steps=17
d3_at_q4_9/X/r01,3,q4_9,X,1,exact,si1000,raw,15000,86,0.002404907504095753,0.0033309554030165676,0.004909004548223737,0.02218616051089626,
d3_at_q4_9/X/r01,3,q4_9,X,1,exact,si1000,temperature,15000,86,0.004508667967093026,0.00127471998666958,0.004804807103069046,0.019999793024245947,T=1.292
d3_at_q4_9/X/r01,3,q4_9,X,1,exact,si1000,platt,15000,86,0.004566810768578039,0.0012096993172042473,0.0047943575460264055,0.019980643794564313,a=0.7913;b=-0.07748
d3_at_q4_9/X/r01,3,q4_9,X,1,exact,si1000,isotonic,15000,86,0.004510615797430099,0.0013979781822031337,0.004757193062959209,0.020812131772550587,steps=20
d3_at_q4_9/X/r01,3,q4_9,X,1,exact,rl,raw,15000,91,0.0033531232871806746,0.0028786482076613522,0.004910222968188286,0.0218903012021075,
d3_at_q4_9/X/r01,3,q4_9,X,1,exact,rl,temperature,15000,91,0.00476406689695465,0.0016913095748552123,0.004872908382503748,0.020777540467194242,T=1.168
d3_at_q4_9/X/r01,3,q4_9,X,1,exact,rl,platt,15000,91,0.004585157735462873,0.0019113973673649336,0.004916923575410194,0.020837334738733664,a=0.8114;b=0.1917
d3_at_q4_9/X/r01,3,q4_9,X,1,exact,rl,isotonic,15000,91,0.004609442086347678,0.0018175972344176396,0.004853646019773387,0.020373887064454695,steps=22
d3_at_q4_9/X/r01,3,q4_9,X,1,bm_gap,rl,raw,15000,84,0.0013245828632620226,0.004275691113968583,0.005071825829427183,0.039550947460357457,
d3_at_q4_9/X/r01,3,q4_9,X,1,bm_gap,rl,temperature,15000,84,0.005148946968617367,0.0006832211457629235,0.004895892879113408,0.021346038673854924,T=2.476
d3_at_q4_9/X/r01,3,q4_9,X,1,bm_gap,rl,platt,15000,84,0.00480973767033759,0.0010670945955505858,0.004889510073739628,0.021122680774434775,a=0.3573;b=0.3796
d3_at_q4_9/X/r01,3,q4_9,X,1,bm_gap,rl,isotonic,15000,84,0.004808706310194246,0.001138469466485077,0.0048408413471761795,0.02029388688976505,steps=17
d3_at_q4_9/X/r01,3,q4_9,X,1,nn,rl,raw,15000,84,0.005031744070770336,0.0006084359655111682,0.0049107070736693105,0.020519453608595802,
d3_at_q4_9/X/r01,3,q4_9,X,1,nn,rl,temperature,15000,84,0.004837667263085546,0.000795910596020349,0.0049138181625470335,0.02057160438138454,T=0.9831
d3_at_q4_9/X/r01,3,q4_9,X,1,nn,rl,platt,15000,84,0.004319105581497123,0.0013818949348663504,0.004932029045179818,0.02062647436374213,a=0.8567;b=0.577
d3_at_q4_9/X/r01,3,q4_9,X,1,nn,rl,isotonic,15000,84,0.004107835484706967,0.0015797493631143583,0.004941735819322582,0.022796356647516145,steps=15
d3_at_q4_9/X/r10,3,q4_9,X,10,mwpm_gap,si1000,raw,15000,1310,0.03857219896134448,0.04876113437198886,0.069424361614071,0.280653977784143,
d3_at_q4_9/X/r10,3,q4_9,X,10,mwpm_gap,si1000,temperature,15000,1310,0.08033762078464675,0.010029096022915254,0.06564371706447417,0.22824643183679455,T=1.732
d3_at_q4_9/X/r10,3,q4_9,X,10,mwpm_gap,si1000,platt,15000,1310,0.08137760065982218,0.00871370591281955,0.06557718360022075,0.22816810523021352,a=0.5914;b=-0.05914
d3_at_q4_9/X/r10,3,q4_9,X,10,mwpm_gap,si1000,isotonic,15000,1310,0.0814753555163773,0.006352576815255704,0.06541549429660165,0.22793283508465403,steps=46
d3_at_q4_9/X/r10,3,q4_9,X,10,mwpm_gap,rl,raw,15000,1311,0.05402026987345254,0.033379730126547456,0.06777370068354134,0.2487939442695626,
d3_at_q4_9/X/r10,3,q4_9,X,10,mwpm_gap,rl,temperature,15000,1311,0.0825146365836833,0.01277862396840209,0.06628517082118769,0.23153188871884328,T=1.362
d3_at_q4_9/X/r10,3,q4_9,X,10,mwpm_gap,rl,platt,15000,1311,0.08324205055676302,0.012352645079375467,0.06624023258765795,0.23155013949499262,a=0.7471;b=-0.04129
d3_at_q4_9/X/r10,3,q4_9,X,10,mwpm_gap,rl,isotonic,15000,1311,0.08331449105546916,0.0041239388987256214,0.06556984033718709,0.22843495199535624,steps=31
d3_at_q4_9/X/r10,3,q4_9,X,10,bm_gap,rl,raw,15000,1068,0.026333688879818996,0.044866311120181,0.05766347155789157,0.2931487470891794,
d3_at_q4_9/X/r10,3,q4_9,X,10,bm_gap,rl,temperature,15000,1068,0.07098779286608213,0.008504123156949726,0.05265812851106059,0.1852652531174152,T=2.584
d3_at_q4_9/X/r10,3,q4_9,X,10,bm_gap,rl,platt,15000,1068,0.06607681539717628,0.011365307877716285,0.05290469031814805,0.1849494151709468,a=0.3472;b=0.2544
d3_at_q4_9/X/r10,3,q4_9,X,10,bm_gap,rl,isotonic,15000,1068,0.06605823647336011,0.005405242079844617,0.052601286607474124,0.18279327344404908,steps=64
d3_at_q4_9/X/r10,3,q4_9,X,10,nn,rl,raw,15000,1028,0.0647094033679938,0.005706998946875094,0.051078879687592976,0.1745771613938991,
d3_at_q4_9/X/r10,3,q4_9,X,10,nn,rl,temperature,15000,1028,0.06735695708436389,0.00463311304304648,0.05103814275557484,0.174338226055419,T=1.034
d3_at_q4_9/X/r10,3,q4_9,X,10,nn,rl,platt,15000,1028,0.06560667120432222,0.004739971464019778,0.051047757048607915,0.17440955124358104,a=0.933;b=0.09203
d3_at_q4_9/X/r10,3,q4_9,X,10,nn,rl,isotonic,15000,1028,0.06569306765213775,0.003214991427585651,0.051799933035017294,0.17754817211831636,steps=54
d3_at_q4_9/X/r30,3,q4_9,X,30,mwpm_gap,si1000,raw,15000,3315,0.10157836922402427,0.11942163077597573,0.16801444570605187,0.6068791998593682,
d3_at_q4_9/X/r30,3,q4_9,X,30,mwpm_gap,si1000,temperature,15000,3315,0.2164592328637013,0.01510087644277001,0.15161055895987374,0.469043636152936,T=2.314
d3_at_q4_9/X/r30,3,q4_9,X,30,mwpm_gap,si1000,platt,15000,3315,0.2235059478519392,0.013221176978283481,0.15146487907778994,0.4686216344918649,a=0.4719;b=-0.1495
d3_at_q4_9/X/r30,3,q4_9,X,30,mwpm_gap,si1000,isotonic,15000,3315,0.22356889585237288,0.008611872301911969,0.15115477256656903,0.4680116022147967,steps=47
d3_at_q4_9/X/r30,3,q4_9,X,30,mwpm_gap,rl,raw,15000,3334,0.13368662294998646,0.08858004371668021,0.1615473442814544,0.5241292558365145,
d3_at_q4_9/X/r30,3,q4_9,X,30,mwpm_gap,rl,temperature,15000,3334,0.21750770113832013,0.022418506732586323,0.15304650786859741,0.47269718983083414,T=1.721
d3_at_q4_9/X/r30,3,q4_9,X,30,mwpm_gap,rl,platt,15000,3334,0.22347155904109098,0.0199271575019264,0.1528807013413348,0.4724128173004182,a=0.6283;b=-0.1286
d3_at_q4_9/X/r30,3,q4_9,X,30,mwpm_gap,rl,isotonic,15000,3334,0.22344267351583524,0.014365455571492816,0.15199293437351472,0.4702301503602863,steps=48
d3_at_q4_9/X/r30,3,q4_9,X,30,bm_gap,rl,raw,15000,2803,0.07733804358303827,0.1095286230836284,0.14479421378948487,0.6115789708035173,
d3_at_q4_9/X/r30,3,q4_9,X,30,bm_gap,rl,temperature,15000,2803,0.18662891007440163,0.012811559404025123,0.1284992424011886,0.4049567126061856,T=2.901
d3_at_q4_9/X/r30,3,q4_9,X,30,bm_gap,rl,platt,15000,2803,0.18391304670033673,0.015545751978095643,0.12855288606381976,0.40490635042368855,a=0.3347;b=0.053
d3_at_q4_9/X/r30,3,q4_9,X,30,bm_gap,rl,isotonic,15000,2803,0.18430486460345707,0.007853246840105636,0.1284371999419427,0.40372462686724925,steps=80
d3_at_q4_9/X/r30,3,q4_9,X,30,nn,rl,raw,15000,2713,0.176886220868832,0.004263950738605356,0.12391725189200686,0.38922118745813833,
d3_at_q4_9/X/r30,3,q4_9,X,30,nn,rl,temperature,15000,2713,0.17985089074635696,0.0023969081438938236,0.12389742593845925,0.3890671073809643,T=1.022
d3_at_q4_9/X/r30,3,q4_9,X,30,nn,rl,platt,15000,2713,0.18079561819971066,0.0031904988552932177,0.1239057215376712,0.3890945812745468,a=0.9873;b=-0.0179
d3_at_q4_9/X/r30,3,q4_9,X,30,nn,rl,isotonic,15000,2713,0.18155811325655383,0.015017364435949348,0.12544493243574076,0.39817796864201177,steps=70
d3_at_q4_9/X/r50,3,q4_9,X,50,mwpm_gap,si1000,raw,15000,4871,0.15315277261852153,0.17158056071481184,0.2349162185053401,0.7934313847798146,
d3_at_q4_9/X/r50,3,q4_9,X,50,mwpm_gap,si1000,temperature,15000,4871,0.3111320158851247,0.022420434016618192,0.20192551705955802,0.5893785604996997,T=3
d3_at_q4_9/X/r50,3,q4_9,X,50,mwpm_gap,si1000,platt,15000,4871,0.3220281720777405,0.01145156743023074,0.20144330789188983,0.5882803657980378,a=0.3789;b=-0.1543
d3_at_q4_9/X/r50,3,q4_9,X,50,mwpm_gap,si1000,isotonic,15000,4871,0.32162653226769505,0.01116723082523583,0.20123967936431367,0.5880232984597359,steps=44
d3_at_q4_9/X/r50,3,q4_9,X,50,mwpm_gap,rl,raw,15000,4888,0.18948222099926607,0.1363844456674006,0.22304479572751126,0.6801801238208298,
d3_at_q4_9/X/r50,3,q4_9,X,50,mwpm_gap,rl,temperature,15000,4888,0.3111161505308116,0.02151479830855598,0.2031400056987071,0.5919921484547944,T=2.19
d3_at_q4_9/X/r50,3,q4_9,X,50,mwpm_gap,rl,platt,15000,4888,0.322377491895217,0.011736065616878098,0.20259273539455958,0.5907969548097112,a=0.5256;b=-0.1666
d3_at_q4_9/X/r50,3,q4_9,X,50,mwpm_gap,rl,isotonic,15000,4888,0.32179265754031416,0.010716125700141008,0.20197602668474268,0.5901351536313997,steps=33
d3_at_q4_9/X/r50,3,q4_9,X,50,bm_gap,rl,raw,15000,4083,0.11929993917163344,0.15290006082836663,0.2059845562082951,0.7828350311547729,
d3_at_q4_9/X/r50,3,q4_9,X,50,bm_gap,rl,temperature,15000,4083,0.2680345213924791,0.016108005340855058,0.1770499557535772,0.5284874689815202,T=3.248
d3_at_q4_9/X/r50,3,q4_9,X,50,bm_gap,rl,platt,15000,4083,0.2710384657869379,0.015569065136507807,0.17703300736783603,0.5285184711469103,a=0.3167;b=-0.04095
d3_at_q4_9/X/r50,3,q4_9,X,50,bm_gap,rl,isotonic,15000,4083,0.2710664230204438,0.010244237583488096,0.17682390140085535,0.5277719100367666,steps=77
d3_at_q4_9/X/r50,3,q4_9,X,50,nn,rl,raw,15000,4007,0.26489874201747304,0.013257023714832035,0.17334338569247607,0.5172824652444569,
d3_at_q4_9/X/r50,3,q4_9,X,50,nn,rl,temperature,15000,4007,0.26286097860454316,0.014696556845856319,0.17338156305090027,0.5174474120997941,T=0.9852
d3_at_q4_9/X/r50,3,q4_9,X,50,nn,rl,platt,15000,4007,0.26162780544853836,0.013989686585764728,0.1733660695950574,0.5174040476617049,a=1.006;b=0.0146
d3_at_q4_9/X/r50,3,q4_9,X,50,nn,rl,isotonic,15000,4007,0.2619209069359192,0.024819320332927174,0.17399805246507685,0.5194858243142073,steps=56
d3_at_q4_9/X/r70,3,q4_9,X,70,mwpm_gap,si1000,raw,15000,5618,0.19257456608645768,0.18195876724687562,0.26248968251076016,0.8508213798678116,
d3_at_q4_9/X/r70,3,q4_9,X,70,mwpm_gap,si1000,temperature,15000,5618,0.36817804143236244,0.018881928585066304,0.2228882756815218,0.636177404673335,T=3.698
d3_at_q4_9/X/r70,3,q4_9,X,70,mwpm_gap,si1000,platt,15000,5618,0.378254572045712,0.014251723360228898,0.2227238177014758,0.6357716443841327,a=0.3078;b=-0.1159
d3_at_q4_9/X/r70,3,q4_9,X,70,mwpm_gap,si1000,isotonic,15000,5618,0.37806359890145697,0.009728773667802887,0.22247630465583054,0.6352500937740513,steps=36
d3_at_q4_9/X/r70,3,q4_9,X,70,mwpm_gap,rl,raw,15000,5724,0.2275899426739606,0.15401005732603937,0.24953526683612262,0.738587204147307,
d3_at_q4_9/X/r70,3,q4_9,X,70,mwpm_gap,rl,temperature,15000,5724,0.3664860956825825,0.024917740879282148,0.22381977464103406,0.63811404237105,T=2.68
d3_at_q4_9/X/r70,3,q4_9,X,70,mwpm_gap,rl,platt,15000,5724,0.37806286860627447,0.014407799604938133,0.223157531468608,0.6367017760284664,a=0.4383;b=-0.1425
d3_at_q4_9/X/r70,3,q4_9,X,70,mwpm_gap,rl,isotonic,15000,5724,0.37804388421456986,0.010913680241962046,0.22275540875319513,0.635843944058274,steps=33
d3_at_q4_9/X/r90,3,q4_9,X,90,mwpm_gap,si1000,raw,15000,6814,0.24892903273722283,0.20533763392944385,0.3014562621660093,0.9175395604200649,
d3_at_q4_9/X/r90,3,q4_9,X,90,mwpm_gap,si1000,temperature,15000,6814,0.44397918661689995,0.020649957225972754,0.24508466597701395,0.6831335374786298,T=6.567
d3_at_q4_9/X/r90,3,q4_9,X,90,mwpm_gap,si1000,platt,15000,6814,0.4494080739662854,0.019096317238203358,0.24497451641034093,0.6828982555972538,a=0.1716;b=-0.05026
d3_at_q4_9/X/r90,3,q4_9,X,90,mwpm_gap,si1000,isotonic,15000,6814,0.449923752973072,0.00801836846832133,0.24435372183281265,0.6815443207928535,steps=32
d3_at_q4_9/X/r90,3,q4_9,X,90,mwpm_gap,rl,raw,15000,6838,0.27945105426376465,0.17641561240290193,0.28520568231210197,0.8137426426855389,
d3_at_q4_9/X/r90,3,q4_9,X,90,mwpm_gap,rl,temperature,15000,6838,0.4462290998714578,0.017196614956968993,0.24518641662494509,0.6833683924563779,T=5.209
d3_at_q4_9/X/r90,3,q4_9,X,90,mwpm_gap,rl,platt,15000,6838,0.4542217510024142,0.013909051858424153,0.2449565330513799,0.6828886840297934,a=0.2352;b=-0.08058
d3_at_q4_9/X/r90,3,q4_9,X,90,mwpm_gap,rl,isotonic,15000,6838,0.45429800191568276,0.015509132270482005,0.24456093263077291,0.6819480700949941,steps=18
d3_at_q4_9/X/r110,3,q4_9,X,110,mwpm_gap,si1000,raw,15000,6838,0.258711285536082,0.1971553811305847,0.29500683735822464,0.8923388831863042,
d3_at_q4_9/X/r110,3,q4_9,X,110,mwpm_gap,si1000,temperature,15000,6838,0.44354020606075517,0.019186735310290692,0.24441554260654,0.6817845762852233,T=6.203
d3_at_q4_9/X/r110,3,q4_9,X,110,mwpm_gap,si1000,platt,15000,6838,0.4500650176567925,0.013873166456573487,0.24417836130358098,0.6813003475549803,a=0.1839;b=-0.05801
d3_at_q4_9/X/r110,3,q4_9,X,110,mwpm_gap,si1000,isotonic,15000,6838,0.45022622902432563,0.016895357114735995,0.24405720544019247,0.6810607630064318,steps=25
d3_at_q4_9/X/r110,3,q4_9,X,110,mwpm_gap,rl,raw,15000,6765,0.2918760219301274,0.15912397806987258,0.27755502138509003,0.7892489138833635,
d3_at_q4_9/X/r110,3,q4_9,X,110,mwpm_gap,rl,temperature,15000,6765,0.44254554872216045,0.014998758156832671,0.2443684588248374,0.6817103623018346,T=4.515
d3_at_q4_9/X/r110,3,q4_9,X,110,mwpm_gap,rl,platt,15000,6765,0.45338324478040837,0.0108118397203712,0.24420185287339202,0.6813659155384715,a=0.2804;b=-0.1047
d3_at_q4_9/X/r110,3,q4_9,X,110,mwpm_gap,rl,isotonic,15000,6765,0.4535828830877639,0.012496858212071516,0.24415742957729084,0.6812944723463319,steps=26
d3_at_q4_9/X/r130,3,q4_9,X,130,mwpm_gap,si1000,raw,15000,6957,0.27003181325401526,0.19376818674598476,0.2974250632167813,0.8942783908613288,
d3_at_q4_9/X/r130,3,q4_9,X,130,mwpm_gap,si1000,temperature,15000,6957,0.4499933822579668,0.017679276869342134,0.24632992434924963,0.6857171148009681,T=6.57
d3_at_q4_9/X/r130,3,q4_9,X,130,mwpm_gap,si1000,platt,15000,6957,0.4556251287852644,0.014242073859022552,0.24619263477317624,0.6854419889190552,a=0.1719;b=-0.04856
d3_at_q4_9/X/r130,3,q4_9,X,130,mwpm_gap,si1000,isotonic,15000,6957,0.455532504454235,0.012877375700532193,0.2461117635646545,0.6863873127022146,steps=33
d3_at_q4_9/X/r130,3,q4_9,X,130,mwpm_gap,rl,raw,15000,6943,0.30210248844309,0.1607641782235766,0.28156463275193433,0.7964124200649056,
d3_at_q4_9/X/r130,3,q4_9,X,130,mwpm_gap,rl,temperature,15000,6943,0.44986432047301034,0.016940832258521873,0.246405068368482,0.685866018333223,T=4.878
d3_at_q4_9/X/r130,3,q4_9,X,130,mwpm_gap,rl,platt,15000,6943,0.4551239651802397,0.012962644226992117,0.2462631723968587,0.685579102441214,a=0.2336;b=-0.04912
d3_at_q4_9/X/r130,3,q4_9,X,130,mwpm_gap,rl,isotonic,15000,6943,0.45507410547365723,0.011937970277043401,0.24602577874986448,0.6851873465607151,steps=28
d3_at_q4_9/X/r150,3,q4_9,X,150,mwpm_gap,si1000,raw,15000,7145,0.2917952858398346,0.18453804749349875,0.296854794978155,0.871750258758734,
d3_at_q4_9/X/r150,3,q4_9,X,150,mwpm_gap,si1000,temperature,15000,7145,0.4648700170508226,0.01808235017114107,0.24808043844734348,0.6892710929597832,T=8.115
d3_at_q4_9/X/r150,3,q4_9,X,150,mwpm_gap,si1000,platt,15000,7145,0.4707134169608895,0.01410728290893375,0.24796237984398395,0.6890320521913749,a=0.144;b=-0.04715
d3_at_q4_9/X/r150,3,q4_9,X,150,mwpm_gap,si1000,isotonic,15000,7145,0.4708438303335129,0.012506036035138413,0.24799227697331794,0.6890963179642325,steps=27
d3_at_q4_9/X/r150,3,q4_9,X,150,mwpm_gap,rl,raw,15000,7186,0.32247732064455753,0.1565893460221091,0.2827347187901776,0.7907204307065185,
d3_at_q4_9/X/r150,3,q4_9,X,150,mwpm_gap,rl,temperature,15000,7186,0.46444934852971187,0.018725191666070857,0.24827224346928553,0.6896545634289775,T=6.019
d3_at_q4_9/X/r150,3,q4_9,X,150,mwpm_gap,rl,platt,15000,7186,0.4688130174233596,0.01440309911385339,0.2481212254624085,0.689348868138354,a=0.1903;b=-0.03814
d3_at_q4_9/X/r150,3,q4_9,X,150,mwpm_gap,rl,isotonic,15000,7186,0.46900208300108437,0.010596539028331164,0.2480191090722648,0.6891845703490787,steps=22
d3_at_q4_9/X/r170,3,q4_9,X,170,mwpm_gap,si1000,raw,15000,7306,0.32194994521655185,0.16511672145011483,0.29120483949005915,0.838172332561111,
d3_at_q4_9/X/r170,3,q4_9,X,170,mwpm_gap,si1000,temperature,15000,7306,0.4803472361209412,0.01046887464468303,0.24934718352658392,0.6918383051267112,T=11.76
d3_at_q4_9/X/r170,3,q4_9,X,170,mwpm_gap,si1000,platt,15000,7306,0.4884002321874101,0.008534906711907325,0.2493234131700159,0.6917922486559531,a=0.1166;b=-0.06136
d3_at_q4_9/X/r170,3,q4_9,X,170,mwpm_gap,si1000,isotonic,15000,7306,0.48830647755362816,0.009359588636135969,0.24938281935966547,0.6919294788621662,steps=26
d3_at_q4_9/X/r170,3,q4_9,X,170,mwpm_gap,rl,raw,15000,7291,0.34938612680082737,0.13894619769821906,0.2797203668309628,0.776070774669434,
d3_at_q4_9/X/r170,3,q4_9,X,170,mwpm_gap,rl,temperature,15000,7291,0.4803730010382345,0.011643057520147992,0.24947608607276095,0.6920955831755081,T=8.933
d3_at_q4_9/X/r170,3,q4_9,X,170,mwpm_gap,rl,platt,15000,7291,0.4810502572236396,0.011370589875787762,0.2494693904506256,0.6920821152673394,a=0.116;b=-0.005546
d3_at_q4_9/X/r170,3,q4_9,X,170,mwpm_gap,rl,isotonic,15000,7291,0.48109749773342775,0.012178399794910783,0.24951248541421178,0.6932804248890682,steps=20
d3_at_q4_9/X/r190,3,q4_9,X,190,mwpm_gap,si1000,raw,15000,7390,0.3235247691306908,0.1691418975359759,0.2918816995320053,0.8377135221649117,
d3_at_q4_9/X/r190,3,q4_9,X,190,mwpm_gap,si1000,temperature,15000,7390,0.48297443605951745,0.014201944178735791,0.2494448758607788,0.6920335477948291,T=13.41
d3_at_q4_9/X/r190,3,q4_9,X,190,mwpm_gap,si1000,platt,15000,7390,0.4865773872000772,0.01031600524119327,0.24934705974540794,0.6918376727301826,a=0.08902;b=-0.0276
d3_at_q4_9/X/r190,3,q4_9,X,190,mwpm_gap,si1000,isotonic,15000,7390,0.4865353876639255,0.012045785115505542,0.24938843628122107,0.6924559745932366,steps=25
d3_at_q4_9/X/r190,3,q4_9,X,190,mwpm_gap,rl,raw,15000,7263,0.3510828943725081,0.13458689135632934,0.27847196467125845,0.7731021395546932,
d3_at_q4_9/X/r190,3,q4_9,X,190,mwpm_gap,rl,temperature,15000,7263,0.4837276803775705,0.01163682904215163,0.24941991975513583,0.6919844689891823,T=10.63
d3_at_q4_9/X/r190,3,q4_9,X,190,mwpm_gap,rl,platt,15000,7263,0.48883368598978183,0.011665125948747473,0.2494429486736198,0.6920300973902085,a=0.1254;b=-0.04209
d3_at_q4_9/X/r190,3,q4_9,X,190,mwpm_gap,rl,isotonic,15000,7263,0.48885147390668354,0.013151885067072749,0.2494147845965105,0.6925130031373821,steps=18
d3_at_q4_9/X/r210,3,q4_9,X,210,mwpm_gap,si1000,raw,15000,7379,0.3339112404385457,0.15802209289478766,0.29073454105718133,0.8286070559506423,
d3_at_q4_9/X/r210,3,q4_9,X,210,mwpm_gap,si1000,temperature,15000,7379,0.48771093311068775,0.009663184088715498,0.24980314412645355,0.6927530395456685,T=17.1
d3_at_q4_9/X/r210,3,q4_9,X,210,mwpm_gap,si1000,platt,15000,7379,0.4932378194081198,0.011346432588708355,0.24982186383337027,0.6927907799053736,a=0.08124;b=-0.04123
d3_at_q4_9/X/r210,3,q4_9,X,210,mwpm_gap,si1000,isotonic,15000,7379,0.4931345988569703,0.00960332371222799,0.250010065193576,0.6931707894325102,steps=15
d3_at_q4_9/X/r210,3,q4_9,X,210,mwpm_gap,rl,raw,15000,7402,0.3609044432861927,0.13256222338047396,0.2785232773842896,0.7699906278646513,
d3_at_q4_9/X/r210,3,q4_9,X,210,mwpm_gap,rl,temperature,15000,7402,0.48800261015049434,0.008705990852097334,0.24978054809493472,0.6927074571207174,T=13.29
d3_at_q4_9/X/r210,3,q4_9,X,210,mwpm_gap,rl,platt,15000,7402,0.4933203664395833,0.0060636360373344305,0.24975047227869085,0.6926470813684116,a=0.1084;b=-0.04245
d3_at_q4_9/X/r210,3,q4_9,X,210,mwpm_gap,rl,isotonic,15000,7402,0.49318931247305,0.016268361490306554,0.24982235295645044,0.6938991361626967,steps=17
d3_at_q4_9/X/r230,3,q4_9,X,230,mwpm_gap,si1000,raw,15000,7471,0.34597316996558297,0.15209349670108366,0.2866951463522986,0.8109597757195712,
d3_at_q4_9/X/r230,3,q4_9,X,230,mwpm_gap,si1000,temperature,15000,7471,0.49079753748590993,0.013983149748897139,0.24989677315846676,0.6929407244085762,T=20.66
d3_at_q4_9/X/r230,3,q4_9,X,230,mwpm_gap,si1000,platt,15000,7471,0.5015790440481956,0.011893480323851074,0.24990217512131674,0.6929530585865012,a=0.09603;b=-0.07933
d3_at_q4_9/X/r230,3,q4_9,X,230,mwpm_gap,si1000,isotonic,15000,7471,0.5017723630512074,0.012125282818530494,0.2502166494564664,0.6946984332218148,steps=22
d3_at_q4_9/X/r230,3,q4_9,X,230,mwpm_gap,rl,raw,15000,7349,0.37135672976351847,0.12284797900631343,0.27530559655920483,0.7601663488035292,
d3_at_q4_9/X/r230,3,q4_9,X,230,mwpm_gap,rl,temperature,15000,7349,0.4890652842931384,0.011339605386837854,0.24987048671329398,0.6928882580600139,T=13.27
d3_at_q4_9/X/r230,3,q4_9,X,230,mwpm_gap,rl,platt,15000,7349,0.4939935995251964,0.013266429749415725,0.24994927646567114,0.6930463658153171,a=0.1078;b=-0.03857
d3_at_q4_9/X/r230,3,q4_9,X,230,mwpm_gap,rl,isotonic,15000,7349,0.494171338421733,0.01282396460189748,0.2501090603066832,0.6933833708770195,steps=14
d3_at_q4_9/X/r250,3,q4_9,X,250,mwpm_gap,si1000,raw,15000,7424,0.3569582425036713,0.13797509082966203,0.28251194453545136,0.7930580694476339,
d3_at_q4_9/X/r250,3,q4_9,X,250,mwpm_gap,si1000,temperature,15000,7424,0.4965002189520519,0.008605441144580648,0.24993968935887903,0.6930265402431899,T=49.12
d3_at_q4_9/X/r250,3,q4_9,X,250,mwpm_gap,si1000,platt,15000,7424,0.5011189725980378,0.00917635655015877,0.24996797941915008,0.6930831136827932,a=0.04185;b=-0.03325
d3_at_q4_9/X/r250,3,q4_9,X,250,mwpm_gap,si1000,isotonic,15000,7424,0.501268188052505,0.012938388559236595,0.2500507438993048,0.6932780008261705,steps=17
d3_at_q4_9/X/r250,3,q4_9,X,250,mwpm_gap,rl,raw,15000,7527,0.3806592747103469,0.1211407252896531,0.2734877855366068,0.7529334895568889,
d3_at_q4_9/X/r250,3,q4_9,X,250,mwpm_gap,rl,temperature,15000,7527,0.49642805680844926,0.01348300854314824,0.24994378029346723,0.6930347215066913,T=37.18
d3_at_q4_9/X/r250,3,q4_9,X,250,mwpm_gap,rl,platt,15000,7527,0.5010985649621122,0.010668871254410205,0.24985318135148762,0.6928534985567689,a=0.05881;b=-0.03564
d3_at_q4_9/X/r250,3,q4_9,X,250,mwpm_gap,rl,isotonic,15000,7527,0.5012123792171881,0.008855803878035019,0.24997134750797254,0.6931341610225727,steps=12
d3_at_q4_9/Z/r01,3,q4_9,Z,1,mwpm_gap,si1000,raw,15000,47,0.002168812294185565,0.0009658443344943468,0.0028544320567802876,0.013641618743198842,
d3_at_q4_9/Z/r01,3,q4_9,Z,1,mwpm_gap,si1000,temperature,15000,47,0.004397451358512096,0.0015027055025707058,0.0028745550579253928,0.01319642949530876,T=1.33
d3_at_q4_9/Z/r01,3,q4_9,Z,1,mwpm_gap,si1000,platt,15000,47,0.004185599050031388,0.001262669058968711,0.0028481807338605167,0.013106994787669229,a=0.6903;b=0.2925
d3_at_q4_9/Z/r01,3,q4_9,Z,1,mwpm_gap,si1000,isotonic,15000,47,0.004275447529112398,0.001516381519255538,0.002859364036916021,0.013122468878428975,steps=14
d3_at_q4_9/Z/r01,3,q4_9,Z,1,mwpm_gap,rl,raw,15000,51,0.0027994113832405286,0.0006033235887346708,0.0028713012942960157,0.013715557014080544,
d3_at_q4_9/Z/r01,3,q4_9,Z,1,mwpm_gap,rl,temperature,15000,51,0.004654538589058766,0.001857106012621859,0.0029331388627944345,0.01356041596002814,T=1.25
d3_at_q4_9/Z/r01,3,q4_9,Z,1,mwpm_gap,rl,platt,15000,51,0.004512079283041535,0.0016963489506443843,0.002922987264341747,0.013502702374653872,a=0.7631;b=0.1619
d3_at_q4_9/Z/r01,3,q4_9,Z,1,mwpm_gap,rl,isotonic,15000,51,0.00468907527861774,0.0014565155288890918,0.002881723230203207,0.013189258237800731,steps=19
d3_at_q4_9/Z/r01,3,q4_9,Z,1,exact,si1000,raw,15000,46,0.002311207842416875,0.0007582826495577763,0.0028434350737952256,0.013314931756626966,
d3_at_q4_9/Z/r01,3,q4_9,Z,1,exact,si1000,temperature,15000,46,0.004323864665297742,0.0014756630108668594,0.0028607471822914565,0.013061737806443648,T=1.282
d3_at_q4_9/Z/r01,3,q4_9,Z,1,exact,si1000,platt,15000,46,0.004257144624515574,0.0013996583761466885,0.002847297682552653,0.013027465187408046,a=0.7593;b=0.09541
d3_at_q4_9/Z/r01,3,q4_9,Z,1,exact,si1000,isotonic,15000,46,0.004250231668281636,0.0015298015600331337,0.002855141950614429,0.013109148636208011,steps=16
d3_at_q4_9/Z/r01,3,q4_9,Z,1,exact,rl,raw,15000,47,0.0030654114852379745,0.000360603733153815,0.00285122977148789,0.013165807809121763,
d3_at_q4_9/Z/r01,3,q4_9,Z,1,exact,rl,temperature,15000,47,0.004498296848107816,0.0016445108674401777,0.002888291227127105,0.013212685103349883,T=1.176
d3_at_q4_9/Z/r01,3,q4_9,Z,1,exact,rl,platt,15000,47,0.004217257998730571,0.0013240010323029598,0.00284259213934798,0.013077634376663412,a=0.7715;b=0.3374
d3_at_q4_9/Z/r01,3,q4_9,Z,1,exact,rl,isotonic,15000,47,0.004316206595991555,0.0011828732626582214,0.0028753493269684264,0.01282793633570075,steps=16
d3_at_q4_9/Z/r01,3,q4_9,Z,1,bm_gap,rl,raw,15000,52,0.0011319029118765933,0.002334763754790098,0.0029286536814298347,0.021306717970763243,
d3_at_q4_9/Z/r01,3,q4_9,Z,1,bm_gap,rl,temperature,15000,52,0.004778679979989178,0.0019235532329452368,0.0029968531809757056,0.013520288448875588,T=2.425
d3_at_q4_9/Z/r01,3,q4_9,Z,1,bm_gap,rl,platt,15000,52,0.004469736166785796,0.0015794017945196714,0.0029784351118467855,0.013403137609105413,a=0.3656;b=0.3761
d3_at_q4_9/Z/r01,3,q4_9,Z,1,bm_gap,rl,isotonic,15000,52,0.004620523570754985,0.0011857937745696637,0.002868127751774852,0.013108841733008036,steps=20
d3_at_q4_9/Z/r01,3,q4_9,Z,1,nn,rl,raw,15000,54,0.0038697043767617774,0.00043759285230189453,0.0029990929808207415,0.013377527615871096,
d3_at_q4_9/Z/r01,3,q4_9,Z,1,nn,rl,temperature,15000,54,0.003966419325060018,0.0005215692806848302,0.003000661513410984,0.013384793491989464,T=1.01
d3_at_q4_9/Z/r01,3,q4_9,Z,1,nn,rl,platt,15000,54,0.0029282166359082345,0.0009059358456394878,0.0031875492700191546,0.013919736306798658,a=0.6566;b=1.379
d3_at_q4_9/Z/r01,3,q4_9,Z,1,nn,rl,isotonic,15000,54,0.0031553086575590054,0.0006415680948279101,0.003156897156428032,0.013916145320780296,steps=10
d3_at_q4_9/Z/r10,3,q4_9,Z,10,mwpm_gap,si1000,raw,15000,1118,0.037648015533528395,0.03688552495144854,0.06004272054810218,0.23258801827953754,
d3_at_q4_9/Z/r10,3,q4_9,Z,10,mwpm_gap,si1000,temperature,15000,1118,0.07397295201509989,0.005536862019115157,0.05766611681864206,0.20272268483921704,T=1.597
d3_at_q4_9/Z/r10,3,q4_9,Z,10,mwpm_gap,si1000,platt,15000,1118,0.07614924524917972,0.004569434281737624,0.05765958616319022,0.20281981921640688,a=0.661;b=-0.1371
d3_at_q4_9/Z/r10,3,q4_9,Z,10,mwpm_gap,si1000,isotonic,15000,1118,0.07586683839252543,0.004350297652722553,0.057356502598081144,0.20207435601365364,steps=46
d3_at_q4_9/Z/r10,3,q4_9,Z,10,mwpm_gap,rl,raw,15000,1092,0.048708925743094225,0.024093152246974836,0.05769448503476975,0.2097123885110354,
d3_at_q4_9/Z/r10,3,q4_9,Z,10,mwpm_gap,rl,temperature,15000,1092,0.07143451210752717,0.005922272312297598,0.05678667680383958,0.20038595676490834,T=1.292
d3_at_q4_9/Z/r10,3,q4_9,Z,10,mwpm_gap,rl,platt,15000,1092,0.07238245432899211,0.005290830059585056,0.056765103958344616,0.20038345104628522,a=0.7944;b=-0.0652
d3_at_q4_9/Z/r10,3,q4_9,Z,10,mwpm_gap,rl,isotonic,15000,1092,0.07234408876255902,0.005138796705467511,0.056463564690081694,0.199204861344428,steps=53
d3_at_q4_9/Z/r10,3,q4_9,Z,10,bm_gap,rl,raw,15000,914,0.024705362041188225,0.03622797225895585,0.048646430913390416,0.22675267062347193,
d3_at_q4_9/Z/r10,3,q4_9,Z,10,bm_gap,rl,temperature,15000,914,0.06180438982059991,0.007686059696148269,0.045230685404056455,0.16126381473623227,T=2.216
d3_at_q4_9/Z/r10,3,q4_9,Z,10,bm_gap,rl,platt,15000,914,0.05940573327192871,0.009590306273333842,0.04535665714157861,0.1611239814261577,a=0.4241;b=0.1503
d3_at_q4_9/Z/r10,3,q4_9,Z,10,bm_gap,rl,isotonic,15000,914,0.05912503577864025,0.003178166477473895,0.04501899215265632,0.15838148541822133,steps=64
d3_at_q4_9/Z/r10,3,q4_9,Z,10,nn,rl,raw,15000,888,0.05856347087284656,0.0024935058076212486,0.044243510000281296,0.15399205986778766,
d3_at_q4_9/Z/r10,3,q4_9,Z,10,nn,rl,temperature,15000,888,0.06040234226505296,0.0027010291834212133,0.044247923458140215,0.15394605074316883,T=1.026
d3_at_q4_9/Z/r10,3,q4_9,Z,10,nn,rl,platt,15000,888,0.05950348188790373,0.0016652941396916516,0.0442380667578045,0.15392121747974324,a=0.9562;b=0.05156
d3_at_q4_9/Z/r10,3,q4_9,Z,10,nn,rl,isotonic,15000,888,0.059415368568200115,0.0028393045599043845,0.04449814967904821,0.15613535784177698,steps=42
d3_at_q4_9/Z/r30,3,q4_9,Z,30,mwpm_gap,si1000,raw,15000,2987,0.09692161377933996,0.10221171955399339,0.15438799379754897,0.5363034145833466,
d3_at_q4_9/Z/r30,3,q4_9,Z,30,mwpm_gap,si1000,temperature,15000,2987,0.19548241684525258,0.012287122708184158,0.14169746499039407,0.4429249142287064,T=1.996
d3_at_q4_9/Z/r30,3,q4_9,Z,30,mwpm_gap,si1000,platt,15000,2987,0.2006905259000567,0.012597748336912703,0.1416919481630308,0.4428332294990904,a=0.5382;b=-0.127
d3_at_q4_9/Z/r30,3,q4_9,Z,30,mwpm_gap,si1000,isotonic,15000,2987,0.20066610122862288,0.008553550303150779,0.1404456368817645,0.44009871794259225,steps=45
d3_at_q4_9/Z/r30,3,q4_9,Z,30,mwpm_gap,rl,raw,15000,2945,0.11895715771832668,0.07737617561500665,0.14636130651244658,0.47901789939437683,
d3_at_q4_9/Z/r30,3,q4_9,Z,30,mwpm_gap,rl,temperature,15000,2945,0.19170271416526236,0.01099014189723409,0.13972065627297453,0.43868793978097154,T=1.598
d3_at_q4_9/Z/r30,3,q4_9,Z,30,mwpm_gap,rl,platt,15000,2945,0.19794427609013052,0.010816739963831616,0.13963832547975333,0.4384684705584077,a=0.6845;b=-0.161
d3_at_q4_9/Z/r30,3,q4_9,Z,30,mwpm_gap,rl,isotonic,15000,2945,0.19803911680527042,0.00924447070669634,0.1393273382219272,0.4376615102465981,steps=65
d3_at_q4_9/Z/r30,3,q4_9,Z,30,bm_gap,rl,raw,15000,2452,0.07225739261966121,0.09120927404700546,0.12549244702765835,0.49640890945609994,
d3_at_q4_9/Z/r30,3,q4_9,Z,30,bm_gap,rl,temperature,15000,2452,0.16597658800814608,0.01333068456111801,0.11374521293096608,0.36330805332927485,T=2.493
d3_at_q4_9/Z/r30,3,q4_9,Z,30,bm_gap,rl,platt,15000,2452,0.1680737334468463,0.011282172922204726,0.11371106001049278,0.3632824588851461,a=0.4112;b=-0.04802
d3_at_q4_9/Z/r30,3,q4_9,Z,30,bm_gap,rl,isotonic,15000,2452,0.16809132753631323,0.0072362293917716345,0.11335130057297574,0.36159235249480054,steps=82
d3_at_q4_9/Z/r30,3,q4_9,Z,30,nn,rl,raw,15000,2411,0.15861274009329154,0.00653646207957684,0.11222372808740184,0.3554804587635125,
d3_at_q4_9/Z/r30,3,q4_9,Z,30,nn,rl,temperature,15000,2411,0.16381518853442206,0.004747767362283895,0.11220039931354704,0.3554025534034086,T=1.041
d3_at_q4_9/Z/r30,3,q4_9,Z,30,nn,rl,platt,15000,2411,0.16017036849740532,0.003857894025559791,0.11217993690407717,0.35543362934140227,a=0.9256;b=0.07561
d3_at_q4_9/Z/r30,3,q4_9,Z,30,nn,rl,isotonic,15000,2411,0.16042086110651885,0.00789764180168434,0.11244850496216456,0.35744177287633694,steps=47
d3_at_q4_9/Z/r50,3,q4_9,Z,50,mwpm_gap,si1000,raw,15000,4332,0.14019965451269586,0.14860034548730416,0.21412873975238206,0.7018940665589768,
d3_at_q4_9/Z/r50,3,q4_9,Z,50,mwpm_gap,si1000,temperature,15000,4332,0.27926748042810856,0.027509369756860472,0.1892092135888426,0.55999050878039,T=2.443
d3_at_q4_9/Z/r50,3,q4_9,Z,50,mwpm_gap,si1000,platt,15000,4332,0.2868423831897441,0.025326138343445048,0.18903209828812428,0.5595571226453351,a=0.4516;b=-0.1294
d3_at_q4_9/Z/r50,3,q4_9,Z,50,mwpm_gap,si1000,isotonic,15000,4332,0.2869248227304717,0.013529825354987576,0.18758558615121765,0.5562998519089495,steps=38
d3_at_q4_9/Z/r50,3,q4_9,Z,50,mwpm_gap,rl,raw,15000,4268,0.16532523323584625,0.11920810009748709,0.20307528574918488,0.6279655409935433,
d3_at_q4_9/Z/r50,3,q4_9,Z,50,mwpm_gap,rl,temperature,15000,4268,0.27393454728046396,0.023254241171194005,0.18734807043681023,0.5557460411110641,T=1.938
d3_at_q4_9/Z/r50,3,q4_9,Z,50,mwpm_gap,rl,platt,15000,4268,0.28323072844544417,0.02026934110067985,0.18712014035959107,0.5551658979868933,a=0.5845;b=-0.1683
d3_at_q4_9/Z/r50,3,q4_9,Z,50,mwpm_gap,rl,isotonic,15000,4268,0.283489205403986,0.009430927411380071,0.18637225199984345,0.5533638399978983,steps=43
d3_at_q4_9/Z/r50,3,q4_9,Z,50,bm_gap,rl,raw,15000,3683,0.10741563975196723,0.1381176935813661,0.1827058656706471,0.6737229571971696,
d3_at_q4_9/Z/r50,3,q4_9,Z,50,bm_gap,rl,temperature,15000,3683,0.2336065569589899,0.02344437153145166,0.1601244956989158,0.4868956935952563,T=2.695
d3_at_q4_9/Z/r50,3,q4_9,Z,50,bm_gap,rl,platt,15000,3683,0.2430538069585976,0.013674908004422316,0.15968270328186582,0.48624939686207064,a=0.4076;b=-0.155
d3_at_q4_9/Z/r50,3,q4_9,Z,50,bm_gap,rl,isotonic,15000,3683,0.24320204719537003,0.009023960241713341,0.15930235846847385,0.48483171663001423,steps=86
d3_at_q4_9/Z/r50,3,q4_9,Z,50,nn,rl,raw,15000,3552,0.23376146757120034,0.006424381169536963,0.15576414072467698,0.47383253596571495,
d3_at_q4_9/Z/r50,3,q4_9,Z,50,nn,rl,temperature,15000,3552,0.23561099136771285,0.005865826204241261,0.15575844768052538,0.4737631903333258,T=1.013
d3_at_q4_9/Z/r50,3,q4_9,Z,50,nn,rl,platt,15000,3552,0.23768757029723653,0.006203263946684832,0.15577314217961727,0.47382257695992996,a=1.004;b=-0.02917
d3_at_q4_9/Z/r50,3,q4_9,Z,50,nn,rl,isotonic,15000,3552,0.2381487391689251,0.010280272073360006,0.15628330086757666,0.4760664681077313,steps=52
d3_at_q4_9/Z/r70,3,q4_9,Z,70,mwpm_gap,si1000,raw,15000,5262,0.17699070138573622,0.17380929861426375,0.2503128398347865,0.7822793083281976,
d3_at_q4_9/Z/r70,3,q4_9,Z,70,mwpm_gap,si1000,temperature,15000,5262,0.34283942830976205,0.02591872173481615,0.2154045648084067,0.6195343380671152,T=3.008
d3_at_q4_9/Z/r70,3,q4_9,Z,70,mwpm_gap,si1000,platt,15000,5262,0.35174039170002275,0.021669831754311204,0.21514292045424535,0.6188620846689998,a=0.378;b=-0.1254
d3_at_q4_9/Z/r70,3,q4_9,Z,70,mwpm_gap,si1000,isotonic,15000,5262,0.35164240761837334,0.01087877625536449,0.21399174370364812,0.6162364822059639,steps=36
d3_at_q4_9/Z/r70,3,q4_9,Z,70,mwpm_gap,rl,raw,15000,5204,0.2031586916377246,0.14377464169560875,0.2367245592012377,0.7066054474166419,
d3_at_q4_9/Z/r70,3,q4_9,Z,70,mwpm_gap,rl,temperature,15000,5204,0.33955277892807584,0.024358559783347358,0.21391879800502242,0.6165718766577258,T=2.411
d3_at_q4_9/Z/r70,3,q4_9,Z,70,mwpm_gap,rl,platt,15000,5204,0.34919938722269195,0.015084283130711007,0.21355413359744324,0.6156956085853085,a=0.4797;b=-0.1436
d3_at_q4_9/Z/r70,3,q4_9,Z,70,mwpm_gap,rl,isotonic,15000,5204,0.34868890119602586,0.011232986712190017,0.21311183803063533,0.6149399382569012,steps=38
d3_at_q4_9/Z/r90,3,q4_9,Z,90,mwpm_gap,si1000,raw,15000,6690,0.24582678772698757,0.20081975174023103,0.2980806499665691,0.8827791345747051,
d3_at_q4_9/Z/r90,3,q4_9,Z,90,mwpm_gap,si1000,temperature,15000,6690,0.4432323055937859,0.02014703812432607,0.24456886798666594,0.6821131236708293,T=6.193
d3_at_q4_9/Z/r90,3,q4_9,Z,90,mwpm_gap,si1000,platt,15000,6690,0.4485649959302299,0.01848627871762605,0.2445456240277199,0.682052011700367,a=0.1857;b=-0.05561
d3_at_q4_9/Z/r90,3,q4_9,Z,90,mwpm_gap,si1000,isotonic,15000,6690,0.44846049560914425,0.01080448602677515,0.24413659539833132,0.6812439083480532,steps=26
d3_at_q4_9/Z/r90,3,q4_9,Z,90,mwpm_gap,rl,raw,15000,6678,0.27122308267817696,0.173976917321823,0.28455527618860715,0.81394482280901,
d3_at_q4_9/Z/r90,3,q4_9,Z,90,mwpm_gap,rl,temperature,15000,6678,0.43876589151563117,0.018403082308597635,0.24421708233610678,0.6813874796973023,T=4.755
d3_at_q4_9/Z/r90,3,q4_9,Z,90,mwpm_gap,rl,platt,15000,6678,0.44636215001286944,0.02075402189180479,0.2441664991103798,0.6812645011651451,a=0.254;b=-0.08152
d3_at_q4_9/Z/r90,3,q4_9,Z,90,mwpm_gap,rl,isotonic,15000,6678,0.44592842095893004,0.00879539697604243,0.24379438609168022,0.6805453726922213,steps=25
d3_at_q4_9/Z/r110,3,q4_9,Z,110,mwpm_gap,si1000,raw,15000,6401,0.22982513234567764,0.19690820098765574,0.2876300345197392,0.8572803441231545,
d3_at_q4_9/Z/r110,3,q4_9,Z,110,mwpm_gap,si1000,temperature,15000,6401,0.41920871062424186,0.023368467935022084,0.23985575836293166,0.6724129895535574,T=4.629
d3_at_q4_9/Z/r110,3,q4_9,Z,110,mwpm_gap,si1000,platt,15000,6401,0.4284010866246398,0.01678411150927899,0.2396845975045783,0.672049434879704,a=0.2598;b=-0.1029
d3_at_q4_9/Z/r110,3,q4_9,Z,110,mwpm_gap,si1000,isotonic,15000,6401,0.4282484276075869,0.009073369696255225,0.23932930158436666,0.6712844522005593,steps=31
d3_at_q4_9/Z/r110,3,q4_9,Z,110,mwpm_gap,rl,raw,15000,6330,0.25514201266167713,0.1668579873383229,0.27449103120419044,0.7898231348063817,
d3_at_q4_9/Z/r110,3,q4_9,Z,110,mwpm_gap,rl,temperature,15000,6330,0.41574661669724666,0.016547332196775375,0.23934728195757538,0.6713404340763035,T=3.691
d3_at_q4_9/Z/r110,3,q4_9,Z,110,mwpm_gap,rl,platt,15000,6330,0.41985896745150725,0.01437547915159712,0.23925779177279183,0.6711426511750074,a=0.2957;b=-0.04766
d3_at_q4_9/Z/r110,3,q4_9,Z,110,mwpm_gap,rl,isotonic,15000,6330,0.419771926312297,0.008411997359930985,0.23911063975520674,0.6708087403977825,steps=39
d3_at_q4_9/Z/r130,3,q4_9,Z,130,mwpm_gap,si1000,raw,15000,6847,0.2649063212533204,0.19156034541334627,0.2949465148543709,0.8549296496745998,
d3_at_q4_9/Z/r130,3,q4_9,Z,130,mwpm_gap,si1000,temperature,15000,6847,0.44799228118345474,0.018027065902369972,0.24577195399595955,0.6845754157210796,T=5.99
d3_at_q4_9/Z/r130,3,q4_9,Z,130,mwpm_gap,si1000,platt,15000,6847,0.45120735187023114,0.01639656056473568,0.24568755177841825,0.6844001309335439,a=0.1824;b=-0.03224
d3_at_q4_9/Z/r130,3,q4_9,Z,130,mwpm_gap,si1000,isotonic,15000,6847,0.45113120233212495,0.012821051234012937,0.2455117666827319,0.684025833061847,steps=19
d3_at_q4_9/Z/r130,3,q4_9,Z,130,mwpm_gap,rl,raw,15000,6778,0.2887629752081515,0.16310369145851525,0.2825802230324772,0.7982442851108069,
d3_at_q4_9/Z/r130,3,q4_9,Z,130,mwpm_gap,rl,temperature,15000,6778,0.44519247910620446,0.022104132688212756,0.24560541966235178,0.6842315833165756,T=4.75
d3_at_q4_9/Z/r130,3,q4_9,Z,130,mwpm_gap,rl,platt,15000,6778,0.44693920449790653,0.022139894579901308,0.2455798194356805,0.6841762958073594,a=0.221;b=-0.01793
d3_at_q4_9/Z/r130,3,q4_9,Z,130,mwpm_gap,rl,isotonic,15000,6778,0.4471749324676178,0.010180813081945477,0.24522844705112481,0.6834312250159542,steps=29
d3_at_q4_9/Z/r150,3,q4_9,Z,150,mwpm_gap,si1000,raw,15000,6856,0.26938363214740335,0.18768303451926335,0.294395482234168,0.8510204889464813,
d3_at_q4_9/Z/r150,3,q4_9,Z,150,mwpm_gap,si1000,temperature,15000,6856,0.4584504448528994,0.017571339238026503,0.24625829815134165,0.6855987967978393,T=7.31
d3_at_q4_9/Z/r150,3,q4_9,Z,150,mwpm_gap,si1000,platt,15000,6856,0.4623256546518882,0.018380801265278777,0.2462044804687928,0.6854862168425643,a=0.1557;b=-0.03859
d3_at_q4_9/Z/r150,3,q4_9,Z,150,mwpm_gap,si1000,isotonic,15000,6856,0.4621398623534591,0.00910344745313731,0.24604429590574065,0.6862292125991406,steps=21
d3_at_q4_9/Z/r150,3,q4_9,Z,150,mwpm_gap,rl,raw,15000,6878,0.2938273314831309,0.16470600185020245,0.28139335450696373,0.7937072412926052,
d3_at_q4_9/Z/r150,3,q4_9,Z,150,mwpm_gap,rl,temperature,15000,6878,0.4564202938112737,0.016467559395117928,0.24600504093564213,0.6850855572474224,T=5.798
d3_at_q4_9/Z/r150,3,q4_9,Z,150,mwpm_gap,rl,platt,15000,6878,0.46185585874031526,0.012252667170198227,0.24585249275265927,0.6847733659281626,a=0.206;b=-0.05572
d3_at_q4_9/Z/r150,3,q4_9,Z,150,mwpm_gap,rl,isotonic,15000,6878,0.4616631172266135,0.013336239102992746,0.24590391411935997,0.6859691802811524,steps=33
d3_at_q4_9/Z/r170,3,q4_9,Z,170,mwpm_gap,si1000,raw,15000,7136,0.28888534441430425,0.1868479889190291,0.3000769778057183,0.8557687529368149,
d3_at_q4_9/Z/r170,3,q4_9,Z,170,mwpm_gap,si1000,temperature,15000,7136,0.47631520544604206,0.014128120953996615,0.24875262800063153,0.6906421102323496,T=11.44
d3_at_q4_9/Z/r170,3,q4_9,Z,170,mwpm_gap,si1000,platt,15000,7136,0.4855634822892073,0.02038183522573197,0.2488376889832397,0.6908074665490025,a=0.1329;b=-0.08638
d3_at_q4_9/Z/r170,3,q4_9,Z,170,mwpm_gap,si1000,isotonic,15000,7136,0.48581059692299533,0.011450368020949859,0.2487433448617702,0.6906172199223314,steps=18
d3_at_q4_9/Z/r170,3,q4_9,Z,170,mwpm_gap,rl,raw,15000,7083,0.31001171158325486,0.16218828841674512,0.2856989305880972,0.7993475947987441,
d3_at_q4_9/Z/r170,3,q4_9,Z,170,mwpm_gap,rl,temperature,15000,7083,0.47284334955972,0.009204354602416327,0.24833557860281502,0.6898048305267966,T=8.418
d3_at_q4_9/Z/r170,3,q4_9,Z,170,mwpm_gap,rl,platt,15000,7083,0.4817452897785525,0.010131155973150296,0.24836184832072397,0.6898537315974718,a=0.175;b=-0.08704
d3_at_q4_9/Z/r170,3,q4_9,Z,170,mwpm_gap,rl,isotonic,15000,7083,0.48180249373572404,0.012659845354021938,0.24856198666076879,0.6902843854096612,steps=17
d3_at_q4_9/Z/r190,3,q4_9,Z,190,mwpm_gap,si1000,raw,15000,7208,0.3074491203329176,0.1730842130004158,0.2943459660287931,0.8296108830563186,
d3_at_q4_9/Z/r190,3,q4_9,Z,190,mwpm_gap,si1000,temperature,15000,7208,0.48408830378783485,0.015206413600979374,0.2491286934556458,0.6914001360603677,T=15.09
d3_at_q4_9/Z/r190,3,q4_9,Z,190,mwpm_gap,si1000,platt,15000,7208,0.48631873185434316,0.015507123955791796,0.2491041340864099,0.6913501219409017,a=0.07764;b=-0.01987
d3_at_q4_9/Z/r190,3,q4_9,Z,190,mwpm_gap,si1000,isotonic,15000,7208,0.48639620332199834,0.011522185680368772,0.24881570468171454,0.6907562284624388,steps=19
d3_at_q4_9/Z/r190,3,q4_9,Z,190,mwpm_gap,rl,raw,15000,7263,0.32786553229918974,0.15633446770081028,0.2822103382498527,0.7837372964116051,
d3_at_q4_9/Z/r190,3,q4_9,Z,190,mwpm_gap,rl,temperature,15000,7263,0.48186161551875084,0.015524663796974437,0.24889326648122237,0.6909271756650713,T=11.19
d3_at_q4_9/Z/r190,3,q4_9,Z,190,mwpm_gap,rl,platt,15000,7263,0.4860738262388242,0.010659377496009724,0.2487296645218452,0.6905977809879325,a=0.1164;b=-0.03879
d3_at_q4_9/Z/r190,3,q4_9,Z,190,mwpm_gap,rl,isotonic,15000,7263,0.4861229703886054,0.01082169962208827,0.24877658613485382,0.6907365148964587,steps=20
d3_at_q4_9/Z/r210,3,q4_9,Z,210,mwpm_gap,si1000,raw,15000,7219,0.31457825974852377,0.16783792747566262,0.29370594628766744,0.8270922228685432,
d3_at_q4_9/Z/r210,3,q4_9,Z,210,mwpm_gap,si1000,temperature,15000,7219,0.482811236278478,0.013222272943477498,0.2493162816061401,0.6917758290433558,T=13.38
d3_at_q4_9/Z/r210,3,q4_9,Z,210,mwpm_gap,si1000,platt,15000,7219,0.485756217875556,0.014159439222349779,0.24932813954595265,0.6917986194820769,a=0.09031;b=-0.02612
d3_at_q4_9/Z/r210,3,q4_9,Z,210,mwpm_gap,si1000,isotonic,15000,7219,0.4854798471878132,0.010119669577209384,0.2491555537529683,0.6914512642213936,steps=16
d3_at_q4_9/Z/r210,3,q4_9,Z,210,mwpm_gap,rl,raw,15000,7296,0.33476440002926733,0.15163559997073264,0.2825636049577679,0.7826271232382923,
d3_at_q4_9/Z/r210,3,q4_9,Z,210,mwpm_gap,rl,temperature,15000,7296,0.4813380476855414,0.014330964915537207,0.24921535904222922,0.6915723021743616,T=10.35
d3_at_q4_9/Z/r210,3,q4_9,Z,210,mwpm_gap,rl,platt,15000,7296,0.4854540896804409,0.012434633095055148,0.24911275859686927,0.6913652929976818,a=0.1245;b=-0.03799
d3_at_q4_9/Z/r210,3,q4_9,Z,210,mwpm_gap,rl,isotonic,15000,7296,0.48528036320746726,0.010080111613613092,0.24899102604000545,0.6922233251397877,steps=24
d3_at_q4_9/Z/r230,3,q4_9,Z,230,mwpm_gap,si1000,raw,15000,7367,0.3397015634692633,0.1514317698640701,0.28608240049890715,0.7974266616695277,
d3_at_q4_9/Z/r230,3,q4_9,Z,230,mwpm_gap,si1000,temperature,15000,7367,0.48529758420179375,0.010276773537491825,0.24965724184500457,0.6924599748684334,T=13.01
d3_at_q4_9/Z/r230,3,q4_9,Z,230,mwpm_gap,si1000,platt,15000,7367,0.48884438726823354,0.009707733170256921,0.24961855138725111,0.6923821811855106,a=0.09667;b=-0.02935
d3_at_q4_9/Z/r230,3,q4_9,Z,230,mwpm_gap,si1000,isotonic,15000,7367,0.48872229423178115,0.008862417427875009,0.24962827227467546,0.6924210953784504,steps=21
d3_at_q4_9/Z/r230,3,q4_9,Z,230,mwpm_gap,rl,raw,15000,7396,0.35966570166563117,0.13340096500103546,0.2780766085689065,0.7681618616602154,
d3_at_q4_9/Z/r230,3,q4_9,Z,230,mwpm_gap,rl,temperature,15000,7396,0.48637444820991516,0.01190629857684078,0.2497713425206004,0.6926889731772653,T=11.76
d3_at_q4_9/Z/r230,3,q4_9,Z,230,mwpm_gap,rl,platt,15000,7396,0.4878095834989496,0.010736787624980416,0.24975032499826316,0.6926468625677786,a=0.09491;b=-0.01206
d3_at_q4_9/Z/r230,3,q4_9,Z,230,mwpm_gap,rl,isotonic,15000,7396,0.48766475164052925,0.011283556844768365,0.24975810491544628,0.6932155069858862,steps=17
d3_at_q4_9/Z/r250,3,q4_9,Z,250,mwpm_gap,si1000,raw,15000,7396,0.34850298084739656,0.14456368581927018,0.28447649150210347,0.7901383463388261,
d3_at_q4_9/Z/r250,3,q4_9,Z,250,mwpm_gap,si1000,temperature,15000,7396,0.4930850251541589,0.01239963990421569,0.24981947705901622,0.6927859096827688,T=25.83
d3_at_q4_9/Z/r250,3,q4_9,Z,250,mwpm_gap,si1000,platt,15000,7396,0.48876129790109774,0.016079311990957985,0.24991270792113063,0.692972525969427,a=0.01371;b=0.03517
d3_at_q4_9/Z/r250,3,q4_9,Z,250,mwpm_gap,si1000,isotonic,15000,7396,0.4888388791985275,0.01320983764198454,0.24985275750747277,0.6928811045348089,steps=10
d3_at_q4_9/Z/r250,3,q4_9,Z,250,mwpm_gap,rl,raw,15000,7476,0.3665615068819725,0.13183849311802748,0.27631348355069757,0.761430011175757,
d3_at_q4_9/Z/r250,3,q4_9,Z,250,mwpm_gap,rl,temperature,15000,7476,0.493590584953031,0.014506417855675397,0.24983996280134232,0.6928268851936583,T=23.51
d3_at_q4_9/Z/r250,3,q4_9,Z,250,mwpm_gap,rl,platt,15000,7476,0.4950506617297278,0.013252398165309051,0.24979542321645803,0.6927377259561452,a=0.05299;b=-0.01215
d3_at_q4_9/Z/r250,3,q4_9,Z,250,mwpm_gap,rl,isotonic,15000,7476,0.49511178372543085,0.007810704212325504,0.24971739256143172,0.6925799427881413,steps=14
d3_at_q6_11/X/r01,3,q6_11,X,1,mwpm_gap,si1000,raw,15000,45,0.0019704841566503544,0.0010310087268458879,0.002735369128241042,0.012947028675958048,
d3_at_q6_11/X/r01,3,q6_11,X,1,mwpm_gap,si1000,temperature,15000,45,0.0038092164703392864,0.0008896392634150023,0.002744066868604679,0.012444294719003624,T=1.292
d3_at_q6_11/X/r01,3,q6_11,X,1,mwpm_gap,si1000,platt,15000,45,0.0037989846633151867,0.0008786190114917125,0.0027426815787785263,0.012439810091988862,a=0.7702;b=0.0166
d3_at_q6_11/X/r01,3,q6_11,X,1,mwpm_gap,si1000,isotonic,15000,45,0.0038952002234815203,0.0008952002234815212,0.00278977147191162,0.012585251322115536,steps=14
d3_at_q6_11/X/r01,3,q6_11,X,1,mwpm_gap,rl,raw,15000,52,0.0025650113568680484,0.0009063437165965298,0.0028295360731552554,0.012863349992859473,
d3_at_q6_11/X/r01,3,q6_11,X,1,mwpm_gap,rl,temperature,15000,52,0.004010775495611286,0.0005822301998343678,0.0028346191680802806,0.012684186789752382,T=1.206
d3_at_q6_11/X/r01,3,q6_11,X,1,mwpm_gap,rl,platt,15000,52,0.004314190330219998,0.000907732457931217,0.002827461444934619,0.012747015712110909,a=0.9279;b=-0.412
d3_at_q6_11/X/r01,3,q6_11,X,1,mwpm_gap,rl,isotonic,15000,52,0.0044554811593468645,0.0010489196951252685,0.0028583800890775073,0.012741597679796986,steps=14
d3_at_q6_11/X/r01,3,q6_11,X,1,exact,si1000,raw,15000,46,0.0021636629706152156,0.0009058946375131504,0.0026804816034967822,0.012465668016414095,
d3_at_q6_11/X/r01,3,q6_11,X,1,exact,si1000,temperature,15000,46,0.0037804519039984284,0.0007805486538585472,0.0026926574341210713,0.012199755275914962,T=1.242
d3_at_q6_11/X/r01,3,q6_11,X,1,exact,si1000,platt,15000,46,0.003946078880492139,0.000959143868815144,0.0027099879093792634,0.012255905280260606,a=0.8659;b=-0.2684
d3_at_q6_11/X/r01,3,q6_11,X,1,exact,si1000,isotonic,15000,46,0.004087740452688801,0.0010210737860221356,0.0027384209947462802,0.012457304061096373,steps=17
d3_at_q6_11/X/r01,3,q6_11,X,1,exact,rl,raw,15000,50,0.0028621681215544115,0.00047814349549903643,0.0027531651977558357,0.012485505004070656,
d3_at_q6_11/X/r01,3,q6_11,X,1,exact,rl,temperature,15000,50,0.0039929486537574705,0.0006879033997660149,0.0027677980564431276,0.012454247536630414,T=1.152
d3_at_q6_11/X/r01,3,q6_11,X,1,exact,rl,platt,15000,50,0.00435577643123069,0.0010785279853446294,0.002794560568209629,0.012591077802028209,a=0.9859;b=-0.4766
d3_at_q6_11/X/r01,3,q6_11,X,1,exact,rl,isotonic,15000,50,0.004386279217257863,0.0011730062336124559,0.0028111310789363016,0.012604950037995742,steps=16
d3_at_q6_11/X/r01,3,q6_11,X,1,bm_gap,rl,raw,15000,52,0.0010132363943244178,0.0024534302723423396,0.002954489329391685,0.0198764764237215,
d3_at_q6_11/X/r01,3,q6_11,X,1,bm_gap,rl,temperature,15000,52,0.004167717340359302,0.0007768512103425417,0.00286214845674723,0.012662409245363954,T=2.32
d3_at_q6_11/X/r01,3,q6_11,X,1,bm_gap,rl,platt,15000,52,0.004382649872384962,0.000999386380658682,0.002876005761876589,0.01274440726213733,a=0.4666;b=-0.2765
d3_at_q6_11/X/r01,3,q6_11,X,1,bm_gap,rl,isotonic,15000,52,0.004531805495953192,0.0011134789487845138,0.0029474793343115587,0.01297800430263205,steps=18
d3_at_q6_11/X/r01,3,q6_11,X,1,nn,rl,raw,15000,50,0.004202722264575504,0.000869388931242171,0.0027279509703233757,0.012137003863074671,
d3_at_q6_11/X/r01,3,q6_11,X,1,nn,rl,temperature,15000,50,0.0037246473540943374,0.000423655209600761,0.002717305936269745,0.012024077919945735,T=0.9506
d3_at_q6_11/X/r01,3,q6_11,X,1,nn,rl,platt,15000,50,0.0037162614069017378,0.00041425588969409594,0.0027177026701281667,0.012024297334157087,a=1.048;b=0.01368
d3_at_q6_11/X/r01,3,q6_11,X,1,nn,rl,isotonic,15000,50,0.003977678236566328,0.0007482821294912301,0.002803614442515171,0.012835086884558212,steps=18
d3_at_q6_11/X/r10,3,q6_11,X,10,mwpm_gap,si1000,raw,15000,1269,0.03762638464197655,0.046973988578897515,0.0653591859514976,0.25659422549033,
d3_at_q6_11/X/r10,3,q6_11,X,10,mwpm_gap,si1000,temperature,15000,1269,0.07692565334785446,0.010860877161960682,0.061780519635427654,0.2135882938721683,T=1.696
d3_at_q6_11/X/r10,3,q6_11,X,10,mwpm_gap,si1000,platt,15000,1269,0.08018377820624652,0.007252427405790424,0.06143765342488232,0.21288494757982376,a=0.6347;b=-0.1899
d3_at_q6_11/X/r10,3,q6_11,X,10,mwpm_gap,si1000,isotonic,15000,1269,0.08031290329376879,0.006991294386021736,0.0612990530177425,0.2124640097894363,steps=52
d3_at_q6_11/X/r10,3,q6_11,X,10,mwpm_gap,rl,raw,15000,1241,0.061005606310658315,0.021737945945691516,0.06405976039771984,0.22485599467670608,
d3_at_q6_11/X/r10,3,q6_11,X,10,mwpm_gap,rl,temperature,15000,1241,0.08078863413577361,0.009465856395592233,0.06330251452166955,0.21804522292369,T=1.234
d3_at_q6_11/X/r10,3,q6_11,X,10,mwpm_gap,rl,platt,15000,1241,0.07897290241941768,0.0105771167777655,0.06338320105396811,0.21813249484238645,a=0.776;b=0.1013
d3_at_q6_11/X/r10,3,q6_11,X,10,mwpm_gap,rl,isotonic,15000,1241,0.07910244929734037,0.004748679539360639,0.06262488690300783,0.21601786061474137,steps=40
d3_at_q6_11/X/r10,3,q6_11,X,10,bm_gap,rl,raw,15000,1024,0.028595713125985592,0.039670953542135005,0.053022783116935694,0.2483867969482997,
d3_at_q6_11/X/r10,3,q6_11,X,10,bm_gap,rl,temperature,15000,1024,0.0674124773031889,0.009812583399596423,0.0492862686250784,0.17450599516031368,T=2.252
d3_at_q6_11/X/r10,3,q6_11,X,10,bm_gap,rl,platt,15000,1024,0.06540362961812858,0.011236499080129147,0.049420552631900795,0.17438373818316372,a=0.4243;b=0.1094
d3_at_q6_11/X/r10,3,q6_11,X,10,bm_gap,rl,isotonic,15000,1024,0.06532055814149187,0.004219131734006814,0.04918995506600643,0.1711766229961072,steps=82
d3_at_q6_11/X/r10,3,q6_11,X,10,nn,rl,raw,15000,966,0.06098505706443417,0.004056269410004986,0.046465522717759056,0.15837083768363097,
d3_at_q6_11/X/r10,3,q6_11,X,10,nn,rl,temperature,15000,966,0.0646222710687525,0.003200647922840233,0.04643479476158613,0.15845017863464217,T=1.049
d3_at_q6_11/X/r10,3,q6_11,X,10,nn,rl,platt,15000,966,0.06855127438144148,0.004186731681647855,0.04646459138776319,0.1583883680063722,a=1.029;b=-0.2103
d3_at_q6_11/X/r10,3,q6_11,X,10,nn,rl,isotonic,15000,966,0.06832796076118922,0.0045534627186098455,0.0466786545492929,0.15924416895323548,steps=35
d3_at_q6_11/X/r30,3,q6_11,X,30,mwpm_gap,si1000,raw,15000,3280,0.10000461972176715,0.11866204694489953,0.16371034578992194,0.5868282111663854,
d3_at_q6_11/X/r30,3,q6_11,X,30,mwpm_gap,si1000,temperature,15000,3280,0.21066111888376457,0.02026900582945804,0.1479504793842037,0.45884778060048864,T=2.259
d3_at_q6_11/X/r30,3,q6_11,X,30,mwpm_gap,si1000,platt,15000,3280,0.22199730087834807,0.010961765057101261,0.14751284135636222,0.4576720223143879,a=0.5074;b=-0.2427
d3_at_q6_11/X/r30,3,q6_11,X,30,mwpm_gap,si1000,isotonic,15000,3280,0.22194766073485492,0.007842509195509112,0.14747783543673063,0.4570362685068234,steps=41
d3_at_q6_11/X/r30,3,q6_11,X,30,mwpm_gap,rl,raw,15000,3267,0.1453702248565382,0.08462161062223879,0.1600914127124845,0.5038404399860263,
d3_at_q6_11/X/r30,3,q6_11,X,30,mwpm_gap,rl,temperature,15000,3267,0.21776013074414846,0.03727395878736484,0.15301781221405492,0.4702757771544532,T=1.579
d3_at_q6_11/X/r30,3,q6_11,X,30,mwpm_gap,rl,platt,15000,3267,0.21928911953817612,0.03680884333106223,0.15302541127603156,0.4702376335816772,a=0.6464;b=-0.03275
d3_at_q6_11/X/r30,3,q6_11,X,30,mwpm_gap,rl,isotonic,15000,3267,0.2193634692674416,0.006176571408917298,0.15064033030235008,0.4645580311774395,steps=42
d3_at_q6_11/X/r30,3,q6_11,X,30,bm_gap,rl,raw,15000,2738,0.0845906019645204,0.09794273136881294,0.1358147918072076,0.5185143374825676,
d3_at_q6_11/X/r30,3,q6_11,X,30,bm_gap,rl,temperature,15000,2738,0.18177817063736176,0.02003224301377891,0.12225156122793997,0.38501823866148016,T=2.525
d3_at_q6_11/X/r30,3,q6_11,X,30,bm_gap,rl,platt,15000,2738,0.18618392819001095,0.01603564965712716,0.12208832285238681,0.3847654955395973,a=0.415;b=-0.08812
d3_at_q6_11/X/r30,3,q6_11,X,30,bm_gap,rl,isotonic,15000,2738,0.18610030300234806,0.009045668691412457,0.12170633503597218,0.3829530618609811,steps=90
d3_at_q6_11/X/r30,3,q6_11,X,30,nn,rl,raw,15000,2577,0.17279162144877863,0.010986604810385724,0.11496955238566355,0.361842230167371,
d3_at_q6_11/X/r30,3,q6_11,X,30,nn,rl,temperature,15000,2577,0.17230560557638916,0.01096321091972271,0.11496595345233124,0.36181377702494244,T=0.9963
d3_at_q6_11/X/r30,3,q6_11,X,30,nn,rl,platt,15000,2577,0.17504595532807396,0.010210160939679058,0.11493424916931108,0.36172522017372927,a=1.03;b=-0.05207
d3_at_q6_11/X/r30,3,q6_11,X,30,nn,rl,isotonic,15000,2577,0.17520475717459436,0.007750736511985673,0.11489288111914402,0.36221038725731125,steps=63
d3_at_q6_11/X/r50,3,q6_11,X,50,mwpm_gap,si1000,raw,15000,4634,0.1510225901524181,0.15791074318091528,0.22007085874587767,0.7411431712956617,
d3_at_q6_11/X/r50,3,q6_11,X,50,mwpm_gap,si1000,temperature,15000,4634,0.29741077640893676,0.024410104937299806,0.19316076669972596,0.5691253120156804,T=2.777
d3_at_q6_11/X/r50,3,q6_11,X,50,mwpm_gap,si1000,platt,15000,4634,0.308298554970072,0.015261166860145852,0.19255462382948443,0.5677515266860447,a=0.4063;b=-0.1565
d3_at_q6_11/X/r50,3,q6_11,X,50,mwpm_gap,si1000,isotonic,15000,4634,0.3082402170026508,0.009804422100140752,0.1924556096590981,0.5682518465029375,steps=41
d3_at_q6_11/X/r50,3,q6_11,X,50,mwpm_gap,rl,raw,15000,4558,0.19805260685843393,0.11601570858502536,0.21083568832179403,0.6320343379633283,
d3_at_q6_11/X/r50,3,q6_11,X,50,mwpm_gap,rl,temperature,15000,4558,0.3007939948734247,0.038400201390256065,0.19682963443487553,0.5772644302775047,T=1.906
d3_at_q6_11/X/r50,3,q6_11,X,50,mwpm_gap,rl,platt,15000,4558,0.3072546592621396,0.03622588556794211,0.1968099653749985,0.5770701447720534,a=0.5703;b=-0.1002
d3_at_q6_11/X/r50,3,q6_11,X,50,mwpm_gap,rl,isotonic,15000,4558,0.3074168744164545,0.005106336861786787,0.19473625214308135,0.5727580551778517,steps=39
d3_at_q6_11/X/r50,3,q6_11,X,50,bm_gap,rl,raw,15000,3903,0.12848823913450572,0.1317117608654943,0.1895569630519715,0.6767818059612047,
d3_at_q6_11/X/r50,3,q6_11,X,50,bm_gap,rl,temperature,15000,3903,0.2583794334672696,0.023567424214743005,0.16794586553638008,0.5050287271385904,T=2.805
d3_at_q6_11/X/r50,3,q6_11,X,50,bm_gap,rl,platt,15000,3903,0.266160900085556,0.021425267474803392,0.1678542982403682,0.5048500793556556,a=0.3828;b=-0.1094
d3_at_q6_11/X/r50,3,q6_11,X,50,bm_gap,rl,isotonic,15000,3903,0.2664760025777773,0.011063788254898005,0.16756380322780318,0.5041851449000064,steps=67
d3_at_q6_11/X/r50,3,q6_11,X,50,nn,rl,raw,15000,3811,0.25680366926319625,0.010119064500965199,0.1628014988278159,0.48923771814724715,
d3_at_q6_11/X/r50,3,q6_11,X,50,nn,rl,temperature,15000,3811,0.2553905326095458,0.009959037045859868,0.16279136145739545,0.4891808541340989,T=0.9897
d3_at_q6_11/X/r50,3,q6_11,X,50,nn,rl,platt,15000,3811,0.25333093119427824,0.011035894865764975,0.16281242347670583,0.4892438730576169,a=0.9941;b=0.02593
d3_at_q6_11/X/r50,3,q6_11,X,50,nn,rl,isotonic,15000,3811,0.2535489309321477,0.01307481155883291,0.16381599865400118,0.49193218710047215,steps=58
d3_at_q6_11/X/r70,3,q6_11,X,70,mwpm_gap,si1000,raw,15000,5968,0.20686577429887842,0.19100089236778825,0.27571648336939736,0.8779508361353305,
d3_at_q6_11/X/r70,3,q6_11,X,70,mwpm_gap,si1000,temperature,15000,5968,0.3813119060275793,0.02316455365148607,0.23068565747988795,0.6527786796458727,T=3.832
d3_at_q6_11/X/r70,3,q6_11,X,70,mwpm_gap,si1000,platt,15000,5968,0.39244179865854795,0.021170110401774578,0.2305011819062674,0.6523539258285531,a=0.3012;b=-0.1198
d3_at_q6_11/X/r70,3,q6_11,X,70,mwpm_gap,si1000,isotonic,15000,5968,0.3924571091065338,0.011668897383297693,0.23007496254211357,0.6514484487149653,steps=38
d3_at_q6_11/X/r70,3,q6_11,X,70,mwpm_gap,rl,raw,15000,6060,0.25748613459053765,0.14667186848909963,0.2592996114487153,0.7457673932400779,
d3_at_q6_11/X/r70,3,q6_11,X,70,mwpm_gap,rl,temperature,15000,6060,0.38567492059983255,0.033945091033329336,0.23267962229687977,0.6569780886692707,T=2.648
d3_at_q6_11/X/r70,3,q6_11,X,70,mwpm_gap,rl,platt,15000,6060,0.3959398786833624,0.030069472885031874,0.23235933510340454,0.6562397041289475,a=0.4384;b=-0.1166
d3_at_q6_11/X/r70,3,q6_11,X,70,mwpm_gap,rl,isotonic,15000,6060,0.39597924307528054,0.011629773359928111,0.23087977767111922,0.6531465138275034,steps=30
d3_at_q6_11/X/r90,3,q6_11,X,90,mwpm_gap,si1000,raw,15000,6879,0.2637046172789742,0.19489538272102577,0.2946170741072748,0.887358463081783,
d3_at_q6_11/X/r90,3,q6_11,X,90,mwpm_gap,si1000,temperature,15000,6879,0.4431525269056777,0.022243919003155897,0.2445587114283678,0.6820237979995697,T=6.027
d3_at_q6_11/X/r90,3,q6_11,X,90,mwpm_gap,si1000,platt,15000,6879,0.45459807024392235,0.012572463362928993,0.2442077846327645,0.6812899400657741,a=0.2053;b=-0.09996
d3_at_q6_11/X/r90,3,q6_11,X,90,mwpm_gap,si1000,isotonic,15000,6879,0.45434307948463476,0.015125004063155055,0.2441125707877023,0.6815721886146237,steps=30
d3_at_q6_11/X/r90,3,q6_11,X,90,mwpm_gap,rl,raw,15000,6846,0.3093938180090761,0.1470061819909239,0.27630617510187644,0.776514019356563,
d3_at_q6_11/X/r90,3,q6_11,X,90,mwpm_gap,rl,temperature,15000,6846,0.44948991179521763,0.027635178056328365,0.24526927374548632,0.6835293766642706,T=4.606
d3_at_q6_11/X/r90,3,q6_11,X,90,mwpm_gap,rl,platt,15000,6846,0.45382834749616424,0.027832760866811312,0.245151353148622,0.6832800370730521,a=0.2413;b=-0.04
d3_at_q6_11/X/r90,3,q6_11,X,90,mwpm_gap,rl,isotonic,15000,6846,0.4534993452249532,0.010449759857334727,0.24417234082658706,0.6816650961323297,steps=24
d3_at_q6_11/X/r110,3,q6_11,X,110,mwpm_gap,si1000,raw,15000,6624,0.24959954284485464,0.19200045715514538,0.28834728688271066,0.8829772067567183,
d3_at_q6_11/X/r110,3,q6_11,X,110,mwpm_gap,si1000,temperature,15000,6624,0.4292426044449681,0.018487878758554788,0.24135366127074614,0.6754566836592364,T=5.234
d3_at_q6_11/X/r110,3,q6_11,X,110,mwpm_gap,si1000,platt,15000,6624,0.43851503203153624,0.00963033684936776,0.24106539566315283,0.6748639590220327,a=0.224;b=-0.08633
d3_at_q6_11/X/r110,3,q6_11,X,110,mwpm_gap,si1000,isotonic,15000,6624,0.4384152653756876,0.005262624799716842,0.24098965460018903,0.674709523519828,steps=30
d3_at_q6_11/X/r110,3,q6_11,X,110,mwpm_gap,rl,raw,15000,6604,0.2938136648905967,0.14645300177607,0.2719959355149385,0.7696198893082125,
d3_at_q6_11/X/r110,3,q6_11,X,110,mwpm_gap,rl,temperature,15000,6604,0.4346264631594604,0.022053154268697264,0.24257827496385026,0.6780351477237282,T=3.865
d3_at_q6_11/X/r110,3,q6_11,X,110,mwpm_gap,rl,platt,15000,6604,0.4392486321502749,0.021524589798810646,0.24247012809608617,0.6778060684298001,a=0.2864;b=-0.04675
d3_at_q6_11/X/r110,3,q6_11,X,110,mwpm_gap,rl,isotonic,15000,6604,0.43896333801043097,0.008737208261825858,0.2421561545871297,0.6771850032446188,steps=28
d3_at_q6_11/X/r130,3,q6_11,X,130,mwpm_gap,si1000,raw,15000,6966,0.28277476088756287,0.18162523911243716,0.29408472636490585,0.8740142729652343,
d3_at_q6_11/X/r130,3,q6_11,X,130,mwpm_gap,si1000,temperature,15000,6966,0.456639023519775,0.011648134329115573,0.24683557611648949,0.6867491892879668,T=7
d3_at_q6_11/X/r130,3,q6_11,X,130,mwpm_gap,si1000,platt,15000,6966,0.4705267479015478,0.014446492148654781,0.24695311092530453,0.6869845838842562,a=0.1931;b=-0.1167
d3_at_q6_11/X/r130,3,q6_11,X,130,mwpm_gap,si1000,isotonic,15000,6966,0.4701396866883872,0.013043346432128426,0.24704698988849552,0.6872092379682871,steps=39
d3_at_q6_11/X/r130,3,q6_11,X,130,mwpm_gap,rl,raw,15000,6930,0.32378479893790235,0.13821520106209767,0.2773185358130552,0.7757981749702757,
d3_at_q6_11/X/r130,3,q6_11,X,130,mwpm_gap,rl,temperature,15000,6930,0.4613026173158023,0.01363043029256114,0.24715207575196527,0.6874040527256826,T=5.451
d3_at_q6_11/X/r130,3,q6_11,X,130,mwpm_gap,rl,platt,15000,6930,0.4635657877562608,0.013885035795525419,0.24714660805503458,0.6873910584645986,a=0.197;b=-0.02049
d3_at_q6_11/X/r130,3,q6_11,X,130,mwpm_gap,rl,isotonic,15000,6930,0.46356914705500846,0.01454702809693444,0.2471684335911271,0.6875027384810345,steps=28
d3_at_q6_11/X/r150,3,q6_11,X,150,mwpm_gap,si1000,raw,15000,7160,0.2941701233556913,0.18316320997764204,0.29842471802884524,0.8774268392351593,
d3_at_q6_11/X/r150,3,q6_11,X,150,mwpm_gap,si1000,temperature,15000,7160,0.4651141076265763,0.013764932024041433,0.24863416669721478,0.6903952520584337,T=8.065
d3_at_q6_11/X/r150,3,q6_11,X,150,mwpm_gap,si1000,platt,15000,7160,0.47507322007381547,0.01671091522768433,0.2486468167411338,0.6904223135743774,a=0.1603;b=-0.08072
d3_at_q6_11/X/r150,3,q6_11,X,150,mwpm_gap,si1000,isotonic,15000,7160,0.474907137346439,0.013025110434209198,0.24880205895216023,0.6907983434872258,steps=23
d3_at_q6_11/X/r150,3,q6_11,X,150,mwpm_gap,rl,raw,15000,7085,0.33341353882212643,0.13891979451120692,0.2813733265678654,0.7837845002561953,
d3_at_q6_11/X/r150,3,q6_11,X,150,mwpm_gap,rl,temperature,15000,7085,0.46848057899398504,0.017010690540847098,0.24876268681765423,0.6906594856487283,T=6.267
d3_at_q6_11/X/r150,3,q6_11,X,150,mwpm_gap,rl,platt,15000,7085,0.4765948530333819,0.019736247942042984,0.24895788743342692,0.6910479558018068,a=0.2084;b=-0.07114
d3_at_q6_11/X/r150,3,q6_11,X,150,mwpm_gap,rl,isotonic,15000,7085,0.4763578675364914,0.01975638378953515,0.24885053215748054,0.6909200764844585,steps=30
d3_at_q6_11/X/r170,3,q6_11,X,170,mwpm_gap,si1000,raw,15000,7286,0.3201604812751574,0.16557285205817593,0.293002707729272,0.8426290794914977,
d3_at_q6_11/X/r170,3,q6_11,X,170,mwpm_gap,si1000,temperature,15000,7286,0.4800886250720034,0.009661749614369169,0.24950002988692088,0.6921449732925415,T=11.69
d3_at_q6_11/X/r170,3,q6_11,X,170,mwpm_gap,si1000,platt,15000,7286,0.4908333230088791,0.012758993848680528,0.2496455245014016,0.6924383463068136,a=0.1276;b=-0.08219
d3_at_q6_11/X/r170,3,q6_11,X,170,mwpm_gap,si1000,isotonic,15000,7286,0.490836003619984,0.014214305613358244,0.2497335008895554,0.6926313399049697,steps=17
d3_at_q6_11/X/r170,3,q6_11,X,170,mwpm_gap,rl,raw,15000,7302,0.3578969435757694,0.12890305642423056,0.27731977761990706,0.7682138669881406,
d3_at_q6_11/X/r170,3,q6_11,X,170,mwpm_gap,rl,temperature,15000,7302,0.4839140700452475,0.01175233093552589,0.24945443190089014,0.6920536061254715,T=10.23
d3_at_q6_11/X/r170,3,q6_11,X,170,mwpm_gap,rl,platt,15000,7302,0.487212873009581,0.011282734174421178,0.2494318198156425,0.692008010611476,a=0.1176;b=-0.02627
d3_at_q6_11/X/r170,3,q6_11,X,170,mwpm_gap,rl,isotonic,15000,7302,0.4874262822080606,0.010009507288731966,0.24948008093964197,0.6926523519441316,steps=22
d3_at_q6_11/X/r190,3,q6_11,X,190,mwpm_gap,si1000,raw,15000,7338,0.33757705018875517,0.15162294981124477,0.28640647748665515,0.8113049137796996,
d3_at_q6_11/X/r190,3,q6_11,X,190,mwpm_gap,si1000,temperature,15000,7338,0.49177242307628866,0.015091468654640032,0.24959625632710436,0.6923385612128912,T=24.78
d3_at_q6_11/X/r190,3,q6_11,X,190,mwpm_gap,si1000,platt,15000,7338,0.493216562097946,0.014828052974303937,0.24957443794115353,0.6922946722472917,a=0.04658;b=-0.01086
d3_at_q6_11/X/r190,3,q6_11,X,190,mwpm_gap,si1000,isotonic,15000,7338,0.49307597707634093,0.012423186297567506,0.24955353264154806,0.6933957552124671,steps=18
d3_at_q6_11/X/r190,3,q6_11,X,190,mwpm_gap,rl,raw,15000,7297,0.37271317036259305,0.11375349630407361,0.27224736589545345,0.7535671361567751,
d3_at_q6_11/X/r190,3,q6_11,X,190,mwpm_gap,rl,temperature,15000,7297,0.49379544945705245,0.01359721735516039,0.24966274695650523,0.6924723471819144,T=23.45
d3_at_q6_11/X/r190,3,q6_11,X,190,mwpm_gap,rl,platt,15000,7297,0.49598970456976194,0.013739432203423085,0.24965053188106162,0.6924477897265742,a=0.05648;b=-0.01683
d3_at_q6_11/X/r190,3,q6_11,X,190,mwpm_gap,rl,isotonic,15000,7297,0.4961532293951556,0.012942676496833361,0.24961956307583066,0.6934914926174669,steps=24
d3_at_q6_11/X/r210,3,q6_11,X,210,mwpm_gap,si1000,raw,15000,7516,0.34096086316043195,0.16010580350623468,0.28913503073348773,0.8182473187330325,
d3_at_q6_11/X/r210,3,q6_11,X,210,mwpm_gap,si1000,temperature,15000,7516,0.4899904240214077,0.01129612942597405,0.2498524629949706,0.6928511277026151,T=19.83
d3_at_q6_11/X/r210,3,q6_11,X,210,mwpm_gap,si1000,platt,15000,7516,0.49124788119372514,0.010557269510631623,0.24981140573727564,0.692768855851484,a=0.05582;b=-0.009301
d3_at_q6_11/X/r210,3,q6_11,X,210,mwpm_gap,si1000,isotonic,15000,7516,0.4911562577143665,0.013078755848377116,0.24981209090693496,0.693854396435575,steps=19
d3_at_q6_11/X/r210,3,q6_11,X,210,mwpm_gap,rl,raw,15000,7369,0.3736609449091934,0.11760572175747329,0.27550083083869126,0.7607949074353596,
d3_at_q6_11/X/r210,3,q6_11,X,210,mwpm_gap,rl,temperature,15000,7369,0.49496143209506094,0.007101626255982418,0.24988184758382634,0.6929107937809995,T=28.51
d3_at_q6_11/X/r210,3,q6_11,X,210,mwpm_gap,rl,platt,15000,7369,0.49799544058022693,0.008022156371419703,0.24990621039284586,0.6929594565765477,a=0.05431;b=-0.02319
d3_at_q6_11/X/r210,3,q6_11,X,210,mwpm_gap,rl,isotonic,15000,7369,0.49819611404878256,0.011313479561983138,0.24975446505844925,0.6932003919930775,steps=20
d3_at_q6_11/X/r230,3,q6_11,X,230,mwpm_gap,si1000,raw,15000,7394,0.3556874792251551,0.13724585410817827,0.2817002958162544,0.789635746960677,
d3_at_q6_11/X/r230,3,q6_11,X,230,mwpm_gap,si1000,temperature,15000,7394,0.49344764773714256,0.009417417145502755,0.24983409452621905,0.692814985834255,T=26.5
d3_at_q6_11/X/r230,3,q6_11,X,230,mwpm_gap,si1000,platt,15000,7394,0.4956753532113292,0.010167328551311156,0.24982695218810558,0.6928005013202514,a=0.04841;b=-0.01633
d3_at_q6_11/X/r230,3,q6_11,X,230,mwpm_gap,si1000,isotonic,15000,7394,0.4958241662646637,0.010654749955095988,0.24972362889269395,0.6925848000083114,steps=18
d3_at_q6_11/X/r230,3,q6_11,X,230,mwpm_gap,rl,raw,15000,7439,0.39034101577194696,0.10559231756138641,0.2703195415387886,0.7454780568695882,
d3_at_q6_11/X/r230,3,q6_11,X,230,mwpm_gap,rl,temperature,15000,7439,0.49475836589075095,0.008987043833285196,0.2499082451333653,0.6929635741879713,T=23.33
d3_at_q6_11/X/r230,3,q6_11,X,230,mwpm_gap,rl,platt,15000,7439,0.4974286037042599,0.008405542344256856,0.24989611441673648,0.6929392585604822,a=0.06117;b=-0.01964
d3_at_q6_11/X/r230,3,q6_11,X,230,mwpm_gap,rl,isotonic,15000,7439,0.4975007953062411,0.009959920226972313,0.24994553569332698,0.6930316762427884,steps=16
d3_at_q6_11/X/r250,3,q6_11,X,250,mwpm_gap,si1000,raw,15000,7478,0.360710454766013,0.13782287856732037,0.2821286146610209,0.7912861065584913,
d3_at_q6_11/X/r250,3,q6_11,X,250,mwpm_gap,si1000,temperature,15000,7478,0.4936855828754645,0.0058767837994262336,0.25001374905788715,0.693174912688108,T=26.29
d3_at_q6_11/X/r250,3,q6_11,X,250,mwpm_gap,si1000,platt,15000,7478,0.4966761984728418,0.005718441189165196,0.250015280085539,0.693178240401487,a=0.05226;b=-0.0214
d3_at_q6_11/X/r250,3,q6_11,X,250,mwpm_gap,si1000,isotonic,15000,7478,0.4967546716916443,0.00864540599324451,0.250294104829317,0.6937714759320625,steps=19
d3_at_q6_11/X/r250,3,q6_11,X,250,mwpm_gap,rl,raw,15000,7449,0.3919478324751084,0.10465216752489158,0.2716398913445463,0.7490469294510964,
d3_at_q6_11/X/r250,3,q6_11,X,250,mwpm_gap,rl,temperature,15000,7449,0.4958150177092981,0.013082300819537315,0.2500093077775037,0.693165824277829,T=28.73
d3_at_q6_11/X/r250,3,q6_11,X,250,mwpm_gap,rl,platt,15000,7449,0.4941917690248078,0.013005927442454341,0.25000347617228913,0.6931541472519365,a=0.02363;b=0.01187
d3_at_q6_11/X/r250,3,q6_11,X,250,mwpm_gap,rl,isotonic,15000,7449,0.4943567797297872,0.011295398366316262,0.2502772981688171,0.6937332165844023,steps=12
d3_at_q6_11/Z/r01,3,q6_11,Z,1,mwpm_gap,si1000,raw,15000,47,0.0026476428583452204,0.0004963454104177817,0.00296067753816231,0.013141012455456347,
d3_at_q6_11/Z/r01,3,q6_11,Z,1,mwpm_gap,si1000,temperature,15000,47,0.004087449437526575,0.0009541161041932415,0.00295342749868081,0.012787463887254833,T=1.228
d3_at_q6_11/Z/r01,3,q6_11,Z,1,mwpm_gap,si1000,platt,15000,47,0.0033078303966726425,0.00017449706333930978,0.0028548523790396653,0.012560704440895017,a=0.6248;b=0.8911
d3_at_q6_11/Z/r01,3,q6_11,Z,1,mwpm_gap,si1000,isotonic,15000,47,0.003359692430324943,0.0002263590969916089,0.002742128949876142,0.0124348894597044,steps=13
d3_at_q6_11/Z/r01,3,q6_11,Z,1,mwpm_gap,rl,raw,15000,50,0.002581647288183904,0.0007703417006539531,0.002822769711523985,0.012270717118191523,
d3_at_q6_11/Z/r01,3,q6_11,Z,1,mwpm_gap,rl,temperature,15000,50,0.0037829316659890593,0.00044959833265572464,0.00282564710471747,0.012050655666499715,T=1.191
d3_at_q6_11/Z/r01,3,q6_11,Z,1,mwpm_gap,rl,platt,15000,50,0.0037663655546100274,0.0004330322212766943,0.0028248501371949185,0.012048087352955402,a=0.834;b=0.02269
d3_at_q6_11/Z/r01,3,q6_11,Z,1,mwpm_gap,rl,isotonic,15000,50,0.003602566314587643,0.0004565165177565333,0.002744713964724929,0.011719848741971663,steps=19
d3_at_q6_11/Z/r01,3,q6_11,Z,1,exact,si1000,raw,15000,46,0.002757867387742948,0.00032643355745076426,0.0028787766982653457,0.012568316111885618,
d3_at_q6_11/Z/r01,3,q6_11,Z,1,exact,si1000,temperature,15000,46,0.0039161993877927775,0.0008495327211261097,0.002875327482441423,0.012390614920558563,T=1.175
d3_at_q6_11/Z/r01,3,q6_11,Z,1,exact,si1000,platt,15000,46,0.003172183701617349,0.00010551703495068215,0.0027902482363047786,0.012238346439357513,a=0.6584;b=0.8846
d3_at_q6_11/Z/r01,3,q6_11,Z,1,exact,si1000,isotonic,15000,46,0.003168750751419169,0.00010208408475250279,0.002700873021693976,0.011669736985105972,steps=10
d3_at_q6_11/Z/r01,3,q6_11,Z,1,exact,rl,raw,15000,48,0.0029313635884411116,0.0003066084017894831,0.002758738938294988,0.011904226241588094,
d3_at_q6_11/Z/r01,3,q6_11,Z,1,exact,rl,temperature,15000,48,0.0037405631820961152,0.0005405631820961149,0.002767585607812414,0.011884186910226302,T=1.114
d3_at_q6_11/Z/r01,3,q6_11,Z,1,exact,rl,platt,15000,48,0.003679300752121272,0.0004793007521212708,0.002765425112233626,0.011872596245481476,a=0.8772;b=0.081
d3_at_q6_11/Z/r01,3,q6_11,Z,1,exact,rl,isotonic,15000,48,0.003739264938503418,0.0007468399632104128,0.0028343652172208586,0.0141111320899686,steps=17
d3_at_q6_11/Z/r01,3,q6_11,Z,1,bm_gap,rl,raw,15000,51,0.0011222690293051234,0.002277739640565619,0.0028660138612211484,0.01803964601686689,
d3_at_q6_11/Z/r01,3,q6_11,Z,1,bm_gap,rl,temperature,15000,51,0.004116168204260945,0.0007161682042609459,0.002822199915086576,0.01193525488416519,T=2.281
d3_at_q6_11/Z/r01,3,q6_11,Z,1,bm_gap,rl,platt,15000,51,0.003807004364582845,0.00040700436458284474,0.0028214236951227996,0.01190133015994372,a=0.3919;b=0.3586
d3_at_q6_11/Z/r01,3,q6_11,Z,1,bm_gap,rl,isotonic,15000,51,0.003656018378296474,0.0004645065817153006,0.002770193217729638,0.011836182855327365,steps=18
d3_at_q6_11/Z/r01,3,q6_11,Z,1,nn,rl,raw,15000,51,0.0037861747209839707,0.00038617472098397107,0.002806492766199601,0.012031580692785307,
d3_at_q6_11/Z/r01,3,q6_11,Z,1,nn,rl,temperature,15000,51,0.0024065254571409393,0.0010161511006079673,0.0028134311881128716,0.012289244076141941,T=0.8207
d3_at_q6_11/Z/r01,3,q6_11,Z,1,nn,rl,platt,15000,51,0.0016363847505898941,0.0018709440352528458,0.003039900881396186,0.012995334527529372,a=0.8196;b=1.434
d3_at_q6_11/Z/r01,3,q6_11,Z,1,nn,rl,isotonic,15000,51,0.0019258175224418797,0.0016341504839568408,0.00296672667302016,0.014171429851726263,steps=8
d3_at_q6_11/Z/r10,3,q6_11,Z,10,mwpm_gap,si1000,raw,15000,1264,0.04280365695252277,0.04146317512606222,0.06326779902401787,0.2379586764448184,
d3_at_q6_11/Z/r10,3,q6_11,Z,10,mwpm_gap,si1000,temperature,15000,1264,0.07678276375223264,0.012143027160766953,0.06043998416664418,0.2085222214563521,T=1.567
d3_at_q6_11/Z/r10,3,q6_11,Z,10,mwpm_gap,si1000,platt,15000,1264,0.08285397658632059,0.00477929792369164,0.059949648929044266,0.20769772385142077,a=0.7244;b=-0.3325
d3_at_q6_11/Z/r10,3,q6_11,Z,10,mwpm_gap,si1000,isotonic,15000,1264,0.08273829329636297,0.003671075448277219,0.05948985095786963,0.20624963062284127,steps=48
d3_at_q6_11/Z/r10,3,q6_11,Z,10,mwpm_gap,rl,raw,15000,1209,0.06069372073409566,0.019907917200558994,0.06023753337637412,0.21335901223341933,
d3_at_q6_11/Z/r10,3,q6_11,Z,10,mwpm_gap,rl,temperature,15000,1209,0.07832640164652141,0.00808766049637387,0.05968096290540414,0.20723058738604347,T=1.226
d3_at_q6_11/Z/r10,3,q6_11,Z,10,mwpm_gap,rl,platt,15000,1209,0.07841974121014994,0.008025953777048764,0.059677134290137504,0.20722822877865157,a=0.8175;b=-0.004804
d3_at_q6_11/Z/r10,3,q6_11,Z,10,mwpm_gap,rl,isotonic,15000,1209,0.07832640541681654,0.0033024168229688487,0.059246250392726914,0.20524263437188855,steps=46
d3_at_q6_11/Z/r10,3,q6_11,Z,10,bm_gap,rl,raw,15000,962,0.02952164633868583,0.034611686994650406,0.05062084348169983,0.22900425765136206,
d3_at_q6_11/Z/r10,3,q6_11,Z,10,bm_gap,rl,temperature,15000,962,0.0671090707060064,0.007429613424848447,0.047793697873010646,0.16789535201625583,T=2.186
d3_at_q6_11/Z/r10,3,q6_11,Z,10,bm_gap,rl,platt,15000,962,0.06346372220154078,0.007093266994789048,0.047825923770790604,0.16743065309007216,a=0.4219;b=0.1931
d3_at_q6_11/Z/r10,3,q6_11,Z,10,bm_gap,rl,isotonic,15000,962,0.0636971550657585,0.0021033939187969485,0.04787511199292942,0.16616839081381002,steps=64
d3_at_q6_11/Z/r10,3,q6_11,Z,10,nn,rl,raw,15000,956,0.06307985319846814,0.0066618943878235855,0.045866407607101485,0.15848194241117514,
d3_at_q6_11/Z/r10,3,q6_11,Z,10,nn,rl,temperature,15000,956,0.06529457338493659,0.007617702866994836,0.045876028175848606,0.15860222483954342,T=1.03
d3_at_q6_11/Z/r10,3,q6_11,Z,10,nn,rl,platt,15000,956,0.06406070372844992,0.008567883087398665,0.04592930351142862,0.15871722860784693,a=0.9468;b=0.06643
d3_at_q6_11/Z/r10,3,q6_11,Z,10,nn,rl,isotonic,15000,956,0.06428943129653204,0.009148940505732783,0.046301742686973985,0.16091951067091145,steps=36
d3_at_q6_11/Z/r30,3,q6_11,Z,30,mwpm_gap,si1000,raw,15000,3624,0.11910682303809454,0.12249317696190548,0.17244114377324887,0.5863110128943315,
d3_at_q6_11/Z/r30,3,q6_11,Z,30,mwpm_gap,si1000,temperature,15000,3624,0.22576792603170986,0.025372647780153468,0.15660457479784676,0.4792861686331116,T=2.145
d3_at_q6_11/Z/r30,3,q6_11,Z,30,mwpm_gap,si1000,platt,15000,3624,0.24006388590862104,0.016414293416192202,0.15544725382903507,0.4768635950675845,a=0.5456;b=-0.2696
d3_at_q6_11/Z/r30,3,q6_11,Z,30,mwpm_gap,si1000,isotonic,15000,3624,0.24019549671599433,0.0075099452105098444,0.15460491413418437,0.4755848261058454,steps=46
d3_at_q6_11/Z/r30,3,q6_11,Z,30,mwpm_gap,rl,raw,15000,3426,0.1570082046909438,0.08056525424297185,0.16227840690149886,0.514747924437044,
d3_at_q6_11/Z/r30,3,q6_11,Z,30,mwpm_gap,rl,temperature,15000,3426,0.22806262302094946,0.025166955976275766,0.15592734100271533,0.47798552098152114,T=1.616
d3_at_q6_11/Z/r30,3,q6_11,Z,30,mwpm_gap,rl,platt,15000,3426,0.2311394016611232,0.02496362187594924,0.15594638367331323,0.4780300416246349,a=0.6397;b=-0.05435
d3_at_q6_11/Z/r30,3,q6_11,Z,30,mwpm_gap,rl,isotonic,15000,3426,0.23105280020639377,0.007901877027929124,0.15483571962955942,0.4760352490162034,steps=36
d3_at_q6_11/Z/r30,3,q6_11,Z,30,bm_gap,rl,raw,15000,2828,0.088653598297473,0.09987973503586034,0.1440888271905075,0.5574670378662403,
d3_at_q6_11/Z/r30,3,q6_11,Z,30,bm_gap,rl,temperature,15000,2828,0.194707620727712,0.008378475798785952,0.13031371860708127,0.4072693252616088,T=2.64
d3_at_q6_11/Z/r30,3,q6_11,Z,30,bm_gap,rl,platt,15000,2828,0.19646776513431857,0.00983358051526402,0.13035340221461064,0.40737624415038515,a=0.3857;b=-0.03267
d3_at_q6_11/Z/r30,3,q6_11,Z,30,bm_gap,rl,isotonic,15000,2828,0.19646247891345325,0.009923570756204675,0.13037077786557003,0.40761511024187314,steps=85
d3_at_q6_11/Z/r30,3,q6_11,Z,30,nn,rl,raw,15000,2809,0.18430860525662957,0.007726443583140453,0.12661104161547404,0.39540323308628467,
d3_at_q6_11/Z/r30,3,q6_11,Z,30,nn,rl,temperature,15000,2809,0.1910777765294505,0.007141683850037466,0.1266286121175174,0.3953972370128326,T=1.052
d3_at_q6_11/Z/r30,3,q6_11,Z,30,nn,rl,platt,15000,2809,0.18897757724705752,0.00733271509324035,0.1266368210861632,0.3954194084479653,a=0.9322;b=0.03704
d3_at_q6_11/Z/r30,3,q6_11,Z,30,nn,rl,isotonic,15000,2809,0.18943605709282724,0.014400098908679044,0.1271453480177665,0.39693809494214355,steps=54
d3_at_q6_11/Z/r50,3,q6_11,Z,50,mwpm_gap,si1000,raw,15000,5125,0.17507646886127526,0.16659019780539147,0.23594159465361214,0.7545520717826524,
d3_at_q6_11/Z/r50,3,q6_11,Z,50,mwpm_gap,si1000,temperature,15000,5125,0.31449767095899595,0.032055515076763914,0.20654910156273018,0.5992617307947833,T=2.619
d3_at_q6_11/Z/r50,3,q6_11,Z,50,mwpm_gap,si1000,platt,15000,5125,0.33137035853778274,0.021507170972678496,0.20548465157562892,0.5972043494822318,a=0.4559;b=-0.2206
d3_at_q6_11/Z/r50,3,q6_11,Z,50,mwpm_gap,si1000,isotonic,15000,5125,0.3312148706844798,0.0143715490681474,0.2045272520049902,0.5962389257045877,steps=47
d3_at_q6_11/Z/r50,3,q6_11,Z,50,mwpm_gap,rl,raw,15000,5004,0.22029822980509808,0.11463131356550788,0.22018887992176972,0.6604518636981963,
d3_at_q6_11/Z/r50,3,q6_11,Z,50,mwpm_gap,rl,temperature,15000,5004,0.3153566357447034,0.021883239230315283,0.20574496493584818,0.5975024569701173,T=1.922
d3_at_q6_11/Z/r50,3,q6_11,Z,50,mwpm_gap,rl,platt,15000,5004,0.3199547035264821,0.02089866385310159,0.20554619023951057,0.5971299368884562,a=0.5457;b=-0.05708
d3_at_q6_11/Z/r50,3,q6_11,Z,50,mwpm_gap,rl,isotonic,15000,5004,0.3198990544799282,0.016675156842837092,0.20451395048845714,0.5956607579626635,steps=39
d3_at_q6_11/Z/r50,3,q6_11,Z,50,bm_gap,rl,raw,15000,4260,0.137679065765687,0.14632093423431297,0.20815889233996052,0.7425063161674962,
d3_at_q6_11/Z/r50,3,q6_11,Z,50,bm_gap,rl,temperature,15000,4260,0.27755639718051506,0.010111387046958572,0.18256066000061036,0.5412443633840436,T=2.934
d3_at_q6_11/Z/r50,3,q6_11,Z,50,bm_gap,rl,platt,15000,4260,0.28187247205809607,0.008605849924285881,0.18253199997369526,0.5412468262641538,a=0.3549;b=-0.05673
d3_at_q6_11/Z/r50,3,q6_11,Z,50,bm_gap,rl,isotonic,15000,4260,0.2819284536323573,0.01636385592173275,0.1826959548997801,0.5433297585143833,steps=64
d3_at_q6_11/Z/r50,3,q6_11,Z,50,nn,rl,raw,15000,4318,0.2763642919742994,0.011502374692367246,0.18048742456000827,0.5346608643141206,
d3_at_q6_11/Z/r50,3,q6_11,Z,50,nn,rl,temperature,15000,4318,0.2801752009355412,0.008923409921494525,0.18040909503784408,0.5343051403865533,T=1.029
d3_at_q6_11/Z/r50,3,q6_11,Z,50,nn,rl,platt,15000,4318,0.28252764811376324,0.00839480225428626,0.18038634317189103,0.5342942559555078,a=0.9881;b=-0.02606
d3_at_q6_11/Z/r50,3,q6_11,Z,50,nn,rl,isotonic,15000,4318,0.2827611286869031,0.012217348353166714,0.18071672765121294,0.5377826036038242,steps=57
d3_at_q6_11/Z/r70,3,q6_11,Z,70,mwpm_gap,si1000,raw,15000,5940,0.21888171957712196,0.17711828042287803,0.26286202481970833,0.8015389729759698,
d3_at_q6_11/Z/r70,3,q6_11,Z,70,mwpm_gap,si1000,temperature,15000,5940,0.37720911547435587,0.030438545801688463,0.2268645797215612,0.644210994064286,T=3.32
d3_at_q6_11/Z/r70,3,q6_11,Z,70,mwpm_gap,si1000,platt,15000,5940,0.3910592783668393,0.015476322911100694,0.22610021956602322,0.6425361030762489,a=0.3592;b=-0.1521
d3_at_q6_11/Z/r70,3,q6_11,Z,70,mwpm_gap,si1000,isotonic,15000,5940,0.3906947386877092,0.01228358268131721,0.22552666512032588,0.6413621041685102,steps=27
d3_at_q6_11/Z/r70,3,q6_11,Z,70,mwpm_gap,rl,raw,15000,5796,0.26631370634375695,0.12323295174305249,0.2443313528409657,0.7085873223814091,
d3_at_q6_11/Z/r70,3,q6_11,Z,70,mwpm_gap,rl,temperature,15000,5796,0.37849990601634914,0.021669900197558652,0.22594956492373514,0.6422137878706661,T=2.421
d3_at_q6_11/Z/r70,3,q6_11,Z,70,mwpm_gap,rl,platt,15000,5796,0.38236703815587886,0.02030272971313643,0.22583165521267598,0.6419381289542636,a=0.4335;b=-0.04013
d3_at_q6_11/Z/r70,3,q6_11,Z,70,mwpm_gap,rl,isotonic,15000,5796,0.3822982228821528,0.010847553539988342,0.22502529514310557,0.6400388696256286,steps=34
d3_at_q6_11/Z/r90,3,q6_11,Z,90,mwpm_gap,si1000,raw,15000,6896,0.2724049062109547,0.18732842712237865,0.2936190692997791,0.8545418770788399,
d3_at_q6_11/Z/r90,3,q6_11,Z,90,mwpm_gap,si1000,temperature,15000,6896,0.44042712391434335,0.024131029571973703,0.24575469196345273,0.6844558509898838,T=5.141
d3_at_q6_11/Z/r90,3,q6_11,Z,90,mwpm_gap,si1000,platt,15000,6896,0.45259042773354763,0.021974653122904496,0.24554589851198383,0.6840138974686655,a=0.2433;b=-0.1088
d3_at_q6_11/Z/r90,3,q6_11,Z,90,mwpm_gap,si1000,isotonic,15000,6896,0.45297364356570896,0.018497682229587812,0.2450287672561253,0.6829756534038699,steps=30
d3_at_q6_11/Z/r90,3,q6_11,Z,90,mwpm_gap,rl,raw,15000,6899,0.3195118036254447,0.1406306691688878,0.2740313497382255,0.7702180856561038,
d3_at_q6_11/Z/r90,3,q6_11,Z,90,mwpm_gap,rl,temperature,15000,6899,0.44030462153634836,0.02283399507186158,0.24575687355865594,0.6844602396533437,T=3.657
d3_at_q6_11/Z/r90,3,q6_11,Z,90,mwpm_gap,rl,platt,15000,6899,0.45043333501976013,0.02257521368508116,0.24557965665967615,0.6840945792250813,a=0.3245;b=-0.08538
d3_at_q6_11/Z/r90,3,q6_11,Z,90,mwpm_gap,rl,isotonic,15000,6899,0.45094008909237004,0.014912006731605401,0.24528303639544036,0.6835324961904123,steps=35
d3_at_q6_11/Z/r110,3,q6_11,Z,110,mwpm_gap,si1000,raw,15000,6854,0.274113225754073,0.18282010757926045,0.28664652211883185,0.8363079830620618,
d3_at_q6_11/Z/r110,3,q6_11,Z,110,mwpm_gap,si1000,temperature,15000,6854,0.4426606357659926,0.026059904758882726,0.2439289184403847,0.6807409403622733,T=5.336
d3_at_q6_11/Z/r110,3,q6_11,Z,110,mwpm_gap,si1000,platt,15000,6854,0.45715846353912554,0.014020257674460041,0.24341946179515947,0.6796794493089404,a=0.2463;b=-0.1304
d3_at_q6_11/Z/r110,3,q6_11,Z,110,mwpm_gap,si1000,isotonic,15000,6854,0.4574715221959855,0.011164788501629181,0.24311821390651178,0.6790175033106518,steps=28
d3_at_q6_11/Z/r110,3,q6_11,Z,110,mwpm_gap,rl,raw,15000,6738,0.32249676473516264,0.13076422313789254,0.2667289083513772,0.7511844172724769,
d3_at_q6_11/Z/r110,3,q6_11,Z,110,mwpm_gap,rl,temperature,15000,6738,0.44320092637658925,0.020367366562440366,0.2435801219172076,0.6800212954798167,T=3.775
d3_at_q6_11/Z/r110,3,q6_11,Z,110,mwpm_gap,rl,platt,15000,6738,0.4537824340219122,0.018352925330166924,0.2434753044837163,0.6797852470009329,a=0.3197;b=-0.0895
d3_at_q6_11/Z/r110,3,q6_11,Z,110,mwpm_gap,rl,isotonic,15000,6738,0.45378101913788643,0.012144869338080268,0.24296204264077995,0.6787076872714323,steps=31
d3_at_q6_11/Z/r130,3,q6_11,Z,130,mwpm_gap,si1000,raw,15000,6928,0.2897588640554262,0.17210780261124045,0.28747769911854326,0.82946772035215,
d3_at_q6_11/Z/r130,3,q6_11,Z,130,mwpm_gap,si1000,temperature,15000,6928,0.45418448586037036,0.020856425521393496,0.24583302136062518,0.6846694517591777,T=6.074
d3_at_q6_11/Z/r130,3,q6_11,Z,130,mwpm_gap,si1000,platt,15000,6928,0.4682610696564955,0.01925432515148053,0.2457072126561703,0.684379094049696,a=0.224;b=-0.1225
d3_at_q6_11/Z/r130,3,q6_11,Z,130,mwpm_gap,si1000,isotonic,15000,6928,0.4681403162368869,0.01475745435141242,0.24540046873069496,0.6837315020776863,steps=22
d3_at_q6_11/Z/r130,3,q6_11,Z,130,mwpm_gap,rl,raw,15000,6900,0.3371736444204135,0.1253915216713731,0.2688208798817051,0.7519276863765532,
d3_at_q6_11/Z/r130,3,q6_11,Z,130,mwpm_gap,rl,temperature,15000,6900,0.45582732057533687,0.020078347040620212,0.24567651482859068,0.6843468948979923,T=4.391
d3_at_q6_11/Z/r130,3,q6_11,Z,130,mwpm_gap,rl,platt,15000,6900,0.464046297440503,0.016103714217688324,0.24558101947387798,0.6841337870399324,a=0.2725;b=-0.06766
d3_at_q6_11/Z/r130,3,q6_11,Z,130,mwpm_gap,rl,isotonic,15000,6900,0.46368837273635033,0.014095917385186164,0.24535783704496153,0.6836673324876217,steps=28
d3_at_q6_11/Z/r150,3,q6_11,Z,150,mwpm_gap,si1000,raw,15000,7046,0.3074039029538857,0.16232943037944772,0.28614152001723925,0.8179075016721009,
d3_at_q6_11/Z/r150,3,q6_11,Z,150,mwpm_gap,si1000,temperature,15000,7046,0.4708020986156537,0.016632373930346958,0.2474984577658329,0.6881058256570749,T=8.496
d3_at_q6_11/Z/r150,3,q6_11,Z,150,mwpm_gap,si1000,platt,15000,7046,0.48099918564473054,0.01629471907991111,0.24744029393178915,0.687977401684995,a=0.1619;b=-0.08463
d3_at_q6_11/Z/r150,3,q6_11,Z,150,mwpm_gap,si1000,isotonic,15000,7046,0.48103940829240177,0.016766973245163592,0.24739344638098174,0.6878843654731952,steps=21
d3_at_q6_11/Z/r150,3,q6_11,Z,150,mwpm_gap,rl,raw,15000,6996,0.3534826096027675,0.11632652985823164,0.26938695425222836,0.7502043853038572,
d3_at_q6_11/Z/r150,3,q6_11,Z,150,mwpm_gap,rl,temperature,15000,6996,0.4709338123572018,0.017923436899634007,0.24756657703412585,0.6882398871368729,T=5.886
d3_at_q6_11/Z/r150,3,q6_11,Z,150,mwpm_gap,rl,platt,15000,6996,0.47514848893035755,0.01977556939434783,0.24757771769514605,0.6882577620303958,a=0.1934;b=-0.03294
d3_at_q6_11/Z/r150,3,q6_11,Z,150,mwpm_gap,rl,isotonic,15000,6996,0.47520166402499786,0.010558653997566768,0.24737218433286143,0.6878313612721972,steps=19
d3_at_q6_11/Z/r170,3,q6_11,Z,170,mwpm_gap,si1000,raw,15000,7347,0.33263398264030075,0.15716601735969932,0.28955708876999914,0.8144257395929625,
d3_at_q6_11/Z/r170,3,q6_11,Z,170,mwpm_gap,si1000,temperature,15000,7347,0.4843857335616832,0.014645803515416899,0.24958457811231233,0.6923134610839784,T=13.21
d3_at_q6_11/Z/r170,3,q6_11,Z,170,mwpm_gap,si1000,platt,15000,7347,0.4889465927150571,0.01394745278784197,0.2495508798906638,0.6922452595515473,a=0.09699;b=-0.03584
d3_at_q6_11/Z/r170,3,q6_11,Z,170,mwpm_gap,si1000,isotonic,15000,7347,0.48904860972107084,0.005563872719077183,0.24949284906834182,0.6921308469827876,steps=20
d3_at_q6_11/Z/r170,3,q6_11,Z,170,mwpm_gap,rl,raw,15000,7353,0.37638409966654846,0.114158373127784,0.27198218050162065,0.7513589550126595,
d3_at_q6_11/Z/r170,3,q6_11,Z,170,mwpm_gap,rl,temperature,15000,7353,0.48528628887855946,0.01641958849019657,0.24948904602909747,0.6921219012506773,T=9.539
d3_at_q6_11/Z/r170,3,q6_11,Z,170,mwpm_gap,rl,platt,15000,7353,0.490628073895003,0.014266407518273384,0.2494319075644276,0.6920067229550866,a=0.1369;b=-0.03937
d3_at_q6_11/Z/r170,3,q6_11,Z,170,mwpm_gap,rl,isotonic,15000,7353,0.49063210147124675,0.014180450524683686,0.2493722976674653,0.691893534493487,steps=20
d3_at_q6_11/Z/r190,3,q6_11,Z,190,mwpm_gap,si1000,raw,15000,7349,0.34679585348446174,0.1431374798488717,0.2828604657658003,0.7933924332808604,
d3_at_q6_11/Z/r190,3,q6_11,Z,190,mwpm_gap,si1000,temperature,15000,7349,0.486829444870536,0.013015087026851078,0.24954160727332012,0.692229078346898,T=14.06
d3_at_q6_11/Z/r190,3,q6_11,Z,190,mwpm_gap,si1000,platt,15000,7349,0.49092361642775223,0.01227943154577622,0.24949891688880368,0.6921435206856479,a=0.09135;b=-0.03136
d3_at_q6_11/Z/r190,3,q6_11,Z,190,mwpm_gap,si1000,isotonic,15000,7349,0.49085869894821643,0.011578096030263624,0.24962696158113157,0.6923981485594527,steps=20
d3_at_q6_11/Z/r190,3,q6_11,Z,190,mwpm_gap,rl,raw,15000,7231,0.3875168374827714,0.09771443528099724,0.2682396204605783,0.7412133624330631,
d3_at_q6_11/Z/r190,3,q6_11,Z,190,mwpm_gap,rl,temperature,15000,7231,0.4862091280144112,0.009660210584609181,0.2495164530644085,0.6921783700882572,T=9.129
d3_at_q6_11/Z/r190,3,q6_11,Z,190,mwpm_gap,rl,platt,15000,7231,0.4907040777856552,0.011994201696318646,0.2496053205567661,0.6923558994635363,a=0.1385;b=-0.03258
d3_at_q6_11/Z/r190,3,q6_11,Z,190,mwpm_gap,rl,isotonic,15000,7231,0.4906223873925687,0.018554601074913846,0.2496708947948785,0.6924653740944277,steps=25
d3_at_q6_11/Z/r210,3,q6_11,Z,210,mwpm_gap,si1000,raw,15000,7445,0.35607145319785877,0.14026188013547466,0.28195219882949807,0.7836092395092218,
d3_at_q6_11/Z/r210,3,q6_11,Z,210,mwpm_gap,si1000,temperature,15000,7445,0.4850986632949258,0.015737629727296823,0.24973869081978792,0.6926204108002683,T=11.45
d3_at_q6_11/Z/r210,3,q6_11,Z,210,mwpm_gap,si1000,platt,15000,7445,0.49171467443526756,0.010799492542213022,0.24962429271544506,0.6923888539453287,a=0.1206;b=-0.04919
d3_at_q6_11/Z/r210,3,q6_11,Z,210,mwpm_gap,si1000,isotonic,15000,7445,0.49181363983947507,0.01138303546391003,0.24942435998076645,0.6919722394911657,steps=20
d3_at_q6_11/Z/r210,3,q6_11,Z,210,mwpm_gap,rl,raw,15000,7379,0.396478519642741,0.09545481369059239,0.2672789163555655,0.7359915578452999,
d3_at_q6_11/Z/r210,3,q6_11,Z,210,mwpm_gap,rl,temperature,15000,7379,0.48577612582847485,0.011529940087768326,0.249679465519148,0.6925016375711265,T=8.05
d3_at_q6_11/Z/r210,3,q6_11,Z,210,mwpm_gap,rl,platt,15000,7379,0.4862247258557935,0.011460376505543783,0.24967362736760693,0.6924897987538442,a=0.1272;b=-0.003146
d3_at_q6_11/Z/r210,3,q6_11,Z,210,mwpm_gap,rl,isotonic,15000,7379,0.48623186240028615,0.011234774996659997,0.2496233924497974,0.6923528863088337,steps=19
d3_at_q6_11/Z/r230,3,q6_11,Z,230,mwpm_gap,si1000,raw,15000,7443,0.37477413877517085,0.12142586122482919,0.2758495688057384,0.7645688205146388,
d3_at_q6_11/Z/r230,3,q6_11,Z,230,mwpm_gap,si1000,temperature,15000,7443,0.49008903104143514,0.012031317159349183,0.24984174745246354,0.6928300223157792,T=14.6
d3_at_q6_11/Z/r230,3,q6_11,Z,230,mwpm_gap,si1000,platt,15000,7443,0.49382922063114015,0.010914695006286845,0.24980341405241233,0.6927532252897213,a=0.08888;b=-0.02677
d3_at_q6_11/Z/r230,3,q6_11,Z,230,mwpm_gap,si1000,isotonic,15000,7443,0.49389901315377743,0.007540298749555135,0.24990278928030243,0.6931459894580393,steps=15
d3_at_q6_11/Z/r230,3,q6_11,Z,230,mwpm_gap,rl,raw,15000,7309,0.41102471277930025,0.07631127339792873,0.26321846954072026,0.7259254231150681,
d3_at_q6_11/Z/r230,3,q6_11,Z,230,mwpm_gap,rl,temperature,15000,7309,0.4905265212145873,0.012699412103031372,0.2497447715793031,0.6926362217380465,T=10.23
d3_at_q6_11/Z/r230,3,q6_11,Z,230,mwpm_gap,rl,platt,15000,7309,0.48281312345558947,0.011535166396599168,0.2497796801241943,0.6927062379560189,a=0.0435;b=0.0519
d3_at_q6_11/Z/r230,3,q6_11,Z,230,mwpm_gap,rl,isotonic,15000,7309,0.48287140885852753,0.007583548091041981,0.2499460415000606,0.6933324221946189,steps=14
d3_at_q6_11/Z/r250,3,q6_11,Z,250,mwpm_gap,si1000,raw,15000,7331,0.371434812695059,0.11908108562532348,0.27646038809211343,0.766606308753368,
d3_at_q6_11/Z/r250,3,q6_11,Z,250,mwpm_gap,si1000,temperature,15000,7331,0.4911861838758758,0.017808668587387885,0.24976916859360068,0.6926845974137082,T=16.95
d3_at_q6_11/Z/r250,3,q6_11,Z,250,mwpm_gap,si1000,platt,15000,7331,0.490983378261844,0.01777500234964447,0.2497685201404932,0.6926833265747816,a=0.05785;b=0.001488
d3_at_q6_11/Z/r250,3,q6_11,Z,250,mwpm_gap,si1000,isotonic,15000,7331,0.4910175680111589,0.012566728144136135,0.24977152920648235,0.692690487420977,steps=17
d3_at_q6_11/Z/r250,3,q6_11,Z,250,mwpm_gap,rl,raw,15000,7433,0.4105706215782423,0.08496271175509106,0.26391636662734524,0.7270089382997442,
d3_at_q6_11/Z/r250,3,q6_11,Z,250,mwpm_gap,rl,temperature,15000,7433,0.4919007394272814,0.013264895919309645,0.24977338787103898,0.6926930966415322,T=12.04
d3_at_q6_11/Z/r250,3,q6_11,Z,250,mwpm_gap,rl,platt,15000,7433,0.4938583260477854,0.012498471286882524,0.24974479946301106,0.692635711728,a=0.09696;b=-0.01325
d3_at_q6_11/Z/r250,3,q6_11,Z,250,mwpm_gap,rl,isotonic,15000,7433,0.4939219546393838,0.010893969614868338,0.24980535227969283,0.6927571746422729,steps=18
d3_at_q6_3/X/r01,3,q6_3,X,1,mwpm_gap,si1000,raw,15000,60,0.0018229828359586503,0.0021785100475375917,0.003691891353835995,0.01709896301493453,
d3_at_q6_3/X/r01,3,q6_3,X,1,mwpm_gap,si1000,temperature,15000,60,0.00394185744061389,0.00010871124829289953,0.0036239424895387973,0.015497888333688134,T=1.34
d3_at_q6_3/X/r01,3,q6_3,X,1,mwpm_gap,si1000,platt,15000,60,0.0035989603203057156,0.0005288008587248415,0.0036253907914223205,0.015549940251569869,a=0.6419;b=0.5229
d3_at_q6_3/X/r01,3,q6_3,X,1,mwpm_gap,si1000,isotonic,15000,60,0.0034635430225834645,0.0006272062258993209,0.0036971031491670886,0.015578361985436932,steps=14
d3_at_q6_3/X/r01,3,q6_3,X,1,mwpm_gap,rl,raw,15000,59,0.0020619820693999367,0.0018727010089974096,0.0034966380208967043,0.016573658438023647,
d3_at_q6_3/X/r01,3,q6_3,X,1,mwpm_gap,rl,temperature,15000,59,0.00418730839540526,0.0003077777574379345,0.0034843453491265174,0.0151805600631095,T=1.343
d3_at_q6_3/X/r01,3,q6_3,X,1,mwpm_gap,rl,platt,15000,59,0.003924585693186976,9.700021698926052e-05,0.0034807074711356986,0.015153365442650654,a=0.6773;b=0.3334
d3_at_q6_3/X/r01,3,q6_3,X,1,mwpm_gap,rl,isotonic,15000,59,0.003733989113370629,0.00029191538404509224,0.003495372864458662,0.015141673140934172,steps=21
d3_at_q6_3/X/r01,3,q6_3,X,1,exact,si1000,raw,15000,60,0.001998684727598257,0.0020042062138634427,0.003702081499104465,0.016838330358138275,
d3_at_q6_3/X/r01,3,q6_3,X,1,exact,si1000,temperature,15000,60,0.003897603420723803,0.00015803226785449204,0.003639486115732462,0.015557849067535651,T=1.288
d3_at_q6_3/X/r01,3,q6_3,X,1,exact,si1000,platt,15000,60,0.0035978757736473527,0.0005226129457473265,0.0036342853606257256,0.01559323068332212,a=0.6839;b=0.4505
d3_at_q6_3/X/r01,3,q6_3,X,1,exact,si1000,isotonic,15000,60,0.0034765001928897996,0.0006142542030262524,0.0036239638077567187,0.015396358851055045,steps=23
d3_at_q6_3/X/r01,3,q6_3,X,1,exact,rl,raw,15000,58,0.002415160798685606,0.0014551145988937236,0.003543185048019606,0.01635138054845472,
d3_at_q6_3/X/r01,3,q6_3,X,1,exact,rl,temperature,15000,58,0.004273805360324743,0.0004477375818801682,0.003536937163627724,0.015451752039019535,T=1.265
d3_at_q6_3/X/r01,3,q6_3,X,1,exact,rl,platt,15000,58,0.004021380279796319,0.00016776727789027533,0.0035138697362806512,0.015379814074287804,a=0.7236;b=0.3113
d3_at_q6_3/X/r01,3,q6_3,X,1,exact,rl,isotonic,15000,58,0.003951767911721486,0.00023061661203532601,0.003639673615895779,0.015667838590886038,steps=16
d3_at_q6_3/X/r01,3,q6_3,X,1,bm_gap,rl,raw,15000,58,0.0009304239115470392,0.002936242755119632,0.003535344713708141,0.028537342912638822,
d3_at_q6_3/X/r01,3,q6_3,X,1,bm_gap,rl,temperature,15000,58,0.004532482241623595,0.0007820105272134624,0.0035305589075691453,0.015666995863611314,T=2.571
d3_at_q6_3/X/r01,3,q6_3,X,1,bm_gap,rl,platt,15000,58,0.003997968388439743,0.0002229931555920787,0.0034881602485967458,0.015384027618886572,a=0.3052;b=0.7252
d3_at_q6_3/X/r01,3,q6_3,X,1,bm_gap,rl,isotonic,15000,58,0.0038313682046806356,0.0001278696260684183,0.003604975557177289,0.016694599903785592,steps=20
d3_at_q6_3/X/r01,3,q6_3,X,1,nn,rl,raw,15000,67,0.003922513577333658,0.0005801064210983486,0.003723486809573433,0.01598396267197153,
d3_at_q6_3/X/r01,3,q6_3,X,1,nn,rl,temperature,15000,67,0.003974654633555997,0.0005300827364132311,0.003723089643003707,0.01597628122557109,T=1.005
d3_at_q6_3/X/r01,3,q6_3,X,1,nn,rl,platt,15000,67,0.0036491825361946333,0.0009127004433769264,0.003783200164493703,0.016103867351648843,a=0.8832;b=0.4262
d3_at_q6_3/X/r01,3,q6_3,X,1,nn,rl,isotonic,15000,67,0.0036684674056996452,0.0009581672673657424,0.003746721953997516,0.016183245120044893,steps=8
d3_at_q6_3/X/r10,3,q6_3,X,10,mwpm_gap,si1000,raw,15000,1086,0.03524363097187082,0.03715674224900324,0.054767590274221435,0.21333920542056076,
d3_at_q6_3/X/r10,3,q6_3,X,10,mwpm_gap,si1000,temperature,15000,1086,0.06523634120586769,0.00955016912307336,0.05245061442580581,0.1842232335050151,T=1.575
d3_at_q6_3/X/r10,3,q6_3,X,10,mwpm_gap,si1000,platt,15000,1086,0.06932834675271815,0.004588420971048403,0.05207225372260499,0.1833967321920758,a=0.6984;b=-0.264
d3_at_q6_3/X/r10,3,q6_3,X,10,mwpm_gap,si1000,isotonic,15000,1086,0.06932353784088717,0.0034891170008894117,0.0522582328458457,0.18368673716836303,steps=41
d3_at_q6_3/X/r10,3,q6_3,X,10,mwpm_gap,rl,raw,15000,1137,0.05223689311643702,0.023567461124578127,0.055346093243909246,0.19602871503461364,
d3_at_q6_3/X/r10,3,q6_3,X,10,mwpm_gap,rl,temperature,15000,1137,0.06754783756407687,0.012038637720870084,0.054668948591940776,0.18973558516875824,T=1.211
d3_at_q6_3/X/r10,3,q6_3,X,10,mwpm_gap,rl,platt,15000,1137,0.07141751001338822,0.009708980869094786,0.05420434240061169,0.18918638669920387,a=0.906;b=-0.2402
d3_at_q6_3/X/r10,3,q6_3,X,10,mwpm_gap,rl,isotonic,15000,1137,0.07139357954464598,0.006034962882944726,0.05363920430477101,0.1866207799278062,steps=57
d3_at_q6_3/X/r10,3,q6_3,X,10,bm_gap,rl,raw,15000,802,0.021850559145626253,0.031616107521058145,0.042999925010414275,0.21791506770246483,
d3_at_q6_3/X/r10,3,q6_3,X,10,bm_gap,rl,temperature,15000,802,0.05561034190602888,0.007824289738776016,0.04028333409262638,0.14541451403981795,T=2.399
d3_at_q6_3/X/r10,3,q6_3,X,10,bm_gap,rl,platt,15000,802,0.0502944770163479,0.009763905995585237,0.04046586063771006,0.1447754280553494,a=0.3625;b=0.3407
d3_at_q6_3/X/r10,3,q6_3,X,10,bm_gap,rl,isotonic,15000,802,0.05050316368752462,0.0038390572721172978,0.03998396936426423,0.14198091596242807,steps=66
d3_at_q6_3/X/r10,3,q6_3,X,10,nn,rl,raw,15000,782,0.051259315312820734,0.002577252733313703,0.03891016178919115,0.13573477281943896,
d3_at_q6_3/X/r10,3,q6_3,X,10,nn,rl,temperature,15000,782,0.04779724962763319,0.004565800239334774,0.03894544956839581,0.13618291753830028,T=0.945
d3_at_q6_3/X/r10,3,q6_3,X,10,nn,rl,platt,15000,782,0.04583695328639948,0.006594786310369051,0.0390280932388162,0.13628745048626495,a=1.008;b=0.1353
d3_at_q6_3/X/r10,3,q6_3,X,10,nn,rl,isotonic,15000,782,0.0452894231326291,0.007339727799433017,0.03945916254159436,0.1394518729843343,steps=36
d3_at_q6_3/X/r30,3,q6_3,X,30,mwpm_gap,si1000,raw,15000,3590,0.11347822267777263,0.1258551106555607,0.17688464379282098,0.623759818626873,
d3_at_q6_3/X/r30,3,q6_3,X,30,mwpm_gap,si1000,temperature,15000,3590,0.2215103281529785,0.03455627576899122,0.15860165163831183,0.48403621014346476,T=2.25
d3_at_q6_3/X/r30,3,q6_3,X,30,mwpm_gap,si1000,platt,15000,3590,0.23137379689226018,0.02968593096584924,0.15815149214061255,0.4827783779735026,a=0.4943;b=-0.1852
d3_at_q6_3/X/r30,3,q6_3,X,30,mwpm_gap,si1000,isotonic,15000,3590,0.23126647796116506,0.010791921115547293,0.15598757873201044,0.47562841462882666,steps=45
d3_at_q6_3/X/r30,3,q6_3,X,30,mwpm_gap,rl,raw,15000,3500,0.14333126880919486,0.09000206452413845,0.1631259799345634,0.5139635310475398,
d3_at_q6_3/X/r30,3,q6_3,X,30,mwpm_gap,rl,temperature,15000,3500,0.214626405030799,0.027636540103371146,0.15443272887720463,0.47113700307224765,T=1.608
d3_at_q6_3/X/r30,3,q6_3,X,30,mwpm_gap,rl,platt,15000,3500,0.22163105463473917,0.019207235982395453,0.1538535533289379,0.4697542247731059,a=0.6751;b=-0.1398
d3_at_q6_3/X/r30,3,q6_3,X,30,mwpm_gap,rl,isotonic,15000,3500,0.2215125543045579,0.016368715606857372,0.15317612317543444,0.4674646070443244,steps=39
d3_at_q6_3/X/r30,3,q6_3,X,30,bm_gap,rl,raw,15000,2659,0.0799752191623073,0.09729144750435935,0.13394057411289995,0.5519799254958754,
d3_at_q6_3/X/r30,3,q6_3,X,30,bm_gap,rl,temperature,15000,2659,0.17795305970257372,0.01492891009171336,0.12053195151443379,0.3817992377679723,T=2.757
d3_at_q6_3/X/r30,3,q6_3,X,30,bm_gap,rl,platt,15000,2659,0.17276862055377315,0.017087985870960838,0.12070344168295963,0.38185474918153217,a=0.344;b=0.09902
d3_at_q6_3/X/r30,3,q6_3,X,30,bm_gap,rl,isotonic,15000,2659,0.17284288589889718,0.0074871764591673915,0.1201049879451658,0.3799401237943924,steps=78
d3_at_q6_3/X/r30,3,q6_3,X,30,nn,rl,raw,15000,2576,0.1626572835475257,0.009720794334891581,0.11606801759147638,0.3657866334266461,
d3_at_q6_3/X/r30,3,q6_3,X,30,nn,rl,temperature,15000,2576,0.16336021401022602,0.009243715555179383,0.11605541342556229,0.36573107513801456,T=1.005
d3_at_q6_3/X/r30,3,q6_3,X,30,nn,rl,platt,15000,2576,0.16512730379552984,0.007305648373693216,0.11599653241555595,0.36562940148329665,a=1.012;b=-0.03627
d3_at_q6_3/X/r30,3,q6_3,X,30,nn,rl,isotonic,15000,2576,0.16574977180835856,0.008476108065846404,0.11644338849090324,0.37081951227911103,steps=66
d3_at_q6_3/X/r50,3,q6_3,X,50,mwpm_gap,si1000,raw,15000,4175,0.14332806500499162,0.13500526832834173,0.19869476726920465,0.6762831608169811,
d3_at_q6_3/X/r50,3,q6_3,X,50,mwpm_gap,si1000,temperature,15000,4175,0.2725160874169791,0.01934280051753516,0.1789801768064432,0.5357718786127588,T=2.502
d3_at_q6_3/X/r50,3,q6_3,X,50,mwpm_gap,si1000,platt,15000,4175,0.2856817345835768,0.014504186083952172,0.1787124008337249,0.5350425328762036,a=0.4577;b=-0.1994
d3_at_q6_3/X/r50,3,q6_3,X,50,mwpm_gap,si1000,isotonic,15000,4175,0.28542726541169433,0.007942612965456956,0.17828512009818617,0.5337502010076474,steps=55
d3_at_q6_3/X/r50,3,q6_3,X,50,mwpm_gap,rl,raw,15000,4364,0.18156406428116612,0.1093692690521672,0.19340581442584226,0.5896089197483673,
d3_at_q6_3/X/r50,3,q6_3,X,50,mwpm_gap,rl,temperature,15000,4364,0.27432740381056636,0.039754692695663375,0.18237133660740001,0.542778074685625,T=1.79
d3_at_q6_3/X/r50,3,q6_3,X,50,mwpm_gap,rl,platt,15000,4364,0.2953812853088013,0.019049142162951345,0.18075468307917483,0.5394406619104325,a=0.7142;b=-0.3552
d3_at_q6_3/X/r50,3,q6_3,X,50,mwpm_gap,rl,isotonic,15000,4364,0.29542268159054735,0.008367995794036652,0.17964123682442676,0.5364976179145874,steps=42
d3_at_q6_3/X/r50,3,q6_3,X,50,bm_gap,rl,raw,15000,3325,0.10227009921100702,0.11939656745565964,0.16904217304767924,0.6700765711323028,
d3_at_q6_3/X/r50,3,q6_3,X,50,bm_gap,rl,temperature,15000,3325,0.23187969626315436,0.013313035650628227,0.1512243290870417,0.46476220228627657,T=3.033
d3_at_q6_3/X/r50,3,q6_3,X,50,bm_gap,rl,platt,15000,3325,0.2297643067384311,0.012311727772685636,0.1511734301366408,0.4646023409679351,a=0.323;b=0.03294
d3_at_q6_3/X/r50,3,q6_3,X,50,bm_gap,rl,isotonic,15000,3325,0.23000585391820708,0.011934694566673964,0.1507826031372028,0.46284836271439334,steps=90
d3_at_q6_3/X/r50,3,q6_3,X,50,nn,rl,raw,15000,3380,0.22429500382897163,0.006197166787729579,0.14979115550965338,0.45632326566398773,
d3_at_q6_3/X/r50,3,q6_3,X,50,nn,rl,temperature,15000,3380,0.225784102859689,0.005656946304911937,0.14978416141716722,0.456300865475959,T=1.011
d3_at_q6_3/X/r50,3,q6_3,X,50,nn,rl,platt,15000,3380,0.2252395091550183,0.005446692390430501,0.1497797560641774,0.4562957557851372,a=0.9849;b=0.007912
d3_at_q6_3/X/r50,3,q6_3,X,50,nn,rl,isotonic,15000,3380,0.22501312338360419,0.009510593232882763,0.15058075742874893,0.4585997178040014,steps=48
d3_at_q6_3/X/r70,3,q6_3,X,70,mwpm_gap,si1000,raw,15000,5167,0.1800364262277192,0.1644302404389475,0.23655038351553664,0.7687831510626203,
d3_at_q6_3/X/r70,3,q6_3,X,70,mwpm_gap,si1000,temperature,15000,5167,0.3289059086311166,0.029496109336937457,0.2068733599392367,0.5999673512062097,T=2.942
d3_at_q6_3/X/r70,3,q6_3,X,70,mwpm_gap,si1000,platt,15000,5167,0.3422415443662627,0.018997836179262803,0.20611482473402112,0.5982472575651199,a=0.3907;b=-0.1621
d3_at_q6_3/X/r70,3,q6_3,X,70,mwpm_gap,si1000,isotonic,15000,5167,0.3423886745393894,0.009880661478687824,0.20580447978495958,0.5972051427707294,steps=41
d3_at_q6_3/X/r70,3,q6_3,X,70,mwpm_gap,rl,raw,15000,5187,0.21984758898794438,0.12595241101205562,0.22604279813477257,0.6673924501101818,
d3_at_q6_3/X/r70,3,q6_3,X,70,mwpm_gap,rl,temperature,15000,5187,0.3299836512152113,0.03100947324880972,0.2092491624518959,0.6052266843183904,T=2.076
d3_at_q6_3/X/r70,3,q6_3,X,70,mwpm_gap,rl,platt,15000,5187,0.34771822043519046,0.018910012007082012,0.20838169422501768,0.6032131259817987,a=0.5961;b=-0.2405
d3_at_q6_3/X/r70,3,q6_3,X,70,mwpm_gap,rl,isotonic,15000,5187,0.3477224911382584,0.008516075008541716,0.20761130795560978,0.6014831183558319,steps=39
d3_at_q6_3/X/r90,3,q6_3,X,90,mwpm_gap,si1000,raw,15000,6037,0.22019681128266846,0.18226985538399815,0.2645203242379751,0.8263137365386145,
d3_at_q6_3/X/r90,3,q6_3,X,90,mwpm_gap,si1000,temperature,15000,6037,0.3807421918704085,0.032042675516522734,0.22744225472743598,0.6456415461949635,T=3.563
d3_at_q6_3/X/r90,3,q6_3,X,90,mwpm_gap,si1000,platt,15000,6037,0.39723609967674745,0.01134984005248885,0.22644004006897395,0.6435201727747989,a=0.3397;b=-0.169
d3_at_q6_3/X/r90,3,q6_3,X,90,mwpm_gap,si1000,isotonic,15000,6037,0.39753564832142035,0.014996886651797301,0.226605939676695,0.6438138706055785,steps=35
d3_at_q6_3/X/r90,3,q6_3,X,90,mwpm_gap,rl,raw,15000,6243,0.26853552227221605,0.14766447772778393,0.2557926122786842,0.7305591695436366,
d3_at_q6_3/X/r90,3,q6_3,X,90,mwpm_gap,rl,temperature,15000,6243,0.39295516732511543,0.041916130602512786,0.23229078793742736,0.6561597911617842,T=2.66
d3_at_q6_3/X/r90,3,q6_3,X,90,mwpm_gap,rl,platt,15000,6243,0.4245801841134717,0.027543695001285076,0.23106706553041906,0.6534713198277904,a=0.5718;b=-0.3539
d3_at_q6_3/X/r90,3,q6_3,X,90,mwpm_gap,rl,isotonic,15000,6243,0.42430393767780206,0.014101466969175441,0.23020030276918566,0.6516815595884191,steps=37
d3_at_q6_3/X/r110,3,q6_3,X,110,mwpm_gap,si1000,raw,15000,6409,0.2501992203737417,0.17706744629292492,0.27901348353705435,0.8567336557283363,
d3_at_q6_3/X/r110,3,q6_3,X,110,mwpm_gap,si1000,temperature,15000,6409,0.41882065305202637,0.0155827822465012,0.23857869398130685,0.6696645938320314,T=4.54
d3_at_q6_3/X/r110,3,q6_3,X,110,mwpm_gap,si1000,platt,15000,6409,0.43381959921632823,0.015523424318541435,0.23858568462155466,0.6696645446418722,a=0.2723;b=-0.1375
d3_at_q6_3/X/r110,3,q6_3,X,110,mwpm_gap,si1000,isotonic,15000,6409,0.4336655653796128,0.015110170400576,0.23855978396446922,0.6696052589250978,steps=34
d3_at_q6_3/X/r110,3,q6_3,X,110,mwpm_gap,rl,raw,15000,6731,0.2939634842308718,0.1547698491024615,0.26929126937586717,0.7598106238917862,
d3_at_q6_3/X/r110,3,q6_3,X,110,mwpm_gap,rl,temperature,15000,6731,0.42518924132611263,0.038080050469688556,0.24139484157652363,0.6755124989957763,T=3.344
d3_at_q6_3/X/r110,3,q6_3,X,110,mwpm_gap,rl,platt,15000,6731,0.44420131408865415,0.02188837902918782,0.24031844543646183,0.6733050180032595,a=0.4142;b=-0.1924
d3_at_q6_3/X/r110,3,q6_3,X,110,mwpm_gap,rl,isotonic,15000,6731,0.4441602693835345,0.00938390486859011,0.2398094029757637,0.6722488481223404,steps=28
d3_at_q6_3/X/r130,3,q6_3,X,130,mwpm_gap,si1000,raw,15000,6552,0.26222736135132385,0.17457263864867614,0.2775646528816275,0.8398540548413904,
d3_at_q6_3/X/r130,3,q6_3,X,130,mwpm_gap,si1000,temperature,15000,6552,0.4287502297574745,0.01811293599627713,0.23930255400354156,0.6711441941383074,T=4.862
d3_at_q6_3/X/r130,3,q6_3,X,130,mwpm_gap,si1000,platt,15000,6552,0.4435568631875828,0.013303523785779491,0.2389373874027752,0.6703661508711362,a=0.2545;b=-0.1276
d3_at_q6_3/X/r130,3,q6_3,X,130,mwpm_gap,si1000,isotonic,15000,6552,0.4433553036313292,0.012721973569833307,0.23890019511088953,0.670268723177921,steps=32
d3_at_q6_3/X/r130,3,q6_3,X,130,mwpm_gap,rl,raw,15000,6756,0.29618251178682725,0.15421748821317274,0.2702818237920728,0.761063799261191,
d3_at_q6_3/X/r130,3,q6_3,X,130,mwpm_gap,rl,temperature,15000,6756,0.4310316223289532,0.033662551547929305,0.24183238710506572,0.676374241972705,T=3.601
d3_at_q6_3/X/r130,3,q6_3,X,130,mwpm_gap,rl,platt,15000,6756,0.4464998508351977,0.022226756145386967,0.24090649690556662,0.6744322453761284,a=0.3659;b=-0.1503
d3_at_q6_3/X/r130,3,q6_3,X,130,mwpm_gap,rl,isotonic,15000,6756,0.4472371984952464,0.013470986058152855,0.2403362942992304,0.6731582140738793,steps=34
d3_at_q6_3/X/r150,3,q6_3,X,150,mwpm_gap,si1000,raw,15000,6974,0.2900005909642851,0.1749327423690482,0.2876246896757378,0.8487507167450112,
d3_at_q6_3/X/r150,3,q6_3,X,150,mwpm_gap,si1000,temperature,15000,6974,0.4580500598707151,0.018294471470359022,0.24596798604050987,0.6849796123497428,T=6.936
d3_at_q6_3/X/r150,3,q6_3,X,150,mwpm_gap,si1000,platt,15000,6974,0.4732598299572538,0.01729597478765927,0.24580283159910693,0.6846396319144737,a=0.197;b=-0.1224
d3_at_q6_3/X/r150,3,q6_3,X,150,mwpm_gap,si1000,isotonic,15000,6974,0.47346217692802095,0.01367260121581451,0.24603394588012292,0.6851273023356034,steps=20
d3_at_q6_3/X/r150,3,q6_3,X,150,mwpm_gap,rl,raw,15000,7131,0.32864906082308293,0.1467509391769171,0.27754599116375805,0.7735341620404627,
d3_at_q6_3/X/r150,3,q6_3,X,150,mwpm_gap,rl,temperature,15000,7131,0.4614517350433724,0.024184931529676934,0.24730051979029363,0.687690566738992,T=5.301
d3_at_q6_3/X/r150,3,q6_3,X,150,mwpm_gap,rl,platt,15000,7131,0.47207518129510784,0.017492615066852107,0.2469214298593493,0.6869201973884866,a=0.249;b=-0.09195
d3_at_q6_3/X/r150,3,q6_3,X,150,mwpm_gap,rl,isotonic,15000,7131,0.4723185527682285,0.011535091354068385,0.24651046924426265,0.6860839034371685,steps=30
d3_at_q6_3/X/r170,3,q6_3,X,170,mwpm_gap,si1000,raw,15000,7092,0.299679305928853,0.173120694071147,0.28828593329888597,0.8406028860020892,
d3_at_q6_3/X/r170,3,q6_3,X,170,mwpm_gap,si1000,temperature,15000,7092,0.46220219000990914,0.02191815974444536,0.24694657638894552,0.6869565525789456,T=7.18
d3_at_q6_3/X/r170,3,q6_3,X,170,mwpm_gap,si1000,platt,15000,7092,0.47360635176444665,0.01375355134225591,0.24667151151569797,0.6863905566206786,a=0.181;b=-0.09092
d3_at_q6_3/X/r170,3,q6_3,X,170,mwpm_gap,si1000,isotonic,15000,7092,0.47354014163432934,0.007981869512793189,0.24666914038427012,0.6863791661342422,steps=26
d3_at_q6_3/X/r170,3,q6_3,X,170,mwpm_gap,rl,raw,15000,7184,0.3388341250928136,0.14009920824051986,0.2776871897481543,0.7715906725104261,
d3_at_q6_3/X/r170,3,q6_3,X,170,mwpm_gap,rl,temperature,15000,7184,0.4640707743746891,0.020264849869743005,0.2482073680465098,0.689528444853515,T=5.282
d3_at_q6_3/X/r170,3,q6_3,X,170,mwpm_gap,rl,platt,15000,7184,0.47359430578549566,0.015098302744409613,0.24799799391290198,0.6891033134432761,a=0.2451;b=-0.08056
d3_at_q6_3/X/r170,3,q6_3,X,170,mwpm_gap,rl,isotonic,15000,7184,0.4734108874939079,0.013851647986321637,0.2477048260979378,0.6885073729953113,steps=20
d3_at_q6_3/X/r190,3,q6_3,X,190,mwpm_gap,si1000,raw,15000,7132,0.3156420054919331,0.15982466117473357,0.286447644683947,0.8293531344764391,
d3_at_q6_3/X/r190,3,q6_3,X,190,mwpm_gap,si1000,temperature,15000,7132,0.46547657626800276,0.011310546672254455,0.24805852403766296,0.6892205129064515,T=7.065
d3_at_q6_3/X/r190,3,q6_3,X,190,mwpm_gap,si1000,platt,15000,7132,0.4731005832153347,0.008827794514361742,0.24799298617488816,0.6890867453370879,a=0.1695;b=-0.05774
d3_at_q6_3/X/r190,3,q6_3,X,190,mwpm_gap,si1000,isotonic,15000,7132,0.47323288752945386,0.01227250611341597,0.2481800772287194,0.6894755771580499,steps=27
d3_at_q6_3/X/r190,3,q6_3,X,190,mwpm_gap,rl,raw,15000,7177,0.34226972375102077,0.13619694291564594,0.2772722794242264,0.7694330069244372,
d3_at_q6_3/X/r190,3,q6_3,X,190,mwpm_gap,rl,temperature,15000,7177,0.47010847529190364,0.013571758969785281,0.2484291541320062,0.689983107710739,T=6.177
d3_at_q6_3/X/r190,3,q6_3,X,190,mwpm_gap,rl,platt,15000,7177,0.48295688851103663,0.014174594492238358,0.24838555547208688,0.6898873654020679,a=0.2383;b=-0.1079
d3_at_q6_3/X/r190,3,q6_3,X,190,mwpm_gap,rl,isotonic,15000,7177,0.48287961478728114,0.013895550077570984,0.248290741771907,0.6912769094979844,steps=29
d3_at_q6_3/X/r210,3,q6_3,X,210,mwpm_gap,si1000,raw,15000,7478,0.34736477526335086,0.15116855806998247,0.28476598791347546,0.8054410982910036,
d3_at_q6_3/X/r210,3,q6_3,X,210,mwpm_gap,si1000,temperature,15000,7478,0.4869414911641446,0.012154512804259398,0.2497641709921605,0.6926739400840966,T=14.49
d3_at_q6_3/X/r210,3,q6_3,X,210,mwpm_gap,si1000,platt,15000,7478,0.49309033849221645,0.008346958828897456,0.24962970447081873,0.6924048109815218,a=0.0956;b=-0.04472
d3_at_q6_3/X/r210,3,q6_3,X,210,mwpm_gap,si1000,isotonic,15000,7478,0.49316547477912476,0.00842914894836549,0.2496349958777263,0.6924228608160614,steps=24
d3_at_q6_3/X/r210,3,q6_3,X,210,mwpm_gap,rl,raw,15000,7393,0.3697465015938692,0.1231201650727975,0.2759992926576095,0.7616557674599319,
d3_at_q6_3/X/r210,3,q6_3,X,210,mwpm_gap,rl,temperature,15000,7393,0.4846179134346592,0.01464345030328966,0.2497050731196105,0.6925555875017102,T=9.671
d3_at_q6_3/X/r210,3,q6_3,X,210,mwpm_gap,rl,platt,15000,7393,0.48970673657981484,0.012293578111387532,0.2496542738817677,0.6924535845443824,a=0.1351;b=-0.03922
d3_at_q6_3/X/r210,3,q6_3,X,210,mwpm_gap,rl,isotonic,15000,7393,0.4899046206198354,0.009558432768737551,0.2496897661686137,0.6925177474527331,steps=18
d3_at_q6_3/X/r230,3,q6_3,X,230,mwpm_gap,si1000,raw,15000,7389,0.35737360290351594,0.135226397096484,0.2809594693026164,0.789882181959277,
d3_at_q6_3/X/r230,3,q6_3,X,230,mwpm_gap,si1000,temperature,15000,7389,0.4867911899967089,0.0074809684516277015,0.24982540002917966,0.6927965145053607,T=13.09
d3_at_q6_3/X/r230,3,q6_3,X,230,mwpm_gap,si1000,platt,15000,7389,0.48505798752116397,0.008195234891993424,0.24984406246200377,0.6928340008161916,a=0.06847;b=0.01243
d3_at_q6_3/X/r230,3,q6_3,X,230,mwpm_gap,si1000,isotonic,15000,7389,0.48514133152426064,0.010197169744922024,0.24975606803513759,0.6926542492374317,steps=13
d3_at_q6_3/X/r230,3,q6_3,X,230,mwpm_gap,rl,raw,15000,7323,0.3798755129297363,0.11121286935222956,0.2730349542084425,0.7530499270022202,
d3_at_q6_3/X/r230,3,q6_3,X,230,mwpm_gap,rl,temperature,15000,7323,0.48932386694143526,0.014670162467026316,0.24974374040664435,0.6926337297639389,T=12.72
d3_at_q6_3/X/r230,3,q6_3,X,230,mwpm_gap,rl,platt,15000,7323,0.49220842312471946,0.014336238759177722,0.24976906081820852,0.6926841037525773,a=0.09679;b=-0.02143
d3_at_q6_3/X/r230,3,q6_3,X,230,mwpm_gap,rl,isotonic,15000,7323,0.49223094288182395,0.009076610602620083,0.2497092679687168,0.6925380466262461,steps=20
d3_at_q6_3/X/r250,3,q6_3,X,250,mwpm_gap,si1000,raw,15000,7194,0.34864541106013075,0.1309545889398692,0.2782574969847193,0.7864604379358495,
d3_at_q6_3/X/r250,3,q6_3,X,250,mwpm_gap,si1000,temperature,15000,7194,0.48717757172665876,0.00980806094519298,0.24922358945459924,0.6915901025634099,T=14.55
d3_at_q6_3/X/r250,3,q6_3,X,250,mwpm_gap,si1000,platt,15000,7194,0.49287408090793033,0.013274080907930303,0.24928973695248102,0.6917203986761745,a=0.09432;b=-0.04187
d3_at_q6_3/X/r250,3,q6_3,X,250,mwpm_gap,si1000,isotonic,15000,7194,0.4927798382753232,0.013179838275323236,0.24933285033321054,0.6918032500759329,steps=18
d3_at_q6_3/X/r250,3,q6_3,X,250,mwpm_gap,rl,raw,15000,7489,0.37666396333712776,0.12260270332953889,0.2733863984013875,0.7538794632655985,
d3_at_q6_3/X/r250,3,q6_3,X,250,mwpm_gap,rl,temperature,15000,7489,0.4912699807143105,0.019609383800965694,0.24965621098344812,0.6924586673821516,T=16.07
d3_at_q6_3/X/r250,3,q6_3,X,250,mwpm_gap,rl,platt,15000,7489,0.49785748110397704,0.016318050878584085,0.2494244437220489,0.6919942203814752,a=0.1027;b=-0.04903
d3_at_q6_3/X/r250,3,q6_3,X,250,mwpm_gap,rl,isotonic,15000,7489,0.49786144196916526,0.017816354306672416,0.24916957918359303,0.6914707526815216,steps=17
d3_at_q6_3/Z/r01,3,q6_3,Z,1,mwpm_gap,si1000,raw,15000,37,0.0015902532198735684,0.0008861267781491049,0.002049582134671974,0.009441959374354117,
d3_at_q6_3/Z/r01,3,q6_3,Z,1,mwpm_gap,si1000,temperature,15000,37,0.0024850918480078072,1.9124062499055073e-05,0.002038760469786429,0.009232995379446716,T=1.175
d3_at_q6_3/Z/r01,3,q6_3,Z,1,mwpm_gap,si1000,platt,15000,37,0.0028935692346977143,0.0004269025680310476,0.0020371801472312545,0.009260801756635805,a=1.053;b=-0.9054
d3_at_q6_3/Z/r01,3,q6_3,Z,1,mwpm_gap,si1000,isotonic,15000,37,0.002748595707085216,0.0002819290404185485,0.002041977604464763,0.009324681856147094,steps=20
d3_at_q6_3/Z/r01,3,q6_3,Z,1,mwpm_gap,rl,raw,15000,35,0.0022025805898992093,0.00015395817751540252,0.0020380907902148525,0.009564623785920514,
d3_at_q6_3/Z/r01,3,q6_3,Z,1,mwpm_gap,rl,temperature,15000,35,0.0028588813643426907,0.0005255480310093566,0.0020544681273984107,0.009497929541685601,T=1.12
d3_at_q6_3/Z/r01,3,q6_3,Z,1,mwpm_gap,rl,platt,15000,35,0.002541554852390491,0.0002082215190571572,0.0020395675634932975,0.00940629750020344,a=0.778;b=0.5061
d3_at_q6_3/Z/r01,3,q6_3,Z,1,mwpm_gap,rl,isotonic,15000,35,0.0026323451012447378,0.0002990117679114049,0.0020382234534484585,0.00930454968263025,steps=18
d3_at_q6_3/Z/r01,3,q6_3,Z,1,exact,si1000,raw,15000,37,0.0017961568960121695,0.0006865334564261943,0.0020004647076798912,0.009150975153695666,
d3_at_q6_3/Z/r01,3,q6_3,Z,1,exact,si1000,temperature,15000,37,0.00244659949446229,6.110734603618145e-05,0.0019965443133860483,0.00907022648606608,T=1.118
d3_at_q6_3/Z/r01,3,q6_3,Z,1,exact,si1000,platt,15000,37,0.002456568504058645,5.0091323990017586e-05,0.00199449199152379,0.009065858649033165,a=0.8995;b=-0.0235
d3_at_q6_3/Z/r01,3,q6_3,Z,1,exact,si1000,isotonic,15000,37,0.0026118351396315427,0.0001451684729648763,0.001978835136415268,0.009107442881449658,steps=24
d3_at_q6_3/Z/r01,3,q6_3,Z,1,exact,rl,raw,15000,37,0.0024740987192889232,2.9405070498953786e-05,0.0020247373466844693,0.009322610576219892,
d3_at_q6_3/Z/r01,3,q6_3,Z,1,exact,rl,temperature,15000,37,0.00274745350410808,0.00028078683744141324,0.0020295609311458446,0.009330830421863466,T=1.044
d3_at_q6_3/Z/r01,3,q6_3,Z,1,exact,rl,platt,15000,37,0.0026050074102443206,0.00013834074357765307,0.002034683180296042,0.009324446422631924,a=0.8988;b=0.2437
d3_at_q6_3/Z/r01,3,q6_3,Z,1,exact,rl,isotonic,15000,37,0.0027725650340459265,0.00042083913040822345,0.001983851429751237,0.009133503486050246,steps=22
d3_at_q6_3/Z/r01,3,q6_3,Z,1,bm_gap,rl,raw,15000,35,0.0009315634944101316,0.0014018184821252978,0.0020423910655373374,0.014836936341155174,
d3_at_q6_3/Z/r01,3,q6_3,Z,1,bm_gap,rl,temperature,15000,35,0.0030018124861328458,0.0006684791527995132,0.0021037376860675873,0.009719414226225822,T=2.162
d3_at_q6_3/Z/r01,3,q6_3,Z,1,bm_gap,rl,platt,15000,35,0.0025335063086367104,0.0002001729753033768,0.0020612558024531193,0.009507873098940866,a=0.3745;b=0.7231
d3_at_q6_3/Z/r01,3,q6_3,Z,1,bm_gap,rl,isotonic,15000,35,0.0026460549231883857,0.00031272158985505186,0.002039321885332549,0.009387561901120575,steps=19
d3_at_q6_3/Z/r01,3,q6_3,Z,1,nn,rl,raw,15000,41,0.0029432051369322498,0.00020987180359891626,0.0021358770601351356,0.009644080699835803,
d3_at_q6_3/Z/r01,3,q6_3,Z,1,nn,rl,temperature,15000,41,0.002971042440026573,0.00023770910669324022,0.0021361797004411,0.009650040324012947,T=1.004
d3_at_q6_3/Z/r01,3,q6_3,Z,1,nn,rl,platt,15000,41,0.0024905267392876314,0.0004595860187659128,0.0022671657741214347,0.009984392073460115,a=0.7978;b=0.8348
d3_at_q6_3/Z/r01,3,q6_3,Z,1,nn,rl,isotonic,15000,41,0.002443405687504283,0.0004698916530276108,0.0023889995523176037,0.010494112094192553,steps=11
d3_at_q6_3/Z/r10,3,q6_3,Z,10,mwpm_gap,si1000,raw,15000,971,0.0343709047802445,0.030362759376925477,0.050894609162613055,0.19520471419726357,
d3_at_q6_3/Z/r10,3,q6_3,Z,10,mwpm_gap,si1000,temperature,15000,971,0.05996116897408158,0.00580896640846067,0.04904804441813406,0.17329733973655131,T=1.483
d3_at_q6_3/Z/r10,3,q6_3,Z,10,mwpm_gap,si1000,platt,15000,971,0.06325101812267005,0.005491266043225016,0.04900171341898501,0.17319693632647057,a=0.7315;b=-0.2282
d3_at_q6_3/Z/r10,3,q6_3,Z,10,mwpm_gap,si1000,isotonic,15000,971,0.06276230997984976,0.0037552665132048533,0.04837643728786975,0.17182659175217765,steps=37
d3_at_q6_3/Z/r10,3,q6_3,Z,10,mwpm_gap,rl,raw,15000,937,0.05651314040292377,0.015933604737733677,0.050214282722116484,0.1818451064462332,
d3_at_q6_3/Z/r10,3,q6_3,Z,10,mwpm_gap,rl,temperature,15000,937,0.06475785587951101,0.015894728435159294,0.0503767477623336,0.17977453318606826,T=1.11
d3_at_q6_3/Z/r10,3,q6_3,Z,10,mwpm_gap,rl,platt,15000,937,0.05941307171781509,0.012799352996454039,0.0503699630962964,0.17863909522541518,a=0.7759;b=0.3433
d3_at_q6_3/Z/r10,3,q6_3,Z,10,mwpm_gap,rl,isotonic,15000,937,0.05945173745460353,0.00549790815004531,0.04916649241580926,0.17503917051141016,steps=38
d3_at_q6_3/Z/r10,3,q6_3,Z,10,bm_gap,rl,raw,15000,729,0.024211642116679075,0.02438835804055088,0.03783052198779457,0.16884407509721375,
d3_at_q6_3/Z/r10,3,q6_3,Z,10,bm_gap,rl,temperature,15000,729,0.051417457616432176,0.010477528366952149,0.03695846955306553,0.13559372089360883,T=1.853
d3_at_q6_3/Z/r10,3,q6_3,Z,10,bm_gap,rl,platt,15000,729,0.045735770931501545,0.010049023167937059,0.03733594128258684,0.13462460942797938,a=0.4498;b=0.4175
d3_at_q6_3/Z/r10,3,q6_3,Z,10,bm_gap,rl,isotonic,15000,729,0.04575498944334299,0.0034644003958287355,0.0363165206157406,0.13090407572246354,steps=56
d3_at_q6_3/Z/r10,3,q6_3,Z,10,nn,rl,raw,15000,707,0.04816399566606795,0.0018358699138700048,0.035240340647575474,0.12420806801179497,
d3_at_q6_3/Z/r10,3,q6_3,Z,10,nn,rl,temperature,15000,707,0.047545516094076264,0.0015806133552212197,0.03523830809608322,0.12418477695205486,T=0.9901
d3_at_q6_3/Z/r10,3,q6_3,Z,10,nn,rl,platt,15000,707,0.047387182921743896,0.001754134613865892,0.035238879022038275,0.1241868432214781,a=1.006;b=0.01129
d3_at_q6_3/Z/r10,3,q6_3,Z,10,nn,rl,isotonic,15000,707,0.04743575211474274,0.002967837991317981,0.03532458132860867,0.12468587356878816,steps=41
d3_at_q6_3/Z/r30,3,q6_3,Z,30,mwpm_gap,si1000,raw,15000,3420,0.10384748636635335,0.12415251363364663,0.17163356770533628,0.5937276683861034,
d3_at_q6_3/Z/r30,3,q6_3,Z,30,mwpm_gap,si1000,temperature,15000,3420,0.20957893576828138,0.026272838645607505,0.153649829984501,0.47223805168356664,T=2.116
d3_at_q6_3/Z/r30,3,q6_3,Z,30,mwpm_gap,si1000,platt,15000,3420,0.2218792526911498,0.020172171038483202,0.15295490982173324,0.47045645009688414,a=0.55;b=-0.2709
d3_at_q6_3/Z/r30,3,q6_3,Z,30,mwpm_gap,si1000,isotonic,15000,3420,0.22182532490906476,0.00970917105866177,0.15159610747125332,0.46761093500269924,steps=39
d3_at_q6_3/Z/r30,3,q6_3,Z,30,mwpm_gap,rl,raw,15000,3490,0.18262663972873408,0.0653617923069292,0.17252968934471294,0.5380621908432787,
d3_at_q6_3/Z/r30,3,q6_3,Z,30,mwpm_gap,rl,temperature,15000,3490,0.24187043936084526,0.06079623250606362,0.1703060910838572,0.5193295517758172,T=1.411
d3_at_q6_3/Z/r30,3,q6_3,Z,30,mwpm_gap,rl,platt,15000,3490,0.22789426844602179,0.06041113417051765,0.17003319300702308,0.5167985465175025,a=0.5311;b=0.3368
d3_at_q6_3/Z/r30,3,q6_3,Z,30,mwpm_gap,rl,isotonic,15000,3490,0.22704185471079158,0.009584356287449467,0.16272245908203833,0.49838392415260657,steps=32
d3_at_q6_3/Z/r30,3,q6_3,Z,30,bm_gap,rl,raw,15000,2945,0.0987568275987191,0.09757650573461422,0.1478116939748463,0.5336219877646239,
d3_at_q6_3/Z/r30,3,q6_3,Z,30,bm_gap,rl,temperature,15000,2945,0.19692703698679556,0.04474315719413865,0.13839090729120096,0.44037751059520075,T=2.029
d3_at_q6_3/Z/r30,3,q6_3,Z,30,bm_gap,rl,platt,15000,2945,0.1944777331174076,0.045785285961966786,0.13856556048657065,0.4400874302389445,a=0.4742;b=0.06013
d3_at_q6_3/Z/r30,3,q6_3,Z,30,bm_gap,rl,isotonic,15000,2945,0.19464858838540566,0.008892714776257795,0.13449923735083552,0.4244498970933061,steps=62
d3_at_q6_3/Z/r30,3,q6_3,Z,30,nn,rl,raw,15000,2677,0.16187132614349647,0.016595340523170198,0.11970984332448045,0.37699817465244834,
d3_at_q6_3/Z/r30,3,q6_3,Z,30,nn,rl,temperature,15000,2677,0.16554040650940952,0.01292626015725716,0.11960372049981675,0.3764813280205293,T=1.028
d3_at_q6_3/Z/r30,3,q6_3,Z,30,nn,rl,platt,15000,2677,0.17292026910324476,0.008320660121185715,0.1193662326571457,0.3761917188785237,a=1.047;b=-0.1522
d3_at_q6_3/Z/r30,3,q6_3,Z,30,nn,rl,isotonic,15000,2677,0.17241983591934046,0.010078986463665139,0.12002737895997781,0.3798998481488338,steps=55
d3_at_q6_3/Z/r50,3,q6_3,Z,50,mwpm_gap,si1000,raw,15000,4069,0.1349962630203503,0.13627040364631635,0.19603987640156115,0.6520509254190805,
d3_at_q6_3/Z/r50,3,q6_3,Z,50,mwpm_gap,si1000,temperature,15000,4069,0.25632476672310955,0.02712897174137216,0.17574434120540786,0.5273662776183886,T=2.272
d3_at_q6_3/Z/r50,3,q6_3,Z,50,mwpm_gap,si1000,platt,15000,4069,0.26458293065236965,0.01758769675407337,0.17518133690963145,0.5260626599130789,a=0.4844;b=-0.1424
d3_at_q6_3/Z/r50,3,q6_3,Z,50,mwpm_gap,si1000,isotonic,15000,4069,0.26447648543026636,0.009288018901459564,0.17465997716592374,0.5251387409200494,steps=39
d3_at_q6_3/Z/r50,3,q6_3,Z,50,mwpm_gap,rl,raw,15000,3980,0.20070382428319153,0.06653676417314068,0.18824398040447662,0.571102391973193,
d3_at_q6_3/Z/r50,3,q6_3,Z,50,mwpm_gap,rl,temperature,15000,3980,0.26926956284964576,0.03934456722733794,0.18424708549668084,0.550177250287526,T=1.49
d3_at_q6_3/Z/r50,3,q6_3,Z,50,mwpm_gap,rl,platt,15000,3980,0.26286676417650584,0.0414991023965743,0.18432480149126101,0.5498893893914941,a=0.5942;b=0.138
d3_at_q6_3/Z/r50,3,q6_3,Z,50,mwpm_gap,rl,isotonic,15000,3980,0.26273112976691143,0.00790650560442048,0.18036919836678733,0.540493505329828,steps=27
d3_at_q6_3/Z/r50,3,q6_3,Z,50,bm_gap,rl,raw,15000,3317,0.11554281462061737,0.10559051871271596,0.16153687749261522,0.5517706068848113,
d3_at_q6_3/Z/r50,3,q6_3,Z,50,bm_gap,rl,temperature,15000,3317,0.2212162130048569,0.041365050457572404,0.14979905466085433,0.46398943885686506,T=2.1
d3_at_q6_3/Z/r50,3,q6_3,Z,50,bm_gap,rl,platt,15000,3317,0.2202869481701576,0.04208602294237589,0.14987279422696972,0.4640431847352243,a=0.4704;b=0.01883
d3_at_q6_3/Z/r50,3,q6_3,Z,50,bm_gap,rl,isotonic,15000,3317,0.2209824244064045,0.008258428096424972,0.14705171266472786,0.4545927549033363,steps=88
d3_at_q6_3/Z/r50,3,q6_3,Z,50,nn,rl,raw,15000,3115,0.2118734063050303,0.009579257797846985,0.13898256096041858,0.4270423262090398,
d3_at_q6_3/Z/r50,3,q6_3,Z,50,nn,rl,temperature,15000,3115,0.21257222635840758,0.00993061774219185,0.13898675518445114,0.4270847120119002,T=1.005
d3_at_q6_3/Z/r50,3,q6_3,Z,50,nn,rl,platt,15000,3115,0.20850750103302892,0.010136842906473284,0.1389930758273241,0.42722411887877865,a=0.9598;b=0.06392
d3_at_q6_3/Z/r50,3,q6_3,Z,50,nn,rl,isotonic,15000,3115,0.20843139765473898,0.011919815169675564,0.13922765553219074,0.4281932147988185,steps=62
d3_at_q6_3/Z/r70,3,q6_3,Z,70,mwpm_gap,si1000,raw,15000,5028,0.17099999572408087,0.16420000427591916,0.2352522638295854,0.740968065524855,
d3_at_q6_3/Z/r70,3,q6_3,Z,70,mwpm_gap,si1000,temperature,15000,5028,0.31851005357676604,0.02850382018352843,0.20580594311218411,0.5978184658535466,T=2.652
d3_at_q6_3/Z/r70,3,q6_3,Z,70,mwpm_gap,si1000,platt,15000,5028,0.3339307141914024,0.017499708986087045,0.20497282427725136,0.5959520503299214,a=0.4542;b=-0.2191
d3_at_q6_3/Z/r70,3,q6_3,Z,70,mwpm_gap,si1000,isotonic,15000,5028,0.33410625434711805,0.011845802893455458,0.2041531326866365,0.5942476509157286,steps=43
d3_at_q6_3/Z/r70,3,q6_3,Z,70,mwpm_gap,rl,raw,15000,4933,0.2331805051748225,0.09568616149184418,0.22074100024500587,0.6431274268884869,
d3_at_q6_3/Z/r70,3,q6_3,Z,70,mwpm_gap,rl,temperature,15000,4933,0.3264065299702316,0.03319464242025327,0.2114350666035548,0.6112407686628182,T=1.764
d3_at_q6_3/Z/r70,3,q6_3,Z,70,mwpm_gap,rl,platt,15000,4933,0.3288953429851074,0.032905507910460305,0.21136713581422464,0.6111292225971774,a=0.5948;b=-0.04549
d3_at_q6_3/Z/r70,3,q6_3,Z,70,mwpm_gap,rl,isotonic,15000,4933,0.32845664581172024,0.01280237471404704,0.20982337942304022,0.6077325657397251,steps=29
d3_at_q6_3/Z/r90,3,q6_3,Z,90,mwpm_gap,si1000,raw,15000,5869,0.20913924072910955,0.18212742593755715,0.26375453708609536,0.7995697706830026,
d3_at_q6_3/Z/r90,3,q6_3,Z,90,mwpm_gap,si1000,temperature,15000,5869,0.381261549673592,0.03965798247396836,0.22642132948240762,0.6437054878122571,T=3.506
d3_at_q6_3/Z/r90,3,q6_3,Z,90,mwpm_gap,si1000,platt,15000,5869,0.39896766517333526,0.028847443330390226,0.22554366352192284,0.641731147004522,a=0.367;b=-0.2103
d3_at_q6_3/Z/r90,3,q6_3,Z,90,mwpm_gap,si1000,isotonic,15000,5869,0.3989180003082474,0.01276614679420248,0.22450211686425725,0.6394467856250091,steps=32
d3_at_q6_3/Z/r90,3,q6_3,Z,90,mwpm_gap,rl,raw,15000,5872,0.2658244890147614,0.12564217765190525,0.2502190953049252,0.705278121924473,
d3_at_q6_3/Z/r90,3,q6_3,Z,90,mwpm_gap,rl,temperature,15000,5872,0.3886902775160017,0.036358144010932875,0.2332772886531942,0.6587109088111824,T=2.378
d3_at_q6_3/Z/r90,3,q6_3,Z,90,mwpm_gap,rl,platt,15000,5872,0.39780428628556525,0.03547760095323286,0.23309581607313404,0.6583053976942319,a=0.5423;b=-0.1673
d3_at_q6_3/Z/r90,3,q6_3,Z,90,mwpm_gap,rl,isotonic,15000,5872,0.3978189688933981,0.009171832776569876,0.2314942787161999,0.6549243042565117,steps=19
d3_at_q6_3/Z/r110,3,q6_3,Z,110,mwpm_gap,si1000,raw,15000,6372,0.235450997919748,0.18934900208025202,0.278365751241046,0.8269061153034566,
d3_at_q6_3/Z/r110,3,q6_3,Z,110,mwpm_gap,si1000,temperature,15000,6372,0.4065799023774091,0.03575842164310096,0.23630108150745618,0.6647741081983135,T=3.938
d3_at_q6_3/Z/r110,3,q6_3,Z,110,mwpm_gap,si1000,platt,15000,6372,0.4244544838837121,0.023937808608132136,0.23544824920036006,0.6629762008114587,a=0.3345;b=-0.1916
d3_at_q6_3/Z/r110,3,q6_3,Z,110,mwpm_gap,si1000,isotonic,15000,6372,0.42418521119365865,0.0110532614644968,0.23469403391413815,0.6614897913939701,steps=36
d3_at_q6_3/Z/r110,3,q6_3,Z,110,mwpm_gap,rl,raw,15000,6317,0.28066360486476594,0.1404697284685674,0.26156068461621723,0.7302908678803901,
d3_at_q6_3/Z/r110,3,q6_3,Z,110,mwpm_gap,rl,temperature,15000,6317,0.41235717762393154,0.03221412498192139,0.2401676518728329,0.6731143081342387,T=2.822
d3_at_q6_3/Z/r110,3,q6_3,Z,110,mwpm_gap,rl,platt,15000,6317,0.4226110852822727,0.03110841484455322,0.23988664213886843,0.6725554986740071,a=0.4885;b=-0.1748
d3_at_q6_3/Z/r110,3,q6_3,Z,110,mwpm_gap,rl,isotonic,15000,6317,0.4228334521278634,0.00813224320850561,0.23883371574460896,0.6703404672139036,steps=28
d3_at_q6_3/Z/r130,3,q6_3,Z,130,mwpm_gap,si1000,raw,15000,6574,0.2507937337822497,0.18747293288441702,0.2833894622100388,0.8329703302085498,
d3_at_q6_3/Z/r130,3,q6_3,Z,130,mwpm_gap,si1000,temperature,15000,6574,0.4340045938324176,0.03335942225937373,0.24063608723258795,0.674015177604133,T=5.177
d3_at_q6_3/Z/r130,3,q6_3,Z,130,mwpm_gap,si1000,platt,15000,6574,0.4441018693286341,0.028397700223250905,0.2401414710190487,0.6729732040465574,a=0.2406;b=-0.1057
d3_at_q6_3/Z/r130,3,q6_3,Z,130,mwpm_gap,si1000,isotonic,15000,6574,0.4437431198526728,0.01539459373099602,0.23952405898943452,0.6717471445663038,steps=28
d3_at_q6_3/Z/r130,3,q6_3,Z,130,mwpm_gap,rl,raw,15000,6526,0.29142965662654474,0.14363701004012192,0.2649440228979155,0.736081684947626,
d3_at_q6_3/Z/r130,3,q6_3,Z,130,mwpm_gap,rl,temperature,15000,6526,0.43931807619233687,0.03507128549009414,0.24298387247910463,0.6789566332187746,T=3.866
d3_at_q6_3/Z/r130,3,q6_3,Z,130,mwpm_gap,rl,platt,15000,6526,0.4451372056963906,0.03184409906196972,0.2426513163727202,0.6782663269020213,a=0.3424;b=-0.1021
d3_at_q6_3/Z/r130,3,q6_3,Z,130,mwpm_gap,rl,isotonic,15000,6526,0.4447690605732355,0.017359908417557034,0.24200428047792633,0.6769055320078442,steps=26
d3_at_q6_3/Z/r150,3,q6_3,Z,150,mwpm_gap,si1000,raw,15000,7304,0.30223603957390294,0.1846972937594304,0.2991767703411139,0.8600112466539435,
d3_at_q6_3/Z/r150,3,q6_3,Z,150,mwpm_gap,si1000,temperature,15000,7304,0.4736304818800834,0.02054260025887115,0.24882037962536457,0.69076878543444,T=9.921
d3_at_q6_3/Z/r150,3,q6_3,Z,150,mwpm_gap,si1000,platt,15000,7304,0.48253364544467103,0.01631490521841915,0.24856624047112238,0.6902542557729747,a=0.1364;b=-0.07285
d3_at_q6_3/Z/r150,3,q6_3,Z,150,mwpm_gap,si1000,isotonic,15000,7304,0.4822532360673082,0.01061834078332049,0.24843660157390884,0.6899917510513116,steps=16
d3_at_q6_3/Z/r150,3,q6_3,Z,150,mwpm_gap,rl,raw,15000,7275,0.3178671966635826,0.16713280333641733,0.2852306557760552,0.7771338207747723,
d3_at_q6_3/Z/r150,3,q6_3,Z,150,mwpm_gap,rl,temperature,15000,7275,0.4853513267013525,0.012724228765267475,0.24962657401580982,0.6923997571100396,T=13.7
d3_at_q6_3/Z/r150,3,q6_3,Z,150,mwpm_gap,rl,platt,15000,7275,0.4853928218453946,0.01269064335289371,0.2496261031624116,0.6923988120515261,a=0.07349;b=-0.0005624
d3_at_q6_3/Z/r150,3,q6_3,Z,150,mwpm_gap,rl,isotonic,15000,7275,0.4855150508089065,0.014290253951261385,0.24950958842618076,0.6921610526403158,steps=9
d3_at_q6_3/Z/r170,3,q6_3,Z,170,mwpm_gap,si1000,raw,15000,7002,0.29245954908945193,0.17434045091054814,0.2885492604005171,0.8281575433273369,
d3_at_q6_3/Z/r170,3,q6_3,Z,170,mwpm_gap,si1000,temperature,15000,7002,0.4583905297982481,0.01888351706206788,0.24637184690727978,0.6857911363434757,T=6.527
d3_at_q6_3/Z/r170,3,q6_3,Z,170,mwpm_gap,si1000,platt,15000,7002,0.4679496412758882,0.014692364791920785,0.24610387940777514,0.6852339826711353,a=0.1954;b=-0.0842
d3_at_q6_3/Z/r170,3,q6_3,Z,170,mwpm_gap,si1000,isotonic,15000,7002,0.4679803599511633,0.012160644521081626,0.2459681531673885,0.6849493797391829,steps=36
d3_at_q6_3/Z/r170,3,q6_3,Z,170,mwpm_gap,rl,raw,15000,6967,0.31624191348837627,0.14822475317829042,0.2740725190646572,0.7524483682120997,
d3_at_q6_3/Z/r170,3,q6_3,Z,170,mwpm_gap,rl,temperature,15000,6967,0.46333328893277687,0.014779356648450597,0.2478555912707363,0.6888425507560836,T=5.51
d3_at_q6_3/Z/r170,3,q6_3,Z,170,mwpm_gap,rl,platt,15000,6967,0.4683317868172596,0.013553053352540045,0.24776437460086126,0.6886575774063828,a=0.2558;b=-0.08014
d3_at_q6_3/Z/r170,3,q6_3,Z,170,mwpm_gap,rl,isotonic,15000,6967,0.4684641016554482,0.013430716984626483,0.24768483436920452,0.6885511275286383,steps=14
d3_at_q6_3/Z/r190,3,q6_3,Z,190,mwpm_gap,si1000,raw,15000,7335,0.31825947546032324,0.17074052453967678,0.29377945538445327,0.8333150010401337,
d3_at_q6_3/Z/r190,3,q6_3,Z,190,mwpm_gap,si1000,temperature,15000,7335,0.4827171778822578,0.013749073144928852,0.2491493415713144,0.6914382768146664,T=13.44
d3_at_q6_3/Z/r190,3,q6_3,Z,190,mwpm_gap,si1000,platt,15000,7335,0.4954083586227393,0.010383846317509066,0.24897345933524018,0.691078840237362,a=0.1285;b=-0.1011
d3_at_q6_3/Z/r190,3,q6_3,Z,190,mwpm_gap,si1000,isotonic,15000,7335,0.4954661459308114,0.00793034983040498,0.24884566832195015,0.6908090453262683,steps=17
d3_at_q6_3/Z/r190,3,q6_3,Z,190,mwpm_gap,rl,raw,15000,7270,0.32864101846766924,0.1560256481989974,0.28247680119434704,0.7700446930019539,
d3_at_q6_3/Z/r190,3,q6_3,Z,190,mwpm_gap,rl,temperature,15000,7270,0.48879154007497705,0.009991916094570874,0.24974182270375228,0.6926306421387988,T=16.73
d3_at_q6_3/Z/r190,3,q6_3,Z,190,mwpm_gap,rl,platt,15000,7270,0.4884089783505306,0.009941996799534178,0.24973858272136457,0.6926241718833711,a=0.05445;b=0.005533
d3_at_q6_3/Z/r190,3,q6_3,Z,190,mwpm_gap,rl,isotonic,15000,7270,0.48847668534491473,0.010459025061495935,0.24972329740167765,0.6925971365132861,steps=12
d3_at_q6_3/Z/r210,3,q6_3,Z,210,mwpm_gap,si1000,raw,15000,7115,0.3068534412517606,0.16747989208157274,0.291181843634176,0.8337564584130958,
d3_at_q6_3/Z/r210,3,q6_3,Z,210,mwpm_gap,si1000,temperature,15000,7115,0.4709268333599642,0.014600720487914021,0.2482492547849716,0.6896257818301809,T=8.589
d3_at_q6_3/Z/r210,3,q6_3,Z,210,mwpm_gap,si1000,platt,15000,7115,0.47977452827769557,0.015124548454718324,0.2482477614053137,0.6896212814823267,a=0.1539;b=-0.07285
d3_at_q6_3/Z/r210,3,q6_3,Z,210,mwpm_gap,si1000,isotonic,15000,7115,0.4798819807155654,0.013021740887728932,0.24807985738278518,0.6892911731117715,steps=23
d3_at_q6_3/Z/r210,3,q6_3,Z,210,mwpm_gap,rl,raw,15000,7098,0.31648079441312843,0.1567192055868715,0.2800590056974106,0.7664093047735887,
d3_at_q6_3/Z/r210,3,q6_3,Z,210,mwpm_gap,rl,temperature,15000,7098,0.47020577312254114,0.019164074061274478,0.24893425941384273,0.6910093163957833,T=6.799
d3_at_q6_3/Z/r210,3,q6_3,Z,210,mwpm_gap,rl,platt,15000,7098,0.47543498001703677,0.018752582030736736,0.2489861507567976,0.691111081936976,a=0.2215;b=-0.08129
d3_at_q6_3/Z/r210,3,q6_3,Z,210,mwpm_gap,rl,isotonic,15000,7098,0.4754028375881199,0.010119798252808648,0.2488086597298087,0.6913075902716749,steps=17
d3_at_q6_3/Z/r230,3,q6_3,Z,230,mwpm_gap,si1000,raw,15000,7304,0.32615096197749194,0.16078237135584136,0.28856504148923257,0.815479822683512,
d3_at_q6_3/Z/r230,3,q6_3,Z,230,mwpm_gap,si1000,temperature,15000,7304,0.47794197481409173,0.015284828381660188,0.2489489441756153,0.6910320444148124,T=9.907
d3_at_q6_3/Z/r230,3,q6_3,Z,230,mwpm_gap,si1000,platt,15000,7304,0.4783398398852988,0.01492720882539379,0.2489342183894167,0.691002348111826,a=0.1027;b=-0.003124
d3_at_q6_3/Z/r230,3,q6_3,Z,230,mwpm_gap,si1000,isotonic,15000,7304,0.47828375042752536,0.01550292258099074,0.24884200313657182,0.6908012153787519,steps=21
d3_at_q6_3/Z/r230,3,q6_3,Z,230,mwpm_gap,rl,raw,15000,7183,0.3312297362367449,0.1476369304299218,0.2783399199249246,0.7605362376869469,
d3_at_q6_3/Z/r230,3,q6_3,Z,230,mwpm_gap,rl,temperature,15000,7183,0.4780311769735415,0.011861073517318741,0.2493976453332225,0.6919407512084201,T=8.385
d3_at_q6_3/Z/r230,3,q6_3,Z,230,mwpm_gap,rl,platt,15000,7183,0.4802072606785285,0.012486199000430897,0.24941806924651974,0.6919812519823129,a=0.1503;b=-0.03157
d3_at_q6_3/Z/r230,3,q6_3,Z,230,mwpm_gap,rl,isotonic,15000,7183,0.4802074752561785,0.011205011128397523,0.24940648074606628,0.6919583365829719,steps=16
d3_at_q6_3/Z/r250,3,q6_3,Z,250,mwpm_gap,si1000,raw,15000,7314,0.33099044627502816,0.1566095537249719,0.2871113676182022,0.8074388440936848,
d3_at_q6_3/Z/r250,3,q6_3,Z,250,mwpm_gap,si1000,temperature,15000,7314,0.4818704226276379,0.016725388755755206,0.24910547420755444,0.6913498054426093,T=11.55
d3_at_q6_3/Z/r250,3,q6_3,Z,250,mwpm_gap,si1000,platt,15000,7314,0.4856211130388575,0.014174011845731397,0.24900446585490385,0.6911458654192514,a=0.1036;b=-0.0293
d3_at_q6_3/Z/r250,3,q6_3,Z,250,mwpm_gap,si1000,isotonic,15000,7314,0.4857052135775694,0.011531126611077809,0.2489392109692608,0.69101343755234,steps=19
d3_at_q6_3/Z/r250,3,q6_3,Z,250,mwpm_gap,rl,raw,15000,7227,0.3330119588312915,0.1487880411687085,0.27941609797192407,0.7634083381160198,
d3_at_q6_3/Z/r250,3,q6_3,Z,250,mwpm_gap,rl,temperature,15000,7227,0.47982585535554145,0.010099089756802704,0.24964509789165956,0.6924376317357606,T=9.027
d3_at_q6_3/Z/r250,3,q6_3,Z,250,mwpm_gap,rl,platt,15000,7227,0.4810843283876539,0.011288811135619343,0.24966584088351398,0.6924793745985273,a=0.1283;b=-0.0178
d3_at_q6_3/Z/r250,3,q6_3,Z,250,mwpm_gap,rl,isotonic,15000,7227,0.4809781310553176,0.013817986486462576,0.24982507142105856,0.6928051899706583,steps=14
d3_at_q6_7/X/r01,3,q6_7,X,1,mwpm_gap,si1000,raw,15000,283,0.004041002569199503,0.014826597149652315,0.017191598285957402,0.08635044471917636,
d3_at_q6_7/X/r01,3,q6_7,X,1,mwpm_gap,si1000,temperature,15000,283,0.018598972154795942,0.012778883640072498,0.01613143303456786,0.05984345536112939,T=2.067
d3_at_q6_7/X/r01,3,q6_7,X,1,mwpm_gap,si1000,platt,15000,283,0.019795602083299196,0.013921030210222174,0.016198694554610548,0.05980091324447236,a=0.5312;b=-0.3006
d3_at_q6_7/X/r01,3,q6_7,X,1,mwpm_gap,si1000,isotonic,15000,283,0.019728821561792474,0.0014058597215611097,0.015535804776129949,0.05528599093150607,steps=22
d3_at_q6_7/X/r01,3,q6_7,X,1,mwpm_gap,rl,raw,15000,282,0.006158545630670119,0.012647073768843407,0.01611669136112608,0.06090398088031593,
d3_at_q6_7/X/r01,3,q6_7,X,1,mwpm_gap,rl,temperature,15000,282,0.015803357217396147,0.006318932445209645,0.014622413696428716,0.050938139979070776,T=1.609
d3_at_q6_7/X/r01,3,q6_7,X,1,mwpm_gap,rl,platt,15000,282,0.019414003427552947,0.001169473512202771,0.014351811273814803,0.049611245839724934,a=0.8988;b=-1.221
d3_at_q6_7/X/r01,3,q6_7,X,1,mwpm_gap,rl,isotonic,15000,282,0.019078986261745944,0.001334143252122158,0.012947191919673286,0.04511091914493494,steps=26
d3_at_q6_7/X/r01,3,q6_7,X,1,exact,si1000,raw,15000,283,0.004354684042161873,0.014513789462918354,0.01710035913489735,0.08135473683876068,
d3_at_q6_7/X/r01,3,q6_7,X,1,exact,si1000,temperature,15000,283,0.018031578657783095,0.01247191101947562,0.01595726412015787,0.05877701353699901,T=1.953
d3_at_q6_7/X/r01,3,q6_7,X,1,exact,si1000,platt,15000,283,0.01966492047664836,0.014021528238654936,0.016027345015629003,0.05860142351023332,a=0.5871;b=-0.444
d3_at_q6_7/X/r01,3,q6_7,X,1,exact,si1000,isotonic,15000,283,0.01957142045229055,0.0011867520931282433,0.015497667662361736,0.055339520930979054,steps=22
d3_at_q6_7/X/r01,3,q6_7,X,1,exact,rl,raw,15000,280,0.0071405022203417465,0.011537707664396504,0.015547234993434939,0.05630073551193066,
d3_at_q6_7/X/r01,3,q6_7,X,1,exact,rl,temperature,15000,280,0.015349568534743924,0.006169819242202369,0.014296583125105152,0.049599383489454196,T=1.479
d3_at_q6_7/X/r01,3,q6_7,X,1,exact,rl,platt,15000,280,0.01941200918421699,0.0013409186009450266,0.013876741263921195,0.04824932453170171,a=1.031;b=-1.398
d3_at_q6_7/X/r01,3,q6_7,X,1,exact,rl,isotonic,15000,280,0.019112710980772035,0.001842623853371364,0.012654454233923144,0.04462795362227035,steps=31
d3_at_q6_7/X/r01,3,q6_7,X,1,bm_gap,rl,raw,15000,282,0.0026545278714013754,0.016145472128599146,0.01744767249481333,0.10974150757198049,
d3_at_q6_7/X/r01,3,q6_7,X,1,bm_gap,rl,temperature,15000,282,0.01777224062522576,0.004819370888985166,0.01466919415315512,0.05202798079490821,T=3.37
d3_at_q6_7/X/r01,3,q6_7,X,1,bm_gap,rl,platt,15000,282,0.019404506883034498,0.0022081328596296663,0.014590751580578817,0.05192236827677648,a=0.369;b=-0.5803
d3_at_q6_7/X/r01,3,q6_7,X,1,bm_gap,rl,isotonic,15000,282,0.0190693309304499,0.0012998049546328475,0.013191461472365525,0.046023650561288515,steps=23
d3_at_q6_7/X/r01,3,q6_7,X,1,nn,rl,raw,15000,291,0.01714472552489086,0.0023208814781701687,0.013585818208840238,0.048257774614429476,
d3_at_q6_7/X/r01,3,q6_7,X,1,nn,rl,temperature,15000,291,0.018510937935744255,0.00155062564162693,0.013567362151867619,0.048032647803535014,T=1.069
d3_at_q6_7/X/r01,3,q6_7,X,1,nn,rl,platt,15000,291,0.020370272370863467,0.0017932809055791284,0.013564676317974988,0.04818981384466359,a=1.04;b=-0.3115
d3_at_q6_7/X/r01,3,q6_7,X,1,nn,rl,isotonic,15000,291,0.01998732318980978,0.0015427894957693014,0.013469776875840936,0.04752870949893786,steps=22
d3_at_q6_7/X/r10,3,q6_7,X,10,mwpm_gap,si1000,raw,15000,1957,0.049797019765153286,0.08066964690151338,0.10129751972106443,0.4092503738030557,
d3_at_q6_7/X/r10,3,q6_7,X,10,mwpm_gap,si1000,temperature,15000,1957,0.12086964683202689,0.022233543898502132,0.09343228973881484,0.31078748144620005,T=2.052
d3_at_q6_7/X/r10,3,q6_7,X,10,mwpm_gap,si1000,platt,15000,1957,0.12929751665806677,0.016889151849528158,0.09273437842674914,0.30987998703643227,a=0.5694;b=-0.3489
d3_at_q6_7/X/r10,3,q6_7,X,10,mwpm_gap,si1000,isotonic,15000,1957,0.12951178960963833,0.006454873644148397,0.09238819608732798,0.3083878641511908,steps=56
d3_at_q6_7/X/r10,3,q6_7,X,10,mwpm_gap,rl,raw,15000,1811,0.0712778824045298,0.04945545092880355,0.09442046194134718,0.3253614705904375,
d3_at_q6_7/X/r10,3,q6_7,X,10,mwpm_gap,rl,temperature,15000,1811,0.11611787875903037,0.009306730483864979,0.09109444662526782,0.30136499746026907,T=1.45
d3_at_q6_7/X/r10,3,q6_7,X,10,mwpm_gap,rl,platt,15000,1811,0.11946227862422783,0.00565726742719454,0.09098795150328141,0.30120847998392697,a=0.7408;b=-0.1524
d3_at_q6_7/X/r10,3,q6_7,X,10,mwpm_gap,rl,isotonic,15000,1811,0.11987804570907809,0.007018494915677243,0.09056155142623429,0.30002337264841966,steps=49
d3_at_q6_7/X/r10,3,q6_7,X,10,bm_gap,rl,raw,15000,1533,0.03882206788052229,0.0633779321194777,0.08228011621490237,0.37035168088079723,
d3_at_q6_7/X/r10,3,q6_7,X,10,bm_gap,rl,temperature,15000,1533,0.10442933807831986,0.006488120609001927,0.07487881596951901,0.25029393405690625,T=2.555
d3_at_q6_7/X/r10,3,q6_7,X,10,bm_gap,rl,platt,15000,1533,0.10290996507464877,0.0061832886609764085,0.07488771350793998,0.25011572611734806,a=0.3808;b=0.05679
d3_at_q6_7/X/r10,3,q6_7,X,10,bm_gap,rl,isotonic,15000,1533,0.10287280378236795,0.003944771102850113,0.07442067325974593,0.24685334626716082,steps=80
d3_at_q6_7/X/r10,3,q6_7,X,10,nn,rl,raw,15000,1465,0.09649880159070227,0.004331899714489032,0.07119524921743071,0.23675766577224788,
d3_at_q6_7/X/r10,3,q6_7,X,10,nn,rl,temperature,15000,1465,0.09892537043891528,0.0037985005228446784,0.07119440435956353,0.2366869100493257,T=1.024
d3_at_q6_7/X/r10,3,q6_7,X,10,nn,rl,platt,15000,1465,0.10093074499421158,0.006260809831149833,0.07126780316308709,0.2368481254221533,a=1.006;b=-0.07095
d3_at_q6_7/X/r10,3,q6_7,X,10,nn,rl,isotonic,15000,1465,0.10045023889672171,0.00996070683098568,0.07162036934457866,0.23835910540021013,steps=44
d3_at_q6_7/X/r30,3,q6_7,X,30,mwpm_gap,si1000,raw,15000,4844,0.1380909724773034,0.18484236085602995,0.23108949591812913,0.8066029091925828,
d3_at_q6_7/X/r30,3,q6_7,X,30,mwpm_gap,si1000,temperature,15000,4844,0.29568156251774697,0.030833514296777147,0.19728304779971628,0.5791246346556489,T=2.984
d3_at_q6_7/X/r30,3,q6_7,X,30,mwpm_gap,si1000,platt,15000,4844,0.3155783495241582,0.007956955823854651,0.19539181489922114,0.5753123402714512,a=0.4205;b=-0.3053
d3_at_q6_7/X/r30,3,q6_7,X,30,mwpm_gap,si1000,isotonic,15000,4844,0.3157774204687543,0.00922644287699501,0.19533710452700573,0.5767109696882391,steps=46
d3_at_q6_7/X/r30,3,q6_7,X,30,mwpm_gap,rl,raw,15000,4568,0.16981143150343506,0.1347219018298983,0.2154055650158292,0.6559543708835369,
d3_at_q6_7/X/r30,3,q6_7,X,30,mwpm_gap,rl,temperature,15000,4568,0.2861266435056513,0.03388807350467318,0.19629478036112852,0.576074506142639,T=2.002
d3_at_q6_7/X/r30,3,q6_7,X,30,mwpm_gap,rl,platt,15000,4568,0.29697994202654354,0.025285325284721622,0.19567047600463375,0.574634356983672,a=0.5865;b=-0.2034
d3_at_q6_7/X/r30,3,q6_7,X,30,mwpm_gap,rl,isotonic,15000,4568,0.2966828581586279,0.009854258109428346,0.19430272211366625,0.5721156790607735,steps=39
d3_at_q6_7/X/r30,3,q6_7,X,30,bm_gap,rl,raw,15000,3944,0.11368367773127466,0.1492496556020587,0.19808696429744188,0.7396540057561121,
d3_at_q6_7/X/r30,3,q6_7,X,30,bm_gap,rl,temperature,15000,3944,0.2543953836212113,0.012925439150245122,0.17170341477981169,0.5157398502606425,T=2.969
d3_at_q6_7/X/r30,3,q6_7,X,30,bm_gap,rl,platt,15000,3944,0.26005026294434064,0.010056120622094157,0.17158274308410826,0.5157652704456689,a=0.3567;b=-0.0852
d3_at_q6_7/X/r30,3,q6_7,X,30,bm_gap,rl,isotonic,15000,3944,0.26005460650499373,0.008831740538397337,0.17130232864544362,0.5155943418834741,steps=83
d3_at_q6_7/X/r30,3,q6_7,X,30,nn,rl,raw,15000,3867,0.24626360255830024,0.013237136155404276,0.16831886929720027,0.506019260355054,
d3_at_q6_7/X/r30,3,q6_7,X,30,nn,rl,temperature,15000,3867,0.25678985023428075,0.007334605386766855,0.16813729518354836,0.505039239090821,T=1.078
d3_at_q6_7/X/r30,3,q6_7,X,30,nn,rl,platt,15000,3867,0.25321024027859945,0.006771882645583766,0.1681498056662124,0.5050419174846095,a=0.901;b=0.04583
d3_at_q6_7/X/r30,3,q6_7,X,30,nn,rl,isotonic,15000,3867,0.2530599192740992,0.014953580675916171,0.16841286081561793,0.5058883083528557,steps=50
d3_at_q6_7/X/r50,3,q6_7,X,50,mwpm_gap,si1000,raw,15000,5744,0.1859915456135228,0.19694178771981055,0.2646847108578732,0.8683043365460987,
d3_at_q6_7/X/r50,3,q6_7,X,50,mwpm_gap,si1000,temperature,15000,5744,0.36734026527127367,0.024838426164647966,0.2227593986241319,0.6359519063305846,T=3.826
d3_at_q6_7/X/r50,3,q6_7,X,50,mwpm_gap,si1000,platt,15000,5744,0.3822681147801339,0.009551487213466924,0.22188571612739072,0.6341140035674816,a=0.3151;b=-0.1728
d3_at_q6_7/X/r50,3,q6_7,X,50,mwpm_gap,si1000,isotonic,15000,5744,0.3823347406163912,0.011907101591546657,0.22193586707912316,0.6352643551895276,steps=46
d3_at_q6_7/X/r50,3,q6_7,X,50,mwpm_gap,rl,raw,15000,5568,0.21417573021529737,0.15702426978470269,0.24947615387305797,0.7314223959125723,
d3_at_q6_7/X/r50,3,q6_7,X,50,mwpm_gap,rl,temperature,15000,5568,0.35932873475814503,0.03759311714541617,0.22243014675949926,0.6349637503325289,T=2.614
d3_at_q6_7/X/r50,3,q6_7,X,50,mwpm_gap,rl,platt,15000,5568,0.37302437967168717,0.03289177344623318,0.2218115582309759,0.633451202328296,a=0.4783;b=-0.2
d3_at_q6_7/X/r50,3,q6_7,X,50,mwpm_gap,rl,isotonic,15000,5568,0.3733790204158841,0.005411520490525801,0.22059872512907525,0.6307439284524823,steps=35
d3_at_q6_7/X/r50,3,q6_7,X,50,bm_gap,rl,raw,15000,4982,0.15643395733286888,0.17569937600046442,0.24066406521124956,0.8241507215027074,
d3_at_q6_7/X/r50,3,q6_7,X,50,bm_gap,rl,temperature,15000,4982,0.32138756934416657,0.018281517441832054,0.20501673624141142,0.5946098291273343,T=3.325
d3_at_q6_7/X/r50,3,q6_7,X,50,bm_gap,rl,platt,15000,4982,0.33379057559060366,0.014064145228200202,0.20491462241983485,0.5945231884471732,a=0.3422;b=-0.1514
d3_at_q6_7/X/r50,3,q6_7,X,50,bm_gap,rl,isotonic,15000,4982,0.33383910863644317,0.014756324445329786,0.204904628811438,0.5947986128244517,steps=74
d3_at_q6_7/X/r50,3,q6_7,X,50,nn,rl,raw,15000,5027,0.32732765620004156,0.010871314986938956,0.20219053587601815,0.5864201774332519,
d3_at_q6_7/X/r50,3,q6_7,X,50,nn,rl,temperature,15000,5027,0.33136489595440505,0.00991051537141334,0.20214915941865177,0.5863112207007397,T=1.035
d3_at_q6_7/X/r50,3,q6_7,X,50,nn,rl,platt,15000,5027,0.3368987788969269,0.0095430179998025,0.20213896715693,0.5862841261111612,a=1.006;b=-0.05133
d3_at_q6_7/X/r50,3,q6_7,X,50,nn,rl,isotonic,15000,5027,0.3377773330897058,0.013080887437519456,0.2031066102254136,0.5890322862350785,steps=60
d3_at_q6_7/X/r70,3,q6_7,X,70,mwpm_gap,si1000,raw,15000,6977,0.24649757793982513,0.21863575539350816,0.3083770053953648,0.9402970591822086,
d3_at_q6_7/X/r70,3,q6_7,X,70,mwpm_gap,si1000,temperature,15000,6977,0.4493763259369952,0.020844072580648108,0.2465061912360845,0.6860594094551588,T=7.342
d3_at_q6_7/X/r70,3,q6_7,X,70,mwpm_gap,si1000,platt,15000,6977,0.4617531812225718,0.01592054264925487,0.2462737906095118,0.6855810026032361,a=0.1808;b=-0.1161
d3_at_q6_7/X/r70,3,q6_7,X,70,mwpm_gap,si1000,isotonic,15000,6977,0.4617568570308295,0.010955234264942413,0.24603723195644542,0.6851045347531383,steps=24
d3_at_q6_7/X/r70,3,q6_7,X,70,mwpm_gap,rl,raw,15000,6905,0.28251646234753597,0.17781687098579743,0.2870713272358768,0.8097121729168831,
d3_at_q6_7/X/r70,3,q6_7,X,70,mwpm_gap,rl,temperature,15000,6905,0.44790695522319984,0.020451426962879413,0.24647674095838834,0.6860224116185827,T=5.128
d3_at_q6_7/X/r70,3,q6_7,X,70,mwpm_gap,rl,platt,15000,6905,0.4580205710953541,0.018970158896604267,0.2463188621733647,0.6856933554614872,a=0.2619;b=-0.1122
d3_at_q6_7/X/r70,3,q6_7,X,70,mwpm_gap,rl,isotonic,15000,6905,0.45791363938259755,0.011754417344033086,0.2459593955462654,0.6849613162543866,steps=29
d3_at_q6_7/X/r90,3,q6_7,X,90,mwpm_gap,si1000,raw,15000,7301,0.3270199228093688,0.15971341052396446,0.29172874573819996,0.8433200725223206,
d3_at_q6_7/X/r90,3,q6_7,X,90,mwpm_gap,si1000,temperature,15000,7301,0.48939015348354903,0.013826843091860564,0.24956889933716533,0.6922828954578494,T=21.51
d3_at_q6_7/X/r90,3,q6_7,X,90,mwpm_gap,si1000,platt,15000,7301,0.5008943324734068,0.018933706281413096,0.24976133707524018,0.6926648195441362,a=0.08751;b=-0.08345
d3_at_q6_7/X/r90,3,q6_7,X,90,mwpm_gap,si1000,isotonic,15000,7301,0.5010107426092095,0.018979663723050218,0.2496649882688658,0.6940778681451404,steps=20
d3_at_q6_7/X/r90,3,q6_7,X,90,mwpm_gap,rl,raw,15000,7415,0.3234521060126632,0.1708812273206701,0.28791504382485905,0.7960418777410707,
d3_at_q6_7/X/r90,3,q6_7,X,90,mwpm_gap,rl,temperature,15000,7415,0.48632961838679667,0.013543605957591591,0.24970670760578487,0.6925594181684934,T=14.96
d3_at_q6_7/X/r90,3,q6_7,X,90,mwpm_gap,rl,platt,15000,7415,0.49028372108423834,0.010533234366632512,0.24958893721612022,0.6923232563189111,a=0.09694;b=-0.04044
d3_at_q6_7/X/r90,3,q6_7,X,90,mwpm_gap,rl,isotonic,15000,7415,0.490392334728128,0.011161723532934948,0.24950243758855897,0.6921450579265552,steps=16
d3_at_q6_7/X/r110,3,q6_7,X,110,mwpm_gap,si1000,raw,15000,7253,0.3125441676816548,0.1709891656516785,0.2929436578830428,0.8542875363769679,
d3_at_q6_7/X/r110,3,q6_7,X,110,mwpm_gap,si1000,temperature,15000,7253,0.4828508846805385,0.017883318381303952,0.24896847307432649,0.6910764731792942,T=14.75
d3_at_q6_7/X/r110,3,q6_7,X,110,mwpm_gap,si1000,platt,15000,7253,0.4895068278306517,0.015834829184728446,0.2488968084497237,0.6909309007645632,a=0.0907;b=-0.04982
d3_at_q6_7/X/r110,3,q6_7,X,110,mwpm_gap,si1000,isotonic,15000,7253,0.4894330886611443,0.016579426505428454,0.24907896998472273,0.691309307768953,steps=23
d3_at_q6_7/X/r110,3,q6_7,X,110,mwpm_gap,rl,raw,15000,7155,0.3169596565899808,0.1600403434100192,0.2846250497148286,0.7900738165440008,
d3_at_q6_7/X/r110,3,q6_7,X,110,mwpm_gap,rl,temperature,15000,7155,0.48186850869760367,0.013474181753295324,0.2490412172541916,0.6912246153460609,T=11.83
d3_at_q6_7/X/r110,3,q6_7,X,110,mwpm_gap,rl,platt,15000,7155,0.4841660680271444,0.014809913674680215,0.2490272605265517,0.6911955498875489,a=0.1016;b=-0.02384
d3_at_q6_7/X/r110,3,q6_7,X,110,mwpm_gap,rl,isotonic,15000,7155,0.4842454668814908,0.015471799511384115,0.24897578033756254,0.6943789579124025,steps=18
d3_at_q6_7/X/r130,3,q6_7,X,130,mwpm_gap,si1000,raw,15000,7380,0.33490688201303187,0.15709311798696812,0.28791754700323624,0.8253650944790157,
d3_at_q6_7/X/r130,3,q6_7,X,130,mwpm_gap,si1000,temperature,15000,7380,0.48959049539664135,0.00884032560773485,0.24957810668887428,0.6923018795748103,T=20.43
d3_at_q6_7/X/r130,3,q6_7,X,130,mwpm_gap,si1000,platt,15000,7380,0.49661312313485045,0.00786489036245333,0.2495054184403757,0.6921556606632068,a=0.07728;b=-0.05219
d3_at_q6_7/X/r130,3,q6_7,X,130,mwpm_gap,si1000,isotonic,15000,7380,0.49630599317492197,0.006007633047850737,0.2498338618158797,0.6962233766445585,steps=22
d3_at_q6_7/X/r130,3,q6_7,X,130,mwpm_gap,rl,raw,15000,7310,0.3353895087922277,0.15194382454110564,0.28215259286490485,0.7792296939589565,
d3_at_q6_7/X/r130,3,q6_7,X,130,mwpm_gap,rl,temperature,15000,7310,0.48814627695775975,0.011278344365330956,0.2496283204285838,0.6924028737699562,T=15.87
d3_at_q6_7/X/r130,3,q6_7,X,130,mwpm_gap,rl,platt,15000,7310,0.49218338551845986,0.009678705804888011,0.24961382274748461,0.6923732422641738,a=0.09711;b=-0.0418
d3_at_q6_7/X/r130,3,q6_7,X,130,mwpm_gap,rl,isotonic,15000,7310,0.49219878454516863,0.010103082955013214,0.24961795721497704,0.6929288491028099,steps=19
d3_at_q6_7/X/r150,3,q6_7,X,150,mwpm_gap,si1000,raw,15000,7454,0.3483941422333173,0.14853919110001598,0.2841631225304277,0.8037562770718099,
d3_at_q6_7/X/r150,3,q6_7,X,150,mwpm_gap,si1000,temperature,15000,7454,0.4925348376138759,0.011559983708392781,0.24976139600830843,0.6926692325450883,T=25.22
d3_at_q6_7/X/r150,3,q6_7,X,150,mwpm_gap,si1000,platt,15000,7454,0.4962197284951385,0.010871574781957643,0.2496817904788157,0.6925095381142925,a=0.05571;b=-0.02684
d3_at_q6_7/X/r150,3,q6_7,X,150,mwpm_gap,si1000,isotonic,15000,7454,0.4960822441879764,0.008473136203744186,0.2496217836165811,0.6923950854648957,steps=18
d3_at_q6_7/X/r150,3,q6_7,X,150,mwpm_gap,rl,raw,15000,7371,0.34799949871614155,0.14340050128385848,0.27925598965367154,0.7690118475003175,
d3_at_q6_7/X/r150,3,q6_7,X,150,mwpm_gap,rl,temperature,15000,7371,0.4918692383608981,0.012857691687392508,0.24978248539754888,0.6927118028664078,T=21.05
d3_at_q6_7/X/r150,3,q6_7,X,150,mwpm_gap,rl,platt,15000,7371,0.49661620427502756,0.012656049468887737,0.24975889438952972,0.6926640950556306,a=0.08912;b=-0.04748
d3_at_q6_7/X/r150,3,q6_7,X,150,mwpm_gap,rl,isotonic,15000,7371,0.4966420314627982,0.010426699411015806,0.249655927256541,0.6924301455854824,steps=18
d3_at_q6_7/X/r170,3,q6_7,X,170,mwpm_gap,si1000,raw,15000,7448,0.3695300120689419,0.1270033212643914,0.2781120881334453,0.7792793349747335,
d3_at_q6_7/X/r170,3,q6_7,X,170,mwpm_gap,si1000,temperature,15000,7448,0.4989337032510966,0.0080059323825514,0.24998884484873068,0.6931248697203771,T=144.6
d3_at_q6_7/X/r170,3,q6_7,X,170,mwpm_gap,si1000,platt,15000,7448,0.4991158362360979,0.007971225226569545,0.24998931891468334,0.693125817731965,a=0.007837;b=-0.001296
d3_at_q6_7/X/r170,3,q6_7,X,170,mwpm_gap,si1000,isotonic,15000,7448,0.4991804015925925,0.009780635198466158,0.2499593807380025,0.6930671023872046,steps=16
d3_at_q6_7/X/r170,3,q6_7,X,170,mwpm_gap,rl,raw,15000,7465,0.3658131968931626,0.1318534697735041,0.27553178884106994,0.7565518411898324,
d3_at_q6_7/X/r170,3,q6_7,X,170,mwpm_gap,rl,temperature,15000,7465,0.499008422029698,0.004832117295591026,0.24998872767033997,0.693124635646609,T=148.4
d3_at_q6_7/X/r170,3,q6_7,X,170,mwpm_gap,rl,platt,15000,7465,0.501674192941166,0.005754054014600391,0.24999296964713008,0.6931331188866681,a=0.01842;b=-0.01754
d3_at_q6_7/X/r170,3,q6_7,X,170,mwpm_gap,rl,isotonic,15000,7465,0.501636078015921,0.008528709458075717,0.2500371705719545,0.6932226136032098,steps=17
d3_at_q6_7/X/r190,3,q6_7,X,190,mwpm_gap,si1000,raw,15000,7537,0.37916842795766614,0.12329823870900052,0.2749501014893085,0.7644914078233778,
d3_at_q6_7/X/r190,3,q6_7,X,190,mwpm_gap,si1000,temperature,15000,7537,0.4975549271066184,0.010168564520440094,0.24999532627136967,0.693137821818409,T=56.86
d3_at_q6_7/X/r190,3,q6_7,X,190,mwpm_gap,si1000,platt,15000,7537,0.5007129601936229,0.009577112812029635,0.2499663263062747,0.6930797904587225,a=0.03666;b=-0.02324
d3_at_q6_7/X/r190,3,q6_7,X,190,mwpm_gap,si1000,isotonic,15000,7537,0.5007628840320228,0.009333094300288442,0.24997453445774828,0.6930989564989728,steps=21
d3_at_q6_7/X/r190,3,q6_7,X,190,mwpm_gap,rl,raw,15000,7504,0.3736646652562461,0.12660200141042063,0.27392084528169397,0.7503099937780309,
d3_at_q6_7/X/r190,3,q6_7,X,190,mwpm_gap,rl,temperature,15000,7504,0.49907985660186227,0.008217202020044258,0.2500008058048589,0.6931487920260466,T=148.4
d3_at_q6_7/X/r190,3,q6_7,X,190,mwpm_gap,rl,platt,15000,7504,0.5040820956716945,0.009276907633284894,0.2500190517842761,0.6931852866079098,a=0.02711;b=-0.03114
d3_at_q6_7/X/r190,3,q6_7,X,190,mwpm_gap,rl,isotonic,15000,7504,0.5041349145581439,0.010402387508599693,0.25003728228728306,0.6932195769504658,steps=13
d3_at_q6_7/X/r210,3,q6_7,X,210,mwpm_gap,si1000,raw,15000,7496,0.3732611789708217,0.12647215436251158,0.27664676453482606,0.7704505160490467,
d3_at_q6_7/X/r210,3,q6_7,X,210,mwpm_gap,si1000,temperature,15000,7496,0.4952897766546238,0.011748393180133147,0.2499672357819243,0.6930815626016087,T=31.33
d3_at_q6_7/X/r210,3,q6_7,X,210,mwpm_gap,si1000,platt,15000,7496,0.4997451141643729,0.011687318758305637,0.24994413012136166,0.6930352241143143,a=0.05592;b=-0.03198
d3_at_q6_7/X/r210,3,q6_7,X,210,mwpm_gap,si1000,isotonic,15000,7496,0.49990248597471026,0.010515020831282074,0.2500262808161424,0.6932193048286485,steps=15
d3_at_q6_7/X/r210,3,q6_7,X,210,mwpm_gap,rl,raw,15000,7405,0.3749220691332117,0.118744597533455,0.27144388945712605,0.7455362541045397,
d3_at_q6_7/X/r210,3,q6_7,X,210,mwpm_gap,rl,temperature,15000,7405,0.4940211993721482,0.005863462905165517,0.24989600208337287,0.6929390604443948,T=22.8
d3_at_q6_7/X/r210,3,q6_7,X,210,mwpm_gap,rl,platt,15000,7405,0.4955878657488376,0.00671081287756537,0.24988998774558985,0.6929269543466443,a=0.05868;b=-0.01434
d3_at_q6_7/X/r210,3,q6_7,X,210,mwpm_gap,rl,isotonic,15000,7405,0.4955235402512149,0.007131180363393153,0.24992520293823656,0.6929980221780878,steps=15
d3_at_q6_7/X/r230,3,q6_7,X,230,mwpm_gap,si1000,raw,15000,7509,0.38653744481148156,0.11406255518851842,0.27225497616678546,0.755287011501536,
d3_at_q6_7/X/r230,3,q6_7,X,230,mwpm_gap,si1000,temperature,15000,7509,0.4979698435158455,0.009550580859879193,0.24999871729250375,0.6931446094609404,T=63.33
d3_at_q6_7/X/r230,3,q6_7,X,230,mwpm_gap,si1000,platt,15000,7509,0.49799682005850276,0.009534384946581842,0.24999854502378324,0.6931442647846591,a=0.01597;b=-0.0002006
d3_at_q6_7/X/r230,3,q6_7,X,230,mwpm_gap,si1000,isotonic,15000,7509,0.49793517853163116,0.009714552959622463,0.2500546502654289,0.6932651823476854,steps=14
d3_at_q6_7/X/r230,3,q6_7,X,230,mwpm_gap,rl,raw,15000,7552,0.3839722618449284,0.1194944048217383,0.27116635221740343,0.7430936344567003,
d3_at_q6_7/X/r230,3,q6_7,X,230,mwpm_gap,rl,temperature,15000,7552,0.4961308081654211,0.009684265061001512,0.2500191603590436,0.6931854871429657,T=32.26
d3_at_q6_7/X/r230,3,q6_7,X,230,mwpm_gap,rl,platt,15000,7552,0.49787234843892886,0.009711501828470318,0.24999357956860996,0.6931343040852617,a=0.04965;b=-0.01628
d3_at_q6_7/X/r230,3,q6_7,X,230,mwpm_gap,rl,isotonic,15000,7552,0.4978913822846424,0.007924536479256134,0.2500015295315795,0.6931497934083636,steps=23
d3_at_q6_7/X/r250,3,q6_7,X,250,mwpm_gap,si1000,raw,15000,7576,0.3886327306966969,0.11643393596996977,0.2731941260918166,0.7561501034466759,
d3_at_q6_7/X/r250,3,q6_7,X,250,mwpm_gap,si1000,temperature,15000,7576,0.4991578631092275,0.00884729322503604,0.25001395108205277,0.6931750831132075,T=148.4
d3_at_q6_7/X/r250,3,q6_7,X,250,mwpm_gap,si1000,platt,15000,7576,0.5006875733233448,0.008223691964124185,0.2500076736334392,0.6931625308606106,a=0.01624;b=-0.01087
d3_at_q6_7/X/r250,3,q6_7,X,250,mwpm_gap,si1000,isotonic,15000,7576,0.5005455249912225,0.011610250109870362,0.2500587652241116,0.693265325109879,steps=10
d3_at_q6_7/X/r250,3,q6_7,X,250,mwpm_gap,rl,raw,15000,7551,0.3884955060827997,0.11490449391720033,0.271605742222924,0.743827136188164,
d3_at_q6_7/X/r250,3,q6_7,X,250,mwpm_gap,rl,temperature,15000,7551,0.49919521036075165,0.010684294495080907,0.2500143192912007,0.6931758192503883,T=148.4
d3_at_q6_7/X/r250,3,q6_7,X,250,mwpm_gap,rl,platt,15000,7551,0.5020241395612235,0.011060328295639387,0.25002793482675645,0.6932030516580213,a=0.02637;b=-0.02069
d3_at_q6_7/X/r250,3,q6_7,X,250,mwpm_gap,rl,isotonic,15000,7551,0.5019056428500626,0.016234417947528324,0.25022217907348765,0.6958066567702716,steps=17
d3_at_q6_7/Z/r01,3,q6_7,Z,1,mwpm_gap,si1000,raw,15000,87,0.0027592937357664975,0.0030420295595800814,0.004862356839733382,0.02188293991928493,
d3_at_q6_7/Z/r01,3,q6_7,Z,1,mwpm_gap,si1000,temperature,15000,87,0.006346040330832039,0.0005460403308320376,0.004765159253869677,0.020129268893691005,T=1.419
d3_at_q6_7/Z/r01,3,q6_7,Z,1,mwpm_gap,si1000,platt,15000,87,0.006436382214602371,0.0006363822146023684,0.0047547224854124544,0.020109342634158284,a=0.7229;b=-0.08608
d3_at_q6_7/Z/r01,3,q6_7,Z,1,mwpm_gap,si1000,isotonic,15000,87,0.0065003129450968145,0.0008219715367338088,0.004690426360139011,0.02001992682146529,steps=25
d3_at_q6_7/Z/r01,3,q6_7,Z,1,mwpm_gap,rl,raw,15000,96,0.004235046678243918,0.0021684437214238785,0.004997417020932869,0.02168146970042133,
d3_at_q6_7/Z/r01,3,q6_7,Z,1,mwpm_gap,rl,temperature,15000,96,0.007000421957962963,0.0012061305459090267,0.004989730163029255,0.021070905002817934,T=1.268
d3_at_q6_7/Z/r01,3,q6_7,Z,1,mwpm_gap,rl,platt,15000,96,0.006864018950214353,0.0010284702432045655,0.005015397139729487,0.021093799264832205,a=0.7656;b=0.09667
d3_at_q6_7/Z/r01,3,q6_7,Z,1,mwpm_gap,rl,isotonic,15000,96,0.00694984667919024,0.0006715052708272325,0.004842414370259754,0.02060297044652906,steps=16
d3_at_q6_7/Z/r01,3,q6_7,Z,1,exact,si1000,raw,15000,88,0.0030539379682394496,0.002815552523735201,0.004777241706301741,0.021087451794504327,
d3_at_q6_7/Z/r01,3,q6_7,Z,1,exact,si1000,temperature,15000,88,0.0062515526280899165,0.0003848859614232493,0.004707571258703035,0.01988425383272895,T=1.35
d3_at_q6_7/Z/r01,3,q6_7,Z,1,exact,si1000,platt,15000,88,0.006507074573575004,0.0006404079069083379,0.00467204641013855,0.019807937966692505,a=0.7955;b=-0.25
d3_at_q6_7/Z/r01,3,q6_7,Z,1,exact,si1000,isotonic,15000,88,0.006666742886568694,0.000921736174375852,0.0046345022919881415,0.019828274045242643,steps=33
d3_at_q6_7/Z/r01,3,q6_7,Z,1,exact,rl,raw,15000,93,0.004747869348047592,0.001462267464559592,0.004838558177264941,0.020513317111376096,
d3_at_q6_7/Z/r01,3,q6_7,Z,1,exact,rl,temperature,15000,93,0.0067366060623278825,0.0005366060623278823,0.004843819384526684,0.020355438089090423,T=1.176
d3_at_q6_7/Z/r01,3,q6_7,Z,1,exact,rl,platt,15000,93,0.006712882760024278,0.0005128827600242792,0.0048471581227816545,0.02036019546332584,a=0.8456;b=0.01782
d3_at_q6_7/Z/r01,3,q6_7,Z,1,exact,rl,isotonic,15000,93,0.00670145232147263,0.0006231109131096223,0.00471899379382084,0.020128290929340317,steps=16
d3_at_q6_7/Z/r01,3,q6_7,Z,1,bm_gap,rl,raw,15000,98,0.0014867113402684921,0.005046621993064932,0.0054087421107127396,0.03505793539522299,
d3_at_q6_7/Z/r01,3,q6_7,Z,1,bm_gap,rl,temperature,15000,98,0.00731466820398437,0.001428931085434127,0.005063099822428846,0.021384769158733503,T=2.506
d3_at_q6_7/Z/r01,3,q6_7,Z,1,bm_gap,rl,platt,15000,98,0.006835220290988927,0.0007843358176642799,0.005169507175262036,0.02146519039228545,a=0.3537;b=0.3538
d3_at_q6_7/Z/r01,3,q6_7,Z,1,bm_gap,rl,isotonic,15000,98,0.0068456820007411975,0.00043400794050304765,0.004891427442685017,0.020649468227937905,steps=22
d3_at_q6_7/Z/r01,3,q6_7,Z,1,nn,rl,raw,15000,97,0.005617695305949872,0.0008749434179801393,0.004965006903254825,0.020439044775346055,
d3_at_q6_7/Z/r01,3,q6_7,Z,1,nn,rl,temperature,15000,97,0.00826001300682099,0.0017933463401543222,0.004994866403564195,0.020977925692964198,T=1.191
d3_at_q6_7/Z/r01,3,q6_7,Z,1,nn,rl,platt,15000,97,0.008512653619804349,0.00204598695313768,0.004971161157096109,0.02092205187576391,a=0.8809;b=-0.1614
d3_at_q6_7/Z/r01,3,q6_7,Z,1,nn,rl,isotonic,15000,97,0.008792587555683316,0.002761320210632435,0.005072582076511877,0.02560723804348932,steps=21
d3_at_q6_7/Z/r10,3,q6_7,Z,10,mwpm_gap,si1000,raw,15000,1406,0.0440906821182542,0.049642651215079124,0.0742996701468221,0.2846278446308144,
d3_at_q6_7/Z/r10,3,q6_7,Z,10,mwpm_gap,si1000,temperature,15000,1406,0.09099299852521293,0.011962173047862923,0.0703567208068519,0.24198102547679026,T=1.695
d3_at_q6_7/Z/r10,3,q6_7,Z,10,mwpm_gap,si1000,platt,15000,1406,0.09335180713879818,0.01079977802303066,0.07022360043318185,0.24177988000056047,a=0.6219;b=-0.1251
d3_at_q6_7/Z/r10,3,q6_7,Z,10,mwpm_gap,si1000,isotonic,15000,1406,0.09325449773460365,0.005506226586575627,0.06991522100607345,0.2406480243614283,steps=49
d3_at_q6_7/Z/r10,3,q6_7,Z,10,mwpm_gap,rl,raw,15000,1392,0.060643142676880236,0.03215685732311976,0.07096540430481213,0.2527740420648341,
d3_at_q6_7/Z/r10,3,q6_7,Z,10,mwpm_gap,rl,temperature,15000,1392,0.09070942440300411,0.006065934510487202,0.06945130557557422,0.23872915023068145,T=1.359
d3_at_q6_7/Z/r10,3,q6_7,Z,10,mwpm_gap,rl,platt,15000,1392,0.09207959983963648,0.004731227117802914,0.06940667438229867,0.23865470352383286,a=0.757;b=-0.06788
d3_at_q6_7/Z/r10,3,q6_7,Z,10,mwpm_gap,rl,isotonic,15000,1392,0.09182105851269119,0.0030467158294553063,0.06932241803341643,0.23782603034865069,steps=47
d3_at_q6_7/Z/r10,3,q6_7,Z,10,bm_gap,rl,raw,15000,1179,0.03382607475667918,0.04477392524332083,0.06181540135789546,0.2783418318339504,
d3_at_q6_7/Z/r10,3,q6_7,Z,10,bm_gap,rl,temperature,15000,1179,0.08056806625243794,0.008503361874886402,0.05750513089771452,0.19758154644245238,T=2.329
d3_at_q6_7/Z/r10,3,q6_7,Z,10,bm_gap,rl,platt,15000,1179,0.07348661724456107,0.012779177319721696,0.05790230921072018,0.19781677038990428,a=0.3739;b=0.3162
d3_at_q6_7/Z/r10,3,q6_7,Z,10,bm_gap,rl,isotonic,15000,1179,0.0730787312976459,0.007279869156820475,0.05743727185617461,0.19610952856432473,steps=63
d3_at_q6_7/Z/r10,3,q6_7,Z,10,nn,rl,raw,15000,1130,0.07302422661209415,0.0027973296497045734,0.05507912168176866,0.18735941117217672,
d3_at_q6_7/Z/r10,3,q6_7,Z,10,nn,rl,temperature,15000,1130,0.07348252458063516,0.002719063328113213,0.05507587648450973,0.18733536125821762,T=1.005
d3_at_q6_7/Z/r10,3,q6_7,Z,10,nn,rl,platt,15000,1130,0.07878469523185938,0.008207216452499552,0.05528228455413651,0.18789818894628768,a=1.091;b=-0.2458
d3_at_q6_7/Z/r10,3,q6_7,Z,10,nn,rl,isotonic,15000,1130,0.0793280288167995,0.011000914376244767,0.055829896686363886,0.19478008196762803,steps=58
d3_at_q6_7/Z/r30,3,q6_7,Z,30,mwpm_gap,si1000,raw,15000,3816,0.12103718884730212,0.1333628111526979,0.18725924471961186,0.6332600678406703,
d3_at_q6_7/Z/r30,3,q6_7,Z,30,mwpm_gap,si1000,temperature,15000,3816,0.23678897409970284,0.020524798307102295,0.16827143413230974,0.5093661565538115,T=2.184
d3_at_q6_7/Z/r30,3,q6_7,Z,30,mwpm_gap,si1000,platt,15000,3816,0.2486133647427243,0.010829169633092519,0.16762108842889198,0.508090696537402,a=0.5287;b=-0.23
d3_at_q6_7/Z/r30,3,q6_7,Z,30,mwpm_gap,si1000,isotonic,15000,3816,0.24843055498807237,0.00911881593682817,0.16710054825154402,0.5072562274375556,steps=42
d3_at_q6_7/Z/r30,3,q6_7,Z,30,mwpm_gap,rl,raw,15000,3696,0.15658182465012738,0.0898181753498726,0.17444490782984134,0.5564656584481655,
d3_at_q6_7/Z/r30,3,q6_7,Z,30,mwpm_gap,rl,temperature,15000,3696,0.23828290485644074,0.010993662902569305,0.16537413061363374,0.5025733365525766,T=1.723
d3_at_q6_7/Z/r30,3,q6_7,Z,30,mwpm_gap,rl,platt,15000,3696,0.24629175109297025,0.012041071060057067,0.16538090446067447,0.5025721443374921,a=0.6333;b=-0.1406
d3_at_q6_7/Z/r30,3,q6_7,Z,30,mwpm_gap,rl,isotonic,15000,3696,0.246437208029601,0.008979644075139268,0.1651083546004924,0.5018847640492878,steps=57
d3_at_q6_7/Z/r30,3,q6_7,Z,30,bm_gap,rl,raw,15000,3093,0.10416337734333998,0.10203662265666001,0.15567728950794193,0.5923905490466854,
d3_at_q6_7/Z/r30,3,q6_7,Z,30,bm_gap,rl,temperature,15000,3093,0.20914709326767247,0.017966118673269124,0.14247244579195778,0.4427422202860514,T=2.491
d3_at_q6_7/Z/r30,3,q6_7,Z,30,bm_gap,rl,platt,15000,3093,0.20412298747726096,0.015563779323708851,0.14242559870461682,0.4423082564264155,a=0.3817;b=0.08554
d3_at_q6_7/Z/r30,3,q6_7,Z,30,bm_gap,rl,isotonic,15000,3093,0.20358319819244558,0.011787633832813437,0.14216805297334226,0.44097892790515497,steps=79
d3_at_q6_7/Z/r30,3,q6_7,Z,30,nn,rl,raw,15000,3234,0.20895982465221563,0.010034081920324091,0.14293811108045354,0.43880697535169766,
d3_at_q6_7/Z/r30,3,q6_7,Z,30,nn,rl,temperature,15000,3234,0.21253909632545046,0.008369821264464741,0.1429061293273028,0.4386387966927128,T=1.026
d3_at_q6_7/Z/r30,3,q6_7,Z,30,nn,rl,platt,15000,3234,0.21288031494948528,0.008411205193111441,0.14290277901913975,0.43863291568079205,a=0.9773;b=-0.005235
d3_at_q6_7/Z/r30,3,q6_7,Z,30,nn,rl,isotonic,15000,3234,0.2130887328238377,0.009770683571497666,0.14313920119993193,0.4403795894576867,steps=60
d3_at_q6_7/Z/r50,3,q6_7,Z,50,mwpm_gap,si1000,raw,15000,4925,0.16047886419062748,0.16785446914270588,0.23630658990613118,0.7569675092036134,
d3_at_q6_7/Z/r50,3,q6_7,Z,50,mwpm_gap,si1000,temperature,15000,4925,0.31733153677407916,0.027120863928736253,0.2049129717595843,0.5961387475373835,T=2.79
d3_at_q6_7/Z/r50,3,q6_7,Z,50,mwpm_gap,si1000,platt,15000,4925,0.3260712652634362,0.02108476588492497,0.20446481404595343,0.5951330023196683,a=0.4026;b=-0.1306
d3_at_q6_7/Z/r50,3,q6_7,Z,50,mwpm_gap,si1000,isotonic,15000,4925,0.3258295876302986,0.008602971887751693,0.20371817859846902,0.5939490806027067,steps=36
d3_at_q6_7/Z/r50,3,q6_7,Z,50,mwpm_gap,rl,raw,15000,4826,0.20370555094410384,0.1180277823892295,0.21863439128821197,0.6675402213281256,
d3_at_q6_7/Z/r50,3,q6_7,Z,50,mwpm_gap,rl,temperature,15000,4826,0.3187808408773411,0.011697323740167796,0.20241370543796366,0.5906557659340979,T=2.174
d3_at_q6_7/Z/r50,3,q6_7,Z,50,mwpm_gap,rl,platt,15000,4826,0.32268952891676156,0.009541879495961176,0.2023354876516289,0.5904611630621397,a=0.4813;b=-0.05143
d3_at_q6_7/Z/r50,3,q6_7,Z,50,mwpm_gap,rl,isotonic,15000,4826,0.3226779781004647,0.008719457166430125,0.20219202700240912,0.5900298137267624,steps=54
d3_at_q6_7/Z/r50,3,q6_7,Z,50,bm_gap,rl,raw,15000,4245,0.1410688397199004,0.1419311602800996,0.20538656354383225,0.722080307355616,
d3_at_q6_7/Z/r50,3,q6_7,Z,50,bm_gap,rl,temperature,15000,4245,0.27912696004894083,0.012490124505778334,0.18143350443642048,0.5388210823922869,T=2.872
d3_at_q6_7/Z/r50,3,q6_7,Z,50,bm_gap,rl,platt,15000,4245,0.2813949549993276,0.011756654485264887,0.18139353554445473,0.5387829820382793,a=0.3557;b=-0.02967
d3_at_q6_7/Z/r50,3,q6_7,Z,50,bm_gap,rl,isotonic,15000,4245,0.28150163266440825,0.008613193059801273,0.18125742044659982,0.5400636286442005,steps=68
d3_at_q6_7/Z/r50,3,q6_7,Z,50,nn,rl,raw,15000,4266,0.2791689630904918,0.00986351886859541,0.18064276397785772,0.5352948148779755,
d3_at_q6_7/Z/r50,3,q6_7,Z,50,nn,rl,temperature,15000,4266,0.2840731563687357,0.007842724841366435,0.18058915209983903,0.535030944701779,T=1.038
d3_at_q6_7/Z/r50,3,q6_7,Z,50,nn,rl,platt,15000,4266,0.28409990029937154,0.007848541581965563,0.18058939166453575,0.5350316169532399,a=0.9639;b=-0.0003166
d3_at_q6_7/Z/r50,3,q6_7,Z,50,nn,rl,isotonic,15000,4266,0.2844147458577213,0.014677063785967507,0.18118192170262762,0.5364625822880142,steps=58
d3_at_q6_7/Z/r70,3,q6_7,Z,70,mwpm_gap,si1000,raw,15000,5984,0.2140991136421656,0.18483421969116773,0.2735894093758378,0.8331636024926461,
d3_at_q6_7/Z/r70,3,q6_7,Z,70,mwpm_gap,si1000,temperature,15000,5984,0.39210830254273776,0.01991939815630697,0.23178053049193625,0.6552532594376677,T=3.81
d3_at_q6_7/Z/r70,3,q6_7,Z,70,mwpm_gap,si1000,platt,15000,5984,0.3994778853706283,0.016332555756888738,0.2315974034048263,0.6548304617926284,a=0.2953;b=-0.08453
d3_at_q6_7/Z/r70,3,q6_7,Z,70,mwpm_gap,si1000,isotonic,15000,5984,0.39977189690138426,0.00858360422325377,0.231166890588417,0.6539167489632615,steps=33
d3_at_q6_7/Z/r70,3,q6_7,Z,70,mwpm_gap,rl,raw,15000,5925,0.2624376987041446,0.13256230129585544,0.2536306472782539,0.7436410528889859,
d3_at_q6_7/Z/r70,3,q6_7,Z,70,mwpm_gap,rl,temperature,15000,5925,0.39243246790372655,0.011580703442103213,0.23040448268171757,0.652362103678493,T=2.874
d3_at_q6_7/Z/r70,3,q6_7,Z,70,mwpm_gap,rl,platt,15000,5925,0.3971329118049736,0.010602390223676731,0.23036642214600347,0.6522647649146762,a=0.3701;b=-0.04689
d3_at_q6_7/Z/r70,3,q6_7,Z,70,mwpm_gap,rl,isotonic,15000,5925,0.39736832770886116,0.007916828855765836,0.2302673922655888,0.6525235958779808,steps=38
d3_at_q6_7/Z/r90,3,q6_7,Z,90,mwpm_gap,si1000,raw,15000,7182,0.2979315897485368,0.18086841025146316,0.29625382661265787,0.8481598974104441,
d3_at_q6_7/Z/r90,3,q6_7,Z,90,mwpm_gap,si1000,temperature,15000,7182,0.4688184911390094,0.01860696385271594,0.2483145276638482,0.6897380135685038,T=8.466
d3_at_q6_7/Z/r90,3,q6_7,Z,90,mwpm_gap,si1000,platt,15000,7182,0.4770206686480462,0.01752995778293652,0.24815818622110086,0.6894132887187275,a=0.1528;b=-0.06944
d3_at_q6_7/Z/r90,3,q6_7,Z,90,mwpm_gap,si1000,isotonic,15000,7182,0.4769383660468573,0.005418392924470727,0.2478774139643442,0.6888261549111795,steps=22
d3_at_q6_7/Z/r90,3,q6_7,Z,90,mwpm_gap,rl,raw,15000,7148,0.3367458867359846,0.1402508420030223,0.2779302762393481,0.7791749367980786,
d3_at_q6_7/Z/r90,3,q6_7,Z,90,mwpm_gap,rl,temperature,15000,7148,0.46801660394379835,0.015476285270782097,0.2480527100055325,0.6892026643350626,T=6.192
d3_at_q6_7/Z/r90,3,q6_7,Z,90,mwpm_gap,rl,platt,15000,7148,0.4743159683177691,0.012762302932491249,0.24794138894422163,0.688970080459564,a=0.1927;b=-0.04991
d3_at_q6_7/Z/r90,3,q6_7,Z,90,mwpm_gap,rl,isotonic,15000,7148,0.474398134202111,0.009012661583502958,0.24761673015668598,0.6887496174754012,steps=20
d3_at_q6_7/Z/r110,3,q6_7,Z,110,mwpm_gap,si1000,raw,15000,6968,0.2800238507456525,0.1845094825876809,0.2935519965626845,0.8481080826089846,
d3_at_q6_7/Z/r110,3,q6_7,Z,110,mwpm_gap,si1000,temperature,15000,6968,0.4542464441605146,0.014903301775906642,0.2466815272859163,0.6864225488784742,T=6.339
d3_at_q6_7/Z/r110,3,q6_7,Z,110,mwpm_gap,si1000,platt,15000,6968,0.46761907166549255,0.014961230598053437,0.2466075024783647,0.6862549330842329,a=0.2182;b=-0.1238
d3_at_q6_7/Z/r110,3,q6_7,Z,110,mwpm_gap,si1000,isotonic,15000,6968,0.4676367400156966,0.015081756526384466,0.24651637190376277,0.6861767000978551,steps=28
d3_at_q6_7/Z/r110,3,q6_7,Z,110,mwpm_gap,rl,raw,15000,6990,0.3305981503836377,0.13540184961636229,0.2748593223256983,0.776054749531878,
d3_at_q6_7/Z/r110,3,q6_7,Z,110,mwpm_gap,rl,temperature,15000,6990,0.4537397886180496,0.012889204758667484,0.2466670658253403,0.6863890532234531,T=4.498
d3_at_q6_7/Z/r110,3,q6_7,Z,110,mwpm_gap,rl,platt,15000,6990,0.46674177742785167,0.01529014325364778,0.24664235912155094,0.6863353365100539,a=0.2842;b=-0.1037
d3_at_q6_7/Z/r110,3,q6_7,Z,110,mwpm_gap,rl,isotonic,15000,6990,0.46679594408290603,0.013873932494812532,0.2465993989795617,0.686266818959878,steps=35
d3_at_q6_7/Z/r130,3,q6_7,Z,130,mwpm_gap,si1000,raw,15000,7180,0.30702470616876515,0.17164196049790162,0.2931995377232706,0.8343380940287122,
d3_at_q6_7/Z/r130,3,q6_7,Z,130,mwpm_gap,si1000,temperature,15000,7180,0.4666051128399397,0.016800564216712634,0.24885938294303206,0.6908532432706971,T=7.333
d3_at_q6_7/Z/r130,3,q6_7,Z,130,mwpm_gap,si1000,platt,15000,7180,0.47171978274121296,0.016669614529140796,0.2488181502606193,0.690771615276611,a=0.1603;b=-0.04391
d3_at_q6_7/Z/r130,3,q6_7,Z,130,mwpm_gap,si1000,isotonic,15000,7180,0.4715186745176064,0.014835188385054,0.24885627313379038,0.6909582263444094,steps=20
d3_at_q6_7/Z/r130,3,q6_7,Z,130,mwpm_gap,rl,raw,15000,7098,0.35580722586977126,0.11739277413022876,0.27369868821710863,0.7665059064803064,
d3_at_q6_7/Z/r130,3,q6_7,Z,130,mwpm_gap,rl,temperature,15000,7098,0.4685961396796498,0.013422292387802747,0.24850003766831316,0.6901294271969155,T=5.483
d3_at_q6_7/Z/r130,3,q6_7,Z,130,mwpm_gap,rl,platt,15000,7098,0.478306154085652,0.01878360799495655,0.2486799010043708,0.690492522190022,a=0.2302;b=-0.07183
d3_at_q6_7/Z/r130,3,q6_7,Z,130,mwpm_gap,rl,isotonic,15000,7098,0.4783560372391117,0.01876427539988929,0.2488574884971505,0.6909592256152706,steps=24
d3_at_q6_7/Z/r150,3,q6_7,Z,150,mwpm_gap,si1000,raw,15000,7266,0.321200125061867,0.16319987493813295,0.2893297060065316,0.817092323888583,
d3_at_q6_7/Z/r150,3,q6_7,Z,150,mwpm_gap,si1000,temperature,15000,7266,0.4822877892244019,0.01275421588560603,0.2490725843015439,0.6912871014605837,T=12.58
d3_at_q6_7/Z/r150,3,q6_7,Z,150,mwpm_gap,si1000,platt,15000,7266,0.4863992498141669,0.010713292624165038,0.2489936731592164,0.6911282192588345,a=0.09902;b=-0.03386
d3_at_q6_7/Z/r150,3,q6_7,Z,150,mwpm_gap,si1000,isotonic,15000,7266,0.48621558532944725,0.00879565748960116,0.24913452647590556,0.69142129354358,steps=16
d3_at_q6_7/Z/r150,3,q6_7,Z,150,mwpm_gap,rl,raw,15000,7242,0.36926452603273563,0.11353547396726438,0.2714850703483954,0.7573655150624137,
d3_at_q6_7/Z/r150,3,q6_7,Z,150,mwpm_gap,rl,temperature,15000,7242,0.480233912394587,0.011269316455423567,0.24895169781665386,0.6910430224391247,T=7.772
d3_at_q6_7/Z/r150,3,q6_7,Z,150,mwpm_gap,rl,platt,15000,7242,0.4809491913189318,0.010647531489113135,0.24894155133400084,0.6910226425071013,a=0.1323;b=-0.005107
d3_at_q6_7/Z/r150,3,q6_7,Z,150,mwpm_gap,rl,isotonic,15000,7242,0.4808144593314941,0.013265914183325608,0.24931409677245628,0.692895231939283,steps=15
d3_at_q6_7/Z/r170,3,q6_7,Z,170,mwpm_gap,si1000,raw,15000,7386,0.34582581545243035,0.14657418454756968,0.2880406823943602,0.8042047562984973,
d3_at_q6_7/Z/r170,3,q6_7,Z,170,mwpm_gap,si1000,temperature,15000,7386,0.48722072846805214,0.011371396703356008,0.2500043414677789,0.6931562170735772,T=14.46
d3_at_q6_7/Z/r170,3,q6_7,Z,170,mwpm_gap,si1000,platt,15000,7386,0.4929473823668785,0.013499457194885607,0.2500992567790093,0.6933466819562407,a=0.09916;b=-0.04506
d3_at_q6_7/Z/r170,3,q6_7,Z,170,mwpm_gap,si1000,isotonic,15000,7386,0.49282997070851536,0.01573026739823709,0.2501833899896993,0.6935212609472506,steps=18
d3_at_q6_7/Z/r170,3,q6_7,Z,170,mwpm_gap,rl,raw,15000,7371,0.39034175086201417,0.10249691310433735,0.27148540118636083,0.7520749254721204,
d3_at_q6_7/Z/r170,3,q6_7,Z,170,mwpm_gap,rl,temperature,15000,7371,0.48645946936542933,0.011502368303656342,0.24999203019013821,0.6931327798405056,T=9.217
d3_at_q6_7/Z/r170,3,q6_7,Z,170,mwpm_gap,rl,platt,15000,7371,0.48992558648122225,0.012735165188869978,0.25003483262371956,0.693219250726893,a=0.1287;b=-0.02396
d3_at_q6_7/Z/r170,3,q6_7,Z,170,mwpm_gap,rl,isotonic,15000,7371,0.4897369985731928,0.016371774670412703,0.25014909618701925,0.6934801771439544,steps=29
d3_at_q6_7/Z/r190,3,q6_7,Z,190,mwpm_gap,si1000,raw,15000,7417,0.3556816523101011,0.1387850143565656,0.28316620443799184,0.7874191274506381,
d3_at_q6_7/Z/r190,3,q6_7,Z,190,mwpm_gap,si1000,temperature,15000,7417,0.4901167347729903,0.011557482396075918,0.24988751607346685,0.692922038370043,T=17.21
d3_at_q6_7/Z/r190,3,q6_7,Z,190,mwpm_gap,si1000,platt,15000,7417,0.4982709659935742,0.014265696149199994,0.24994749924721932,0.6930423283411988,a=0.1022;b=-0.06258
d3_at_q6_7/Z/r190,3,q6_7,Z,190,mwpm_gap,si1000,isotonic,15000,7417,0.49829716013090447,0.010795225980978212,0.2500401663841702,0.693259825723227,steps=19
d3_at_q6_7/Z/r190,3,q6_7,Z,190,mwpm_gap,rl,raw,15000,7427,0.3990043082193558,0.09688728457684563,0.2682869675396397,0.7413720285409879,
d3_at_q6_7/Z/r190,3,q6_7,Z,190,mwpm_gap,rl,temperature,15000,7427,0.4889099998649455,0.015317353361481607,0.24989114159628226,0.6929290877413627,T=10.2
d3_at_q6_7/Z/r190,3,q6_7,Z,190,mwpm_gap,rl,platt,15000,7427,0.4926422454044641,0.01546728369447914,0.24988106371666885,0.6929090859184758,a=0.121;b=-0.02532
d3_at_q6_7/Z/r190,3,q6_7,Z,190,mwpm_gap,rl,isotonic,15000,7427,0.4927254907843109,0.013435467471712176,0.2501236998868775,0.6934303826206842,steps=14
d3_at_q6_7/Z/r210,3,q6_7,Z,210,mwpm_gap,si1000,raw,15000,7479,0.34695261851869147,0.15164738148130852,0.28824050646208627,0.8021183842846143,
d3_at_q6_7/Z/r210,3,q6_7,Z,210,mwpm_gap,si1000,temperature,15000,7479,0.49219843123864326,0.01208089837441496,0.24989852655244588,0.6929439381354724,T=23.48
d3_at_q6_7/Z/r210,3,q6_7,Z,210,mwpm_gap,si1000,platt,15000,7479,0.4948237322768233,0.010878161780623901,0.24985384055102636,0.6928544236902754,a=0.05645;b=-0.02066
d3_at_q6_7/Z/r210,3,q6_7,Z,210,mwpm_gap,si1000,isotonic,15000,7479,0.49472773308548,0.009524307488469436,0.24976336533528223,0.6926696247530448,steps=15
d3_at_q6_7/Z/r210,3,q6_7,Z,210,mwpm_gap,rl,raw,15000,7420,0.3932485831827922,0.10141808348387442,0.269800636347919,0.7462112392643244,
d3_at_q6_7/Z/r210,3,q6_7,Z,210,mwpm_gap,rl,temperature,15000,7420,0.4937605438248333,0.010046029704219648,0.24983326275423132,0.69281340769331,T=19.37
d3_at_q6_7/Z/r210,3,q6_7,Z,210,mwpm_gap,rl,platt,15000,7420,0.49571641982913817,0.009639882364874893,0.24981732701796897,0.6927814513894291,a=0.06336;b=-0.0135
d3_at_q6_7/Z/r210,3,q6_7,Z,210,mwpm_gap,rl,isotonic,15000,7420,0.4956321799484982,0.008415078710390113,0.2498341562778908,0.6928150446278195,steps=14
d3_at_q6_7/Z/r230,3,q6_7,Z,230,mwpm_gap,si1000,raw,15000,7414,0.3604669419031013,0.1375576393084688,0.2840608711097957,0.7878478773682345,
d3_at_q6_7/Z/r230,3,q6_7,Z,230,mwpm_gap,si1000,temperature,15000,7414,0.4921279911623636,0.009903927058346819,0.2499946955349207,0.6931365368949856,T=20.81
d3_at_q6_7/Z/r230,3,q6_7,Z,230,mwpm_gap,si1000,platt,15000,7414,0.49193878366387533,0.009897267593644943,0.2499935678476864,0.6931342822450505,a=0.04703;b=0.001435
d3_at_q6_7/Z/r230,3,q6_7,Z,230,mwpm_gap,si1000,isotonic,15000,7414,0.49200914806746665,0.008197852759628659,0.25003497766252053,0.69330773243967,steps=15
d3_at_q6_7/Z/r230,3,q6_7,Z,230,mwpm_gap,rl,raw,15000,7427,0.4048691993251785,0.09245232747460687,0.2667309693863624,0.7367627774023932,
d3_at_q6_7/Z/r230,3,q6_7,Z,230,mwpm_gap,rl,temperature,15000,7427,0.49166788997636857,0.009703342484935745,0.24988308309356172,0.6929130297730534,T=12.71
d3_at_q6_7/Z/r230,3,q6_7,Z,230,mwpm_gap,rl,platt,15000,7427,0.48976883596277204,0.010324069321672357,0.2499023082185331,0.6929515114032722,a=0.06671;b=0.01266
d3_at_q6_7/Z/r230,3,q6_7,Z,230,mwpm_gap,rl,isotonic,15000,7427,0.48984920139232213,0.008211239038751029,0.24996301640093435,0.6931635333226971,steps=14
d3_at_q6_7/Z/r250,3,q6_7,Z,250,mwpm_gap,si1000,raw,15000,7449,0.36690174887499677,0.12969825112500324,0.28098708610693274,0.7787780574496389,
d3_at_q6_7/Z/r250,3,q6_7,Z,250,mwpm_gap,si1000,temperature,15000,7449,0.49191571045440463,0.009880319255059144,0.24999572164801703,0.693138732583974,T=19.12
d3_at_q6_7/Z/r250,3,q6_7,Z,250,mwpm_gap,si1000,platt,15000,7449,0.49755570418038647,0.012072093909273359,0.2500397646420631,0.6932270995342195,a=0.0841;b=-0.04222
d3_at_q6_7/Z/r250,3,q6_7,Z,250,mwpm_gap,si1000,isotonic,15000,7449,0.4975868580782196,0.011014397011799449,0.250181422986862,0.6935177418331359,steps=20
d3_at_q6_7/Z/r250,3,q6_7,Z,250,mwpm_gap,rl,raw,15000,7422,0.4113179413929362,0.08433240562901,0.2663321486271444,0.7349275898324672,
d3_at_q6_7/Z/r250,3,q6_7,Z,250,mwpm_gap,rl,temperature,15000,7422,0.48986846443198656,0.013179497530319441,0.25013575952119443,0.6934198759468739,T=9.636
d3_at_q6_7/Z/r250,3,q6_7,Z,250,mwpm_gap,rl,platt,15000,7422,0.49043252890227135,0.013457812984843586,0.2501414049100049,0.6934312590028051,a=0.1075;b=-0.003719
d3_at_q6_7/Z/r250,3,q6_7,Z,250,mwpm_gap,rl,isotonic,15000,7422,0.4904996203620967,0.017716648193206782,0.25023675813370966,0.6936244026376687,steps=22
d3_at_q8_5/X/r01,3,q8_5,X,1,mwpm_gap,si1000,raw,15000,74,0.0019803973581143204,0.002954242248278225,0.004552738060503812,0.02215228614964389,
d3_at_q8_5/X/r01,3,q8_5,X,1,mwpm_gap,si1000,temperature,15000,74,0.005525025158303865,0.0008844456774738269,0.004475398568400273,0.019316885516227553,T=1.491
d3_at_q8_5/X/r01,3,q8_5,X,1,mwpm_gap,si1000,platt,15000,74,0.005634885314985816,0.0010140886538251021,0.004484327719563249,0.01935615883982327,a=0.6943;b=-0.1191
d3_at_q8_5/X/r01,3,q8_5,X,1,mwpm_gap,si1000,isotonic,15000,74,0.005555635196273209,0.0007592168627783603,0.004599293604120515,0.021178170693076495,steps=24
d3_at_q8_5/X/r01,3,q8_5,X,1,mwpm_gap,rl,raw,15000,77,0.0025511231753158523,0.002583721431686098,0.004553471021507522,0.021940946366864094,
d3_at_q8_5/X/r01,3,q8_5,X,1,mwpm_gap,rl,temperature,15000,77,0.005704221797316599,0.0006916661113774699,0.004527126769288199,0.019639848723329988,T=1.42
d3_at_q8_5/X/r01,3,q8_5,X,1,mwpm_gap,rl,platt,15000,77,0.005338639085693888,0.0003159702980666986,0.004519110172377996,0.019566760294040295,a=0.6365;b=0.3407
d3_at_q8_5/X/r01,3,q8_5,X,1,mwpm_gap,rl,isotonic,15000,77,0.0052451008353857085,0.0002469450940005331,0.0045443371043994065,0.019611059228422746,steps=16
d3_at_q8_5/X/r01,3,q8_5,X,1,exact,si1000,raw,15000,77,0.0021562046713847487,0.0029796582357275708,0.004506084511360063,0.021300535977042047,
d3_at_q8_5/X/r01,3,q8_5,X,1,exact,si1000,temperature,15000,77,0.005378887815065303,0.0003721207535560244,0.004435688635483444,0.01907659219212706,T=1.422
d3_at_q8_5/X/r01,3,q8_5,X,1,exact,si1000,platt,15000,77,0.005452615761276375,0.0004604994591999772,0.004431142714368725,0.01907608838687284,a=0.7202;b=-0.08343
d3_at_q8_5/X/r01,3,q8_5,X,1,exact,si1000,isotonic,15000,77,0.0054150856349551866,0.0004100858849426868,0.004462011807927136,0.019105801104964952,steps=23
d3_at_q8_5/X/r01,3,q8_5,X,1,exact,rl,raw,15000,76,0.002832206650253248,0.0022390095568248936,0.004514781802330313,0.020872492609786346,
d3_at_q8_5/X/r01,3,q8_5,X,1,exact,rl,temperature,15000,76,0.005444066873396202,0.0005586697741907042,0.004489219775595378,0.01943746696458892,T=1.31
d3_at_q8_5/X/r01,3,q8_5,X,1,exact,rl,platt,15000,76,0.005269432259136024,0.00034719706067779703,0.004484379679653055,0.019402181811569576,a=0.7233;b=0.1838
d3_at_q8_5/X/r01,3,q8_5,X,1,exact,rl,isotonic,15000,76,0.0052225034027403566,0.0005382678666139359,0.004533213384159249,0.01957793089166727,steps=18
d3_at_q8_5/X/r01,3,q8_5,X,1,bm_gap,rl,raw,15000,81,0.0011181867370721058,0.004281813262927901,0.004683294584827191,0.03786153400143987,
d3_at_q8_5/X/r01,3,q8_5,X,1,bm_gap,rl,temperature,15000,81,0.006041733002732596,0.0009203305252188602,0.004588751321636239,0.020185471329925795,T=2.758
d3_at_q8_5/X/r01,3,q8_5,X,1,bm_gap,rl,platt,15000,81,0.005934613524300192,0.0007987167246673613,0.004589952464041782,0.020122166101248125,a=0.3486;b=0.1185
d3_at_q8_5/X/r01,3,q8_5,X,1,bm_gap,rl,isotonic,15000,81,0.005867686210836341,0.0007961319810611982,0.004444658590136506,0.019442140114183697,steps=24
d3_at_q8_5/X/r01,3,q8_5,X,1,nn,rl,raw,15000,81,0.0050424821618436175,0.00040582560732492924,0.004580092274846978,0.01964256563457384,
d3_at_q8_5/X/r01,3,q8_5,X,1,nn,rl,temperature,15000,81,0.0046213606673972864,0.0008113015361954424,0.004580653317556875,0.01973501669710576,T=0.9633
d3_at_q8_5/X/r01,3,q8_5,X,1,nn,rl,platt,15000,81,0.004821697492098284,0.000599327436882987,0.00457816424779945,0.019786624412701178,a=1.102;b=-0.2199
d3_at_q8_5/X/r01,3,q8_5,X,1,nn,rl,isotonic,15000,81,0.004716903311295247,0.0009505556969031137,0.00464665032893937,0.019988967333975854,steps=18
d3_at_q8_5/X/r10,3,q8_5,X,10,mwpm_gap,si1000,raw,15000,1192,0.035130662438905634,0.044336190838198064,0.061774848077488814,0.24817178845493956,
d3_at_q8_5/X/r10,3,q8_5,X,10,mwpm_gap,si1000,temperature,15000,1192,0.07644089982333724,0.007689213036622977,0.05883318540210474,0.20702337442899454,T=1.73
d3_at_q8_5/X/r10,3,q8_5,X,10,mwpm_gap,si1000,platt,15000,1192,0.08094812344708538,0.0055167515375354765,0.05850296145628939,0.20654843288727895,a=0.6479;b=-0.2918
d3_at_q8_5/X/r10,3,q8_5,X,10,mwpm_gap,si1000,isotonic,15000,1192,0.08100322978855574,0.00359089365162223,0.05804899528172859,0.20512737789822527,steps=51
d3_at_q8_5/X/r10,3,q8_5,X,10,mwpm_gap,rl,raw,15000,1148,0.04855703022606488,0.027978559033170942,0.05959105382114741,0.2186274339914755,
d3_at_q8_5/X/r10,3,q8_5,X,10,mwpm_gap,rl,temperature,15000,1148,0.07563601575520021,0.010006342711116428,0.05852716700036063,0.20639155900260514,T=1.355
d3_at_q8_5/X/r10,3,q8_5,X,10,mwpm_gap,rl,platt,15000,1148,0.07714627632650885,0.009100948370514183,0.05844620208768639,0.20635407729705185,a=0.7695;b=-0.1012
d3_at_q8_5/X/r10,3,q8_5,X,10,mwpm_gap,rl,isotonic,15000,1148,0.07733713751515982,0.004251758310846237,0.05787806170826657,0.20469112219823551,steps=48
d3_at_q8_5/X/r10,3,q8_5,X,10,bm_gap,rl,raw,15000,951,0.02363043321220472,0.03976956678779528,0.05197717212775099,0.26239686972239556,
d3_at_q8_5/X/r10,3,q8_5,X,10,bm_gap,rl,temperature,15000,951,0.06948814368047074,0.009897419636201206,0.047768128182922906,0.1696854233102417,T=2.662
d3_at_q8_5/X/r10,3,q8_5,X,10,bm_gap,rl,platt,15000,951,0.06369680009693636,0.01252151442442592,0.04794194836772816,0.16932026214170692,a=0.3266;b=0.3222
d3_at_q8_5/X/r10,3,q8_5,X,10,bm_gap,rl,isotonic,15000,951,0.06343550376042448,0.003507148564149614,0.047523698939455565,0.16645479422653767,steps=72
d3_at_q8_5/X/r10,3,q8_5,X,10,nn,rl,raw,15000,914,0.06053854931232474,0.0020661882091146905,0.04516965051111657,0.15660230314755208,
d3_at_q8_5/X/r10,3,q8_5,X,10,nn,rl,temperature,15000,914,0.05981263170067082,0.0020035451644074575,0.0451728210962863,0.1566178367284246,T=0.9902
d3_at_q8_5/X/r10,3,q8_5,X,10,nn,rl,platt,15000,914,0.05952252110291955,0.0020721079547174177,0.04517559123979125,0.15662315562072054,a=1.004;b=0.01697
d3_at_q8_5/X/r10,3,q8_5,X,10,nn,rl,isotonic,15000,914,0.0599349872040661,0.0035734722679618917,0.045681748482468025,0.15999552376315188,steps=44
d3_at_q8_5/X/r30,3,q8_5,X,30,mwpm_gap,si1000,raw,15000,3791,0.11481731843848265,0.13791601489485067,0.19088967686361272,0.6751061482450457,
d3_at_q8_5/X/r30,3,q8_5,X,30,mwpm_gap,si1000,temperature,15000,3791,0.24539487136885993,0.022355839548699213,0.17002397698422253,0.5151397362184281,T=2.462
d3_at_q8_5/X/r30,3,q8_5,X,30,mwpm_gap,si1000,platt,15000,3791,0.25725508803886055,0.021562005116771095,0.17002356028384366,0.5150760440430735,a=0.4701;b=-0.227
d3_at_q8_5/X/r30,3,q8_5,X,30,mwpm_gap,si1000,isotonic,15000,3791,0.2573246016569711,0.010968912993066043,0.16833139428892585,0.5116807158824686,steps=40
d3_at_q8_5/X/r30,3,q8_5,X,30,mwpm_gap,rl,raw,15000,3936,0.14791849024595563,0.11448150975404436,0.18652714561920397,0.5879339085160902,
d3_at_q8_5/X/r30,3,q8_5,X,30,mwpm_gap,rl,temperature,15000,3936,0.2484990919781674,0.033435727861995945,0.17307899187437428,0.5223729735272836,T=1.847
d3_at_q8_5/X/r30,3,q8_5,X,30,mwpm_gap,rl,platt,15000,3936,0.26474887568524075,0.021841169262542377,0.17225839617162184,0.5206980701646827,a=0.6738;b=-0.3374
d3_at_q8_5/X/r30,3,q8_5,X,30,mwpm_gap,rl,isotonic,15000,3936,0.26458441200612615,0.007668339569923856,0.17077006241597106,0.5189269332274079,steps=50
d3_at_q8_5/X/r30,3,q8_5,X,30,bm_gap,rl,raw,15000,3334,0.09164501713352245,0.1306216495331442,0.17348185633704888,0.7010074218342185,
d3_at_q8_5/X/r30,3,q8_5,X,30,bm_gap,rl,temperature,15000,3334,0.22232956076725804,0.014685655590055894,0.15167401361582436,0.46768892751951224,T=2.995
d3_at_q8_5/X/r30,3,q8_5,X,30,bm_gap,rl,platt,15000,3334,0.22406990318719952,0.015436680084537522,0.15167545545487723,0.46777611476559783,a=0.3402;b=-0.03063
d3_at_q8_5/X/r30,3,q8_5,X,30,bm_gap,rl,isotonic,15000,3334,0.2241151524680448,0.009507142246917663,0.1513586519724252,0.465787503817008,steps=82
d3_at_q8_5/X/r30,3,q8_5,X,30,nn,rl,raw,15000,3153,0.20411519418726518,0.010314481218530994,0.13902044023617396,0.4289586697576179,
d3_at_q8_5/X/r30,3,q8_5,X,30,nn,rl,temperature,15000,3153,0.20515900980275636,0.010072792256872494,0.13901106803651841,0.4289157338007763,T=1.008
d3_at_q8_5/X/r30,3,q8_5,X,30,nn,rl,platt,15000,3153,0.202512758569469,0.012761653306553844,0.13909302335626025,0.42907547613378455,a=0.9706;b=0.04171
d3_at_q8_5/X/r30,3,q8_5,X,30,nn,rl,isotonic,15000,3153,0.2025871349754561,0.010674720036839332,0.1397336247375501,0.4325725950082774,steps=49
d3_at_q8_5/X/r50,3,q8_5,X,50,mwpm_gap,si1000,raw,15000,4523,0.1375252435297117,0.16400808980362164,0.22053770938168551,0.7598000753049725,
d3_at_q8_5/X/r50,3,q8_5,X,50,mwpm_gap,si1000,temperature,15000,4523,0.2935032194668574,0.02424656827532541,0.1924177388725201,0.568338654779871,T=2.872
d3_at_q8_5/X/r50,3,q8_5,X,50,mwpm_gap,si1000,platt,15000,4523,0.30505452519434845,0.016983527058035235,0.19197641905979065,0.5673710336814639,a=0.4014;b=-0.183
d3_at_q8_5/X/r50,3,q8_5,X,50,mwpm_gap,si1000,isotonic,15000,4523,0.30532989275649947,0.013024470339499038,0.19101574875521848,0.5652714201092537,steps=47
d3_at_q8_5/X/r50,3,q8_5,X,50,mwpm_gap,rl,raw,15000,4498,0.16662658607824293,0.1332400805884237,0.2111253526027235,0.6548232134773185,
d3_at_q8_5/X/r50,3,q8_5,X,50,mwpm_gap,rl,temperature,15000,4498,0.29087752207660433,0.026407984501649412,0.19267559421231967,0.5686540092958488,T=2.144
d3_at_q8_5/X/r50,3,q8_5,X,50,mwpm_gap,rl,platt,15000,4498,0.3009749828675205,0.018493559241111533,0.19211139141668107,0.5673601358216925,a=0.5371;b=-0.1772
d3_at_q8_5/X/r50,3,q8_5,X,50,mwpm_gap,rl,isotonic,15000,4498,0.3007976232122018,0.009970740825349477,0.19152796075794007,0.5661447689253515,steps=42
d3_at_q8_5/X/r50,3,q8_5,X,50,bm_gap,rl,raw,15000,3933,0.10394578482311848,0.15825421517688154,0.20052271896433685,0.7882818240568562,
d3_at_q8_5/X/r50,3,q8_5,X,50,bm_gap,rl,temperature,15000,3933,0.2544747101693537,0.01667185917383583,0.17066580350023977,0.5122062022679397,T=3.324
d3_at_q8_5/X/r50,3,q8_5,X,50,bm_gap,rl,platt,15000,3933,0.2585427156528939,0.013858576393387655,0.17053475532161738,0.511923504181274,a=0.3136;b=-0.0619
d3_at_q8_5/X/r50,3,q8_5,X,50,bm_gap,rl,isotonic,15000,3933,0.25847850530690203,0.010118928665986134,0.1702772276284075,0.5115758705141445,steps=85
d3_at_q8_5/X/r50,3,q8_5,X,50,nn,rl,raw,15000,3764,0.24630141983584716,0.011272917273166637,0.16400996703143947,0.49440536919178935,
d3_at_q8_5/X/r50,3,q8_5,X,50,nn,rl,temperature,15000,3764,0.2547749637386929,0.008401163886424945,0.1639682224140952,0.4941829494373231,T=1.062
d3_at_q8_5/X/r50,3,q8_5,X,50,nn,rl,platt,15000,3764,0.259715123730325,0.012265391086836157,0.16410645800408089,0.49446337275345364,a=0.9805;b=-0.06517
d3_at_q8_5/X/r50,3,q8_5,X,50,nn,rl,isotonic,15000,3764,0.2597208415360214,0.017396588828465186,0.1646882301360939,0.4957867252380963,steps=56
d3_at_q8_5/X/r70,3,q8_5,X,70,mwpm_gap,si1000,raw,15000,6225,0.21325460810944927,0.20174539189055074,0.2811074312926434,0.8922698617353979,
d3_at_q8_5/X/r70,3,q8_5,X,70,mwpm_gap,si1000,temperature,15000,6225,0.3981309524832503,0.021067106639208306,0.23425781641185572,0.6606215174743318,T=4.35
d3_at_q8_5/X/r70,3,q8_5,X,70,mwpm_gap,si1000,platt,15000,6225,0.41354848910247577,0.012020594571160196,0.23374105910263698,0.6595719439471146,a=0.2861;b=-0.1631
d3_at_q8_5/X/r70,3,q8_5,X,70,mwpm_gap,si1000,isotonic,15000,6225,0.41348276310260423,0.009920495913679047,0.2335155635397766,0.6591188706363672,steps=36
d3_at_q8_5/X/r70,3,q8_5,X,70,mwpm_gap,rl,raw,15000,5967,0.23480496496058423,0.16299503503941576,0.26675711925796536,0.7836077993394934,
d3_at_q8_5/X/r70,3,q8_5,X,70,mwpm_gap,rl,temperature,15000,5967,0.3883173930359198,0.0168768793135841,0.233246505083859,0.6585269723452795,T=3.108
d3_at_q8_5/X/r70,3,q8_5,X,70,mwpm_gap,rl,platt,15000,5967,0.39444919763317765,0.016835178214992832,0.23320887477955365,0.65842355525898,a=0.3576;b=-0.07555
d3_at_q8_5/X/r70,3,q8_5,X,70,mwpm_gap,rl,isotonic,15000,5967,0.39468872341410705,0.011040437414120058,0.23300530356699303,0.6579360974760158,steps=28
d3_at_q8_5/X/r90,3,q8_5,X,90,mwpm_gap,si1000,raw,15000,6223,0.2108101632601285,0.2040565034065382,0.2807256551718518,0.8846072866847239,
d3_at_q8_5/X/r90,3,q8_5,X,90,mwpm_gap,si1000,temperature,15000,6223,0.4054888887780441,0.028889565168759707,0.2343078004431912,0.6608306709788112,T=4.673
d3_at_q8_5/X/r90,3,q8_5,X,90,mwpm_gap,si1000,platt,15000,6223,0.41614285905223075,0.017805997112699572,0.2337662065842888,0.6597152245826792,a=0.2544;b=-0.115
d3_at_q8_5/X/r90,3,q8_5,X,90,mwpm_gap,si1000,isotonic,15000,6223,0.4159671998119481,0.009087533582539248,0.23334879353762614,0.6588421140566014,steps=32
d3_at_q8_5/X/r90,3,q8_5,X,90,mwpm_gap,rl,raw,15000,6071,0.2390464320753837,0.16568690125794958,0.2665203223541896,0.7785283660047265,
d3_at_q8_5/X/r90,3,q8_5,X,90,mwpm_gap,rl,temperature,15000,6071,0.4014674066071124,0.021458353831435045,0.23385127884186857,0.6599013807207649,T=3.453
d3_at_q8_5/X/r90,3,q8_5,X,90,mwpm_gap,rl,platt,15000,6071,0.4087939730050956,0.017026046777755995,0.2336131290701988,0.6593799374411451,a=0.3326;b=-0.08888
d3_at_q8_5/X/r90,3,q8_5,X,90,mwpm_gap,rl,isotonic,15000,6071,0.40872371864192286,0.009048374067204233,0.2332408663823849,0.6585343303158704,steps=29
d3_at_q8_5/X/r110,3,q8_5,X,110,mwpm_gap,si1000,raw,15000,6771,0.24534964657936761,0.20605035342063235,0.29187745000303805,0.8849837100732549,
d3_at_q8_5/X/r110,3,q8_5,X,110,mwpm_gap,si1000,temperature,15000,6771,0.43377674643572073,0.028954682816515538,0.24234782366515065,0.6775414331346731,T=5.568
d3_at_q8_5/X/r110,3,q8_5,X,110,mwpm_gap,si1000,platt,15000,6771,0.44704236186550445,0.015614075181143567,0.24160988252299748,0.6760490653834658,a=0.2283;b=-0.1254
d3_at_q8_5/X/r110,3,q8_5,X,110,mwpm_gap,si1000,isotonic,15000,6771,0.4473360182560381,0.008756754720253218,0.2415069525017782,0.6758350203157658,steps=30
d3_at_q8_5/X/r110,3,q8_5,X,110,mwpm_gap,rl,raw,15000,6707,0.27332706756925434,0.173806265764079,0.27931066834963486,0.79838991900809,
d3_at_q8_5/X/r110,3,q8_5,X,110,mwpm_gap,rl,temperature,15000,6707,0.43093561206984227,0.024860521615104027,0.24258633716624517,0.6780435708325806,T=4.157
d3_at_q8_5/X/r110,3,q8_5,X,110,mwpm_gap,rl,platt,15000,6707,0.4414353359312337,0.016880966340479017,0.2420555760339662,0.676958831595252,a=0.2983;b=-0.1089
d3_at_q8_5/X/r110,3,q8_5,X,110,mwpm_gap,rl,isotonic,15000,6707,0.44134675014977925,0.011268845154465868,0.24191955819466904,0.6766642651825402,steps=29
d3_at_q8_5/X/r130,3,q8_5,X,130,mwpm_gap,si1000,raw,15000,6973,0.26242229649881027,0.2024443701678564,0.2992793111755909,0.8987624992762112,
d3_at_q8_5/X/r130,3,q8_5,X,130,mwpm_gap,si1000,temperature,15000,6973,0.45553039501249415,0.017289289448477196,0.24646316772025786,0.6860134240791063,T=7.557
d3_at_q8_5/X/r130,3,q8_5,X,130,mwpm_gap,si1000,platt,15000,6973,0.46650727950789284,0.011745946892821662,0.24627048898299145,0.6856309948783028,a=0.1749;b=-0.1013
d3_at_q8_5/X/r130,3,q8_5,X,130,mwpm_gap,si1000,isotonic,15000,6973,0.4663953291817572,0.012217181490509174,0.24621538669725493,0.6855283977026808,steps=23
d3_at_q8_5/X/r130,3,q8_5,X,130,mwpm_gap,rl,raw,15000,6882,0.2885741825006085,0.1702258174993915,0.2872983305403366,0.8153742252543689,
d3_at_q8_5/X/r130,3,q8_5,X,130,mwpm_gap,rl,temperature,15000,6882,0.4528312468135447,0.015630657288100532,0.24657984347056477,0.6862475234763198,T=5.607
d3_at_q8_5/X/r130,3,q8_5,X,130,mwpm_gap,rl,platt,15000,6882,0.4632183239945431,0.017818604530126868,0.24663999230267553,0.6863635949357891,a=0.2374;b=-0.1043
d3_at_q8_5/X/r130,3,q8_5,X,130,mwpm_gap,rl,isotonic,15000,6882,0.4632446489737921,0.013326265660981674,0.24639982699273816,0.6858795240951436,steps=24
d3_at_q8_5/X/r150,3,q8_5,X,150,mwpm_gap,si1000,raw,15000,7171,0.28290390841174196,0.19516275825492468,0.30062617775041744,0.8813749050327381,
d3_at_q8_5/X/r150,3,q8_5,X,150,mwpm_gap,si1000,temperature,15000,7171,0.46799160042538984,0.01845071620534863,0.24813653936363828,0.6893853329894422,T=9.271
d3_at_q8_5/X/r150,3,q8_5,X,150,mwpm_gap,si1000,platt,15000,7171,0.48079266375742236,0.015141721821658094,0.24796225893185742,0.6890248425616171,a=0.1561;b=-0.1084
d3_at_q8_5/X/r150,3,q8_5,X,150,mwpm_gap,si1000,isotonic,15000,7171,0.4807810209214683,0.014021718185294506,0.24797012538088709,0.6895772512111065,steps=29
d3_at_q8_5/X/r150,3,q8_5,X,150,mwpm_gap,rl,raw,15000,7184,0.3081173470573811,0.17081598627595224,0.2894715828880724,0.8117781420084105,
d3_at_q8_5/X/r150,3,q8_5,X,150,mwpm_gap,rl,temperature,15000,7184,0.46872860618043294,0.01984813233816359,0.24832488828995175,0.689770607387013,T=7.541
d3_at_q8_5/X/r150,3,q8_5,X,150,mwpm_gap,rl,platt,15000,7184,0.4742847962414984,0.016948386172980112,0.24814730076525188,0.6894097227045571,a=0.1629;b=-0.05081
d3_at_q8_5/X/r150,3,q8_5,X,150,mwpm_gap,rl,isotonic,15000,7184,0.4745280638623273,0.012991744405977546,0.24797762776302099,0.6890582338893555,steps=28
d3_at_q8_5/X/r170,3,q8_5,X,170,mwpm_gap,si1000,raw,15000,7183,0.29359646185262056,0.18527020481404607,0.2970066779521907,0.8641536542919016,
d3_at_q8_5/X/r170,3,q8_5,X,170,mwpm_gap,si1000,temperature,15000,7183,0.4745180220803087,0.01336440293493309,0.2484297194499864,0.6899876623694673,T=10.87
d3_at_q8_5/X/r170,3,q8_5,X,170,mwpm_gap,si1000,platt,15000,7183,0.48005243638691425,0.009976069833310341,0.24831754551915092,0.689759656226008,a=0.1138;b=-0.04622
d3_at_q8_5/X/r170,3,q8_5,X,170,mwpm_gap,si1000,isotonic,15000,7183,0.4801630408720295,0.01196241986281699,0.24848825693308565,0.6906640806347949,steps=32
d3_at_q8_5/X/r170,3,q8_5,X,170,mwpm_gap,rl,raw,15000,7223,0.318635170625967,0.1628981627073663,0.28767230263229515,0.8043840574925082,
d3_at_q8_5/X/r170,3,q8_5,X,170,mwpm_gap,rl,temperature,15000,7223,0.4729743131139639,0.017847889258878754,0.24872674912680814,0.6905852758498736,T=8.157
d3_at_q8_5/X/r170,3,q8_5,X,170,mwpm_gap,rl,platt,15000,7223,0.47723198107401493,0.01505427129215689,0.248615164021865,0.6903595002263075,a=0.1463;b=-0.03793
d3_at_q8_5/X/r170,3,q8_5,X,170,mwpm_gap,rl,isotonic,15000,7223,0.4772089398773008,0.02038982851580429,0.24870260434587899,0.6905282486619052,steps=18
d3_at_q8_5/X/r190,3,q8_5,X,190,mwpm_gap,si1000,raw,15000,7254,0.31072897449717224,0.1728710255028277,0.2937561637781964,0.8420120672224335,
d3_at_q8_5/X/r190,3,q8_5,X,190,mwpm_gap,si1000,temperature,15000,7254,0.4779458251334865,0.009427277364929008,0.24914864959156222,0.6914365034300122,T=11.06
d3_at_q8_5/X/r190,3,q8_5,X,190,mwpm_gap,si1000,platt,15000,7254,0.4834275000734933,0.009494700583537552,0.24911105049356363,0.6913598818078365,a=0.1145;b=-0.04547
d3_at_q8_5/X/r190,3,q8_5,X,190,mwpm_gap,si1000,isotonic,15000,7254,0.48333270064224376,0.006821600429451368,0.24899022864699033,0.6911109961422643,steps=23
d3_at_q8_5/X/r190,3,q8_5,X,190,mwpm_gap,rl,raw,15000,7296,0.33464996178139783,0.15175003821860217,0.2849531400805598,0.7919447786749183,
d3_at_q8_5/X/r190,3,q8_5,X,190,mwpm_gap,rl,temperature,15000,7296,0.47793656262086615,0.013875643094474217,0.24933748600382175,0.6918159055382159,T=8.888
d3_at_q8_5/X/r190,3,q8_5,X,190,mwpm_gap,rl,platt,15000,7296,0.47975514456813145,0.013221784206282448,0.24930166066258408,0.6917436251572133,a=0.1234;b=-0.01583
d3_at_q8_5/X/r190,3,q8_5,X,190,mwpm_gap,rl,isotonic,15000,7296,0.4796252812465881,0.01059720809373878,0.2491485450122065,0.6914036822040767,steps=23
d3_at_q8_5/X/r210,3,q8_5,X,210,mwpm_gap,si1000,raw,15000,7454,0.32960595125872777,0.16732738207460557,0.2929270477324129,0.8268591646671215,
d3_at_q8_5/X/r210,3,q8_5,X,210,mwpm_gap,si1000,temperature,15000,7454,0.4878254036888512,0.009440180607910891,0.24989023840465693,0.6929269393924461,T=17.33
d3_at_q8_5/X/r210,3,q8_5,X,210,mwpm_gap,si1000,platt,15000,7454,0.4882301450754045,0.009083271227368817,0.24988206533214677,0.6929105661382386,a=0.05958;b=-0.003209
d3_at_q8_5/X/r210,3,q8_5,X,210,mwpm_gap,si1000,isotonic,15000,7454,0.48824889355615364,0.012645235507889126,0.2500367333083446,0.693772663681772,steps=16
d3_at_q8_5/X/r210,3,q8_5,X,210,mwpm_gap,rl,raw,15000,7445,0.3530188864030126,0.14331444693032078,0.2827217924263152,0.7820006267292638,
d3_at_q8_5/X/r210,3,q8_5,X,210,mwpm_gap,rl,temperature,15000,7445,0.4872340796315889,0.010798777325789433,0.2498528396209411,0.6928523481771321,T=13.36
d3_at_q8_5/X/r210,3,q8_5,X,210,mwpm_gap,rl,platt,15000,7445,0.49135573940733995,0.00807722375009794,0.24979152847588515,0.6927296052535118,a=0.09993;b=-0.03359
d3_at_q8_5/X/r210,3,q8_5,X,210,mwpm_gap,rl,isotonic,15000,7445,0.49141626602448024,0.011092578575888539,0.249940704206555,0.6930813689927078,steps=27
d3_at_q8_5/X/r230,3,q8_5,X,230,mwpm_gap,si1000,raw,15000,7410,0.3553275841066724,0.13867241589332757,0.28192012979404873,0.7859775980760564,
d3_at_q8_5/X/r230,3,q8_5,X,230,mwpm_gap,si1000,temperature,15000,7410,0.4958245243624385,0.007053690958092473,0.24993334551479487,0.6930138531979447,T=40.7
d3_at_q8_5/X/r230,3,q8_5,X,230,mwpm_gap,si1000,platt,15000,7410,0.4946466194781101,0.006986087803709052,0.24993645624532915,0.6930200772210221,a=0.01753;b=0.009494
d3_at_q8_5/X/r230,3,q8_5,X,230,mwpm_gap,si1000,isotonic,15000,7410,0.4946363719070003,0.008282068165058824,0.25003408914675374,0.6932168607256264,steps=11
d3_at_q8_5/X/r230,3,q8_5,X,230,mwpm_gap,rl,raw,15000,7502,0.3804205384573584,0.11971279487597491,0.2744789296601013,0.7564284470977735,
d3_at_q8_5/X/r230,3,q8_5,X,230,mwpm_gap,rl,temperature,15000,7502,0.49604301913461957,0.01312707875670972,0.24995465216302581,0.6930564639024153,T=33.93
d3_at_q8_5/X/r230,3,q8_5,X,230,mwpm_gap,rl,platt,15000,7502,0.4968157699533451,0.012935931602512723,0.24994121046459547,0.6930295772504894,a=0.03492;b=-0.006018
d3_at_q8_5/X/r230,3,q8_5,X,230,mwpm_gap,rl,isotonic,15000,7502,0.4967479001996522,0.008024195083724022,0.24994059330326568,0.6930303696017194,steps=14
d3_at_q8_5/X/r250,3,q8_5,X,250,mwpm_gap,si1000,raw,15000,7450,0.3410696237383038,0.15559704292836296,0.2880330844471144,0.8072209716280538,
d3_at_q8_5/X/r250,3,q8_5,X,250,mwpm_gap,si1000,temperature,15000,7450,0.4949523884311002,0.01245178082188787,0.24988659652122647,0.692920219408802,T=38.17
d3_at_q8_5/X/r250,3,q8_5,X,250,mwpm_gap,si1000,platt,15000,7450,0.5008603604683547,0.010992035417110812,0.24984556588314508,0.6928377194309706,a=0.05613;b=-0.0467
d3_at_q8_5/X/r250,3,q8_5,X,250,mwpm_gap,si1000,isotonic,15000,7450,0.5009207960362313,0.010778473108111046,0.24980761441251123,0.6927567329582033,steps=21
d3_at_q8_5/X/r250,3,q8_5,X,250,mwpm_gap,rl,raw,15000,7485,0.36222743492118376,0.13677256507881627,0.2815251835067314,0.7751621745180677,
d3_at_q8_5/X/r250,3,q8_5,X,250,mwpm_gap,rl,temperature,15000,7485,0.49314903670175847,0.014458135440138565,0.24995299388539235,0.6930529231960335,T=23.02
d3_at_q8_5/X/r250,3,q8_5,X,250,mwpm_gap,rl,platt,15000,7485,0.48983957438319503,0.015175603322323749,0.25003046865972334,0.6932080560845872,a=0.02218;b=0.02666
d3_at_q8_5/X/r250,3,q8_5,X,250,mwpm_gap,rl,isotonic,15000,7485,0.4898417743049213,0.011035066499295577,0.24980277084980673,0.6927455821124336,steps=13
d3_at_q8_5/Z/r01,3,q8_5,Z,1,mwpm_gap,si1000,raw,15000,49,0.0019099878148087536,0.0013580021472044909,0.00290822509603629,0.013645884978292139,
d3_at_q8_5/Z/r01,3,q8_5,Z,1,mwpm_gap,si1000,temperature,15000,49,0.0032098390935047425,0.00027916814804061616,0.00289498045298573,0.01292647380599058,T=1.221
d3_at_q8_5/Z/r01,3,q8_5,Z,1,mwpm_gap,si1000,platt,15000,49,0.002915525045521945,0.00040213396070184354,0.0029160845201563973,0.012944195086422559,a=0.6998;b=0.5528
d3_at_q8_5/Z/r01,3,q8_5,Z,1,mwpm_gap,si1000,isotonic,15000,49,0.0029524951775312573,0.0004029370924641194,0.003015977889678024,0.01491260311629826,steps=17
d3_at_q8_5/Z/r01,3,q8_5,Z,1,mwpm_gap,rl,raw,15000,57,0.0028701825106755793,0.0009321830433229105,0.0031360623480907912,0.013792430409027372,
d3_at_q8_5/Z/r01,3,q8_5,Z,1,mwpm_gap,rl,temperature,15000,57,0.0037166953091772106,9.51486028989105e-05,0.0031289924779039557,0.013429913453126004,T=1.136
d3_at_q8_5/Z/r01,3,q8_5,Z,1,mwpm_gap,rl,platt,15000,57,0.0032914512005493093,0.0005418568383541615,0.0031520802847058564,0.013459785334788709,a=0.7657;b=0.5004
d3_at_q8_5/Z/r01,3,q8_5,Z,1,mwpm_gap,rl,isotonic,15000,57,0.0033955440588520833,0.0004932363206840403,0.0030932431653159635,0.013360861852948184,steps=16
d3_at_q8_5/Z/r01,3,q8_5,Z,1,exact,si1000,raw,15000,49,0.0021396122790186363,0.0011546381959842917,0.0029452037236721252,0.013415108028361628,
d3_at_q8_5/Z/r01,3,q8_5,Z,1,exact,si1000,temperature,15000,49,0.003159362946147108,0.0001965860952721797,0.0029337230739444587,0.012927540224350767,T=1.164
d3_at_q8_5/Z/r01,3,q8_5,Z,1,exact,si1000,platt,15000,49,0.0029252774236071047,0.0004799272561557195,0.0029314477298182174,0.012922392241096996,a=0.765;b=0.4188
d3_at_q8_5/Z/r01,3,q8_5,Z,1,exact,si1000,isotonic,15000,49,0.0029755813311447645,0.00039046696096359804,0.003157478494288346,0.015618498047571398,steps=14
d3_at_q8_5/Z/r01,3,q8_5,Z,1,exact,rl,raw,15000,64,0.003001223671983969,0.001339185184727272,0.0031564037238730066,0.013452997394386497,
d3_at_q8_5/Z/r01,3,q8_5,Z,1,exact,rl,temperature,15000,64,0.0035330504773583727,0.0008554656783408631,0.003146660197250392,0.013303849561009882,T=1.076
d3_at_q8_5/Z/r01,3,q8_5,Z,1,exact,rl,platt,15000,64,0.003945294930502875,0.0004011687190885464,0.003056222468098074,0.01316039622117586,a=1.068;b=-0.5441
d3_at_q8_5/Z/r01,3,q8_5,Z,1,exact,rl,isotonic,15000,64,0.0041960892721455674,0.0001588094448133695,0.0030594322822278816,0.013682408607337099,steps=17
d3_at_q8_5/Z/r01,3,q8_5,Z,1,bm_gap,rl,raw,15000,57,0.0014266596452122,0.002373340354787819,0.0033140776361218513,0.021607855134113438,
d3_at_q8_5/Z/r01,3,q8_5,Z,1,bm_gap,rl,temperature,15000,57,0.003927107809803175,0.00019128214918454756,0.0031932137513270694,0.01346464592460884,T=2.211
d3_at_q8_5/Z/r01,3,q8_5,Z,1,bm_gap,rl,platt,15000,57,0.003272159919368534,0.0005286255081050531,0.003226400130290377,0.013503239169311473,a=0.3523;b=0.8006
d3_at_q8_5/Z/r01,3,q8_5,Z,1,bm_gap,rl,isotonic,15000,57,0.0033150011908395062,0.0005737250333051172,0.0031329169351057362,0.013350648435199458,steps=21
d3_at_q8_5/Z/r01,3,q8_5,Z,1,nn,rl,raw,15000,52,0.0039135763270635,0.00044690966039683346,0.003140922976157253,0.013446312162437198,
d3_at_q8_5/Z/r01,3,q8_5,Z,1,nn,rl,temperature,15000,52,0.0037427042417999524,0.00027603757513328754,0.003139945357681967,0.01344946144516343,T=0.9802
d3_at_q8_5/Z/r01,3,q8_5,Z,1,nn,rl,platt,15000,52,0.0038050608334999924,0.00033839416683332656,0.0031565718733608814,0.013484705596515573,a=1.042;b=-0.08
d3_at_q8_5/Z/r01,3,q8_5,Z,1,nn,rl,isotonic,15000,52,0.004198037709328578,0.0009580457077288953,0.003353345529800283,0.014293224760414367,steps=14
d3_at_q8_5/Z/r10,3,q8_5,Z,10,mwpm_gap,si1000,raw,15000,1029,0.0343159633451058,0.03429012297130766,0.05370195784263654,0.2055196806741784,
d3_at_q8_5/Z/r10,3,q8_5,Z,10,mwpm_gap,si1000,temperature,15000,1029,0.06325089556942678,0.0076970115419892375,0.05140688075083255,0.18065755101037653,T=1.528
d3_at_q8_5/Z/r10,3,q8_5,Z,10,mwpm_gap,si1000,platt,15000,1029,0.06699933843139255,0.003194205879797058,0.05120475994542306,0.1802899317449243,a=0.7224;b=-0.2663
d3_at_q8_5/Z/r10,3,q8_5,Z,10,mwpm_gap,si1000,isotonic,15000,1029,0.06694788557912075,0.00312522437815561,0.05104030600416224,0.18012912514988705,steps=61
d3_at_q8_5/Z/r10,3,q8_5,Z,10,mwpm_gap,rl,raw,15000,1019,0.04603043575515803,0.02190438414475343,0.05260491346489451,0.1897712032152434,
d3_at_q8_5/Z/r10,3,q8_5,Z,10,mwpm_gap,rl,temperature,15000,1019,0.06340061546686059,0.00993277661749775,0.05176358674311513,0.1824923761833917,T=1.243
d3_at_q8_5/Z/r10,3,q8_5,Z,10,mwpm_gap,rl,platt,15000,1019,0.06570121453027175,0.00723847569603919,0.05165926861090858,0.18233773498904984,a=0.8569;b=-0.166
d3_at_q8_5/Z/r10,3,q8_5,Z,10,mwpm_gap,rl,isotonic,15000,1019,0.06563597601357726,0.005697560346423693,0.05120690180969368,0.18088491149083802,steps=44
d3_at_q8_5/Z/r10,3,q8_5,Z,10,bm_gap,rl,raw,15000,799,0.023441647807127153,0.029825018860486836,0.04237778810456003,0.1994280671147775,
d3_at_q8_5/Z/r10,3,q8_5,Z,10,bm_gap,rl,temperature,15000,799,0.054986427227532525,0.006911068860380708,0.03991872226308248,0.14376836321340047,T=2.165
d3_at_q8_5/Z/r10,3,q8_5,Z,10,bm_gap,rl,platt,15000,799,0.05201018973382005,0.008630487811693644,0.039990340689050795,0.14332061386479744,a=0.427;b=0.1943
d3_at_q8_5/Z/r10,3,q8_5,Z,10,bm_gap,rl,isotonic,15000,799,0.051871036516610125,0.0019679793249545432,0.039807854074864216,0.1414252591567392,steps=64
d3_at_q8_5/Z/r10,3,q8_5,Z,10,nn,rl,raw,15000,769,0.053575488324960556,0.0032766042806169713,0.03769021902821189,0.13181724326411423,
d3_at_q8_5/Z/r10,3,q8_5,Z,10,nn,rl,temperature,15000,769,0.051314950435042805,0.0021515308082752345,0.037674485370154234,0.131736120088994,T=0.965
d3_at_q8_5/Z/r10,3,q8_5,Z,10,nn,rl,platt,15000,769,0.05249928492241855,0.0035461661001429602,0.03769265472549987,0.13180721114081445,a=1.065;b=-0.07596
d3_at_q8_5/Z/r10,3,q8_5,Z,10,nn,rl,isotonic,15000,769,0.052891413716068744,0.0050918207823090565,0.038083221852707176,0.1351000805002259,steps=39
d3_at_q8_5/Z/r30,3,q8_5,Z,30,mwpm_gap,si1000,raw,15000,5037,0.1514401170421753,0.1843598829578247,0.23755127335909473,0.7693015229752707,
d3_at_q8_5/Z/r30,3,q8_5,Z,30,mwpm_gap,si1000,temperature,15000,5037,0.3091210564481326,0.042716210276139345,0.20313391753312346,0.5912400601919503,T=2.824
d3_at_q8_5/Z/r30,3,q8_5,Z,30,mwpm_gap,si1000,platt,15000,5037,0.33450751808216606,0.036389842463268485,0.20095070355006842,0.5868605087508807,a=0.4822;b=-0.3915
d3_at_q8_5/Z/r30,3,q8_5,Z,30,mwpm_gap,si1000,isotonic,15000,5037,0.3341929626720029,0.007618895783778971,0.1994282462706342,0.5834350291138097,steps=33
d3_at_q8_5/Z/r30,3,q8_5,Z,30,mwpm_gap,rl,raw,15000,5061,0.19033164171038314,0.1470683582896169,0.2232969153573298,0.6844163461526456,
d3_at_q8_5/Z/r30,3,q8_5,Z,30,mwpm_gap,rl,temperature,15000,5061,0.3102167929215974,0.042634792825772795,0.20241842015818123,0.5896470335974723,T=2.222
d3_at_q8_5/Z/r30,3,q8_5,Z,30,mwpm_gap,rl,platt,15000,5061,0.3345906296110562,0.025734220340085604,0.20050597776719994,0.585716293640161,a=0.5861;b=-0.3413
d3_at_q8_5/Z/r30,3,q8_5,Z,30,mwpm_gap,rl,isotonic,15000,5061,0.3346060715552664,0.00949916601851607,0.1991846682468719,0.5825094037775004,steps=38
d3_at_q8_5/Z/r30,3,q8_5,Z,30,bm_gap,rl,raw,15000,4171,0.12826489734473032,0.14980176932193634,0.20072101149897836,0.7303089686460928,
d3_at_q8_5/Z/r30,3,q8_5,Z,30,bm_gap,rl,temperature,15000,4171,0.2643339538332853,0.031046485255938252,0.17282289175807192,0.5152565588859803,T=3.077
d3_at_q8_5/Z/r30,3,q8_5,Z,30,bm_gap,rl,platt,15000,4171,0.27943773148437245,0.02270763879614942,0.17222727489951517,0.5144981943422567,a=0.3706;b=-0.2006
d3_at_q8_5/Z/r30,3,q8_5,Z,30,bm_gap,rl,isotonic,15000,4171,0.27975365000901925,0.008224735293724732,0.17132958157513276,0.5106845384190261,steps=64
d3_at_q8_5/Z/r30,3,q8_5,Z,30,nn,rl,raw,15000,3812,0.23811096852716274,0.016950817336559454,0.16294222204711434,0.48992772644080335,
d3_at_q8_5/Z/r30,3,q8_5,Z,30,nn,rl,temperature,15000,3812,0.2521316269636999,0.007164048097812446,0.16263536960308084,0.48852484427397364,T=1.111
d3_at_q8_5/Z/r30,3,q8_5,Z,30,nn,rl,platt,15000,3812,0.25641537167844575,0.010153524207092252,0.16266433123499913,0.4886090733408306,a=0.9391;b=-0.06243
d3_at_q8_5/Z/r30,3,q8_5,Z,30,nn,rl,isotonic,15000,3812,0.25623259606366994,0.016634980387943546,0.16331005502869708,0.4958913933799807,steps=51
d3_at_q8_5/Z/r50,3,q8_5,Z,50,mwpm_gap,si1000,raw,15000,4376,0.14486743114007575,0.14686590219325762,0.21598211089184235,0.7077997185659539,
d3_at_q8_5/Z/r50,3,q8_5,Z,50,mwpm_gap,si1000,temperature,15000,4376,0.28590694828128155,0.02432473393526179,0.18973508088344807,0.5597477371927615,T=2.561
d3_at_q8_5/Z/r50,3,q8_5,Z,50,mwpm_gap,si1000,platt,15000,4376,0.2947172071766017,0.024734708556632835,0.18970337253325706,0.5593464806877814,a=0.4331;b=-0.1369
d3_at_q8_5/Z/r50,3,q8_5,Z,50,mwpm_gap,si1000,isotonic,15000,4376,0.29475765896872425,0.012308651751452517,0.1886662489775836,0.5568999108546744,steps=36
d3_at_q8_5/Z/r50,3,q8_5,Z,50,mwpm_gap,rl,raw,15000,4368,0.16902838704034134,0.12217161295965867,0.20780015040110333,0.6417344758070154,
d3_at_q8_5/Z/r50,3,q8_5,Z,50,mwpm_gap,rl,temperature,15000,4368,0.2841825984137155,0.03299645819947461,0.19045006941822776,0.561921018383933,T=2.056
d3_at_q8_5/Z/r50,3,q8_5,Z,50,mwpm_gap,rl,platt,15000,4368,0.2908275962235033,0.032724683695007833,0.1903471979158022,0.5614680125125656,a=0.5293;b=-0.1095
d3_at_q8_5/Z/r50,3,q8_5,Z,50,mwpm_gap,rl,isotonic,15000,4368,0.29116879993446687,0.01012361384718727,0.18854487656543134,0.5565943061026368,steps=39
d3_at_q8_5/Z/r50,3,q8_5,Z,50,bm_gap,rl,raw,15000,3738,0.11635260019524551,0.1328473998047545,0.1842352573593519,0.6680534459149542,
d3_at_q8_5/Z/r50,3,q8_5,Z,50,bm_gap,rl,temperature,15000,3738,0.24133314554636878,0.017510093972513404,0.16225305357170056,0.4900955199186168,T=2.723
d3_at_q8_5/Z/r50,3,q8_5,Z,50,bm_gap,rl,platt,15000,3738,0.24787725870984675,0.015557433234695654,0.16207046424302268,0.489799217681168,a=0.3911;b=-0.1004
d3_at_q8_5/Z/r50,3,q8_5,Z,50,bm_gap,rl,isotonic,15000,3738,0.24771841720625185,0.007364494109381763,0.16141196125271048,0.4875253224538932,steps=57
d3_at_q8_5/Z/r50,3,q8_5,Z,50,nn,rl,raw,15000,3580,0.23790619852010256,0.008355498512309177,0.15582170839867177,0.4710790448587917,
d3_at_q8_5/Z/r50,3,q8_5,Z,50,nn,rl,temperature,15000,3580,0.23830981425655337,0.008273839828287827,0.15581957560893805,0.47108039297811033,T=1.003
d3_at_q8_5/Z/r50,3,q8_5,Z,50,nn,rl,platt,15000,3580,0.2409737885911412,0.009661486813691755,0.1558428490031998,0.47109828310674867,a=1.019;b=-0.03634
d3_at_q8_5/Z/r50,3,q8_5,Z,50,nn,rl,isotonic,15000,3580,0.24079360557774004,0.01644734603480766,0.1566163242936631,0.47373705139272204,steps=50
d3_at_q8_5/Z/r70,3,q8_5,Z,70,mwpm_gap,si1000,raw,15000,4938,0.17557874431116366,0.1536212556888364,0.23169130234533508,0.7350605027569062,
d3_at_q8_5/Z/r70,3,q8_5,Z,70,mwpm_gap,si1000,temperature,15000,4938,0.32218681215533396,0.018290543119219224,0.20553337943955677,0.5975647321121651,T=2.673
d3_at_q8_5/Z/r70,3,q8_5,Z,70,mwpm_gap,si1000,platt,15000,4938,0.33292552439339834,0.012304963050844104,0.20533182564369182,0.5970911756375632,a=0.4259;b=-0.147
d3_at_q8_5/Z/r70,3,q8_5,Z,70,mwpm_gap,si1000,isotonic,15000,4938,0.3320869946390689,0.008119261992568712,0.20487345351747674,0.5960809838738411,steps=46
d3_at_q8_5/Z/r70,3,q8_5,Z,70,mwpm_gap,rl,raw,15000,4900,0.19837406071383723,0.12829260595282946,0.22366151521747984,0.6732616102783456,
d3_at_q8_5/Z/r70,3,q8_5,Z,70,mwpm_gap,rl,temperature,15000,4900,0.3191923932446898,0.025447693865959513,0.2055800526250078,0.597626629483624,T=2.162
d3_at_q8_5/Z/r70,3,q8_5,Z,70,mwpm_gap,rl,platt,15000,4900,0.3278870137087816,0.02455716320665611,0.20532592289613158,0.5969805037300738,a=0.5201;b=-0.13
d3_at_q8_5/Z/r70,3,q8_5,Z,70,mwpm_gap,rl,isotonic,15000,4900,0.32793770036562175,0.008912177882525638,0.20456172210585946,0.5951533867959293,steps=40
d3_at_q8_5/Z/r90,3,q8_5,Z,90,mwpm_gap,si1000,raw,15000,5855,0.20731044449903935,0.18302288883429402,0.26891969022733986,0.8260232230606713,
d3_at_q8_5/Z/r90,3,q8_5,Z,90,mwpm_gap,si1000,temperature,15000,5855,0.3802604008059085,0.017870330320521516,0.22909713859534853,0.649524641183481,T=3.528
d3_at_q8_5/Z/r90,3,q8_5,Z,90,mwpm_gap,si1000,platt,15000,5855,0.392159093742959,0.013109247239457868,0.22892537434924676,0.6491102187530678,a=0.3368;b=-0.1399
d3_at_q8_5/Z/r90,3,q8_5,Z,90,mwpm_gap,si1000,isotonic,15000,5855,0.39230327414216964,0.009314487105723695,0.22843375962401705,0.6480089904460962,steps=39
d3_at_q8_5/Z/r90,3,q8_5,Z,90,mwpm_gap,rl,raw,15000,5825,0.2326767428593975,0.15565659047393582,0.2570255200242008,0.7554481426011984,
d3_at_q8_5/Z/r90,3,q8_5,Z,90,mwpm_gap,rl,temperature,15000,5825,0.3796397087581066,0.01988053386129678,0.22907516557192964,0.6496202542580628,T=2.878
d3_at_q8_5/Z/r90,3,q8_5,Z,90,mwpm_gap,rl,platt,15000,5825,0.390309104867829,0.015686793580595215,0.22888119579430724,0.6491692006780082,a=0.4108;b=-0.1327
d3_at_q8_5/Z/r90,3,q8_5,Z,90,mwpm_gap,rl,isotonic,15000,5825,0.3904094446370425,0.011092924037523483,0.2284173298368685,0.6480050406577907,steps=39
d3_at_q8_5/Z/r110,3,q8_5,Z,110,mwpm_gap,si1000,raw,15000,6223,0.22556401937258064,0.18930264729408605,0.27930052059016713,0.8464563048537969,
d3_at_q8_5/Z/r110,3,q8_5,Z,110,mwpm_gap,si1000,temperature,15000,6223,0.40060913056741715,0.01884601461580852,0.2357196932973018,0.6635945957043868,T=3.937
d3_at_q8_5/Z/r110,3,q8_5,Z,110,mwpm_gap,si1000,platt,15000,6223,0.41167078973246557,0.013082332036694646,0.23544797482748503,0.6630041328695709,a=0.302;b=-0.1206
d3_at_q8_5/Z/r110,3,q8_5,Z,110,mwpm_gap,si1000,isotonic,15000,6223,0.41140442735731364,0.013597180450102657,0.23529132641399889,0.6626941512250712,steps=31
d3_at_q8_5/Z/r110,3,q8_5,Z,110,mwpm_gap,rl,raw,15000,6139,0.24836261389016964,0.16090405277649703,0.267951829265851,0.7793922252057874,
d3_at_q8_5/Z/r110,3,q8_5,Z,110,mwpm_gap,rl,temperature,15000,6139,0.3996506108079457,0.020049963447431866,0.23593529767752144,0.6641274052088582,T=3.228
d3_at_q8_5/Z/r110,3,q8_5,Z,110,mwpm_gap,rl,platt,15000,6139,0.40851539291733036,0.01855383787998108,0.2358718881250087,0.6639555876575222,a=0.362;b=-0.1042
d3_at_q8_5/Z/r110,3,q8_5,Z,110,mwpm_gap,rl,isotonic,15000,6139,0.4079427717608726,0.009306437969848527,0.23538465242121775,0.6628860668082578,steps=36
d3_at_q8_5/Z/r130,3,q8_5,Z,130,mwpm_gap,si1000,raw,15000,6615,0.2516926644921686,0.1893073355078314,0.28885627062214364,0.849203539503143,
d3_at_q8_5/Z/r130,3,q8_5,Z,130,mwpm_gap,si1000,temperature,15000,6615,0.43489700584190577,0.022124645836199046,0.2423052844509776,0.6774127920661676,T=5.227
d3_at_q8_5/Z/r130,3,q8_5,Z,130,mwpm_gap,si1000,platt,15000,6615,0.4438701966841731,0.016686358949571184,0.24209300164352784,0.6769412379771454,a=0.2319;b=-0.09149
d3_at_q8_5/Z/r130,3,q8_5,Z,130,mwpm_gap,si1000,isotonic,15000,6615,0.4438044416437355,0.009137834676921058,0.241874700603383,0.6764755209756714,steps=33
d3_at_q8_5/Z/r130,3,q8_5,Z,130,mwpm_gap,rl,raw,15000,6558,0.2752884543528214,0.1619115456471787,0.2754900904450843,0.7864417500500845,
d3_at_q8_5/Z/r130,3,q8_5,Z,130,mwpm_gap,rl,temperature,15000,6558,0.4333544920173637,0.018231570540057557,0.2421590960148711,0.6771421547649815,T=4.237
d3_at_q8_5/Z/r130,3,q8_5,Z,130,mwpm_gap,rl,platt,15000,6558,0.43947673355090877,0.01671289531955621,0.24201951206336875,0.6768320087177464,a=0.273;b=-0.06648
d3_at_q8_5/Z/r130,3,q8_5,Z,130,mwpm_gap,rl,isotonic,15000,6558,0.43964053318777807,0.008155013421357438,0.2418578029332146,0.6764326250793569,steps=27
d3_at_q8_5/Z/r150,3,q8_5,Z,150,mwpm_gap,si1000,raw,15000,7323,0.31867973089345064,0.16970844562107912,0.29685642960112724,0.8365869904840342,
d3_at_q8_5/Z/r150,3,q8_5,Z,150,mwpm_gap,si1000,temperature,15000,7323,0.4907502284163255,0.009825447468471532,0.24983563267608722,0.6928179302836139,T=24.24
d3_at_q8_5/Z/r150,3,q8_5,Z,150,mwpm_gap,si1000,platt,15000,7323,0.4938879966424458,0.01197712717240372,0.2498901236155197,0.6929265453595503,a=0.05711;b=-0.02678
d3_at_q8_5/Z/r150,3,q8_5,Z,150,mwpm_gap,si1000,isotonic,15000,7323,0.49378814214940964,0.015305263197822664,0.249912463339481,0.6929434709071283,steps=13
d3_at_q8_5/Z/r150,3,q8_5,Z,150,mwpm_gap,rl,raw,15000,7345,0.33727504685634563,0.15239161981032096,0.28457579515787895,0.7891103765582934,
d3_at_q8_5/Z/r150,3,q8_5,Z,150,mwpm_gap,rl,temperature,15000,7345,0.4915273752409579,0.011598371584973673,0.24982673001986078,0.6928003395486064,T=22.25
d3_at_q8_5/Z/r150,3,q8_5,Z,150,mwpm_gap,rl,platt,15000,7345,0.4951987503247487,0.011595653913521575,0.24986278970109346,0.6928721583572658,a=0.07132;b=-0.03458
d3_at_q8_5/Z/r150,3,q8_5,Z,150,mwpm_gap,rl,isotonic,15000,7345,0.49511843027348673,0.013014821071701169,0.24972429754502226,0.6925606968744008,steps=21
d3_at_q8_5/Z/r170,3,q8_5,Z,170,mwpm_gap,si1000,raw,15000,6981,0.2891356974517411,0.1762643025482589,0.29292802216634073,0.8447410330021793,
d3_at_q8_5/Z/r170,3,q8_5,Z,170,mwpm_gap,si1000,temperature,15000,6981,0.46101837032590337,0.01651302347909837,0.24725075009689473,0.6875857065818956,T=7.117
d3_at_q8_5/Z/r170,3,q8_5,Z,170,mwpm_gap,si1000,platt,15000,6981,0.4660376312499007,0.01641248091708475,0.2472171683926066,0.6875105724149491,a=0.1627;b=-0.04477
d3_at_q8_5/Z/r170,3,q8_5,Z,170,mwpm_gap,si1000,isotonic,15000,6981,0.4659964083944365,0.007529489271698303,0.24699117193619416,0.6870308412699716,steps=24
d3_at_q8_5/Z/r170,3,q8_5,Z,170,mwpm_gap,rl,raw,15000,6905,0.3055286431486002,0.1548046901847332,0.28101378757008993,0.7922379295049283,
d3_at_q8_5/Z/r170,3,q8_5,Z,170,mwpm_gap,rl,temperature,15000,6905,0.45940144933185606,0.02143549801483871,0.24714305585205215,0.6873807808062016,T=5.83
d3_at_q8_5/Z/r170,3,q8_5,Z,170,mwpm_gap,rl,platt,15000,6905,0.4612965986686368,0.021391097716445852,0.2471398797480053,0.687372191994945,a=0.1831;b=-0.01858
d3_at_q8_5/Z/r170,3,q8_5,Z,170,mwpm_gap,rl,isotonic,15000,6905,0.4610682111843695,0.010170312372692475,0.24700513053131518,0.6891940644147719,steps=20
d3_at_q8_5/Z/r190,3,q8_5,Z,190,mwpm_gap,si1000,raw,15000,7326,0.31776354302649407,0.170636456973506,0.294162204714181,0.8293656606379864,
d3_at_q8_5/Z/r190,3,q8_5,Z,190,mwpm_gap,si1000,temperature,15000,7326,0.4829905417848585,0.009142261435394088,0.2495239617429165,0.6921918458890927,T=13.31
d3_at_q8_5/Z/r190,3,q8_5,Z,190,mwpm_gap,si1000,platt,15000,7326,0.48337406212225337,0.009028007298149216,0.24951732167628576,0.6921784724498987,a=0.07707;b=-0.00327
d3_at_q8_5/Z/r190,3,q8_5,Z,190,mwpm_gap,si1000,isotonic,15000,7326,0.48336193496792645,0.011973950909840474,0.24936845536651459,0.6918761359215592,steps=19
d3_at_q8_5/Z/r190,3,q8_5,Z,190,mwpm_gap,rl,raw,15000,7364,0.3363674984558128,0.1545658348775205,0.28232668073797723,0.7837468330709594,
d3_at_q8_5/Z/r190,3,q8_5,Z,190,mwpm_gap,rl,temperature,15000,7364,0.48085619874622093,0.014773298628952714,0.2495365445256676,0.6922175439156095,T=9.942
d3_at_q8_5/Z/r190,3,q8_5,Z,190,mwpm_gap,rl,platt,15000,7364,0.48570747009878396,0.011912865294021734,0.24942522637794923,0.6919947656658851,a=0.1341;b=-0.04492
d3_at_q8_5/Z/r190,3,q8_5,Z,190,mwpm_gap,rl,isotonic,15000,7364,0.48575407295966677,0.011421596128375806,0.24939108144360733,0.6919233166231672,steps=20
d3_at_q8_5/Z/r210,3,q8_5,Z,210,mwpm_gap,si1000,raw,15000,7169,0.31001533775002665,0.1679179955833067,0.2904753501721738,0.8251151650177936,
d3_at_q8_5/Z/r210,3,q8_5,Z,210,mwpm_gap,si1000,temperature,15000,7169,0.47784200747816274,0.014773626033111546,0.24855982559440018,0.6902543227341271,T=10.88
d3_at_q8_5/Z/r210,3,q8_5,Z,210,mwpm_gap,si1000,platt,15000,7169,0.48801210300300374,0.011716092873887796,0.24851571817442578,0.6901608783503574,a=0.1388;b=-0.08583
d3_at_q8_5/Z/r210,3,q8_5,Z,210,mwpm_gap,si1000,isotonic,15000,7169,0.48802665910594384,0.011821350176866023,0.2484416810636061,0.6905725968042349,steps=19
d3_at_q8_5/Z/r210,3,q8_5,Z,210,mwpm_gap,rl,raw,15000,7146,0.3277452543215974,0.14865474567840262,0.27933839496099383,0.7801572476345494,
d3_at_q8_5/Z/r210,3,q8_5,Z,210,mwpm_gap,rl,temperature,15000,7146,0.4750882556916283,0.013683535338170013,0.24851069035861065,0.6901531003761712,T=8.201
d3_at_q8_5/Z/r210,3,q8_5,Z,210,mwpm_gap,rl,platt,15000,7146,0.483594075045823,0.01286382741676512,0.24845533329302924,0.6900362098470093,a=0.1758;b=-0.07807
d3_at_q8_5/Z/r210,3,q8_5,Z,210,mwpm_gap,rl,isotonic,15000,7146,0.4836024421501645,0.013676043324001824,0.24838253788491152,0.6904072430267647,steps=26
d3_at_q8_5/Z/r230,3,q8_5,Z,230,mwpm_gap,si1000,raw,15000,7280,0.32303079326146483,0.16230254007186856,0.29112165063870493,0.8228677061038074,
d3_at_q8_5/Z/r230,3,q8_5,Z,230,mwpm_gap,si1000,temperature,15000,7280,0.47971928889724164,0.01155102361361952,0.24933924204963576,0.6918197925033944,T=10.9
d3_at_q8_5/Z/r230,3,q8_5,Z,230,mwpm_gap,si1000,platt,15000,7280,0.48277850337867767,0.009787334782028718,0.2493126678200774,0.6917656503695256,a=0.1063;b=-0.02511
d3_at_q8_5/Z/r230,3,q8_5,Z,230,mwpm_gap,si1000,isotonic,15000,7280,0.48277508286547177,0.010908382613649896,0.24925241033437062,0.6916448150868195,steps=17
d3_at_q8_5/Z/r230,3,q8_5,Z,230,mwpm_gap,rl,raw,15000,7251,0.3353570282234559,0.1480429717765441,0.28126303111375944,0.7822935989737965,
d3_at_q8_5/Z/r230,3,q8_5,Z,230,mwpm_gap,rl,temperature,15000,7251,0.47752072059299294,0.01004305974281728,0.24936979785553084,0.69188140084378,T=8.552
d3_at_q8_5/Z/r230,3,q8_5,Z,230,mwpm_gap,rl,platt,15000,7251,0.4793503248772792,0.010258780558823545,0.24935631236784211,0.6918539861462837,a=0.1295;b=-0.01699
d3_at_q8_5/Z/r230,3,q8_5,Z,230,mwpm_gap,rl,isotonic,15000,7251,0.4791555496409867,0.010940342939338198,0.2493301702369022,0.6918021944264934,steps=17
d3_at_q8_5/Z/r250,3,q8_5,Z,250,mwpm_gap,si1000,raw,15000,7405,0.32879194172777665,0.1648747249388901,0.2906693556575741,0.815991526960048,
d3_at_q8_5/Z/r250,3,q8_5,Z,250,mwpm_gap,si1000,temperature,15000,7405,0.4869932140523542,0.014575678416463166,0.24949319715363993,0.6921309527767909,T=16.25
d3_at_q8_5/Z/r250,3,q8_5,Z,250,mwpm_gap,si1000,platt,15000,7405,0.4905419630754162,0.010868694581906323,0.24937598428670826,0.6918955613864137,a=0.0786;b=-0.02863
d3_at_q8_5/Z/r250,3,q8_5,Z,250,mwpm_gap,si1000,isotonic,15000,7405,0.49057209283357917,0.011074282587523394,0.24929810674029326,0.6917504482734466,steps=16
d3_at_q8_5/Z/r250,3,q8_5,Z,250,mwpm_gap,rl,raw,15000,7261,0.3415588084174748,0.14250785824919188,0.27968296474138826,0.774721817987762,
d3_at_q8_5/Z/r250,3,q8_5,Z,250,mwpm_gap,rl,temperature,15000,7261,0.487734767303542,0.018749653377251003,0.24948109797041046,0.6921072438369935,T=14.93
d3_at_q8_5/Z/r250,3,q8_5,Z,250,mwpm_gap,rl,platt,15000,7261,0.49259950011024234,0.018951194041890343,0.24948831235878347,0.6921200025293721,a=0.1008;b=-0.04427
d3_at_q8_5/Z/r250,3,q8_5,Z,250,mwpm_gap,rl,isotonic,15000,7261,0.49259043277213155,0.014227288962630412,0.24927021221428022,0.6916857948071915,steps=26
d3_at_q8_9/X/r01,3,q8_9,X,1,mwpm_gap,si1000,raw,15000,259,0.003000907795827682,0.014266878533461164,0.01608389810308921,0.07621853001139091,
d3_at_q8_9/X/r01,3,q8_9,X,1,mwpm_gap,si1000,temperature,15000,259,0.015292465609721287,0.003176865199607487,0.014731138679535332,0.05319999573077278,T=1.986
d3_at_q8_9/X/r01,3,q8_9,X,1,mwpm_gap,si1000,platt,15000,259,0.01658830484895901,0.001282196656035153,0.014720375515084731,0.0528315297374749,a=0.579;b=-0.4458
d3_at_q8_9/X/r01,3,q8_9,X,1,mwpm_gap,si1000,isotonic,15000,259,0.01680680903776713,0.0008372846867496789,0.01388354543492137,0.048975820413716835,steps=20
d3_at_q8_9/X/r01,3,q8_9,X,1,mwpm_gap,rl,raw,15000,263,0.00409579345481449,0.01344035939697049,0.015741688006996112,0.07610664504886683,
d3_at_q8_9/X/r01,3,q8_9,X,1,mwpm_gap,rl,temperature,15000,263,0.015987192430798453,0.0029553026468097736,0.014938802161024,0.05525242873721034,T=1.889
d3_at_q8_9/X/r01,3,q8_9,X,1,mwpm_gap,rl,platt,15000,263,0.016358520841220046,0.0023902459639498982,0.014940999882850543,0.055170000072005176,a=0.5471;b=-0.1072
d3_at_q8_9/X/r01,3,q8_9,X,1,mwpm_gap,rl,isotonic,15000,263,0.01633353206456763,0.001391904401383888,0.014222780736168603,0.05123352411366521,steps=18
d3_at_q8_9/X/r01,3,q8_9,X,1,exact,si1000,raw,15000,262,0.003290129324668889,0.01417870554809405,0.01588490310104253,0.07369975746559938,
d3_at_q8_9/X/r01,3,q8_9,X,1,exact,si1000,temperature,15000,262,0.015128931782516898,0.0070976923741034375,0.014642596004736766,0.05312036213875727,T=1.903
d3_at_q8_9/X/r01,3,q8_9,X,1,exact,si1000,platt,15000,262,0.016547287772585257,0.005171149537325301,0.014557528425177319,0.05255033855896434,a=0.6141;b=-0.5043
d3_at_q8_9/X/r01,3,q8_9,X,1,exact,si1000,isotonic,15000,262,0.01677577713968843,0.001423423955300313,0.013800746858154462,0.049193796369803075,steps=23
d3_at_q8_9/X/r01,3,q8_9,X,1,exact,rl,raw,15000,259,0.004540128310728191,0.012733670591018511,0.015588721492887989,0.07258429483032774,
d3_at_q8_9/X/r01,3,q8_9,X,1,exact,rl,temperature,15000,259,0.015773738588913518,0.006938435531323501,0.014896653085915304,0.05536138150772683,T=1.766
d3_at_q8_9/X/r01,3,q8_9,X,1,exact,rl,platt,15000,259,0.01624734354150334,0.006266268496433088,0.014912948096893879,0.05527494558541278,a=0.5913;b=-0.1421
d3_at_q8_9/X/r01,3,q8_9,X,1,exact,rl,isotonic,15000,259,0.01654087765547025,0.001441582498043985,0.013717439689285968,0.04828566959816775,steps=24
d3_at_q8_9/X/r01,3,q8_9,X,1,bm_gap,rl,raw,15000,262,0.0017810436584350432,0.01568562300823169,0.016076937860424235,0.13679077533476472,
d3_at_q8_9/X/r01,3,q8_9,X,1,bm_gap,rl,temperature,15000,262,0.017916345536372804,0.004474872819926791,0.014874131564911158,0.05385769662772573,T=3.992
d3_at_q8_9/X/r01,3,q8_9,X,1,bm_gap,rl,platt,15000,262,0.016710419682673384,0.006019194631216944,0.014859747064754738,0.05370380162524535,a=0.2125;b=0.3846
d3_at_q8_9/X/r01,3,q8_9,X,1,bm_gap,rl,isotonic,15000,262,0.01668251339725559,0.0015985141182557551,0.01387954926049845,0.048851403484568956,steps=20
d3_at_q8_9/X/r01,3,q8_9,X,1,nn,rl,raw,15000,244,0.014094374720738882,0.0031044041600721763,0.011026468099334353,0.03874952751430621,
d3_at_q8_9/X/r01,3,q8_9,X,1,nn,rl,temperature,15000,244,0.014474839407679156,0.002927978545152193,0.011015800844306534,0.03871061860060655,T=1.022
d3_at_q8_9/X/r01,3,q8_9,X,1,nn,rl,platt,15000,244,0.01625803935928629,0.000851969201337235,0.010882195488031115,0.0385172052603367,a=1.102;b=-0.3745
d3_at_q8_9/X/r01,3,q8_9,X,1,nn,rl,isotonic,15000,244,0.016107946070882857,0.0008776575065387142,0.010764505114328896,0.03917817401308676,steps=13
d3_at_q8_9/X/r10,3,q8_9,X,10,mwpm_gap,si1000,raw,15000,1949,0.05332442542622581,0.07660890790710752,0.10318304722942039,0.4087865678289528,
d3_at_q8_9/X/r10,3,q8_9,X,10,mwpm_gap,si1000,temperature,15000,1949,0.12992409681474776,0.017964287324669544,0.09566034272837551,0.31414791670888553,T=2.123
d3_at_q8_9/X/r10,3,q8_9,X,10,mwpm_gap,si1000,platt,15000,1949,0.1314212015304719,0.017409963196643462,0.09561862922906139,0.31405006489808573,a=0.4838;b=-0.05502
d3_at_q8_9/X/r10,3,q8_9,X,10,mwpm_gap,si1000,isotonic,15000,1949,0.13117275996514421,0.005274809479092526,0.09458831689219875,0.31098319374075023,steps=43
d3_at_q8_9/X/r10,3,q8_9,X,10,mwpm_gap,rl,raw,15000,1904,0.07240167018251632,0.05453166315081704,0.09738813425680837,0.33684191943362635,
d3_at_q8_9/X/r10,3,q8_9,X,10,mwpm_gap,rl,temperature,15000,1904,0.12582037351955655,0.01797012401366006,0.09381805794283479,0.3093042738866729,T=1.543
d3_at_q8_9/X/r10,3,q8_9,X,10,mwpm_gap,rl,platt,15000,1904,0.12728166447296038,0.017574439499887948,0.0937122157700825,0.3090601299587764,a=0.6676;b=-0.06067
d3_at_q8_9/X/r10,3,q8_9,X,10,mwpm_gap,rl,isotonic,15000,1904,0.12715238862731268,0.006959453234624585,0.09283869471274114,0.30610956736474426,steps=52
d3_at_q8_9/X/r10,3,q8_9,X,10,bm_gap,rl,raw,15000,1573,0.0408918863231939,0.06397478034347277,0.08582150365790397,0.41529327180626424,
d3_at_q8_9/X/r10,3,q8_9,X,10,bm_gap,rl,temperature,15000,1573,0.11516864347036505,0.01968396344482616,0.07890497578713569,0.2653891277823699,T=2.853
d3_at_q8_9/X/r10,3,q8_9,X,10,bm_gap,rl,platt,15000,1573,0.10959166742612948,0.01571059136269034,0.07868761740872736,0.26408017448554016,a=0.3197;b=0.1837
d3_at_q8_9/X/r10,3,q8_9,X,10,bm_gap,rl,isotonic,15000,1573,0.10944199303997272,0.008462767876216621,0.07845358688043061,0.2616754175266632,steps=69
d3_at_q8_9/X/r10,3,q8_9,X,10,nn,rl,raw,15000,1565,0.10025083527116989,0.006735978952232612,0.0747069348782501,0.24445946095012364,
d3_at_q8_9/X/r10,3,q8_9,X,10,nn,rl,temperature,15000,1565,0.10179349631701934,0.006503394736907199,0.0746858252199143,0.2444129259361752,T=1.015
d3_at_q8_9/X/r10,3,q8_9,X,10,nn,rl,platt,15000,1565,0.10469655566546814,0.006909055618891389,0.07468951771746964,0.2443600428391228,a=1.028;b=-0.09988
d3_at_q8_9/X/r10,3,q8_9,X,10,nn,rl,isotonic,15000,1565,0.10503210558132545,0.010516044760979297,0.07499902176454393,0.24552390587733083,steps=54
d3_at_q8_9/X/r30,3,q8_9,X,30,mwpm_gap,si1000,raw,15000,4838,0.14730163175563415,0.17523170157769918,0.23308296916926455,0.8039482699507258,
d3_at_q8_9/X/r30,3,q8_9,X,30,mwpm_gap,si1000,temperature,15000,4838,0.3123321572144396,0.02333819600298787,0.2002782582190383,0.5855782817519228,T=3.174
d3_at_q8_9/X/r30,3,q8_9,X,30,mwpm_gap,si1000,platt,15000,4838,0.3260930770534099,0.014277325951438817,0.19972357263863996,0.584327066331041,a=0.3703;b=-0.1952
d3_at_q8_9/X/r30,3,q8_9,X,30,mwpm_gap,si1000,isotonic,15000,4838,0.3262342853165212,0.01106759006047286,0.19944574685437375,0.5838663520922055,steps=49
d3_at_q8_9/X/r30,3,q8_9,X,30,mwpm_gap,rl,raw,15000,4677,0.17462996736459713,0.1371700326354029,0.2203351500710411,0.6778340624624761,
d3_at_q8_9/X/r30,3,q8_9,X,30,mwpm_gap,rl,temperature,15000,4677,0.3055636256067356,0.01771207651940092,0.1998532213145292,0.5846292811513676,T=2.258
d3_at_q8_9/X/r30,3,q8_9,X,30,mwpm_gap,rl,platt,15000,4677,0.3185460561985528,0.017377017900953265,0.1997195789386625,0.5841461070831998,a=0.5302;b=-0.2145
d3_at_q8_9/X/r30,3,q8_9,X,30,mwpm_gap,rl,isotonic,15000,4677,0.3184050642307058,0.012242255198570863,0.19932994912293903,0.583171804506422,steps=53
d3_at_q8_9/X/r30,3,q8_9,X,30,bm_gap,rl,raw,15000,4153,0.12336140580357256,0.15350526086309407,0.2036225660138217,0.7368854836199543,
d3_at_q8_9/X/r30,3,q8_9,X,30,bm_gap,rl,temperature,15000,4153,0.27094509401837763,0.02180107232462134,0.17535333160602357,0.522250023192983,T=3.152
d3_at_q8_9/X/r30,3,q8_9,X,30,bm_gap,rl,platt,15000,4153,0.27961278655729377,0.016683197747378538,0.17504033599252716,0.5217309696807688,a=0.3458;b=-0.1213
d3_at_q8_9/X/r30,3,q8_9,X,30,bm_gap,rl,isotonic,15000,4153,0.2797617922099244,0.008957939423252652,0.1744814503986669,0.5199101530570055,steps=72
d3_at_q8_9/X/r30,3,q8_9,X,30,nn,rl,raw,15000,3991,0.26614054343117083,0.007197532903071923,0.16907640482042932,0.5038733616448381,
d3_at_q8_9/X/r30,3,q8_9,X,30,nn,rl,temperature,15000,3991,0.2648933831798288,0.007248954905528645,0.1690786008179109,0.5038666289618996,T=0.9906
d3_at_q8_9/X/r30,3,q8_9,X,30,nn,rl,platt,15000,3991,0.2613786287371135,0.008102466332371246,0.16912145256378322,0.5039730382941032,a=0.9853;b=0.03962
d3_at_q8_9/X/r30,3,q8_9,X,30,nn,rl,isotonic,15000,3991,0.2622273086613879,0.014195847920620076,0.16965955115437492,0.5053555144607157,steps=62
d3_at_q8_9/X/r50,3,q8_9,X,50,mwpm_gap,si1000,raw,15000,5980,0.19415077285162544,0.20451589381504123,0.2772198025324366,0.9016706310316976,
d3_at_q8_9/X/r50,3,q8_9,X,50,mwpm_gap,si1000,temperature,15000,5980,0.37545435354279133,0.030939205969655256,0.2302059901765769,0.6520300492733457,T=3.875
d3_at_q8_9/X/r50,3,q8_9,X,50,mwpm_gap,si1000,platt,15000,5980,0.3860169714713513,0.022677565682649378,0.2297443261066964,0.6511146029054307,a=0.2967;b=-0.1192
d3_at_q8_9/X/r50,3,q8_9,X,50,mwpm_gap,si1000,isotonic,15000,5980,0.3860639863997553,0.014771717220998754,0.22918469489856017,0.650904688714543,steps=32
d3_at_q8_9/X/r50,3,q8_9,X,50,mwpm_gap,rl,raw,15000,5793,0.21792219673616234,0.1682778032638377,0.2600984340329825,0.7679105323113126,
d3_at_q8_9/X/r50,3,q8_9,X,50,mwpm_gap,rl,temperature,15000,5793,0.36815239758623974,0.020174394864228944,0.2286989597627408,0.6487886542193069,T=2.783
d3_at_q8_9/X/r50,3,q8_9,X,50,mwpm_gap,rl,platt,15000,5793,0.37826570257607955,0.012823621850763944,0.2283611903549804,0.6480879562179233,a=0.4246;b=-0.1389
d3_at_q8_9/X/r50,3,q8_9,X,50,mwpm_gap,rl,isotonic,15000,5793,0.3783187447543638,0.010566322309058268,0.22819472961515813,0.6482514918218173,steps=40
d3_at_q8_9/X/r50,3,q8_9,X,50,bm_gap,rl,raw,15000,5297,0.16736074038977944,0.1857725929435539,0.25085658576199044,0.8443441119812792,
d3_at_q8_9/X/r50,3,q8_9,X,50,bm_gap,rl,temperature,15000,5297,0.33595842321807623,0.026261194060680646,0.21085424898840466,0.6073388425962146,T=3.517
d3_at_q8_9/X/r50,3,q8_9,X,50,bm_gap,rl,platt,15000,5297,0.343286993594249,0.021039628453234146,0.2104662132097526,0.6065729285566243,a=0.3068;b=-0.08273
d3_at_q8_9/X/r50,3,q8_9,X,50,bm_gap,rl,isotonic,15000,5297,0.34310210532631175,0.012490891923076137,0.21007875518140792,0.6071608562982951,steps=80
d3_at_q8_9/X/r50,3,q8_9,X,50,nn,rl,raw,15000,5181,0.33943854156071745,0.009577200289249795,0.20748920883989608,0.5990478699158701,
d3_at_q8_9/X/r50,3,q8_9,X,50,nn,rl,temperature,15000,5181,0.34009041313426736,0.009188494972967013,0.20747872988279492,0.5990086813500495,T=1.006
d3_at_q8_9/X/r50,3,q8_9,X,50,nn,rl,platt,15000,5181,0.34422030979945517,0.009201926324038899,0.20749863605924448,0.5990893905360494,a=1.026;b=-0.03753
d3_at_q8_9/X/r50,3,q8_9,X,50,nn,rl,isotonic,15000,5181,0.34415008517056805,0.018843759921182042,0.20830694342949357,0.602796345312202,steps=56
d3_at_q8_9/X/r70,3,q8_9,X,70,mwpm_gap,si1000,raw,15000,6632,0.24186695611938863,0.2002663772139447,0.2925066694089807,0.9037238368731415,
d3_at_q8_9/X/r70,3,q8_9,X,70,mwpm_gap,si1000,temperature,15000,6632,0.43154849424875175,0.01965520154525331,0.24220522863115715,0.6772897814848206,T=5.608
d3_at_q8_9/X/r70,3,q8_9,X,70,mwpm_gap,si1000,platt,15000,6632,0.44200816469524784,0.014256714067049387,0.24200429777887322,0.6768933004390616,a=0.2151;b=-0.0988
d3_at_q8_9/X/r70,3,q8_9,X,70,mwpm_gap,si1000,isotonic,15000,6632,0.44213549001556607,0.015168552592331318,0.24206523955548062,0.6770866029209174,steps=32
d3_at_q8_9/X/r70,3,q8_9,X,70,mwpm_gap,rl,raw,15000,6492,0.2597065190643813,0.17309348093561872,0.2780931581826101,0.7978641846020834,
d3_at_q8_9/X/r70,3,q8_9,X,70,mwpm_gap,rl,temperature,15000,6492,0.42660860910532356,0.01392995768983772,0.24170807976202596,0.676268978332532,T=4.127
d3_at_q8_9/X/r70,3,q8_9,X,70,mwpm_gap,rl,platt,15000,6492,0.43648837729039597,0.01211731484864332,0.24160522531115106,0.6760499540584355,a=0.305;b=-0.116
d3_at_q8_9/X/r70,3,q8_9,X,70,mwpm_gap,rl,isotonic,15000,6492,0.4365256926612082,0.010420176724363909,0.24167491480863085,0.6762428085609339,steps=29
d3_at_q8_9/X/r90,3,q8_9,X,90,mwpm_gap,si1000,raw,15000,7051,0.28020633911154863,0.189860327555118,0.2999348698929099,0.890687713297876,
d3_at_q8_9/X/r90,3,q8_9,X,90,mwpm_gap,si1000,temperature,15000,7051,0.46672237066773004,0.009099193182098609,0.24791205914000158,0.6889432602429102,T=9.196
d3_at_q8_9/X/r90,3,q8_9,X,90,mwpm_gap,si1000,platt,15000,7051,0.4769138418618076,0.012269186916889307,0.2479904001028155,0.6890982241216485,a=0.1454;b=-0.08574
d3_at_q8_9/X/r90,3,q8_9,X,90,mwpm_gap,si1000,isotonic,15000,7051,0.47688477977375693,0.01141922418272318,0.2480938084033966,0.6893079492751696,steps=26
d3_at_q8_9/X/r90,3,q8_9,X,90,mwpm_gap,rl,raw,15000,6990,0.29055394275699115,0.17551377361121281,0.28884814456298336,0.8103528136440055,
d3_at_q8_9/X/r90,3,q8_9,X,90,mwpm_gap,rl,temperature,15000,6990,0.4635822606864118,0.013846476060005386,0.24779517682267846,0.6887097558835598,T=6.963
d3_at_q8_9/X/r90,3,q8_9,X,90,mwpm_gap,rl,platt,15000,6990,0.4684623942722899,0.011679151622356283,0.24777077056462918,0.6886574320103391,a=0.1763;b=-0.05273
d3_at_q8_9/X/r90,3,q8_9,X,90,mwpm_gap,rl,isotonic,15000,6990,0.46862443149620403,0.011428724553279262,0.24772585723558355,0.6885678799149629,steps=24
d3_at_q8_9/X/r110,3,q8_9,X,110,mwpm_gap,si1000,raw,15000,7235,0.2996981744973034,0.18263515883603,0.2956555211794763,0.8559814138472689,
d3_at_q8_9/X/r110,3,q8_9,X,110,mwpm_gap,si1000,temperature,15000,7235,0.4746431967870599,0.013058066855023797,0.24857571522398347,0.6902802517625349,T=10.49
d3_at_q8_9/X/r110,3,q8_9,X,110,mwpm_gap,si1000,platt,15000,7235,0.4797986697762712,0.00817719254328693,0.24843328580135518,0.6899922079003501,a=0.1151;b=-0.04167
d3_at_q8_9/X/r110,3,q8_9,X,110,mwpm_gap,si1000,isotonic,15000,7235,0.47972792464154124,0.009883299580337306,0.2484098446383432,0.6899421794917835,steps=28
d3_at_q8_9/X/r110,3,q8_9,X,110,mwpm_gap,rl,raw,15000,7161,0.3091463618398826,0.16825363816011749,0.2850738028734652,0.7912402894102327,
d3_at_q8_9/X/r110,3,q8_9,X,110,mwpm_gap,rl,temperature,15000,7161,0.4732159620085833,0.014914718930999285,0.24846108702279865,0.690054387687104,T=8.378
d3_at_q8_9/X/r110,3,q8_9,X,110,mwpm_gap,rl,platt,15000,7161,0.477714762621252,0.009556823101759615,0.2483118850931582,0.6897523464299936,a=0.1511;b=-0.0465
d3_at_q8_9/X/r110,3,q8_9,X,110,mwpm_gap,rl,isotonic,15000,7161,0.47772940970740724,0.007147278693875114,0.24831167742852442,0.6897546804789753,steps=25
d3_at_q8_9/X/r130,3,q8_9,X,130,mwpm_gap,si1000,raw,15000,7299,0.3212221429862952,0.16537785701370475,0.2906442030129679,0.8319943498726734,
d3_at_q8_9/X/r130,3,q8_9,X,130,mwpm_gap,si1000,temperature,15000,7299,0.4836212538481164,0.01042960933081975,0.24937885431900325,0.6919029509941105,T=13.92
d3_at_q8_9/X/r130,3,q8_9,X,130,mwpm_gap,si1000,platt,15000,7299,0.48535192325234616,0.009313280011666264,0.24935675893368825,0.6918588178285733,a=0.07912;b=-0.01358
d3_at_q8_9/X/r130,3,q8_9,X,130,mwpm_gap,si1000,isotonic,15000,7299,0.48531780361414023,0.005832298151562404,0.24933692602044838,0.6918162317476292,steps=28
d3_at_q8_9/X/r130,3,q8_9,X,130,mwpm_gap,rl,raw,15000,7231,0.3271938654800171,0.15487280118664953,0.28357295443436226,0.7835188011790982,
d3_at_q8_9/X/r130,3,q8_9,X,130,mwpm_gap,rl,temperature,15000,7231,0.4820984992710365,0.009828819865491858,0.24935370765211065,0.6918527366751953,T=11.09
d3_at_q8_9/X/r130,3,q8_9,X,130,mwpm_gap,rl,platt,15000,7231,0.4849150816344338,0.01050520590476853,0.24934496792192584,0.6918351960747804,a=0.1118;b=-0.02841
d3_at_q8_9/X/r130,3,q8_9,X,130,mwpm_gap,rl,isotonic,15000,7231,0.48497438494127126,0.009676982921874527,0.24948178914501853,0.6943054639512275,steps=19
d3_at_q8_9/X/r150,3,q8_9,X,150,mwpm_gap,si1000,raw,15000,7338,0.34246337252339704,0.14673662747660288,0.2858946809508008,0.8055018165472567,
d3_at_q8_9/X/r150,3,q8_9,X,150,mwpm_gap,si1000,temperature,15000,7338,0.49237729586382706,0.007023393108738551,0.24979596836276347,0.692738888877989,T=25.23
d3_at_q8_9/X/r150,3,q8_9,X,150,mwpm_gap,si1000,platt,15000,7338,0.4993893910065723,0.010189391006572278,0.24990668817452716,0.6929603250689863,a=0.07367;b=-0.05423
d3_at_q8_9/X/r150,3,q8_9,X,150,mwpm_gap,si1000,isotonic,15000,7338,0.49947456129290213,0.013408386143186452,0.25004659577415805,0.6939103798472239,steps=23
d3_at_q8_9/X/r150,3,q8_9,X,150,mwpm_gap,rl,raw,15000,7325,0.34463201514047187,0.14370131819286147,0.2814558730018855,0.7735343479144908,
d3_at_q8_9/X/r150,3,q8_9,X,150,mwpm_gap,rl,temperature,15000,7325,0.49103153284093154,0.008620262448518106,0.24980689421551996,0.6927608764366809,T=19.46
d3_at_q8_9/X/r150,3,q8_9,X,150,mwpm_gap,rl,platt,15000,7325,0.49224027739210274,0.009113863628005486,0.24981497707897915,0.6927770614295595,a=0.06171;b=-0.01203
d3_at_q8_9/X/r150,3,q8_9,X,150,mwpm_gap,rl,isotonic,15000,7325,0.49223663476410634,0.010664135048726604,0.25008648113789383,0.6933575008293182,steps=23
d3_at_q8_9/X/r170,3,q8_9,X,170,mwpm_gap,si1000,raw,15000,7460,0.35553409681157583,0.1417992365217574,0.28294327020004256,0.7894224046106232,
d3_at_q8_9/X/r170,3,q8_9,X,170,mwpm_gap,si1000,temperature,15000,7460,0.4919977828134266,0.012587344556570039,0.24991601392266602,0.6929787973517001,T=21.46
d3_at_q8_9/X/r170,3,q8_9,X,170,mwpm_gap,si1000,platt,15000,7460,0.49529653594121287,0.012189233394700617,0.24988839958300899,0.6929233353479448,a=0.06283;b=-0.02434
d3_at_q8_9/X/r170,3,q8_9,X,170,mwpm_gap,si1000,isotonic,15000,7460,0.4953345404355443,0.007175767004358731,0.24982222610626104,0.6927905772444649,steps=15
d3_at_q8_9/X/r170,3,q8_9,X,170,mwpm_gap,rl,raw,15000,7451,0.3554649329953173,0.14126840033801613,0.28123502402590034,0.7699412203058006,
d3_at_q8_9/X/r170,3,q8_9,X,170,mwpm_gap,rl,temperature,15000,7451,0.49057320005977173,0.012502834983213912,0.25003849272616563,0.6932241586265153,T=17
d3_at_q8_9/X/r170,3,q8_9,X,170,mwpm_gap,rl,platt,15000,7451,0.49093508175069567,0.01258459212434591,0.250038234389784,0.693223638120607,a=0.06193;b=-0.00345
d3_at_q8_9/X/r170,3,q8_9,X,170,mwpm_gap,rl,isotonic,15000,7451,0.4910151066600257,0.01363137907068348,0.25012910213891454,0.6939667403136006,steps=15
d3_at_q8_9/X/r190,3,q8_9,X,190,mwpm_gap,si1000,raw,15000,7514,0.36810584489416387,0.13282748843916944,0.2800437350593829,0.7794404713065487,
d3_at_q8_9/X/r190,3,q8_9,X,190,mwpm_gap,si1000,temperature,15000,7514,0.498257678952964,0.008316350546295932,0.24999823540140756,0.6931436504931837,T=88.28
d3_at_q8_9/X/r190,3,q8_9,X,190,mwpm_gap,si1000,platt,15000,7514,0.5037527100831982,0.007980948110019226,0.25001203966084573,0.6931712719908891,a=0.04156;b=-0.04058
d3_at_q8_9/X/r190,3,q8_9,X,190,mwpm_gap,si1000,isotonic,15000,7514,0.5039140271326725,0.014257142715892936,0.2501420129305295,0.6934324457699891,steps=9
d3_at_q8_9/X/r190,3,q8_9,X,190,mwpm_gap,rl,raw,15000,7497,0.3661786800738663,0.13362131992613374,0.2776797979155599,0.7603113008980644,
d3_at_q8_9/X/r190,3,q8_9,X,190,mwpm_gap,rl,temperature,15000,7497,0.4947784148253904,0.00918225792529826,0.2500036291744508,0.6931544518191508,T=28.13
d3_at_q8_9/X/r190,3,q8_9,X,190,mwpm_gap,rl,platt,15000,7497,0.49800269124616864,0.009029765363964297,0.24999371650600874,0.6931346826463618,a=0.06453;b=-0.02992
d3_at_q8_9/X/r190,3,q8_9,X,190,mwpm_gap,rl,isotonic,15000,7497,0.49816075139909904,0.008198155696979553,0.2500159613304894,0.6931795227596609,steps=17
d3_at_q8_9/X/r210,3,q8_9,X,210,mwpm_gap,si1000,raw,15000,7406,0.3779587184253004,0.11577461490803291,0.2731165975193022,0.7585400214032868,
d3_at_q8_9/X/r210,3,q8_9,X,210,mwpm_gap,si1000,temperature,15000,7406,0.4984365322144506,0.012211425295037964,0.24996103598432018,0.6930692493410837,T=89.26
d3_at_q8_9/X/r210,3,q8_9,X,210,mwpm_gap,si1000,platt,15000,7406,0.49664915849848196,0.012919318726584932,0.24996875331438423,0.6930846863914771,a=0.0002175;b=0.01328
d3_at_q8_9/X/r210,3,q8_9,X,210,mwpm_gap,si1000,isotonic,15000,7406,0.49662473986117245,0.008248350019031155,0.25011559694049357,0.695619271942579,steps=10
d3_at_q8_9/X/r210,3,q8_9,X,210,mwpm_gap,rl,raw,15000,7458,0.3756472461009115,0.12155275389908851,0.2728370975849913,0.7477080668816001,
d3_at_q8_9/X/r210,3,q8_9,X,210,mwpm_gap,rl,temperature,15000,7458,0.49765733613709723,0.011754040660877516,0.24995800571961027,0.6930631893297474,T=57.7
d3_at_q8_9/X/r210,3,q8_9,X,210,mwpm_gap,rl,platt,15000,7458,0.5002295969967734,0.0106382194011104,0.24993241416304443,0.6930120137012598,a=0.04215;b=-0.02371
d3_at_q8_9/X/r210,3,q8_9,X,210,mwpm_gap,rl,isotonic,15000,7458,0.5001717345641996,0.009763170212868218,0.249986294704823,0.6931203733786856,steps=16
d3_at_q8_9/X/r230,3,q8_9,X,230,mwpm_gap,si1000,raw,15000,7531,0.3854098890752176,0.11665677759144902,0.27328110973309433,0.754956769028017,
d3_at_q8_9/X/r230,3,q8_9,X,230,mwpm_gap,si1000,temperature,15000,7531,0.4991360436767038,0.009948804931479729,0.2500034277776878,0.6931540361451703,T=148.4
d3_at_q8_9/X/r230,3,q8_9,X,230,mwpm_gap,si1000,platt,15000,7531,0.4996502475355024,0.00881437988506359,0.2500023795261747,0.6931519396148778,a=-0.002695;b=0.002781
d3_at_q8_9/X/r230,3,q8_9,X,230,mwpm_gap,si1000,isotonic,15000,7531,0.49975256410419666,0.005935572144626661,0.2500295251807874,0.6932468372930397,steps=14
d3_at_q8_9/X/r230,3,q8_9,X,230,mwpm_gap,rl,raw,15000,7501,0.3835085723410928,0.11671190883813626,0.27311671184069775,0.7469391530151384,
d3_at_q8_9/X/r230,3,q8_9,X,230,mwpm_gap,rl,temperature,15000,7501,0.49915538412176375,0.009220287304348812,0.2500049394414708,0.6931570595734949,T=148.4
d3_at_q8_9/X/r230,3,q8_9,X,230,mwpm_gap,rl,platt,15000,7501,0.5015396690660068,0.009443058778948844,0.2500050850096747,0.6931573506620359,a=0.004958;b=-0.008645
d3_at_q8_9/X/r230,3,q8_9,X,230,mwpm_gap,rl,isotonic,15000,7501,0.5016487530714493,0.009614412426051011,0.2503124865298072,0.6938472926281933,steps=12
d3_at_q8_9/X/r250,3,q8_9,X,250,mwpm_gap,si1000,raw,15000,7473,0.3916602158702645,0.10653978412973544,0.2714200503049401,0.7494522831205543,
d3_at_q8_9/X/r250,3,q8_9,X,250,mwpm_gap,si1000,temperature,15000,7473,0.49440549318469107,0.010637524133474463,0.2501250627751315,0.6933975252757121,T=21.43
d3_at_q8_9/X/r250,3,q8_9,X,250,mwpm_gap,si1000,platt,15000,7473,0.4930393639405878,0.010171447506372461,0.25010526830418023,0.6933578600078169,a=0.03599;b=0.01058
d3_at_q8_9/X/r250,3,q8_9,X,250,mwpm_gap,si1000,isotonic,15000,7473,0.49300236584811513,0.007683562725764847,0.25018321107907127,0.6940617632581412,steps=14
d3_at_q8_9/X/r250,3,q8_9,X,250,mwpm_gap,rl,raw,15000,7593,0.3889290028064129,0.11727099719358716,0.2734974456598679,0.7470649715011402,
d3_at_q8_9/X/r250,3,q8_9,X,250,mwpm_gap,rl,temperature,15000,7593,0.49534175893236826,0.014265223631727515,0.25014591988469537,0.6934390717594198,T=25.55
d3_at_q8_9/X/r250,3,q8_9,X,250,mwpm_gap,rl,platt,15000,7593,0.4968700735038631,0.01392717993530096,0.2501526027461443,0.6934524644385937,a=0.05528;b=-0.0138
d3_at_q8_9/X/r250,3,q8_9,X,250,mwpm_gap,rl,isotonic,15000,7593,0.4969844827177234,0.015064529395503583,0.25020761383801143,0.693576541389237,steps=15
d3_at_q8_9/Z/r01,3,q8_9,Z,1,mwpm_gap,si1000,raw,15000,92,0.003124810819577681,0.0030098602309307967,0.005332620287644094,0.023564481019040427,
d3_at_q8_9/Z/r01,3,q8_9,Z,1,mwpm_gap,si1000,temperature,15000,92,0.005585660722040217,0.0006077066317127667,0.005251013802136954,0.021790075753737505,T=1.279
d3_at_q8_9/Z/r01,3,q8_9,Z,1,mwpm_gap,si1000,platt,15000,92,0.00582731141308945,0.0003230983559985318,0.005251141622031545,0.021798630843722123,a=0.8347;b=-0.2356
d3_at_q8_9/Z/r01,3,q8_9,Z,1,mwpm_gap,si1000,isotonic,15000,92,0.005774522486645382,0.0006474623254822999,0.0051649081932560945,0.02146060436070889,steps=18
d3_at_q8_9/Z/r01,3,q8_9,Z,1,mwpm_gap,rl,raw,15000,98,0.0043289114990419765,0.0022088369274505864,0.005428529134523699,0.02312727572794924,
d3_at_q8_9/Z/r01,3,q8_9,Z,1,mwpm_gap,rl,temperature,15000,98,0.005926631178673834,0.000632877026112836,0.005401793066716806,0.02228911269202099,T=1.162
d3_at_q8_9/Z/r01,3,q8_9,Z,1,mwpm_gap,rl,platt,15000,98,0.005802642900852167,0.0007622178465407562,0.005407688518638276,0.02229495472086675,a=0.8387;b=0.09119
d3_at_q8_9/Z/r01,3,q8_9,Z,1,mwpm_gap,rl,isotonic,15000,98,0.0058459088014866465,0.0007332608944005028,0.005348412050435997,0.022099431556651665,steps=19
d3_at_q8_9/Z/r01,3,q8_9,Z,1,exact,si1000,raw,15000,92,0.0034651847958280494,0.002670994927040493,0.0051996578774808335,0.022672603453675805,
d3_at_q8_9/Z/r01,3,q8_9,Z,1,exact,si1000,temperature,15000,92,0.005530671561354511,0.0008032077163467987,0.005146088954388349,0.021435944119495485,T=1.223
d3_at_q8_9/Z/r01,3,q8_9,Z,1,exact,si1000,platt,15000,92,0.005853658414457267,0.0003931759919361743,0.00514114092181637,0.021433919956647302,a=0.8864;b=-0.2976
d3_at_q8_9/Z/r01,3,q8_9,Z,1,exact,si1000,isotonic,15000,92,0.005898759953053466,0.00038558254300593837,0.0050789907589906995,0.02104254291706078,steps=18
d3_at_q8_9/Z/r01,3,q8_9,Z,1,exact,rl,raw,15000,92,0.004999273841233657,0.0011459071397712098,0.005251342106711036,0.0222873917577343,
d3_at_q8_9/Z/r01,3,q8_9,Z,1,exact,rl,temperature,15000,92,0.005849727816526583,0.000484470992922103,0.005248984127805231,0.022000417826830675,T=1.077
d3_at_q8_9/Z/r01,3,q8_9,Z,1,exact,rl,platt,15000,92,0.005872889161729703,0.0005127058905878949,0.005251110516880017,0.02200598004981047,a=0.933;b=-0.01755
d3_at_q8_9/Z/r01,3,q8_9,Z,1,exact,rl,isotonic,15000,92,0.00591970262683558,0.00048107445182711756,0.005186184480030264,0.02158996151303054,steps=23
d3_at_q8_9/Z/r01,3,q8_9,Z,1,bm_gap,rl,raw,15000,99,0.0019062121502063693,0.004693787849856827,0.005659686135994466,0.03693470371434914,
d3_at_q8_9/Z/r01,3,q8_9,Z,1,bm_gap,rl,temperature,15000,99,0.00637182547831793,0.0007460704272791461,0.005471026493018844,0.02283068259074058,T=2.211
d3_at_q8_9/Z/r01,3,q8_9,Z,1,bm_gap,rl,platt,15000,99,0.005866511442481235,0.0007339682920014543,0.0054993366539967566,0.02278296199514689,a=0.4035;b=0.3676
d3_at_q8_9/Z/r01,3,q8_9,Z,1,bm_gap,rl,isotonic,15000,99,0.006003504123190095,0.0006364938769099012,0.005375025827405629,0.022208680427920645,steps=19
d3_at_q8_9/Z/r01,3,q8_9,Z,1,nn,rl,raw,15000,89,0.0068207290421543575,0.002123778661325973,0.005266282704186739,0.022114805434246206,
d3_at_q8_9/Z/r01,3,q8_9,Z,1,nn,rl,temperature,15000,89,0.006906840229207087,0.00217561838142096,0.00526831358469063,0.022116155117604435,T=1.006
d3_at_q8_9/Z/r01,3,q8_9,Z,1,nn,rl,platt,15000,89,0.0074077037573859325,0.0027960576322831987,0.005403349454762532,0.0224576204446215,a=1.083;b=-0.306
d3_at_q8_9/Z/r01,3,q8_9,Z,1,nn,rl,isotonic,15000,89,0.007405115180463621,0.0014717818471302853,0.0054720380804025425,0.022363280437177252,steps=16
d3_at_q8_9/Z/r10,3,q8_9,Z,10,mwpm_gap,si1000,raw,15000,1739,0.05901463033799382,0.05691971020630737,0.08971486261077047,0.33110708677186096,
d3_at_q8_9/Z/r10,3,q8_9,Z,10,mwpm_gap,si1000,temperature,15000,1739,0.11433928299515636,0.008072763516828797,0.08520114860498025,0.28172272986663704,T=1.764
d3_at_q8_9/Z/r10,3,q8_9,Z,10,mwpm_gap,si1000,platt,15000,1739,0.11806921657982193,0.006888698489120054,0.0852053734346057,0.28165288172105957,a=0.6026;b=-0.1378
d3_at_q8_9/Z/r10,3,q8_9,Z,10,mwpm_gap,si1000,isotonic,15000,1739,0.11788318412376758,0.006037596447291334,0.08363228014495447,0.27809128006818756,steps=47
d3_at_q8_9/Z/r10,3,q8_9,Z,10,mwpm_gap,rl,raw,15000,1629,0.09070748995925319,0.0248333451067143,0.08479001914274394,0.2902171946216607,
d3_at_q8_9/Z/r10,3,q8_9,Z,10,mwpm_gap,rl,temperature,15000,1629,0.11690597035454035,0.022531505822959336,0.08484334692028044,0.28336178633713266,T=1.258
d3_at_q8_9/Z/r10,3,q8_9,Z,10,mwpm_gap,rl,platt,15000,1629,0.10903036158268492,0.02119283606253679,0.08458498846500949,0.282181196917333,a=0.6858;b=0.2894
d3_at_q8_9/Z/r10,3,q8_9,Z,10,mwpm_gap,rl,isotonic,15000,1629,0.10960858716350777,0.009821254038035236,0.08336892385163344,0.278983650869622,steps=50
d3_at_q8_9/Z/r10,3,q8_9,Z,10,bm_gap,rl,raw,15000,1304,0.04105444483203765,0.04587888850146176,0.06871341888967399,0.2853079470919293,
d3_at_q8_9/Z/r10,3,q8_9,Z,10,bm_gap,rl,temperature,15000,1304,0.09356598229502826,0.011571285440299185,0.06494442868482536,0.22172383155146164,T=2.122
d3_at_q8_9/Z/r10,3,q8_9,Z,10,bm_gap,rl,platt,15000,1304,0.087377756013464,0.011977467811222579,0.06505815487616436,0.2210327067543772,a=0.4163;b=0.256
d3_at_q8_9/Z/r10,3,q8_9,Z,10,bm_gap,rl,isotonic,15000,1304,0.08748357527245905,0.005434044745280547,0.06467763690783605,0.21870307895497215,steps=69
d3_at_q8_9/Z/r10,3,q8_9,Z,10,nn,rl,raw,15000,1424,0.09344152104417446,0.005207763983835992,0.06723143929890049,0.22167096173296885,
d3_at_q8_9/Z/r10,3,q8_9,Z,10,nn,rl,temperature,15000,1424,0.09299990814249331,0.005166070633026741,0.06723405306979144,0.221663901584433,T=0.9954
d3_at_q8_9/Z/r10,3,q8_9,Z,10,nn,rl,platt,15000,1424,0.08706747312449432,0.012054692473630663,0.06767851125139868,0.22282988422192684,a=0.915;b=0.2191
d3_at_q8_9/Z/r10,3,q8_9,Z,10,nn,rl,isotonic,15000,1424,0.08707923109085483,0.01150686599353704,0.06786346471036865,0.22447596111121407,steps=48
d3_at_q8_9/Z/r30,3,q8_9,Z,30,mwpm_gap,si1000,raw,15000,4053,0.1334511515335786,0.1367488484664214,0.19974192337677016,0.6664549152729213,
d3_at_q8_9/Z/r30,3,q8_9,Z,30,mwpm_gap,si1000,temperature,15000,4053,0.2656008377633046,0.022135992756865126,0.17865440583207637,0.5342998287990287,T=2.406
d3_at_q8_9/Z/r30,3,q8_9,Z,30,mwpm_gap,si1000,platt,15000,4053,0.27432012851001475,0.018660004444695445,0.17853762013643606,0.5339285354622924,a=0.4613;b=-0.148
d3_at_q8_9/Z/r30,3,q8_9,Z,30,mwpm_gap,si1000,isotonic,15000,4053,0.27399818276181614,0.009994809759178977,0.17736814661358888,0.5315299139522691,steps=43
d3_at_q8_9/Z/r30,3,q8_9,Z,30,mwpm_gap,rl,raw,15000,3901,0.19413393063495107,0.06593273603171561,0.18422785460076574,0.5641528183879603,
d3_at_q8_9/Z/r30,3,q8_9,Z,30,mwpm_gap,rl,temperature,15000,3901,0.26649545716334117,0.02671559505667833,0.17977687606722734,0.5385848476847236,T=1.554
d3_at_q8_9/Z/r30,3,q8_9,Z,30,mwpm_gap,rl,platt,15000,3901,0.265852322805749,0.02617617185872781,0.17975944883128409,0.5385135808939603,a=0.6376;b=0.01181
d3_at_q8_9/Z/r30,3,q8_9,Z,30,mwpm_gap,rl,isotonic,15000,3901,0.2660316798768475,0.01183587875913375,0.1786032849624942,0.5357639875348609,steps=48
d3_at_q8_9/Z/r30,3,q8_9,Z,30,bm_gap,rl,raw,15000,3270,0.10480491444725284,0.11319508555274717,0.16472778019591885,0.5912465334717136,
d3_at_q8_9/Z/r30,3,q8_9,Z,30,bm_gap,rl,temperature,15000,3270,0.21673089788727598,0.019548510785172796,0.14895791721158605,0.4593876976697256,T=2.367
d3_at_q8_9/Z/r30,3,q8_9,Z,30,bm_gap,rl,platt,15000,3270,0.2181888161892727,0.019205490030522694,0.1489305122090928,0.4594378161773622,a=0.4297;b=-0.02745
d3_at_q8_9/Z/r30,3,q8_9,Z,30,bm_gap,rl,isotonic,15000,3270,0.2184056071351425,0.011515069548155291,0.14872587270079884,0.4575473584664596,steps=93
d3_at_q8_9/Z/r30,3,q8_9,Z,30,nn,rl,raw,15000,3401,0.22531924199018577,0.007663050129124815,0.15077350760379343,0.45851234210524816,
d3_at_q8_9/Z/r30,3,q8_9,Z,30,nn,rl,temperature,15000,3401,0.2261391774165619,0.007354126865363644,0.15076620774604507,0.4584730224023983,T=1.006
d3_at_q8_9/Z/r30,3,q8_9,Z,30,nn,rl,platt,15000,3401,0.2301877294501062,0.01022707568039582,0.1508882582737449,0.45876833138335216,a=1.029;b=-0.05972
d3_at_q8_9/Z/r30,3,q8_9,Z,30,nn,rl,isotonic,15000,3401,0.22979083040601453,0.016010405829791317,0.15175965722723497,0.46179068580880284,steps=53
d3_at_q8_9/Z/r50,3,q8_9,Z,50,mwpm_gap,si1000,raw,15000,5416,0.1847455224514488,0.17838205907013568,0.25669021241667,0.8086739940580784,
d3_at_q8_9/Z/r50,3,q8_9,Z,50,mwpm_gap,si1000,temperature,15000,5416,0.3489910322067524,0.031423910883467084,0.22001474989922482,0.6296984196349004,T=3.088
d3_at_q8_9/Z/r50,3,q8_9,Z,50,mwpm_gap,si1000,platt,15000,5416,0.3594355397124628,0.02679270667779922,0.21997923978611364,0.6295896621877378,a=0.3728;b=-0.1364
d3_at_q8_9/Z/r50,3,q8_9,Z,50,mwpm_gap,si1000,isotonic,15000,5416,0.3595812646180504,0.011663581246312454,0.21902580263165217,0.6282673433717265,steps=35
d3_at_q8_9/Z/r50,3,q8_9,Z,50,mwpm_gap,rl,raw,15000,5349,0.24570895360377157,0.11089104639622842,0.23322611884168062,0.6768001753184663,
d3_at_q8_9/Z/r50,3,q8_9,Z,50,mwpm_gap,rl,temperature,15000,5349,0.35031660994929054,0.02519085605324223,0.22019115145621532,0.6305680096135032,T=2.001
d3_at_q8_9/Z/r50,3,q8_9,Z,50,mwpm_gap,rl,platt,15000,5349,0.35330945364109756,0.024765850546209497,0.22010647627022362,0.6304579285336634,a=0.5269;b=-0.04525
d3_at_q8_9/Z/r50,3,q8_9,Z,50,mwpm_gap,rl,isotonic,15000,5349,0.35336806213192257,0.015115138764426278,0.2190817915155146,0.6283697037500942,steps=40
d3_at_q8_9/Z/r50,3,q8_9,Z,50,bm_gap,rl,raw,15000,4456,0.1524096693228058,0.1446569973438609,0.2149530602558564,0.7107399928390473,
d3_at_q8_9/Z/r50,3,q8_9,Z,50,bm_gap,rl,temperature,15000,4456,0.2954126945749347,0.015683162925230584,0.19059058014840394,0.5609086005628716,T=2.716
d3_at_q8_9/Z/r50,3,q8_9,Z,50,bm_gap,rl,platt,15000,4456,0.3009851814928497,0.0168493073231306,0.19053888465486682,0.5608198014933103,a=0.3921;b=-0.07801
d3_at_q8_9/Z/r50,3,q8_9,Z,50,bm_gap,rl,isotonic,15000,4456,0.30100761640508256,0.011320912936632682,0.19043670183223502,0.5602942311825565,steps=82
d3_at_q8_9/Z/r50,3,q8_9,Z,50,nn,rl,raw,15000,4627,0.31358801038286355,0.012723608433669702,0.1940121548774766,0.5670252528322756,
d3_at_q8_9/Z/r50,3,q8_9,Z,50,nn,rl,temperature,15000,4627,0.3184722755175392,0.01328831010800644,0.19401695915700032,0.5669727425935032,T=1.041
d3_at_q8_9/Z/r50,3,q8_9,Z,50,nn,rl,platt,15000,4627,0.3137272434120408,0.009709631772268721,0.19387417874663132,0.5666873894008005,a=0.9251;b=0.04709
d3_at_q8_9/Z/r50,3,q8_9,Z,50,nn,rl,isotonic,15000,4627,0.31396389788615914,0.013722776409888723,0.19455375363525979,0.5700659528570503,steps=66
d3_at_q8_9/Z/r70,3,q8_9,Z,70,mwpm_gap,si1000,raw,15000,6219,0.2303000183686839,0.18429998163131614,0.2813949502545152,0.8464840320503082,
d3_at_q8_9/Z/r70,3,q8_9,Z,70,mwpm_gap,si1000,temperature,15000,6219,0.41004225491092283,0.02246398248076426,0.23741861250132132,0.6672136201561686,T=4.221
d3_at_q8_9/Z/r70,3,q8_9,Z,70,mwpm_gap,si1000,platt,15000,6219,0.42035740443399483,0.023634107908838974,0.237507717314373,0.6673378368157173,a=0.2833;b=-0.1126
d3_at_q8_9/Z/r70,3,q8_9,Z,70,mwpm_gap,si1000,isotonic,15000,6219,0.42022703126333233,0.012277765256237085,0.23695177677847779,0.6661057973135045,steps=29
d3_at_q8_9/Z/r70,3,q8_9,Z,70,mwpm_gap,rl,raw,15000,6211,0.2837458704811362,0.13032079618553044,0.25736752284563275,0.722121709977258,
d3_at_q8_9/Z/r70,3,q8_9,Z,70,mwpm_gap,rl,temperature,15000,6211,0.4097998895728183,0.01936184350161404,0.23780167966237375,0.6680649177230136,T=2.747
d3_at_q8_9/Z/r70,3,q8_9,Z,70,mwpm_gap,rl,platt,15000,6211,0.4187592980756399,0.019254721350057753,0.23761051794972013,0.6676238223848616,a=0.4551;b=-0.1269
d3_at_q8_9/Z/r70,3,q8_9,Z,70,mwpm_gap,rl,isotonic,15000,6211,0.41851063732675686,0.012255394867468789,0.23700323803787723,0.66629644241312,steps=38
d3_at_q8_9/Z/r90,3,q8_9,Z,90,mwpm_gap,si1000,raw,15000,6905,0.27308556230927,0.1872477710240634,0.29662117549389694,0.861416707269974,
d3_at_q8_9/Z/r90,3,q8_9,Z,90,mwpm_gap,si1000,temperature,15000,6905,0.44986938022219003,0.017954263582900074,0.2466843256222824,0.68642167600557,T=6.038
d3_at_q8_9/Z/r90,3,q8_9,Z,90,mwpm_gap,si1000,platt,15000,6905,0.4575705267661485,0.017305455699214718,0.24666455007183366,0.6863725914109038,a=0.1988;b=-0.07118
d3_at_q8_9/Z/r90,3,q8_9,Z,90,mwpm_gap,si1000,isotonic,15000,6905,0.4576969678048573,0.010723230201462165,0.24655271649247923,0.687863031332588,steps=33
d3_at_q8_9/Z/r90,3,q8_9,Z,90,mwpm_gap,rl,raw,15000,6909,0.3125376209988968,0.14806237900110325,0.27537793364817054,0.7597828176435437,
d3_at_q8_9/Z/r90,3,q8_9,Z,90,mwpm_gap,rl,temperature,15000,6909,0.44926857798448466,0.0133888370777556,0.2473918061763562,0.6879046788378381,T=4.147
d3_at_q8_9/Z/r90,3,q8_9,Z,90,mwpm_gap,rl,platt,15000,6909,0.45586980976873187,0.016500559977134944,0.24735959343382827,0.6878490785580766,a=0.3095;b=-0.08413
d3_at_q8_9/Z/r90,3,q8_9,Z,90,mwpm_gap,rl,isotonic,15000,6909,0.4561873191369742,0.013580701268628358,0.24729608925385504,0.6880433647027394,steps=31
d3_at_q8_9/Z/r110,3,q8_9,Z,110,mwpm_gap,si1000,raw,15000,7163,0.2910779578276082,0.18645537550572516,0.2971859880059984,0.8490849923285667,
d3_at_q8_9/Z/r110,3,q8_9,Z,110,mwpm_gap,si1000,temperature,15000,7163,0.4722705822140159,0.019865256081973166,0.24834900996101197,0.6898256529502016,T=9.723
d3_at_q8_9/Z/r110,3,q8_9,Z,110,mwpm_gap,si1000,platt,15000,7163,0.4765694757712924,0.015802191378708995,0.24823301852959054,0.6895903154751252,a=0.1232;b=-0.03919
d3_at_q8_9/Z/r110,3,q8_9,Z,110,mwpm_gap,si1000,isotonic,15000,7163,0.47661606382277794,0.010643215836284537,0.24798811270724364,0.6891067728628322,steps=21
d3_at_q8_9/Z/r110,3,q8_9,Z,110,mwpm_gap,rl,raw,15000,7095,0.33180344289806873,0.1411965571019312,0.27387915609316815,0.752596619647958,
d3_at_q8_9/Z/r110,3,q8_9,Z,110,mwpm_gap,rl,temperature,15000,7095,0.47096834327625087,0.015807731332301088,0.24838985426032215,0.6899197161572702,T=6.402
d3_at_q8_9/Z/r110,3,q8_9,Z,110,mwpm_gap,rl,platt,15000,7095,0.47598612592685147,0.013333635907888053,0.2482744199086988,0.689689948279968,a=0.2109;b=-0.06078
d3_at_q8_9/Z/r110,3,q8_9,Z,110,mwpm_gap,rl,isotonic,15000,7095,0.4759843798658867,0.01406320229314411,0.24831015189711936,0.6897973840297258,steps=22
d3_at_q8_9/Z/r130,3,q8_9,Z,130,mwpm_gap,si1000,raw,15000,7282,0.3120508062964103,0.17341586037025644,0.2945880321529921,0.8313606680785517,
d3_at_q8_9/Z/r130,3,q8_9,Z,130,mwpm_gap,si1000,temperature,15000,7282,0.48502343501361733,0.016487689464593048,0.2492654577354882,0.6916741672041876,T=15.73
d3_at_q8_9/Z/r130,3,q8_9,Z,130,mwpm_gap,si1000,platt,15000,7282,0.4890702530183505,0.014761837414222117,0.2491953948593344,0.6915324889692926,a=0.0834;b=-0.03489
d3_at_q8_9/Z/r130,3,q8_9,Z,130,mwpm_gap,si1000,isotonic,15000,7282,0.4890668292168969,0.008310833526595318,0.24904311003041124,0.6912241201275756,steps=21
d3_at_q8_9/Z/r130,3,q8_9,Z,130,mwpm_gap,rl,raw,15000,7222,0.34695753060890505,0.13819796826930172,0.27415082958526993,0.7513905816884181,
d3_at_q8_9/Z/r130,3,q8_9,Z,130,mwpm_gap,rl,temperature,15000,7222,0.48505180993635727,0.023644445499576738,0.24928954248768556,0.6917247791431983,T=11.23
d3_at_q8_9/Z/r130,3,q8_9,Z,130,mwpm_gap,rl,platt,15000,7222,0.48936774204470396,0.02086623856319699,0.24923722456479977,0.6916196854572005,a=0.1359;b=-0.04869
d3_at_q8_9/Z/r130,3,q8_9,Z,130,mwpm_gap,rl,isotonic,15000,7222,0.48936150150869373,0.01668659031920185,0.2492467393494978,0.6917493499634709,steps=27
d3_at_q8_9/Z/r150,3,q8_9,Z,150,mwpm_gap,si1000,raw,15000,7448,0.3307267770314864,0.165806556301847,0.2918559604492486,0.8174902650534643,
d3_at_q8_9/Z/r150,3,q8_9,Z,150,mwpm_gap,si1000,temperature,15000,7448,0.4844682080248486,0.016387228651279923,0.24979977326498037,0.6927461407568095,T=13.27
d3_at_q8_9/Z/r150,3,q8_9,Z,150,mwpm_gap,si1000,platt,15000,7448,0.4875338150434186,0.014679979506204841,0.24972333643220343,0.6925933946837993,a=0.09125;b=-0.02538
d3_at_q8_9/Z/r150,3,q8_9,Z,150,mwpm_gap,si1000,isotonic,15000,7448,0.4873097070187755,0.009223626314557743,0.24969743892581378,0.6925570986855935,steps=19
d3_at_q8_9/Z/r150,3,q8_9,Z,150,mwpm_gap,rl,raw,15000,7215,0.35586060783230816,0.12513939216769182,0.2738124351315148,0.7496739661470806,
d3_at_q8_9/Z/r150,3,q8_9,Z,150,mwpm_gap,rl,temperature,15000,7215,0.48487602505690197,0.0058269797178215335,0.24956011013220178,0.6922666459894965,T=10.37
d3_at_q8_9/Z/r150,3,q8_9,Z,150,mwpm_gap,rl,platt,15000,7215,0.4871117705065471,0.00854066371989873,0.24960088747799894,0.6923480571377135,a=0.1217;b=-0.0248
d3_at_q8_9/Z/r150,3,q8_9,Z,150,mwpm_gap,rl,isotonic,15000,7215,0.4871397397204807,0.010584566189471902,0.2495629758740856,0.6922594556157546,steps=17
d3_at_q8_9/Z/r170,3,q8_9,Z,170,mwpm_gap,si1000,raw,15000,7532,0.35187508116315264,0.15025825217018077,0.2873231951227338,0.7957620942318991,
d3_at_q8_9/Z/r170,3,q8_9,Z,170,mwpm_gap,si1000,temperature,15000,7532,0.490137088801253,0.01600971583391643,0.25008598983042907,0.6933189669673494,T=17.62
d3_at_q8_9/Z/r170,3,q8_9,Z,170,mwpm_gap,si1000,platt,15000,7532,0.49074265079907176,0.015949071580992208,0.2500749304103129,0.6932968188564216,a=0.06019;b=-0.004812
d3_at_q8_9/Z/r170,3,q8_9,Z,170,mwpm_gap,si1000,isotonic,15000,7532,0.49069185077177085,0.014692454939438349,0.2500170554799965,0.693183574748315,steps=16
d3_at_q8_9/Z/r170,3,q8_9,Z,170,mwpm_gap,rl,raw,15000,7467,0.37587886394157516,0.12192113605842488,0.2730206790683517,0.746180842603991,
d3_at_q8_9/Z/r170,3,q8_9,Z,170,mwpm_gap,rl,temperature,15000,7467,0.49151398325428663,0.01268055199371193,0.24999181390946967,0.6931308257754023,T=15.73
d3_at_q8_9/Z/r170,3,q8_9,Z,170,mwpm_gap,rl,platt,15000,7467,0.4974241981023024,0.013668606673328292,0.2500116547676413,0.6931705731134108,a=0.1295;b=-0.05886
d3_at_q8_9/Z/r170,3,q8_9,Z,170,mwpm_gap,rl,isotonic,15000,7467,0.4975080091695544,0.014131213414501872,0.2500585592696036,0.6932595533881674,steps=19
d3_at_q8_9/Z/r190,3,q8_9,Z,190,mwpm_gap,si1000,raw,15000,7500,0.35613974785887936,0.1438602521411207,0.28635298282885574,0.7932492433897109,
d3_at_q8_9/Z/r190,3,q8_9,Z,190,mwpm_gap,si1000,temperature,15000,7500,0.4901090252676014,0.015131951951154694,0.2501565907283301,0.6934606796345429,T=16.99
d3_at_q8_9/Z/r190,3,q8_9,Z,190,mwpm_gap,si1000,platt,15000,7500,0.49343491471290946,0.014431646498582086,0.25016341166969963,0.6934744607411742,a=0.07761;b=-0.0259
d3_at_q8_9/Z/r190,3,q8_9,Z,190,mwpm_gap,si1000,isotonic,15000,7500,0.49351522168471573,0.020371931587826624,0.25026551945195974,0.6936862416826501,steps=12
d3_at_q8_9/Z/r190,3,q8_9,Z,190,mwpm_gap,rl,raw,15000,7546,0.37683208508536664,0.1262345815813,0.2740078581979758,0.7481564269290067,
d3_at_q8_9/Z/r190,3,q8_9,Z,190,mwpm_gap,rl,temperature,15000,7546,0.4916240930888319,0.013734132641740981,0.2500943850014643,0.6933360629165021,T=15.78
d3_at_q8_9/Z/r190,3,q8_9,Z,190,mwpm_gap,rl,platt,15000,7546,0.4928340716731688,0.013495560362032944,0.25007465837836573,0.6932966433897342,a=0.07703;b=-0.01208
d3_at_q8_9/Z/r190,3,q8_9,Z,190,mwpm_gap,rl,isotonic,15000,7546,0.49288894675765793,0.013368833443150818,0.2501539373478002,0.6934590457114156,steps=15
d3_at_q8_9/Z/r210,3,q8_9,Z,210,mwpm_gap,si1000,raw,15000,7419,0.37743961473533605,0.11716038526466395,0.274997354221487,0.7593267467471179,
d3_at_q8_9/Z/r210,3,q8_9,Z,210,mwpm_gap,si1000,temperature,15000,7419,0.49906167133768026,0.010784876008776622,0.24997050570386053,0.693088191050031,T=148.4
d3_at_q8_9/Z/r210,3,q8_9,Z,210,mwpm_gap,si1000,platt,15000,7419,0.5018454858649675,0.012473197023437195,0.25005877200313803,0.6932647296011649,a=-0.01044;b=-0.001565
d3_at_q8_9/Z/r210,3,q8_9,Z,210,mwpm_gap,si1000,isotonic,15000,7419,0.5018110574393885,0.008003046987247726,0.24996525546090265,0.6930741569770059,steps=10
d3_at_q8_9/Z/r210,3,q8_9,Z,210,mwpm_gap,rl,raw,15000,7503,0.3892680549580699,0.11093194504193012,0.27054371661306853,0.7398095450745891,
d3_at_q8_9/Z/r210,3,q8_9,Z,210,mwpm_gap,rl,temperature,15000,7503,0.49920495660231,0.014354337590384602,0.25000158779717235,0.6931503561980815,T=148.4
d3_at_q8_9/Z/r210,3,q8_9,Z,210,mwpm_gap,rl,platt,15000,7503,0.499195533861258,0.012570048918157556,0.2500009553367484,0.6931490912363336,a=-0.001506;b=0.003929
d3_at_q8_9/Z/r210,3,q8_9,Z,210,mwpm_gap,rl,isotonic,15000,7503,0.4991895463063361,0.01011075529176884,0.2501133646375908,0.6933817832749696,steps=11
d3_at_q8_9/Z/r230,3,q8_9,Z,230,mwpm_gap,si1000,raw,15000,7448,0.3820936472445082,0.11443968608882508,0.27575508107418395,0.7605299755103192,
d3_at_q8_9/Z/r230,3,q8_9,Z,230,mwpm_gap,si1000,temperature,15000,7448,0.4991029572587045,0.010379407438479427,0.24999255996477077,0.6931323002824511,T=148.4
d3_at_q8_9/Z/r230,3,q8_9,Z,230,mwpm_gap,si1000,platt,15000,7448,0.5079201932942385,0.013717055054679983,0.25011708813442735,0.693381390735164,a=0.01959;b=-0.04212
d3_at_q8_9/Z/r230,3,q8_9,Z,230,mwpm_gap,si1000,isotonic,15000,7448,0.5080467902292773,0.0122189404452961,0.2501834521880209,0.6935231499076878,steps=10
d3_at_q8_9/Z/r230,3,q8_9,Z,230,mwpm_gap,rl,raw,15000,7514,0.39242520967146843,0.10984680012734545,0.270152189753359,0.7384531483229198,
d3_at_q8_9/Z/r230,3,q8_9,Z,230,mwpm_gap,rl,temperature,15000,7514,0.49916685437459396,0.009601480075455533,0.2500062237971833,0.6931596281611065,T=137.2
d3_at_q8_9/Z/r230,3,q8_9,Z,230,mwpm_gap,rl,platt,15000,7514,0.5025438108221802,0.010466359325597934,0.2500457475363289,0.6932386830102204,a=0.04701;b=-0.03167
d3_at_q8_9/Z/r230,3,q8_9,Z,230,mwpm_gap,rl,isotonic,15000,7514,0.50270320645531,0.014779623869329527,0.2501777326329595,0.6940634386707321,steps=10
d3_at_q8_9/Z/r250,3,q8_9,Z,250,mwpm_gap,si1000,raw,15000,7688,0.39652598243589077,0.11600735089744259,0.27477857216119844,0.7538118478180085,
d3_at_q8_9/Z/r250,3,q8_9,Z,250,mwpm_gap,si1000,temperature,15000,7688,0.49802661393409275,0.01668932194296014,0.2500651180014301,0.6932774184275299,T=57.92
d3_at_q8_9/Z/r250,3,q8_9,Z,250,mwpm_gap,si1000,platt,15000,7688,0.5013922479164638,0.015578687255743118,0.2500096285641418,0.693166437802896,a=0.04021;b=-0.02395
d3_at_q8_9/Z/r250,3,q8_9,Z,250,mwpm_gap,si1000,isotonic,15000,7688,0.5014868945368629,0.018500353788907898,0.2500306868981093,0.6932095978113024,steps=10
d3_at_q8_9/Z/r250,3,q8_9,Z,250,mwpm_gap,rl,raw,15000,7607,0.40390786234077775,0.1032254709925556,0.26713012916495615,0.7312395353302129,
d3_at_q8_9/Z/r250,3,q8_9,Z,250,mwpm_gap,rl,temperature,15000,7607,0.4953761056286634,0.011799346953305466,0.25008467722768324,0.693316554549417,T=21.92
d3_at_q8_9/Z/r250,3,q8_9,Z,250,mwpm_gap,rl,platt,15000,7607,0.4983907442109334,0.009933030179478605,0.2500452672622389,0.6932377556786665,a=0.08115;b=-0.02646
d3_at_q8_9/Z/r250,3,q8_9,Z,250,mwpm_gap,rl,isotonic,15000,7607,0.4985756096850315,0.011019247180567817,0.25002295007194214,0.6932941208901455,steps=15
d5_at_q4_7/X/r01,5,q4_7,X,1,mwpm_gap,si1000,raw,15000,46,0.0016960081738996947,0.0013709249998757672,0.0027032825833029706,0.012804943488002539,
d5_at_q4_7/X/r01,5,q4_7,X,1,mwpm_gap,si1000,temperature,15000,46,0.0037019480600321264,0.0006352813933654606,0.0027380781632286577,0.011326628416242964,T=1.506
d5_at_q4_7/X/r01,5,q4_7,X,1,mwpm_gap,si1000,platt,15000,46,0.0034099249386071793,0.000343258271940513,0.0027110473137176875,0.011196717508883205,a=0.5978;b=0.3257
d5_at_q4_7/X/r01,5,q4_7,X,1,mwpm_gap,si1000,isotonic,15000,46,0.003399773459561467,0.0004614403762156333,0.002694759322269397,0.010936750313810112,steps=14
d5_at_q4_7/X/r01,5,q4_7,X,1,mwpm_gap,rl,raw,15000,45,0.001822730100801097,0.001179802911695534,0.0024314288201933974,0.009079562907408422,
d5_at_q4_7/X/r01,5,q4_7,X,1,mwpm_gap,rl,temperature,15000,45,0.002883893855448367,0.00015263292013548106,0.002368355119669384,0.00866607622640277,T=1.29
d5_at_q4_7/X/r01,5,q4_7,X,1,mwpm_gap,rl,platt,15000,45,0.0027877031164648936,0.00025697703525361207,0.00237536346288307,0.008700694773130511,a=0.7481;b=0.1209
d5_at_q4_7/X/r01,5,q4_7,X,1,mwpm_gap,rl,isotonic,15000,45,0.0028193571014578805,0.00022064089864211529,0.002366625816631185,0.008925014968438921,steps=19
d5_at_q4_7/X/r01,5,q4_7,X,1,exact,si1000,raw,15000,44,0.0017576687191412214,0.0011764706071399613,0.0026509176528655464,0.011566692180435954,
d5_at_q4_7/X/r01,5,q4_7,X,1,exact,si1000,temperature,15000,44,0.0033987902601484545,0.0004654569268151208,0.002635605565693458,0.010588044851274661,T=1.404
d5_at_q4_7/X/r01,5,q4_7,X,1,exact,si1000,platt,15000,44,0.0031924390537460086,0.000259105720412675,0.002610595945003584,0.010521988563429098,a=0.6593;b=0.2512
d5_at_q4_7/X/r01,5,q4_7,X,1,exact,si1000,isotonic,15000,44,0.003188220301347669,0.0003832205513351699,0.0026465086246452245,0.01068417160414732,steps=22
d5_at_q4_7/X/r01,5,q4_7,X,1,exact,rl,raw,15000,46,0.0020802400451759378,0.0009922917530721985,0.0024099655646063916,0.00877665146862242,
d5_at_q4_7/X/r01,5,q4_7,X,1,exact,rl,temperature,15000,46,0.002838992959166377,0.0002637247513620908,0.0023643816002288363,0.008555440438924578,T=1.197
d5_at_q4_7/X/r01,5,q4_7,X,1,exact,rl,platt,15000,46,0.002784099245623596,0.00032325568325959245,0.0023696575504882807,0.008577534277411543,a=0.8179;b=0.07011
d5_at_q4_7/X/r01,5,q4_7,X,1,exact,rl,isotonic,15000,46,0.0028964131787361826,0.00021025148803048007,0.002463938122518443,0.010108179901374659,steps=26
d5_at_q4_7/X/r01,5,q4_7,X,1,bm_gap,rl,raw,15000,45,0.00041975588515200015,0.0025802441148480657,0.0027976518482376203,0.01828826372065128,
d5_at_q4_7/X/r01,5,q4_7,X,1,bm_gap,rl,temperature,15000,45,0.003230378839828713,0.00023037883982871224,0.0024265069543704227,0.008798685089741267,T=3.438
d5_at_q4_7/X/r01,5,q4_7,X,1,bm_gap,rl,platt,15000,45,0.0029404530967627675,6.879741701933722e-05,0.00243573745573111,0.008862400832744727,a=0.2582;b=0.3526
d5_at_q4_7/X/r01,5,q4_7,X,1,bm_gap,rl,isotonic,15000,45,0.0029660321008313875,9.436568415222067e-05,0.0024139528384651185,0.008940009901902664,steps=21
d5_at_q4_7/X/r10,5,q4_7,X,10,mwpm_gap,si1000,raw,15000,766,0.025728175298737353,0.02533868163272889,0.04059379616259269,0.15722099975033701,
d5_at_q4_7/X/r10,5,q4_7,X,10,mwpm_gap,si1000,temperature,15000,766,0.052353716928117834,0.00291552837932654,0.03851114009068247,0.13319787490608376,T=1.751
d5_at_q4_7/X/r10,5,q4_7,X,10,mwpm_gap,si1000,platt,15000,766,0.05269887985152697,0.0024719753215498626,0.038510192704519525,0.1331858244692453,a=0.5764;b=-0.02425
d5_at_q4_7/X/r10,5,q4_7,X,10,mwpm_gap,si1000,isotonic,15000,766,0.052911146764905645,0.0033482078185611535,0.03859426144957487,0.13357807822621026,steps=78
d5_at_q4_7/X/r10,5,q4_7,X,10,mwpm_gap,rl,raw,15000,753,0.03466040544342633,0.015543298279363512,0.03855460878171392,0.13704127537180763,
d5_at_q4_7/X/r10,5,q4_7,X,10,mwpm_gap,rl,temperature,15000,753,0.051672803989580234,0.002308815861504554,0.03778754815520999,0.13037206453515973,T=1.371
d5_at_q4_7/X/r10,5,q4_7,X,10,mwpm_gap,rl,platt,15000,753,0.05243168160836132,0.002420783099873721,0.03779617851334198,0.13036118865419458,a=0.7436;b=-0.0526
d5_at_q4_7/X/r10,5,q4_7,X,10,mwpm_gap,rl,isotonic,15000,753,0.05237310042524444,0.002829527289529616,0.037914376349489826,0.13148608250705693,steps=70
d5_at_q4_7/X/r10,5,q4_7,X,10,bm_gap,rl,raw,15000,476,0.011278525741118142,0.020454807592215272,0.026149602368310994,0.15479917144230754,
d5_at_q4_7/X/r10,5,q4_7,X,10,bm_gap,rl,temperature,15000,476,0.039024917986945344,0.009625172285931518,0.02482453066570259,0.09287288213931853,T=3.026
d5_at_q4_7/X/r10,5,q4_7,X,10,bm_gap,rl,platt,15000,476,0.03565657070696182,0.00567084450324437,0.024666033934511142,0.09178492587585103,a=0.2928;b=0.3001
d5_at_q4_7/X/r10,5,q4_7,X,10,bm_gap,rl,isotonic,15000,476,0.03576562858078879,0.0048050022349123,0.02459060871851671,0.09030746438559793,steps=72
d5_at_q4_7/X/r30,5,q4_7,X,30,mwpm_gap,si1000,raw,15000,2476,0.07792965802972306,0.08713700863694357,0.12659911443728317,0.4615503381906089,
d5_at_q4_7/X/r30,5,q4_7,X,30,mwpm_gap,si1000,temperature,15000,2476,0.15816632347151338,0.010326801744064775,0.11589243113064561,0.3670465280803161,T=2.063
d5_at_q4_7/X/r30,5,q4_7,X,30,mwpm_gap,si1000,platt,15000,2476,0.16178129937194588,0.008631428597599302,0.1158034394384122,0.36682002652161283,a=0.5077;b=-0.09123
d5_at_q4_7/X/r30,5,q4_7,X,30,mwpm_gap,si1000,isotonic,15000,2476,0.16178069884970633,0.009079589424478928,0.11570108789652737,0.3667157431065457,steps=67
d5_at_q4_7/X/r30,5,q4_7,X,30,mwpm_gap,rl,raw,15000,2442,0.09989331222857788,0.06290668777142211,0.11915425152380182,0.3995356728258549,
d5_at_q4_7/X/r30,5,q4_7,X,30,mwpm_gap,rl,temperature,15000,2442,0.156788978177884,0.009009178528514487,0.11393615495103768,0.3617407455946092,T=1.604
d5_at_q4_7/X/r30,5,q4_7,X,30,mwpm_gap,rl,platt,15000,2442,0.1578596069418793,0.007772627008888355,0.11389577989296983,0.3616440661008732,a=0.6318;b=-0.02678
d5_at_q4_7/X/r30,5,q4_7,X,30,mwpm_gap,rl,isotonic,15000,2442,0.15786476144987424,0.010438264755240633,0.11397668532355343,0.36214760683771324,steps=86
d5_at_q4_7/X/r30,5,q4_7,X,30,bm_gap,rl,raw,15000,1610,0.036341449174913165,0.07099188415842018,0.08809435820835684,0.44706924260584097,
d5_at_q4_7/X/r30,5,q4_7,X,30,bm_gap,rl,temperature,15000,1610,0.11252219440051907,0.009707104496997396,0.07850762658212665,0.2626760698305088,T=3.145
d5_at_q4_7/X/r30,5,q4_7,X,30,bm_gap,rl,platt,15000,1610,0.1102593090682995,0.008487479186153736,0.07846864117358146,0.26230318507998146,a=0.3073;b=0.07219
d5_at_q4_7/X/r30,5,q4_7,X,30,bm_gap,rl,isotonic,15000,1610,0.1102754086741162,0.005589524567205676,0.07845909473482786,0.26105640848791756,steps=99
d5_at_q4_7/X/r50,5,q4_7,X,50,mwpm_gap,si1000,raw,15000,3433,0.11246537159700092,0.11640129506966572,0.17044352545836586,0.5843845776570299,
d5_at_q4_7/X/r50,5,q4_7,X,50,mwpm_gap,si1000,temperature,15000,3433,0.2157267908666947,0.014629211757566762,0.15364555966280968,0.46779187696290475,T=2.175
d5_at_q4_7/X/r50,5,q4_7,X,50,mwpm_gap,si1000,platt,15000,3433,0.22512697791748584,0.012474868269002591,0.15346308816035198,0.467363051271494,a=0.5094;b=-0.1751
d5_at_q4_7/X/r50,5,q4_7,X,50,mwpm_gap,si1000,isotonic,15000,3433,0.22508496856306712,0.008933856133771026,0.15327211347645595,0.4676639171958004,steps=76
d5_at_q4_7/X/r50,5,q4_7,X,50,mwpm_gap,rl,raw,15000,3349,0.14037456744303026,0.0828920992236364,0.1597662680449568,0.5117092114009918,
d5_at_q4_7/X/r50,5,q4_7,X,50,mwpm_gap,rl,temperature,15000,3349,0.21317879775372475,0.017176275114447137,0.15133337735781127,0.4621000705814907,T=1.682
d5_at_q4_7/X/r50,5,q4_7,X,50,mwpm_gap,rl,platt,15000,3349,0.21551850640593634,0.016123415093995314,0.1512803472449567,0.4619609519631692,a=0.61;b=-0.04318
d5_at_q4_7/X/r50,5,q4_7,X,50,mwpm_gap,rl,isotonic,15000,3349,0.2155189918517031,0.012576486839941382,0.15130210326983443,0.4627873594155836,steps=74
d5_at_q4_7/X/r50,5,q4_7,X,50,bm_gap,rl,raw,15000,2244,0.05388636692236428,0.09571363307763571,0.12009555736597341,0.5635073810960645,
d5_at_q4_7/X/r50,5,q4_7,X,50,bm_gap,rl,temperature,15000,2244,0.15647299406496104,0.012032805802108817,0.10605127677481505,0.3438693050309515,T=3.201
d5_at_q4_7/X/r50,5,q4_7,X,50,bm_gap,rl,platt,15000,2244,0.1506381366537739,0.015540094072247424,0.10613262840486122,0.3435145120576146,a=0.2907;b=0.1362
d5_at_q4_7/X/r50,5,q4_7,X,50,bm_gap,rl,isotonic,15000,2244,0.1506040062694777,0.007875540244880934,0.10583012684962129,0.34160684953612575,steps=94
d5_at_q4_7/X/r70,5,q4_7,X,70,mwpm_gap,si1000,raw,15000,4830,0.16350409972511165,0.15849590027488833,0.22964208616748275,0.7419999793488438,
d5_at_q4_7/X/r70,5,q4_7,X,70,mwpm_gap,si1000,temperature,15000,4830,0.30685115827234893,0.0200171600971779,0.20045048352596517,0.5832849918995124,T=2.71
d5_at_q4_7/X/r70,5,q4_7,X,70,mwpm_gap,si1000,platt,15000,4830,0.31524563297857405,0.015021755041357202,0.20016661929885088,0.5825629400709772,a=0.4036;b=-0.1102
d5_at_q4_7/X/r70,5,q4_7,X,70,mwpm_gap,si1000,isotonic,15000,4830,0.31525832609188154,0.012794890429889233,0.2002521271902484,0.5835910158671597,steps=81
d5_at_q4_7/X/r70,5,q4_7,X,70,mwpm_gap,rl,raw,15000,4726,0.19525002874297448,0.12198580453671093,0.21560568939134833,0.6566689717540748,
d5_at_q4_7/X/r70,5,q4_7,X,70,mwpm_gap,rl,temperature,15000,4726,0.3022359081439281,0.02537442458622899,0.19832192779400545,0.5782210775638768,T=2.077
d5_at_q4_7/X/r70,5,q4_7,X,70,mwpm_gap,rl,platt,15000,4726,0.30720048732941135,0.021897401949834992,0.1982006610357059,0.577880062860185,a=0.5073;b=-0.06488
d5_at_q4_7/X/r70,5,q4_7,X,70,mwpm_gap,rl,isotonic,15000,4726,0.30720775655971216,0.01368371429000252,0.19788969850861726,0.5772923401614755,steps=85
d5_at_q4_7/X/r90,5,q4_7,X,90,mwpm_gap,si1000,raw,15000,5187,0.18757398856112678,0.15822601143887322,0.24299724398960984,0.7652504446499028,
d5_at_q4_7/X/r90,5,q4_7,X,90,mwpm_gap,si1000,temperature,15000,5187,0.3408640702920636,0.0162311935865734,0.21262644295830144,0.6120446543156982,T=2.958
d5_at_q4_7/X/r90,5,q4_7,X,90,mwpm_gap,si1000,platt,15000,5187,0.3516675562866227,0.016943664800827863,0.21269194485004064,0.6119964490885368,a=0.3828;b=-0.1304
d5_at_q4_7/X/r90,5,q4_7,X,90,mwpm_gap,si1000,isotonic,15000,5187,0.35127465314751866,0.011210274153183574,0.2125354789811115,0.6116261556668525,steps=63
d5_at_q4_7/X/r90,5,q4_7,X,90,mwpm_gap,rl,raw,15000,5172,0.21966801078200518,0.12513198921799482,0.22920047529007773,0.6836333782218672,
d5_at_q4_7/X/r90,5,q4_7,X,90,mwpm_gap,rl,temperature,15000,5172,0.3369219962829143,0.016825243411960806,0.21084217098028973,0.6078559524744627,T=2.267
d5_at_q4_7/X/r90,5,q4_7,X,90,mwpm_gap,rl,platt,15000,5172,0.3461978398876546,0.01062323829635654,0.2106738322906306,0.6073415242458369,a=0.4903;b=-0.1126
d5_at_q4_7/X/r90,5,q4_7,X,90,mwpm_gap,rl,isotonic,15000,5172,0.3462744966369437,0.007266236844572102,0.21053350102013196,0.6073532457391987,steps=68
d5_at_q4_7/X/r110,5,q4_7,X,110,mwpm_gap,si1000,raw,15000,5923,0.217971414391461,0.17689525227520564,0.266067853717486,0.8068801743236708,
d5_at_q4_7/X/r110,5,q4_7,X,110,mwpm_gap,si1000,temperature,15000,5923,0.3843119338724181,0.01994085933920831,0.22880940211309456,0.64814311150118,T=3.518
d5_at_q4_7/X/r110,5,q4_7,X,110,mwpm_gap,si1000,platt,15000,5923,0.39516797848893875,0.015838525935468632,0.22851565763698345,0.6473816216145887,a=0.3294;b=-0.118
d5_at_q4_7/X/r110,5,q4_7,X,110,mwpm_gap,si1000,isotonic,15000,5923,0.3952824006742843,0.008071312911216114,0.22831653932912485,0.6468190533068631,steps=69
d5_at_q4_7/X/r110,5,q4_7,X,110,mwpm_gap,rl,raw,15000,5867,0.25477906997899447,0.13821979997940784,0.25172362397568404,0.731394025547696,
d5_at_q4_7/X/r110,5,q4_7,X,110,mwpm_gap,rl,temperature,15000,5867,0.38223438990701747,0.02179950879820291,0.22837742596379576,0.6470944364176656,T=2.683
d5_at_q4_7/X/r110,5,q4_7,X,110,mwpm_gap,rl,platt,15000,5867,0.39043800483247687,0.017845386381336967,0.22824086192317167,0.6466872532353505,a=0.4152;b=-0.08742
d5_at_q4_7/X/r110,5,q4_7,X,110,mwpm_gap,rl,isotonic,15000,5867,0.39027835599358257,0.00735573483572301,0.22786656255552218,0.6457230615469627,steps=81
d5_at_q4_7/X/r130,5,q4_7,X,130,mwpm_gap,si1000,raw,15000,6160,0.23048463342589626,0.1801820332407704,0.2730404845326344,0.8207932538589252,
d5_at_q4_7/X/r130,5,q4_7,X,130,mwpm_gap,si1000,temperature,15000,6160,0.40020704255385525,0.019879187503228948,0.23383451289110743,0.6592475365110554,T=3.839
d5_at_q4_7/X/r130,5,q4_7,X,130,mwpm_gap,si1000,platt,15000,6160,0.41297843522337024,0.012626806413307984,0.2335674750232464,0.6585903675218353,a=0.3126;b=-0.1318
d5_at_q4_7/X/r130,5,q4_7,X,130,mwpm_gap,si1000,isotonic,15000,6160,0.4129967117028096,0.007726103484893526,0.2335235156835233,0.6589413933254026,steps=67
d5_at_q4_7/X/r130,5,q4_7,X,130,mwpm_gap,rl,raw,15000,6067,0.26487017482566466,0.13959649184100206,0.2560552433065901,0.7417261711826839,
d5_at_q4_7/X/r130,5,q4_7,X,130,mwpm_gap,rl,temperature,15000,6067,0.3944059082546877,0.015294472923082664,0.2323692057042245,0.6560900104848103,T=2.839
d5_at_q4_7/X/r130,5,q4_7,X,130,mwpm_gap,rl,platt,15000,6067,0.40483099088901386,0.010502269435416562,0.23218622104980532,0.655637240976016,a=0.4063;b=-0.1075
d5_at_q4_7/X/r130,5,q4_7,X,130,mwpm_gap,rl,isotonic,15000,6067,0.40450897575047323,0.010225069302306086,0.2323484419448426,0.6564087468200364,steps=72
d5_at_q4_7/X/r150,5,q4_7,X,150,mwpm_gap,si1000,raw,15000,6392,0.24455098265992992,0.18158235067340342,0.2784867288760003,0.8218564755250025,
d5_at_q4_7/X/r150,5,q4_7,X,150,mwpm_gap,si1000,temperature,15000,6392,0.4187103719055513,0.022181699601562913,0.2378312048471212,0.6678178864201793,T=4.362
d5_at_q4_7/X/r150,5,q4_7,X,150,mwpm_gap,si1000,platt,15000,6392,0.42923367987598865,0.015515246270485282,0.23749433990393504,0.6670156837291221,a=0.2742;b=-0.1063
d5_at_q4_7/X/r150,5,q4_7,X,150,mwpm_gap,si1000,isotonic,15000,6392,0.42897415994509625,0.009748289943907501,0.2372197446740833,0.6662866005197038,steps=54
d5_at_q4_7/X/r150,5,q4_7,X,150,mwpm_gap,rl,raw,15000,6253,0.2795222166004005,0.13734445006626617,0.26115293050933924,0.7473450756288107,
d5_at_q4_7/X/r150,5,q4_7,X,150,mwpm_gap,rl,temperature,15000,6253,0.41427837148306645,0.017074678101982765,0.23654256602559998,0.6650825157869512,T=3.235
d5_at_q4_7/X/r150,5,q4_7,X,150,mwpm_gap,rl,platt,15000,6253,0.42325627946237765,0.02094429262327328,0.2364552609460322,0.664797892121385,a=0.358;b=-0.09048
d5_at_q4_7/X/r150,5,q4_7,X,150,mwpm_gap,rl,isotonic,15000,6253,0.422878306651982,0.013687598300739229,0.23633375643070612,0.664319574821247,steps=53
d5_at_q4_7/X/r170,5,q4_7,X,170,mwpm_gap,si1000,raw,15000,6666,0.2673817055047888,0.1799352323384263,0.28476361668648204,0.8286828582437142,
d5_at_q4_7/X/r170,5,q4_7,X,170,mwpm_gap,si1000,temperature,15000,6666,0.435947453506025,0.018971907434453424,0.2432819760650628,0.6793304975808387,T=4.853
d5_at_q4_7/X/r170,5,q4_7,X,170,mwpm_gap,si1000,platt,15000,6666,0.45030241033605534,0.018998434281108676,0.24332204660105303,0.6793434442801639,a=0.2701;b=-0.1371
d5_at_q4_7/X/r170,5,q4_7,X,170,mwpm_gap,si1000,isotonic,15000,6666,0.45018148575156947,0.01648156204798773,0.2430852659433835,0.6794127909271623,steps=46
d5_at_q4_7/X/r170,5,q4_7,X,170,mwpm_gap,rl,raw,15000,6651,0.30185255800839655,0.14154744199160343,0.26928325809757747,0.761562637668693,
d5_at_q4_7/X/r170,5,q4_7,X,170,mwpm_gap,rl,temperature,15000,6651,0.4366153642907941,0.019265823664822927,0.24259570058785068,0.6779072735424789,T=3.841
d5_at_q4_7/X/r170,5,q4_7,X,170,mwpm_gap,rl,platt,15000,6651,0.4479636447292906,0.016257266266534606,0.24245705278346188,0.6775585643521866,a=0.3234;b=-0.1069
d5_at_q4_7/X/r170,5,q4_7,X,170,mwpm_gap,rl,isotonic,15000,6651,0.44819513849230097,0.009566567652605096,0.24241725496942845,0.6783786016667486,steps=52
d5_at_q4_7/X/r190,5,q4_7,X,190,mwpm_gap,si1000,raw,15000,6932,0.28546880540987546,0.1777408927591456,0.2877970893028798,0.8233776421901926,
d5_at_q4_7/X/r190,5,q4_7,X,190,mwpm_gap,si1000,temperature,15000,6932,0.45511147630203475,0.016495356386371323,0.2461823275575265,0.685366126751013,T=6.169
d5_at_q4_7/X/r190,5,q4_7,X,190,mwpm_gap,si1000,platt,15000,6932,0.46183333173321856,0.01352412388442146,0.24602351571633613,0.6850204346406468,a=0.1932;b=-0.0614
d5_at_q4_7/X/r190,5,q4_7,X,190,mwpm_gap,si1000,isotonic,15000,6932,0.46190443469165987,0.010871397511181474,0.24577321186613688,0.6843695747583078,steps=38
d5_at_q4_7/X/r190,5,q4_7,X,190,mwpm_gap,rl,raw,15000,6869,0.3199540037468644,0.13797932958646897,0.27200086435701815,0.7622474628466487,
d5_at_q4_7/X/r190,5,q4_7,X,190,mwpm_gap,rl,temperature,15000,6869,0.45342565327176976,0.015896317663162046,0.2457240078380019,0.6844381120286526,T=4.619
d5_at_q4_7/X/r190,5,q4_7,X,190,mwpm_gap,rl,platt,15000,6869,0.45906051692497485,0.014539167689317371,0.24562197010256412,0.6842137365093187,a=0.2489;b=-0.05049
d5_at_q4_7/X/r190,5,q4_7,X,190,mwpm_gap,rl,isotonic,15000,6869,0.459307312545492,0.013126891663756912,0.24560063042656824,0.6846872951575207,steps=57
d5_at_q4_7/X/r210,5,q4_7,X,210,mwpm_gap,si1000,raw,15000,6922,0.28436630335541097,0.17710036331125575,0.28793073754712933,0.8265705295940071,
d5_at_q4_7/X/r210,5,q4_7,X,210,mwpm_gap,si1000,temperature,15000,6922,0.45267615497153324,0.02146936860434466,0.24604618668331943,0.6850883821860648,T=5.92
d5_at_q4_7/X/r210,5,q4_7,X,210,mwpm_gap,si1000,platt,15000,6922,0.4601835825974282,0.01747518175088269,0.24588103659065227,0.6847312961951606,a=0.2041;b=-0.06947
d5_at_q4_7/X/r210,5,q4_7,X,210,mwpm_gap,si1000,isotonic,15000,6922,0.459856272083665,0.011527661947066736,0.24570304158380057,0.6843158123779391,steps=48
d5_at_q4_7/X/r210,5,q4_7,X,210,mwpm_gap,rl,raw,15000,6948,0.3175906178799088,0.14560938212009125,0.27549209216938936,0.7721043502278675,
d5_at_q4_7/X/r210,5,q4_7,X,210,mwpm_gap,rl,temperature,15000,6948,0.44903510506936717,0.020607775236466216,0.2463067812389508,0.6855853052099301,T=4.305
d5_at_q4_7/X/r210,5,q4_7,X,210,mwpm_gap,rl,platt,15000,6948,0.45744402589329225,0.017606211449352607,0.2461390648387147,0.6852194481576692,a=0.2825;b=-0.07779
d5_at_q4_7/X/r210,5,q4_7,X,210,mwpm_gap,rl,isotonic,15000,6948,0.4569248190717358,0.01315389326982382,0.2459553721094767,0.6847926277828037,steps=57
d5_at_q4_7/X/r230,5,q4_7,X,230,mwpm_gap,si1000,raw,15000,7071,0.2972728458800076,0.1741271541199924,0.28909530662048194,0.8211615358697032,
d5_at_q4_7/X/r230,5,q4_7,X,230,mwpm_gap,si1000,temperature,15000,7071,0.46156812981187,0.01752675705902757,0.24749250642726356,0.6880450177986526,T=6.697
d5_at_q4_7/X/r230,5,q4_7,X,230,mwpm_gap,si1000,platt,15000,7071,0.46861657697315373,0.01756974433137034,0.24733524520407707,0.6877082553304322,a=0.1832;b=-0.06312
d5_at_q4_7/X/r230,5,q4_7,X,230,mwpm_gap,si1000,isotonic,15000,7071,0.4684782665121406,0.010293112111722692,0.24730248244354291,0.6876740732718511,steps=51
d5_at_q4_7/X/r230,5,q4_7,X,230,mwpm_gap,rl,raw,15000,7038,0.32919172724543144,0.14000827275456862,0.2740575334429224,0.7633704234433358,
d5_at_q4_7/X/r230,5,q4_7,X,230,mwpm_gap,rl,temperature,15000,7038,0.45878409608450893,0.018700801526858005,0.24702028870829393,0.6870655330852857,T=4.894
d5_at_q4_7/X/r230,5,q4_7,X,230,mwpm_gap,rl,platt,15000,7038,0.4663025581493273,0.0164328289671442,0.24682608411664564,0.686645538680409,a=0.2505;b=-0.06738
d5_at_q4_7/X/r230,5,q4_7,X,230,mwpm_gap,rl,isotonic,15000,7038,0.46645778275448213,0.011082880997294563,0.24676467644233344,0.6874631184216167,steps=39
d5_at_q4_7/X/r250,5,q4_7,X,250,mwpm_gap,si1000,raw,15000,7103,0.30187183157800374,0.1716615017553296,0.2877138105588147,0.8163124461535409,
d5_at_q4_7/X/r250,5,q4_7,X,250,mwpm_gap,si1000,temperature,15000,7103,0.4622529503063735,0.013054513434608195,0.2477962849793467,0.6886786942758273,T=6.59
d5_at_q4_7/X/r250,5,q4_7,X,250,mwpm_gap,si1000,platt,15000,7103,0.4701787327884791,0.009681224950077593,0.24763667145806667,0.6883457178333131,a=0.1918;b=-0.07153
d5_at_q4_7/X/r250,5,q4_7,X,250,mwpm_gap,si1000,isotonic,15000,7103,0.4699997095765896,0.014332532682456043,0.2476555641313562,0.6883342539810091,steps=40
d5_at_q4_7/X/r250,5,q4_7,X,250,mwpm_gap,rl,raw,15000,7092,0.3345745063904292,0.13822549360957076,0.27450695290686805,0.7650546272737385,
d5_at_q4_7/X/r250,5,q4_7,X,250,mwpm_gap,rl,temperature,15000,7092,0.45790854460562036,0.014891455394379697,0.24778870239444567,0.6886595711698749,T=4.605
d5_at_q4_7/X/r250,5,q4_7,X,250,mwpm_gap,rl,platt,15000,7092,0.4651357260571975,0.013060545499732306,0.2476448525633217,0.688365619617183,a=0.2626;b=-0.06419
d5_at_q4_7/X/r250,5,q4_7,X,250,mwpm_gap,rl,isotonic,15000,7092,0.46503653569846404,0.012873148748454065,0.24770051255247383,0.6900688878525268,steps=52
d5_at_q4_7/Z/r01,5,q4_7,Z,1,mwpm_gap,si1000,raw,15000,22,0.0008539984235389665,0.0006128860138133912,0.0011260627003317433,0.0046103343818014045,
d5_at_q4_7/Z/r01,5,q4_7,Z,1,mwpm_gap,si1000,temperature,15000,22,0.0014062408524513313,6.654462653378302e-05,0.0011036666742843724,0.004365021108572278,T=1.301
d5_at_q4_7/Z/r01,5,q4_7,Z,1,mwpm_gap,si1000,platt,15000,22,0.0013861452770564109,8.75723020521661e-05,0.0011074778873341885,0.00437440168602416,a=0.7543;b=0.06394
d5_at_q4_7/Z/r01,5,q4_7,Z,1,mwpm_gap,si1000,isotonic,15000,22,0.0014995671573306449,3.290049066397811e-05,0.0012133616387477232,0.0047392113419943375,steps=17
d5_at_q4_7/Z/r01,5,q4_7,Z,1,mwpm_gap,rl,raw,15000,23,0.001072494173606313,0.00046197157780523686,0.001160771478479184,0.004239208757799313,
d5_at_q4_7/Z/r01,5,q4_7,Z,1,mwpm_gap,rl,temperature,15000,23,0.0015092205551869116,3.2576170320152914e-05,0.001140138848722403,0.004230805360583682,T=1.19
d5_at_q4_7/Z/r01,5,q4_7,Z,1,mwpm_gap,rl,platt,15000,23,0.0012761512580682342,0.0002831021948910183,0.0012029219491684515,0.004416591295791497,a=0.7074;b=0.5845
d5_at_q4_7/Z/r01,5,q4_7,Z,1,mwpm_gap,rl,isotonic,15000,23,0.001344068267516168,0.00022926306591716062,0.001223114925561714,0.004868742783780791,steps=17
d5_at_q4_7/Z/r01,5,q4_7,Z,1,exact,si1000,raw,15000,22,0.0009320583177400419,0.0005352555554260771,0.0011181336714368329,0.00439703200544702,
d5_at_q4_7/Z/r01,5,q4_7,Z,1,exact,si1000,temperature,15000,22,0.0014092897617461987,6.554791505981334e-05,0.0011000015500562247,0.004277468353337503,T=1.234
d5_at_q4_7/Z/r01,5,q4_7,Z,1,exact,si1000,platt,15000,22,0.0013971808497192399,7.847151609319082e-05,0.0011025626542387082,0.004285468767771918,a=0.8;b=0.04269
d5_at_q4_7/Z/r01,5,q4_7,Z,1,exact,si1000,isotonic,15000,22,0.0014532939316753426,5.8370485103818143e-05,0.0011328937890870692,0.00434894071010091,steps=15
d5_at_q4_7/Z/r01,5,q4_7,Z,1,exact,rl,raw,15000,23,0.0012050747412050062,0.0003307730382337772,0.0011507986197810474,0.004178141435920147,
d5_at_q4_7/Z/r01,5,q4_7,Z,1,exact,rl,temperature,15000,23,0.0015381151001127905,5.357187314092721e-06,0.0011376866903457516,0.004209335922638403,T=1.133
d5_at_q4_7/Z/r01,5,q4_7,Z,1,exact,rl,platt,15000,23,0.0013066964367472456,0.0002546862601869943,0.0011965670112471885,0.004382450696418505,a=0.7522;b=0.552
d5_at_q4_7/Z/r01,5,q4_7,Z,1,exact,rl,isotonic,15000,23,0.0012433506215758804,0.0003299807118574481,0.0011635947215304654,0.0045981289284091125,steps=10
d5_at_q4_7/Z/r01,5,q4_7,Z,1,bm_gap,rl,raw,15000,22,0.00021522702183558853,0.0012514396448310785,0.0012899474805469775,0.008177583787909642,
d5_at_q4_7/Z/r01,5,q4_7,Z,1,bm_gap,rl,temperature,15000,22,0.0016092298048866578,0.0001425631382199909,0.001146957484587464,0.004403740483139524,T=3.036
d5_at_q4_7/Z/r01,5,q4_7,Z,1,bm_gap,rl,platt,15000,22,0.0014512199908883559,1.631740077896923e-05,0.0011653364455937833,0.004438259438298746,a=0.2858;b=0.4094
d5_at_q4_7/Z/r01,5,q4_7,Z,1,bm_gap,rl,isotonic,15000,22,0.0014029913931064505,0.00010367327366021109,0.0011644255608142286,0.004969897830906763,steps=16
d5_at_q4_7/Z/r10,5,q4_7,Z,10,mwpm_gap,si1000,raw,15000,646,0.0230032637943549,0.020064046567277387,0.03347835175947883,0.1315291064780651,
d5_at_q4_7/Z/r10,5,q4_7,Z,10,mwpm_gap,si1000,temperature,15000,646,0.04163934324253162,0.001626190825568536,0.0322334777099429,0.11392004127066077,T=1.591
d5_at_q4_7/Z/r10,5,q4_7,Z,10,mwpm_gap,si1000,platt,15000,646,0.041988027730034856,0.0012256083326163529,0.03222252828743284,0.11391428133664014,a=0.6354;b=-0.0306
d5_at_q4_7/Z/r10,5,q4_7,Z,10,mwpm_gap,si1000,isotonic,15000,646,0.04195719569528779,0.0017385527251900885,0.03215224881412221,0.11409336407020715,steps=66
d5_at_q4_7/Z/r10,5,q4_7,Z,10,mwpm_gap,rl,raw,15000,601,0.028711058801451517,0.011362781974844931,0.03124135225838895,0.11674411556828185,
d5_at_q4_7/Z/r10,5,q4_7,Z,10,mwpm_gap,rl,temperature,15000,601,0.04048052444056607,0.002675467982421349,0.030953431594585964,0.11106560343482533,T=1.297
d5_at_q4_7/Z/r10,5,q4_7,Z,10,mwpm_gap,rl,platt,15000,601,0.041123426726275406,0.0034915607885681265,0.030971791241511705,0.1111610489718669,a=0.7875;b=-0.05806
d5_at_q4_7/Z/r10,5,q4_7,Z,10,mwpm_gap,rl,isotonic,15000,601,0.04111990398376353,0.00475719429985506,0.03118402664377805,0.1119863399688841,steps=70
d5_at_q4_7/Z/r10,5,q4_7,Z,10,bm_gap,rl,raw,15000,419,0.00994560469310585,0.01798772864497603,0.02302310178660224,0.1257717210157186,
d5_at_q4_7/Z/r10,5,q4_7,Z,10,bm_gap,rl,temperature,15000,419,0.031158459095660805,0.005028547154027603,0.021411875835242143,0.07795697930657593,T=2.746
d5_at_q4_7/Z/r10,5,q4_7,Z,10,bm_gap,rl,platt,15000,419,0.02841686907448735,0.0018916852547726805,0.02141482327898094,0.07760185062839875,a=0.3235;b=0.306
d5_at_q4_7/Z/r10,5,q4_7,Z,10,bm_gap,rl,isotonic,15000,419,0.028546945622645294,0.0031839394547365915,0.02138607766957148,0.07749852229138696,steps=61
d5_at_q4_7/Z/r30,5,q4_7,Z,30,mwpm_gap,si1000,raw,15000,1987,0.06759632360629075,0.06487034306037591,0.10045942226212837,0.3604908655933702,
d5_at_q4_7/Z/r30,5,q4_7,Z,30,mwpm_gap,si1000,temperature,15000,1987,0.1291362248230401,0.009320940091686233,0.09392105400878693,0.30365354284337337,T=1.856
d5_at_q4_7/Z/r30,5,q4_7,Z,30,mwpm_gap,si1000,platt,15000,1987,0.13219445170568636,0.005945400868894877,0.09382307383002382,0.30336496394284806,a=0.562;b=-0.0913
d5_at_q4_7/Z/r30,5,q4_7,Z,30,mwpm_gap,si1000,isotonic,15000,1987,0.13233408478702555,0.009827722922458917,0.09401851590563334,0.30450681538658,steps=90
d5_at_q4_7/Z/r30,5,q4_7,Z,30,mwpm_gap,rl,raw,15000,1900,0.08328283472076843,0.04338383194589824,0.09411089062947693,0.3177847809947045,
d5_at_q4_7/Z/r30,5,q4_7,Z,30,mwpm_gap,rl,temperature,15000,1900,0.12657122750403246,0.005975038983836857,0.0911852790574655,0.29609989640430073,T=1.496
d5_at_q4_7/Z/r30,5,q4_7,Z,30,mwpm_gap,rl,platt,15000,1900,0.1284807282434248,0.005208483341612471,0.09117665722860369,0.2960246387434118,a=0.686;b=-0.05717
d5_at_q4_7/Z/r30,5,q4_7,Z,30,mwpm_gap,rl,isotonic,15000,1900,0.1286221163959452,0.006039252629048976,0.09125954774603962,0.2964813662443499,steps=80
d5_at_q4_7/Z/r30,5,q4_7,Z,30,bm_gap,rl,raw,15000,1223,0.029569943948656092,0.05196338938467724,0.06696331511101268,0.33633984562225877,
d5_at_q4_7/Z/r30,5,q4_7,Z,30,bm_gap,rl,temperature,15000,1223,0.08557440229127106,0.008357920183767303,0.06085304392033518,0.2111375168634541,T=2.741
d5_at_q4_7/Z/r30,5,q4_7,Z,30,bm_gap,rl,platt,15000,1223,0.08222808167965974,0.008629866788020744,0.060830724287888584,0.21052277519217935,a=0.3429;b=0.1406
d5_at_q4_7/Z/r30,5,q4_7,Z,30,bm_gap,rl,isotonic,15000,1223,0.08221129515606598,0.00518022581971071,0.06081710508242957,0.2094983909836813,steps=79
d5_at_q4_7/Z/r50,5,q4_7,Z,50,mwpm_gap,si1000,raw,15000,2772,0.09980060953626071,0.08499939046373928,0.1386301204166785,0.47390667672107684,
d5_at_q4_7/Z/r50,5,q4_7,Z,50,mwpm_gap,si1000,temperature,15000,2772,0.1830334859243,0.009242363939361653,0.12884907865205758,0.402211053463011,T=1.941
d5_at_q4_7/Z/r50,5,q4_7,Z,50,mwpm_gap,si1000,platt,15000,2772,0.19030409417426974,0.00993405950115931,0.12893150352681534,0.4022248705007136,a=0.5603;b=-0.1573
d5_at_q4_7/Z/r50,5,q4_7,Z,50,mwpm_gap,si1000,isotonic,15000,2772,0.19035916056323557,0.013998013018269237,0.1292251250640652,0.4032399302801543,steps=80
d5_at_q4_7/Z/r50,5,q4_7,Z,50,mwpm_gap,rl,raw,15000,2771,0.11938941816291539,0.06534391517041797,0.13327167366155915,0.43185410341214725,
d5_at_q4_7/Z/r50,5,q4_7,Z,50,mwpm_gap,rl,temperature,15000,2771,0.17850214869914308,0.009838565004912194,0.12788204027247535,0.39931245577717817,T=1.56
d5_at_q4_7/Z/r50,5,q4_7,Z,50,mwpm_gap,rl,platt,15000,2771,0.18337318223244972,0.005800163211508147,0.12778256608737917,0.39900023464251694,a=0.6788;b=-0.1079
d5_at_q4_7/Z/r50,5,q4_7,Z,50,mwpm_gap,rl,isotonic,15000,2771,0.18334316104927476,0.002930419114907173,0.12804219174165427,0.40074792292812367,steps=92
d5_at_q4_7/Z/r50,5,q4_7,Z,50,bm_gap,rl,raw,15000,1845,0.045303562384907056,0.07769643761509294,0.09948410727133994,0.4646136521404121,
d5_at_q4_7/Z/r50,5,q4_7,Z,50,bm_gap,rl,temperature,15000,1845,0.12499948496516128,0.009214641935317406,0.0889999859230742,0.29520022964882664,T=2.809
d5_at_q4_7/Z/r50,5,q4_7,Z,50,bm_gap,rl,platt,15000,1845,0.11906510737060115,0.013245268586819564,0.08913128231592829,0.2947968556407199,a=0.3278;b=0.1705
d5_at_q4_7/Z/r50,5,q4_7,Z,50,bm_gap,rl,isotonic,15000,1845,0.1193874728442301,0.00589983726135128,0.08902906774527546,0.2935578595630955,steps=102
d5_at_q4_7/Z/r70,5,q4_7,Z,70,mwpm_gap,si1000,raw,15000,3894,0.1393257803653292,0.12027421963467078,0.1876003281971466,0.615541129872166,
d5_at_q4_7/Z/r70,5,q4_7,Z,70,mwpm_gap,si1000,temperature,15000,3894,0.2506789305749698,0.014780621172982965,0.17041177073900096,0.5108840725589883,T=2.193
d5_at_q4_7/Z/r70,5,q4_7,Z,70,mwpm_gap,si1000,platt,15000,3894,0.2571607104277778,0.012959146731102657,0.17025148800689943,0.5104727202707567,a=0.4883;b=-0.1034
d5_at_q4_7/Z/r70,5,q4_7,Z,70,mwpm_gap,si1000,isotonic,15000,3894,0.25723920715489684,0.014967135808720508,0.17032661827649404,0.5111897468371978,steps=79
d5_at_q4_7/Z/r70,5,q4_7,Z,70,mwpm_gap,rl,raw,15000,3855,0.16362583138844736,0.09337416861155265,0.17795003666601156,0.555574017430541,
d5_at_q4_7/Z/r70,5,q4_7,Z,70,mwpm_gap,rl,temperature,15000,3855,0.24719359284209816,0.014494379712468827,0.16820835511747645,0.505350794823066,T=1.763
d5_at_q4_7/Z/r70,5,q4_7,Z,70,mwpm_gap,rl,platt,15000,3855,0.25047324328051357,0.010991457498422697,0.1680544699811862,0.5049849609784095,a=0.5874;b=-0.05272
d5_at_q4_7/Z/r70,5,q4_7,Z,70,mwpm_gap,rl,isotonic,15000,3855,0.2508173494269937,0.013728949160923527,0.16802988020164317,0.5053754973104114,steps=86
d5_at_q4_7/Z/r90,5,q4_7,Z,90,mwpm_gap,si1000,raw,15000,5374,0.19673036957354184,0.16153629709312478,0.2430016659665704,0.7469485842251645,
d5_at_q4_7/Z/r90,5,q4_7,Z,90,mwpm_gap,si1000,temperature,15000,5374,0.33834756256147175,0.026111075752365685,0.21345074900496588,0.6129588640418551,T=2.732
d5_at_q4_7/Z/r90,5,q4_7,Z,90,mwpm_gap,si1000,platt,15000,5374,0.3519011646271705,0.015098080651894665,0.21281727847987908,0.6114354583685141,a=0.4255;b=-0.1623
d5_at_q4_7/Z/r90,5,q4_7,Z,90,mwpm_gap,si1000,isotonic,15000,5374,0.3517706944346733,0.008013215311098693,0.2126635596825452,0.6114839583356092,steps=74
d5_at_q4_7/Z/r90,5,q4_7,Z,90,mwpm_gap,rl,raw,15000,5142,0.22098610789227038,0.12181389210772962,0.2279544449016525,0.6782995954299923,
d5_at_q4_7/Z/r90,5,q4_7,Z,90,mwpm_gap,rl,temperature,15000,5142,0.332026186430364,0.018144171435123903,0.20999765719376534,0.6053644650618077,T=2.179
d5_at_q4_7/Z/r90,5,q4_7,Z,90,mwpm_gap,rl,platt,15000,5142,0.3424973209265006,0.01629056191421961,0.20988440491018065,0.6049499295677245,a=0.5144;b=-0.1263
d5_at_q4_7/Z/r90,5,q4_7,Z,90,mwpm_gap,rl,isotonic,15000,5142,0.3423179416095499,0.012416597847352518,0.20951141496979314,0.606340161968324,steps=74
d5_at_q4_7/Z/r110,5,q4_7,Z,110,mwpm_gap,si1000,raw,15000,5161,0.192767113064789,0.1512995536018777,0.2366963810095979,0.732934982503942,
d5_at_q4_7/Z/r110,5,q4_7,Z,110,mwpm_gap,si1000,temperature,15000,5161,0.33545825011170793,0.015177821208859198,0.21022539390788098,0.6063167488297607,T=2.715
d5_at_q4_7/Z/r110,5,q4_7,Z,110,mwpm_gap,si1000,platt,15000,5161,0.3451949532602501,0.008710705379036237,0.21002120293814222,0.6057142813845912,a=0.4117;b=-0.1193
d5_at_q4_7/Z/r110,5,q4_7,Z,110,mwpm_gap,si1000,isotonic,15000,5161,0.3454476938008949,0.0050124093367909985,0.2101344520038454,0.6061159141678907,steps=80
d5_at_q4_7/Z/r110,5,q4_7,Z,110,mwpm_gap,rl,raw,15000,5029,0.21824149293237158,0.11702517373429511,0.22591895127067488,0.6757086889392679,
d5_at_q4_7/Z/r110,5,q4_7,Z,110,mwpm_gap,rl,temperature,15000,5029,0.3304899748399433,0.014124300315729938,0.20897950967436804,0.6036300432242767,T=2.176
d5_at_q4_7/Z/r110,5,q4_7,Z,110,mwpm_gap,rl,platt,15000,5029,0.3369274388379057,0.014306390473299131,0.20900995606059095,0.6035831157358938,a=0.495;b=-0.08025
d5_at_q4_7/Z/r110,5,q4_7,Z,110,mwpm_gap,rl,isotonic,15000,5029,0.33654833922088984,0.009280890159821418,0.20888033676692241,0.6039897601858965,steps=74
d5_at_q4_7/Z/r130,5,q4_7,Z,130,mwpm_gap,si1000,raw,15000,5680,0.21300443592876467,0.16566223073790204,0.2555186377980557,0.7684701479583611,
d5_at_q4_7/Z/r130,5,q4_7,Z,130,mwpm_gap,si1000,temperature,15000,5680,0.372174642418846,0.022169765195491832,0.22273279829207446,0.6343663344538139,T=3.213
d5_at_q4_7/Z/r130,5,q4_7,Z,130,mwpm_gap,si1000,platt,15000,5680,0.3875314650827841,0.018452894636556343,0.2224320429193555,0.6333004897469097,a=0.3788;b=-0.1743
d5_at_q4_7/Z/r130,5,q4_7,Z,130,mwpm_gap,si1000,isotonic,15000,5680,0.3876010338646172,0.012134210208949076,0.22222316506111559,0.6324348608234086,steps=61
d5_at_q4_7/Z/r130,5,q4_7,Z,130,mwpm_gap,rl,raw,15000,5609,0.2410322288232454,0.1329011045100879,0.24145780689973714,0.7033603163840646,
d5_at_q4_7/Z/r130,5,q4_7,Z,130,mwpm_gap,rl,temperature,15000,5609,0.36701097034157937,0.025082455189935536,0.22058166685243477,0.6295311578402683,T=2.53
d5_at_q4_7/Z/r130,5,q4_7,Z,130,mwpm_gap,rl,platt,15000,5609,0.3811023327577889,0.021077244603748692,0.22020885015204458,0.628357019045407,a=0.4706;b=-0.1597
d5_at_q4_7/Z/r130,5,q4_7,Z,130,mwpm_gap,rl,isotonic,15000,5609,0.38096140532769024,0.011176593833897738,0.21978178910307966,0.6269870007925827,steps=72
d5_at_q4_7/Z/r150,5,q4_7,Z,150,mwpm_gap,si1000,raw,15000,5850,0.2290909305289415,0.1609090694710585,0.25991158972068334,0.7771869183333251,
d5_at_q4_7/Z/r150,5,q4_7,Z,150,mwpm_gap,si1000,temperature,15000,5850,0.38338242173327514,0.018019018896730774,0.2280996029794397,0.6466690875062578,T=3.234
d5_at_q4_7/Z/r150,5,q4_7,Z,150,mwpm_gap,si1000,platt,15000,5850,0.3926181965905083,0.01559559540590695,0.22796733030991229,0.6462667689250327,a=0.3498;b=-0.0992
d5_at_q4_7/Z/r150,5,q4_7,Z,150,mwpm_gap,si1000,isotonic,15000,5850,0.39241305155630324,0.00932636254491047,0.227896317334696,0.6464879807315782,steps=66
d5_at_q4_7/Z/r150,5,q4_7,Z,150,mwpm_gap,rl,raw,15000,5814,0.25459968822850837,0.1330003117714916,0.24849151199894365,0.7213008904109202,
d5_at_q4_7/Z/r150,5,q4_7,Z,150,mwpm_gap,rl,temperature,15000,5814,0.3780166981717876,0.01829186601207725,0.2270900868642723,0.6444451162780257,T=2.556
d5_at_q4_7/Z/r150,5,q4_7,Z,150,mwpm_gap,rl,platt,15000,5814,0.3892080131638478,0.012804069342626135,0.22691518054304335,0.6439535204823665,a=0.4513;b=-0.1212
d5_at_q4_7/Z/r150,5,q4_7,Z,150,mwpm_gap,rl,isotonic,15000,5814,0.389078460336264,0.008707633164203256,0.22692352748553768,0.6439410619363132,steps=76
d5_at_q4_7/Z/r170,5,q4_7,Z,170,mwpm_gap,si1000,raw,15000,6224,0.24028498579029828,0.17464834754303502,0.2704465965241515,0.7975237959079952,
d5_at_q4_7/Z/r170,5,q4_7,Z,170,mwpm_gap,si1000,temperature,15000,6224,0.394939574790959,0.02593586155879816,0.23435441325731238,0.6601760805366748,T=3.364
d5_at_q4_7/Z/r170,5,q4_7,Z,170,mwpm_gap,si1000,platt,15000,6224,0.4026418259519048,0.01692415932036694,0.23395752849003681,0.6593009998715468,a=0.3336;b=-0.0828
d5_at_q4_7/Z/r170,5,q4_7,Z,170,mwpm_gap,si1000,isotonic,15000,6224,0.4027656623328156,0.017088647742952236,0.23396983621790182,0.6592998486550591,steps=68
d5_at_q4_7/Z/r170,5,q4_7,Z,170,mwpm_gap,rl,raw,15000,6086,0.2672270212211569,0.13850631211217648,0.25627107756148415,0.7368784496687785,
d5_at_q4_7/Z/r170,5,q4_7,Z,170,mwpm_gap,rl,temperature,15000,6086,0.39312998723656434,0.020874331138655722,0.23268222190959792,0.6566547141235987,T=2.735
d5_at_q4_7/Z/r170,5,q4_7,Z,170,mwpm_gap,rl,platt,15000,6086,0.4046757867023509,0.016265069958973505,0.2324558097797511,0.6560875424028537,a=0.4318;b=-0.1243
d5_at_q4_7/Z/r170,5,q4_7,Z,170,mwpm_gap,rl,isotonic,15000,6086,0.40472938494501165,0.010772319707815793,0.23233764465609869,0.6564593250946372,steps=72
d5_at_q4_7/Z/r190,5,q4_7,Z,190,mwpm_gap,si1000,raw,15000,6570,0.26878402671289003,0.1692159732871099,0.2752163460976319,0.7954958671602539,
d5_at_q4_7/Z/r190,5,q4_7,Z,190,mwpm_gap,si1000,temperature,15000,6570,0.42813280661277564,0.019948860217248246,0.24046047635590895,0.673440108653033,T=4.219
d5_at_q4_7/Z/r190,5,q4_7,Z,190,mwpm_gap,si1000,platt,15000,6570,0.4404025141885708,0.011745994701017877,0.24005521034729912,0.6725416194543974,a=0.2938;b=-0.1182
d5_at_q4_7/Z/r190,5,q4_7,Z,190,mwpm_gap,si1000,isotonic,15000,6570,0.44062651382742746,0.01124745275283921,0.2401277836386097,0.6726264363795303,steps=54
d5_at_q4_7/Z/r190,5,q4_7,Z,190,mwpm_gap,rl,raw,15000,6437,0.2934321051348444,0.13570122819848893,0.2650522372513719,0.7520508939773626,
d5_at_q4_7/Z/r190,5,q4_7,Z,190,mwpm_gap,rl,temperature,15000,6437,0.42390724089578796,0.018839494120635108,0.24031585710626757,0.6731428403221247,T=3.321
d5_at_q4_7/Z/r190,5,q4_7,Z,190,mwpm_gap,rl,platt,15000,6437,0.43267217467394137,0.01782703739637773,0.24029233563166333,0.673046849124565,a=0.3507;b=-0.08548
d5_at_q4_7/Z/r190,5,q4_7,Z,190,mwpm_gap,rl,isotonic,15000,6437,0.43306376178978073,0.007381187163625824,0.240098462307843,0.6725898623071487,steps=61
d5_at_q4_7/Z/r210,5,q4_7,Z,210,mwpm_gap,si1000,raw,15000,6648,0.2712132448735652,0.17198675512643483,0.2808761769960796,0.8106375508787302,
d5_at_q4_7/Z/r210,5,q4_7,Z,210,mwpm_gap,si1000,temperature,15000,6648,0.4292571487061243,0.02283878815970621,0.2425657618706388,0.6777615027442326,T=4.234
d5_at_q4_7/Z/r210,5,q4_7,Z,210,mwpm_gap,si1000,platt,15000,6648,0.4365011453825535,0.018286415612662154,0.24237650167190553,0.6773338283368773,a=0.2701;b=-0.06983
d5_at_q4_7/Z/r210,5,q4_7,Z,210,mwpm_gap,si1000,isotonic,15000,6648,0.43648754251264094,0.011964629739296162,0.24232797363424355,0.6771638171707961,steps=46
d5_at_q4_7/Z/r210,5,q4_7,Z,210,mwpm_gap,rl,raw,15000,6652,0.29670023225379083,0.1467664344128758,0.2690212303183238,0.7614479801470511,
d5_at_q4_7/Z/r210,5,q4_7,Z,210,mwpm_gap,rl,temperature,15000,6652,0.424906719908573,0.022715915537766175,0.2420526791821876,0.6766830708040226,T=3.311
d5_at_q4_7/Z/r210,5,q4_7,Z,210,mwpm_gap,rl,platt,15000,6652,0.4337488122235003,0.011556122569733956,0.24173819631416632,0.6760033286728764,a=0.3523;b=-0.08559
d5_at_q4_7/Z/r210,5,q4_7,Z,210,mwpm_gap,rl,isotonic,15000,6652,0.4334626031220048,0.012852758538491571,0.2417222970590289,0.6759007356739147,steps=53
d5_at_q4_7/Z/r230,5,q4_7,Z,230,mwpm_gap,si1000,raw,15000,6703,0.27680879380521,0.17135251875096255,0.28040836405034014,0.8050730268692685,
d5_at_q4_7/Z/r230,5,q4_7,Z,230,mwpm_gap,si1000,temperature,15000,6703,0.43802061154436656,0.02081710310654563,0.2432222607344023,0.6792231731012672,T=4.659
d5_at_q4_7/Z/r230,5,q4_7,Z,230,mwpm_gap,si1000,platt,15000,6703,0.44756855683669683,0.015912737220130087,0.24300013574020346,0.6787239721358956,a=0.2612;b=-0.09219
d5_at_q4_7/Z/r230,5,q4_7,Z,230,mwpm_gap,si1000,isotonic,15000,6703,0.44757204236560727,0.014689007192868702,0.24299667412236756,0.6792268655498033,steps=58
d5_at_q4_7/Z/r230,5,q4_7,Z,230,mwpm_gap,rl,raw,15000,6668,0.3027191316344626,0.1418142016988707,0.26880765881692587,0.7581632479833791,
d5_at_q4_7/Z/r230,5,q4_7,Z,230,mwpm_gap,rl,temperature,15000,6668,0.4339723122478442,0.017041562103111123,0.24289522419434756,0.6785462648429536,T=3.612
d5_at_q4_7/Z/r230,5,q4_7,Z,230,mwpm_gap,rl,platt,15000,6668,0.4432842451042505,0.010442622686874053,0.2426972803593612,0.6781087095222094,a=0.3315;b=-0.08953
d5_at_q4_7/Z/r230,5,q4_7,Z,230,mwpm_gap,rl,isotonic,15000,6668,0.44341348198640407,0.007199614198272991,0.24268171203294192,0.6790618343023592,steps=54
d5_at_q4_7/Z/r250,5,q4_7,Z,250,mwpm_gap,si1000,raw,15000,6815,0.2860079726255909,0.16832536070774237,0.2810855868216753,0.8026361834225153,
d5_at_q4_7/Z/r250,5,q4_7,Z,250,mwpm_gap,si1000,temperature,15000,6815,0.4481738149447438,0.0199685530721543,0.24457260122173394,0.6820661322590283,T=5.278
d5_at_q4_7/Z/r250,5,q4_7,Z,250,mwpm_gap,si1000,platt,15000,6815,0.45738566817158727,0.014506422154330418,0.244328409756831,0.6815341374249749,a=0.236;b=-0.08778
d5_at_q4_7/Z/r250,5,q4_7,Z,250,mwpm_gap,si1000,isotonic,15000,6815,0.4572534947832428,0.009575019733287414,0.24434971526447385,0.6815451306831196,steps=41
d5_at_q4_7/Z/r250,5,q4_7,Z,250,mwpm_gap,rl,raw,15000,6736,0.3108338508655378,0.13823281580112892,0.2687216508945041,0.7558373227673809,
d5_at_q4_7/Z/r250,5,q4_7,Z,250,mwpm_gap,rl,temperature,15000,6736,0.44387925170431025,0.014759326920898456,0.24382350698465685,0.6805317556700382,T=4.047
d5_at_q4_7/Z/r250,5,q4_7,Z,250,mwpm_gap,rl,platt,15000,6736,0.45228388443362066,0.010214697338251344,0.24364051982813656,0.6801317322043865,a=0.298;b=-0.07994
d5_at_q4_7/Z/r250,5,q4_7,Z,250,mwpm_gap,rl,isotonic,15000,6736,0.45215701846372774,0.010694210202333621,0.24374402652432023,0.6803201143993217,steps=60
d5_at_q6_5/X/r01,5,q6_5,X,1,mwpm_gap,si1000,raw,15000,36,0.0009881947211354512,0.0014120360195267613,0.0020560112322085557,0.008667162857588645,
d5_at_q6_5/X/r01,5,q6_5,X,1,mwpm_gap,si1000,temperature,15000,36,0.0022985156417889003,0.00012957782568748951,0.0019669393364934217,0.007554618104199792,T=1.501
d5_at_q6_5/X/r01,5,q6_5,X,1,mwpm_gap,si1000,platt,15000,36,0.002439574214508237,3.9574214508237024e-05,0.001961851515635554,0.007524025647397565,a=0.7267;b=-0.297
d5_at_q6_5/X/r01,5,q6_5,X,1,mwpm_gap,si1000,isotonic,15000,36,0.002473780827124519,7.378082712451921e-05,0.0019719879007218236,0.007389068829768494,steps=24
d5_at_q6_5/X/r01,5,q6_5,X,1,mwpm_gap,rl,raw,15000,35,0.0012964829283131623,0.0010379103427596286,0.0019241952023222775,0.007045372321936239,
d5_at_q6_5/X/r01,5,q6_5,X,1,mwpm_gap,rl,temperature,15000,35,0.0019452090852734047,0.0004007592527078681,0.001872264395659495,0.006672780253716887,T=1.24
d5_at_q6_5/X/r01,5,q6_5,X,1,mwpm_gap,rl,platt,15000,35,0.002157379786737689,0.00018051793118906655,0.0018646159479820347,0.006610358642038229,a=0.9201;b=-0.4429
d5_at_q6_5/X/r01,5,q6_5,X,1,mwpm_gap,rl,isotonic,15000,35,0.0021892381167691946,0.00018909296667663324,0.001881610780629572,0.006908833441651681,steps=29
d5_at_q6_5/X/r01,5,q6_5,X,1,exact,si1000,raw,15000,36,0.001098637670584453,0.0013020541649475833,0.002043620906279491,0.008201760498612234,
d5_at_q6_5/X/r01,5,q6_5,X,1,exact,si1000,temperature,15000,36,0.0022082337721354046,0.00021946200169653697,0.0019628093675941225,0.007459138751416754,T=1.384
d5_at_q6_5/X/r01,5,q6_5,X,1,exact,si1000,platt,15000,36,0.0022388044856633503,0.0001857523551942139,0.0019597023819969725,0.007445241652883355,a=0.7364;b=-0.065
d5_at_q6_5/X/r01,5,q6_5,X,1,exact,si1000,isotonic,15000,36,0.00231383309856787,0.0001311646515446251,0.0019295473781621984,0.0073265805240663685,steps=16
d5_at_q6_5/X/r01,5,q6_5,X,1,exact,rl,raw,15000,34,0.0015336697126312005,0.0007362935082725674,0.0018540557111944903,0.006601049845777665,
d5_at_q6_5/X/r01,5,q6_5,X,1,exact,rl,temperature,15000,34,0.0019003982499922853,0.0003782478076072708,0.0018271836657521596,0.00646267962750202,T=1.125
d5_at_q6_5/X/r01,5,q6_5,X,1,exact,rl,platt,15000,34,0.0021600375696745346,0.0001099493776244246,0.001831571674882016,0.006422937455963995,a=1.047;b=-0.5459
d5_at_q6_5/X/r01,5,q6_5,X,1,exact,rl,isotonic,15000,34,0.002173034071406744,0.0001386303453724171,0.0018900919434549095,0.007206796649791205,steps=24
d5_at_q6_5/X/r01,5,q6_5,X,1,bm_gap,rl,raw,15000,34,0.00043938400960974195,0.0018272826570569253,0.002097204054940071,0.013721196176047157,
d5_at_q6_5/X/r01,5,q6_5,X,1,bm_gap,rl,temperature,15000,34,0.0023302401145176865,6.35734478510197e-05,0.0018266426743351024,0.006526887492720039,T=3.395
d5_at_q6_5/X/r01,5,q6_5,X,1,bm_gap,rl,platt,15000,34,0.0024540512503511795,0.0001873845836845133,0.0018356832211473893,0.006529930381537631,a=0.3166;b=-0.2167
d5_at_q6_5/X/r01,5,q6_5,X,1,bm_gap,rl,isotonic,15000,34,0.0024096859207779703,0.00014301925411130292,0.0019609665209955897,0.006862916781456506,steps=28
d5_at_q6_5/X/r10,5,q6_5,X,10,mwpm_gap,si1000,raw,15000,818,0.026996998941959,0.02753652887495934,0.042862802526809296,0.16686639433401426,
d5_at_q6_5/X/r10,5,q6_5,X,10,mwpm_gap,si1000,temperature,15000,818,0.054437102080671984,0.0023340826605405905,0.04071974371794642,0.13971923364887304,T=1.766
d5_at_q6_5/X/r10,5,q6_5,X,10,mwpm_gap,si1000,platt,15000,818,0.05565153044569797,0.00282294360711633,0.040717366099111266,0.13966512584054666,a=0.5838;b=-0.08191
d5_at_q6_5/X/r10,5,q6_5,X,10,mwpm_gap,si1000,isotonic,15000,818,0.05553888256617684,0.0025542265108790337,0.040798521472708196,0.13992825060902359,steps=78
d5_at_q6_5/X/r10,5,q6_5,X,10,mwpm_gap,rl,raw,15000,779,0.03649031963518481,0.015448839764263417,0.03992007678500453,0.14261920180534096,
d5_at_q6_5/X/r10,5,q6_5,X,10,mwpm_gap,rl,temperature,15000,779,0.05316251323946892,0.0027034828000418467,0.03932196242051388,0.1354298903187599,T=1.359
d5_at_q6_5/X/r10,5,q6_5,X,10,mwpm_gap,rl,platt,15000,779,0.05320219504311319,0.0027506678828058025,0.03932263905814209,0.13543057816658818,a=0.7368;b=-0.002647
d5_at_q6_5/X/r10,5,q6_5,X,10,mwpm_gap,rl,isotonic,15000,779,0.05306886653592481,0.003460416516553137,0.0393864873576747,0.13564859900120838,steps=50
d5_at_q6_5/X/r10,5,q6_5,X,10,bm_gap,rl,raw,15000,517,0.012135393642268249,0.022331273024398635,0.028722352215788113,0.1755950748175591,
d5_at_q6_5/X/r10,5,q6_5,X,10,bm_gap,rl,temperature,15000,517,0.03981158719898404,0.00949516292743201,0.026842073772373777,0.10173328846357978,T=2.959
d5_at_q6_5/X/r10,5,q6_5,X,10,bm_gap,rl,platt,15000,517,0.035039924713756894,0.006915690719980156,0.026791761383291125,0.10016131650149795,a=0.2839;b=0.4231
d5_at_q6_5/X/r10,5,q6_5,X,10,bm_gap,rl,isotonic,15000,517,0.03498372649079902,0.0024352163078494612,0.026634756056918497,0.09842932223395742,steps=70
d5_at_q6_5/X/r30,5,q6_5,X,30,mwpm_gap,si1000,raw,15000,2725,0.09020183588672981,0.09146483077993686,0.13706252817465653,0.47713940901281704,
d5_at_q6_5/X/r30,5,q6_5,X,30,mwpm_gap,si1000,temperature,15000,2725,0.175999161538298,0.014418777168396188,0.12487719493530543,0.3883466536480635,T=2.083
d5_at_q6_5/X/r30,5,q6_5,X,30,mwpm_gap,si1000,platt,15000,2725,0.1818620341141833,0.012007846258331218,0.12477713553510796,0.38778646808872935,a=0.5138;b=-0.1296
d5_at_q6_5/X/r30,5,q6_5,X,30,mwpm_gap,si1000,isotonic,15000,2725,0.18177592225064723,0.00523578745450626,0.12464044239817454,0.38716085148234924,steps=90
d5_at_q6_5/X/r30,5,q6_5,X,30,mwpm_gap,rl,raw,15000,2545,0.11174741102135649,0.05791925564531017,0.1240523914529899,0.40404643342008945,
d5_at_q6_5/X/r30,5,q6_5,X,30,mwpm_gap,rl,temperature,15000,2545,0.16747360487062377,0.011090277580150925,0.11916615470171188,0.373417106057897,T=1.567
d5_at_q6_5/X/r30,5,q6_5,X,30,mwpm_gap,rl,platt,15000,2545,0.1688141279343788,0.010607546043803314,0.11916343063306714,0.3733557358214838,a=0.6485;b=-0.03056
d5_at_q6_5/X/r30,5,q6_5,X,30,mwpm_gap,rl,isotonic,15000,2545,0.16889904538569064,0.008521198128217082,0.11903889699899695,0.3732638964608873,steps=74
d5_at_q6_5/X/r30,5,q6_5,X,30,bm_gap,rl,raw,15000,1649,0.04044399422743048,0.06948933910590284,0.08979243533361822,0.4367785928250566,
d5_at_q6_5/X/r30,5,q6_5,X,30,bm_gap,rl,temperature,15000,1649,0.11919770891847359,0.012823998394502626,0.08084793796081406,0.2695514792442093,T=3.063
d5_at_q6_5/X/r30,5,q6_5,X,30,bm_gap,rl,platt,15000,1649,0.11125257299946216,0.010978953648297474,0.08079196853205337,0.26869461832171654,a=0.2903;b=0.2392
d5_at_q6_5/X/r30,5,q6_5,X,30,bm_gap,rl,isotonic,15000,1649,0.1117223779278496,0.004519525471687687,0.08073603760102507,0.2691795593542984,steps=92
d5_at_q6_5/X/r50,5,q6_5,X,50,mwpm_gap,si1000,raw,15000,3448,0.11505079138655681,0.11481587528010984,0.1712763089245614,0.5851553373086281,
d5_at_q6_5/X/r50,5,q6_5,X,50,mwpm_gap,si1000,temperature,15000,3448,0.2201116661279127,0.016899683047543062,0.15453775995153782,0.4697674458031591,T=2.203
d5_at_q6_5/X/r50,5,q6_5,X,50,mwpm_gap,si1000,platt,15000,3448,0.22668087490496072,0.013735297718183907,0.15442977942508931,0.4694118421457864,a=0.4869;b=-0.1181
d5_at_q6_5/X/r50,5,q6_5,X,50,mwpm_gap,si1000,isotonic,15000,3448,0.22665806519624973,0.011495739627236146,0.15447376830707005,0.46981943858383846,steps=77
d5_at_q6_5/X/r50,5,q6_5,X,50,mwpm_gap,rl,raw,15000,3329,0.1432168991155281,0.07871643421780528,0.15849001609647984,0.5048056724632549,
d5_at_q6_5/X/r50,5,q6_5,X,50,mwpm_gap,rl,temperature,15000,3329,0.21491982827028025,0.010748060807143073,0.150918399959028,0.4601784497727429,T=1.667
d5_at_q6_5/X/r50,5,q6_5,X,50,mwpm_gap,rl,platt,15000,3329,0.22050592844921052,0.010579474072824216,0.1509276587132615,0.4601146613386901,a=0.6369;b=-0.1016
d5_at_q6_5/X/r50,5,q6_5,X,50,mwpm_gap,rl,isotonic,15000,3329,0.2205475984222421,0.006888045720443472,0.15085834060237183,0.4598588603767896,steps=88
d5_at_q6_5/X/r50,5,q6_5,X,50,bm_gap,rl,raw,15000,2255,0.053771109582248434,0.09656222375108489,0.12235091636265683,0.5658213331678118,
d5_at_q6_5/X/r50,5,q6_5,X,50,bm_gap,rl,temperature,15000,2255,0.1606548203266536,0.013892942772770674,0.10753452470401208,0.3464881728264865,T=3.265
d5_at_q6_5/X/r50,5,q6_5,X,50,bm_gap,rl,platt,15000,2255,0.15628136942577792,0.012310482034439796,0.10749017691903957,0.3461499996740427,a=0.2902;b=0.1012
d5_at_q6_5/X/r50,5,q6_5,X,50,bm_gap,rl,isotonic,15000,2255,0.15597027761683216,0.00682831317866843,0.10759254869671704,0.34607773162081695,steps=86
d5_at_q6_5/X/r70,5,q6_5,X,70,mwpm_gap,si1000,raw,15000,4991,0.17395321140389772,0.15878012192943558,0.23510243349954799,0.7503078515536171,
d5_at_q6_5/X/r70,5,q6_5,X,70,mwpm_gap,si1000,temperature,15000,4991,0.3197019191014132,0.022518575445492302,0.20543620497514542,0.5950866285269136,T=2.773
d5_at_q6_5/X/r70,5,q6_5,X,70,mwpm_gap,si1000,platt,15000,4991,0.32959707392405935,0.017943896694927734,0.20521411125931996,0.5945024306879382,a=0.4013;b=-0.1249
d5_at_q6_5/X/r70,5,q6_5,X,70,mwpm_gap,si1000,isotonic,15000,4991,0.3298271661277484,0.00820628822314034,0.20501482547769972,0.5947307557030402,steps=74
d5_at_q6_5/X/r70,5,q6_5,X,70,mwpm_gap,rl,raw,15000,4890,0.20776056239846383,0.1182394376015362,0.2178325117637717,0.6555093711082159,
d5_at_q6_5/X/r70,5,q6_5,X,70,mwpm_gap,rl,temperature,15000,4890,0.31397912508894893,0.016366182042172453,0.20203888263789982,0.5868865824298514,T=2.073
d5_at_q6_5/X/r70,5,q6_5,X,70,mwpm_gap,rl,platt,15000,4890,0.3231689896215074,0.010777895218115646,0.20179590552019655,0.586252471084539,a=0.532;b=-0.1168
d5_at_q6_5/X/r70,5,q6_5,X,70,mwpm_gap,rl,isotonic,15000,4890,0.32343902964337395,0.01048330996440368,0.20190016176971756,0.586600171176008,steps=73
d5_at_q6_5/X/r90,5,q6_5,X,90,mwpm_gap,si1000,raw,15000,5497,0.2005708092060808,0.16589585746058585,0.25128702621463583,0.777508659402605,
d5_at_q6_5/X/r90,5,q6_5,X,90,mwpm_gap,si1000,temperature,15000,5497,0.35478760782270397,0.020277656147901335,0.21861413726219864,0.6252016639531971,T=3.057
d5_at_q6_5/X/r90,5,q6_5,X,90,mwpm_gap,si1000,platt,15000,5497,0.37160553914314676,0.018129841240284703,0.21850181677616534,0.6246829731012976,a=0.3964;b=-0.1932
d5_at_q6_5/X/r90,5,q6_5,X,90,mwpm_gap,si1000,isotonic,15000,5497,0.3715179452555003,0.015363991193946247,0.2184202186385418,0.6249944592334197,steps=61
d5_at_q6_5/X/r90,5,q6_5,X,90,mwpm_gap,rl,raw,15000,5469,0.2338256979263646,0.13077430207363538,0.2361894782144537,0.6921824076396866,
d5_at_q6_5/X/r90,5,q6_5,X,90,mwpm_gap,rl,temperature,15000,5469,0.3507407313038706,0.025275644495408943,0.21690183087458517,0.6210470659097421,T=2.302
d5_at_q6_5/X/r90,5,q6_5,X,90,mwpm_gap,rl,platt,15000,5469,0.36126264856132934,0.014513398097609003,0.21644396226493773,0.6198765278595023,a=0.4927;b=-0.1242
d5_at_q6_5/X/r90,5,q6_5,X,90,mwpm_gap,rl,isotonic,15000,5469,0.3613042995972161,0.01496413702221682,0.21633304786941845,0.6200730054461043,steps=83
d5_at_q6_5/X/r110,5,q6_5,X,110,mwpm_gap,si1000,raw,15000,5940,0.22026581138155762,0.1757341886184424,0.267140290536361,0.8114405111229137,
d5_at_q6_5/X/r110,5,q6_5,X,110,mwpm_gap,si1000,temperature,15000,5940,0.38794593832163266,0.017682070225925963,0.2297054558020213,0.6502234764622629,T=3.61
d5_at_q6_5/X/r110,5,q6_5,X,110,mwpm_gap,si1000,platt,15000,5940,0.39764505743564016,0.016203498498217266,0.22950874801587717,0.6496876669248339,a=0.3165;b=-0.1038
d5_at_q6_5/X/r110,5,q6_5,X,110,mwpm_gap,si1000,isotonic,15000,5940,0.39732844075231444,0.00976426883824715,0.2293590044638153,0.6517224885438619,steps=70
d5_at_q6_5/X/r110,5,q6_5,X,110,mwpm_gap,rl,raw,15000,5942,0.2552834102800298,0.14084992305330352,0.2523621594982015,0.7311057382732797,
d5_at_q6_5/X/r110,5,q6_5,X,110,mwpm_gap,rl,temperature,15000,5942,0.38341027549440054,0.021218426459764225,0.22915060508222032,0.6489164828719561,T=2.675
d5_at_q6_5/X/r110,5,q6_5,X,110,mwpm_gap,rl,platt,15000,5942,0.39652585732847667,0.01316958898926423,0.22881526756483453,0.6480884799751344,a=0.446;b=-0.1437
d5_at_q6_5/X/r110,5,q6_5,X,110,mwpm_gap,rl,isotonic,15000,5942,0.3965476757355443,0.005929852976920515,0.2286020001819184,0.6476063700625282,steps=64
d5_at_q6_5/X/r130,5,q6_5,X,130,mwpm_gap,si1000,raw,15000,6176,0.23457257932130426,0.17716075401202905,0.2727727240431051,0.8180342086503564,
d5_at_q6_5/X/r130,5,q6_5,X,130,mwpm_gap,si1000,temperature,15000,6176,0.40565384314018804,0.014231345514597794,0.2347390194927494,0.6613137248928412,T=3.965
d5_at_q6_5/X/r130,5,q6_5,X,130,mwpm_gap,si1000,platt,15000,6176,0.41445020216535294,0.007950836799091287,0.2345596090381039,0.6608782303877223,a=0.2884;b=-0.09001
d5_at_q6_5/X/r130,5,q6_5,X,130,mwpm_gap,si1000,isotonic,15000,6176,0.4145941293787518,0.009298687749581867,0.23443726662871758,0.6611147338713691,steps=69
d5_at_q6_5/X/r130,5,q6_5,X,130,mwpm_gap,rl,raw,15000,6128,0.27006870971335617,0.13846462361997713,0.2571235460897937,0.7392900161023185,
d5_at_q6_5/X/r130,5,q6_5,X,130,mwpm_gap,rl,temperature,15000,6128,0.40052541795032587,0.015782217650841972,0.23376651312988272,0.6591345475518815,T=2.903
d5_at_q6_5/X/r130,5,q6_5,X,130,mwpm_gap,rl,platt,15000,6128,0.4128640845716254,0.011771749878520045,0.23360050637201515,0.6587011352947787,a=0.4132;b=-0.1295
d5_at_q6_5/X/r130,5,q6_5,X,130,mwpm_gap,rl,isotonic,15000,6128,0.4127335725479653,0.008016487096989615,0.23350154621099445,0.6600879546897378,steps=79
d5_at_q6_5/X/r150,5,q6_5,X,150,mwpm_gap,si1000,raw,15000,6555,0.25599236555804644,0.1810076344419535,0.28352591410972344,0.8346802161687403,
d5_at_q6_5/X/r150,5,q6_5,X,150,mwpm_gap,si1000,temperature,15000,6555,0.4270029817466229,0.015442900709010339,0.24157775780129667,0.675768188367484,T=4.558
d5_at_q6_5/X/r150,5,q6_5,X,150,mwpm_gap,si1000,platt,15000,6555,0.4396634485894466,0.014595982041590355,0.24151326560180647,0.6755751722745783,a=0.2729;b=-0.1222
d5_at_q6_5/X/r150,5,q6_5,X,150,mwpm_gap,si1000,isotonic,15000,6555,0.4398745636475711,0.010033510715920273,0.24131092073511903,0.6750026892270284,steps=65
d5_at_q6_5/X/r150,5,q6_5,X,150,mwpm_gap,rl,raw,15000,6479,0.29041791950593204,0.14151541382740135,0.2665611040719786,0.7564055198631419,
d5_at_q6_5/X/r150,5,q6_5,X,150,mwpm_gap,rl,temperature,15000,6479,0.4241723961363298,0.016494832019195126,0.24058814232685416,0.673668866454086,T=3.394
d5_at_q6_5/X/r150,5,q6_5,X,150,mwpm_gap,rl,platt,15000,6479,0.4314658801896469,0.014640396942462025,0.24047364594557263,0.6733884998316355,a=0.3362;b=-0.07222
d5_at_q6_5/X/r150,5,q6_5,X,150,mwpm_gap,rl,isotonic,15000,6479,0.4313592498592248,0.007032201287824857,0.24039062842634454,0.6732897453853669,steps=50
d5_at_q6_5/X/r170,5,q6_5,X,170,mwpm_gap,si1000,raw,15000,6875,0.27420109405275367,0.1841322392805796,0.2890538509135098,0.8334895481934382,
d5_at_q6_5/X/r170,5,q6_5,X,170,mwpm_gap,si1000,temperature,15000,6875,0.4390781115056773,0.02256847661348496,0.24522927620370294,0.6833073952947109,T=4.872
d5_at_q6_5/X/r170,5,q6_5,X,170,mwpm_gap,si1000,platt,15000,6875,0.4503075160055813,0.017779853034698603,0.244938690825556,0.6826704703134494,a=0.2566;b=-0.106
d5_at_q6_5/X/r170,5,q6_5,X,170,mwpm_gap,si1000,isotonic,15000,6875,0.45045620744658665,0.015735915821424758,0.24477679186555343,0.6827838270862852,steps=40
d5_at_q6_5/X/r170,5,q6_5,X,170,mwpm_gap,rl,raw,15000,6848,0.3087863788400961,0.14774695449323724,0.2719382835203799,0.7621750125293154,
d5_at_q6_5/X/r170,5,q6_5,X,170,mwpm_gap,rl,temperature,15000,6848,0.43474995222435975,0.024092059051209553,0.24481893022742918,0.6824650567110742,T=3.488
d5_at_q6_5/X/r170,5,q6_5,X,170,mwpm_gap,rl,platt,15000,6848,0.440822251199553,0.017709582012650046,0.2445402472451231,0.6818814932386171,a=0.3248;b=-0.05907
d5_at_q6_5/X/r170,5,q6_5,X,170,mwpm_gap,rl,isotonic,15000,6848,0.44102735886302574,0.018200914280906855,0.24447885965566044,0.6822362355783367,steps=59
d5_at_q6_5/X/r190,5,q6_5,X,190,mwpm_gap,si1000,raw,15000,6956,0.2925019995590405,0.1712313337742928,0.2867610181236707,0.822357736256429,
d5_at_q6_5/X/r190,5,q6_5,X,190,mwpm_gap,si1000,temperature,15000,6956,0.46005754689320005,0.012021792382648448,0.24686828222641888,0.6868079110977928,T=6.671
d5_at_q6_5/X/r190,5,q6_5,X,190,mwpm_gap,si1000,platt,15000,6956,0.4676999127857172,0.009644595340630824,0.24681525252342287,0.6866913241509168,a=0.1852;b=-0.06823
d5_at_q6_5/X/r190,5,q6_5,X,190,mwpm_gap,si1000,isotonic,15000,6956,0.4672371529454281,0.012756269050650769,0.24694171459559744,0.6890258746794802,steps=34
d5_at_q6_5/X/r190,5,q6_5,X,190,mwpm_gap,rl,raw,15000,6920,0.32226543181158895,0.1390679015217444,0.27150920184916894,0.7593043483685579,
d5_at_q6_5/X/r190,5,q6_5,X,190,mwpm_gap,rl,temperature,15000,6920,0.45721333835684286,0.016520383580672145,0.24609454878175688,0.6852237858073813,T=4.912
d5_at_q6_5/X/r190,5,q6_5,X,190,mwpm_gap,rl,platt,15000,6920,0.4610787360534603,0.013562365978837216,0.24597210812352108,0.6849684750492503,a=0.2284;b=-0.03632
d5_at_q6_5/X/r190,5,q6_5,X,190,mwpm_gap,rl,isotonic,15000,6920,0.4609496678763713,0.00961537209471595,0.24609278128473006,0.6856883953101606,steps=48
d5_at_q6_5/X/r210,5,q6_5,X,210,mwpm_gap,si1000,raw,15000,7062,0.2874896072492209,0.1833103927507791,0.29103869547383887,0.8312141395527499,
d5_at_q6_5/X/r210,5,q6_5,X,210,mwpm_gap,si1000,temperature,15000,7062,0.46236327331724936,0.018548083866316626,0.24699247044918746,0.6870358445651066,T=7.304
d5_at_q6_5/X/r210,5,q6_5,X,210,mwpm_gap,si1000,platt,15000,7062,0.47004587073679843,0.014366564499430102,0.24670729002781377,0.6864341056367133,a=0.1742;b=-0.07175
d5_at_q6_5/X/r210,5,q6_5,X,210,mwpm_gap,si1000,isotonic,15000,7062,0.4697537351924747,0.006657470756184619,0.24656225407356822,0.686179004853659,steps=37
d5_at_q6_5/X/r210,5,q6_5,X,210,mwpm_gap,rl,raw,15000,6972,0.31883227405192205,0.14848008407236707,0.2751893825639922,0.7674472279762893,
d5_at_q6_5/X/r210,5,q6_5,X,210,mwpm_gap,rl,temperature,15000,6972,0.4557236393296731,0.021909332922653933,0.24661705782717097,0.6862516935227514,T=4.846
d5_at_q6_5/X/r210,5,q6_5,X,210,mwpm_gap,rl,platt,15000,6972,0.4641896303568922,0.015517804398508138,0.24643234067827083,0.6858470131876161,a=0.2624;b=-0.08199
d5_at_q6_5/X/r210,5,q6_5,X,210,mwpm_gap,rl,isotonic,15000,6972,0.46403190455923676,0.012511667261358366,0.24649930575360024,0.6881048740309968,steps=58
d5_at_q6_5/X/r230,5,q6_5,X,230,mwpm_gap,si1000,raw,15000,7260,0.3282695091084353,0.15644391713746805,0.28586251305463983,0.7967052054646149,
d5_at_q6_5/X/r230,5,q6_5,X,230,mwpm_gap,si1000,temperature,15000,7260,0.485371618717198,0.015387610104190751,0.24929399918549117,0.6917298958800382,T=14.08
d5_at_q6_5/X/r230,5,q6_5,X,230,mwpm_gap,si1000,platt,15000,7260,0.4909929604492797,0.01583968483643322,0.24925912814942416,0.69165628983188,a=0.1029;b=-0.04874
d5_at_q6_5/X/r230,5,q6_5,X,230,mwpm_gap,si1000,isotonic,15000,7260,0.4909796258315937,0.014191905355206137,0.24908550289986925,0.6923755923957069,steps=21
d5_at_q6_5/X/r230,5,q6_5,X,230,mwpm_gap,rl,raw,15000,7240,0.35390295817962397,0.12876370848704266,0.27327876696591213,0.7542872804776356,
d5_at_q6_5/X/r230,5,q6_5,X,230,mwpm_gap,rl,temperature,15000,7240,0.4799642065047261,0.00956984266590279,0.24906057940397494,0.6912573131376122,T=8.24
d5_at_q6_5/X/r230,5,q6_5,X,230,mwpm_gap,rl,platt,15000,7240,0.4859189268325551,0.009041247956319836,0.24898980310541544,0.6911097026419576,a=0.1664;b=-0.05356
d5_at_q6_5/X/r230,5,q6_5,X,230,mwpm_gap,rl,isotonic,15000,7240,0.48618036593226993,0.013752859950257119,0.24933504478867763,0.6967642877989206,steps=38
d5_at_q6_5/X/r250,5,q6_5,X,250,mwpm_gap,si1000,raw,15000,7182,0.3112681174858858,0.16753188251411424,0.2883294044582724,0.8135157248328969,
d5_at_q6_5/X/r250,5,q6_5,X,250,mwpm_gap,si1000,temperature,15000,7182,0.47524487938759535,0.009074656510343764,0.24866608710532945,0.6904625944617819,T=9.423
d5_at_q6_5/X/r250,5,q6_5,X,250,mwpm_gap,si1000,platt,15000,7182,0.48022431393191833,0.007700642234385453,0.24859141492188927,0.6903090665742876,a=0.1317;b=-0.04377
d5_at_q6_5/X/r250,5,q6_5,X,250,mwpm_gap,si1000,isotonic,15000,7182,0.48051965823177256,0.0076227174117858565,0.2487167535249269,0.6917221863834474,steps=40
d5_at_q6_5/X/r250,5,q6_5,X,250,mwpm_gap,rl,raw,15000,7194,0.3419349906187137,0.13766500938128629,0.2739860193017812,0.7594237078057934,
d5_at_q6_5/X/r250,5,q6_5,X,250,mwpm_gap,rl,temperature,15000,7194,0.4741374770290602,0.014335622846316719,0.24849856817043153,0.6901246916244682,T=7.01
d5_at_q6_5/X/r250,5,q6_5,X,250,mwpm_gap,rl,platt,15000,7194,0.4795994894030679,0.010665171095189453,0.24834692710289163,0.6898161615915629,a=0.1805;b=-0.04927
d5_at_q6_5/X/r250,5,q6_5,X,250,mwpm_gap,rl,isotonic,15000,7194,0.4798532675585779,0.011137652042352947,0.24859237044505242,0.6908260233044147,steps=46
d5_at_q6_5/Z/r01,5,q6_5,Z,1,mwpm_gap,si1000,raw,15000,19,0.0007263818796165776,0.0005404768137190483,0.0010386091498945861,0.004223715673328808,
d5_at_q6_5/Z/r01,5,q6_5,Z,1,mwpm_gap,si1000,temperature,15000,19,0.0009624285003977982,0.00030560318407793296,0.0010226371466859941,0.004017237761964276,T=1.157
d5_at_q6_5/Z/r01,5,q6_5,Z,1,mwpm_gap,si1000,platt,15000,19,0.0010013744753890553,0.00026627922734570863,0.0010188815047302787,0.004009595088845929,a=0.8962;b=-0.1394
d5_at_q6_5/Z/r01,5,q6_5,Z,1,mwpm_gap,si1000,isotonic,15000,19,0.0009556214321182338,0.00035604298466092706,0.0010260576615464302,0.004096553675047013,steps=16
d5_at_q6_5/Z/r01,5,q6_5,Z,1,mwpm_gap,rl,raw,15000,20,0.0009676866897875418,0.00036635332052266037,0.0011030681029049424,0.004498497505103967,
d5_at_q6_5/Z/r01,5,q6_5,Z,1,mwpm_gap,rl,temperature,15000,20,0.0010029742532342873,0.0003312701573581688,0.0011022281799999017,0.004470941943020019,T=1.02
d5_at_q6_5/Z/r01,5,q6_5,Z,1,mwpm_gap,rl,platt,15000,20,0.000903150552267256,0.00043225900749492265,0.0011126328470970528,0.004478106204253793,a=0.8922;b=0.3384
d5_at_q6_5/Z/r01,5,q6_5,Z,1,mwpm_gap,rl,isotonic,15000,20,0.0008234046185162011,0.0005499267149171273,0.0011667076128753168,0.005034979038164288,steps=16
d5_at_q6_5/Z/r01,5,q6_5,Z,1,exact,si1000,raw,15000,20,0.0008142095246826107,0.0005197032890880143,0.0010446407859197454,0.004181046079087247,
d5_at_q6_5/Z/r01,5,q6_5,Z,1,exact,si1000,temperature,15000,20,0.0009592374738590427,0.00037581259708168233,0.0010358620001738276,0.004073283294969487,T=1.088
d5_at_q6_5/Z/r01,5,q6_5,Z,1,exact,si1000,platt,15000,20,0.0009041124671346718,0.0004319851713400823,0.0010494185154513143,0.004104964187695775,a=0.8676;b=0.2109
d5_at_q6_5/Z/r01,5,q6_5,Z,1,exact,si1000,isotonic,15000,20,0.0009593575324298888,0.000418973551015939,0.0010296111221823308,0.004118102342935856,steps=12
d5_at_q6_5/Z/r01,5,q6_5,Z,1,exact,rl,raw,15000,19,0.0010754749081031138,0.0001928533525389443,0.0010911482411644817,0.004431796848493961,
d5_at_q6_5/Z/r01,5,q6_5,Z,1,exact,rl,temperature,15000,19,0.0009977491709705737,0.0002699248524987336,0.001092256669392261,0.004478045052475285,T=0.961
d5_at_q6_5/Z/r01,5,q6_5,Z,1,exact,rl,platt,15000,19,0.0008812720465732186,0.0003881496565432577,0.0010952073451590924,0.004466264643489165,a=0.9257;b=0.4137
d5_at_q6_5/Z/r01,5,q6_5,Z,1,exact,rl,isotonic,15000,19,0.0008570568630801983,0.0004496078036864635,0.0011847624555710152,0.00500692208861001,steps=20
d5_at_q6_5/Z/r01,5,q6_5,Z,1,bm_gap,rl,raw,15000,23,0.0003111732387415802,0.0012221600945917532,0.0012713452827897173,0.00935334968298183,
d5_at_q6_5/Z/r01,5,q6_5,Z,1,bm_gap,rl,temperature,15000,23,0.0012442217435342095,0.00028912325905843195,0.0011895945841579182,0.004828691300177233,T=2.631
d5_at_q6_5/Z/r01,5,q6_5,Z,1,bm_gap,rl,platt,15000,23,0.0009238215885268451,0.0006098528544197742,0.0012638072802408304,0.004911153895120219,a=0.2851;b=0.8923
d5_at_q6_5/Z/r01,5,q6_5,Z,1,bm_gap,rl,isotonic,15000,23,0.0009380935632648567,0.0006402375201809708,0.0011622085289387637,0.004658511731203267,steps=12
d5_at_q6_5/Z/r10,5,q6_5,Z,10,mwpm_gap,si1000,raw,15000,638,0.02238592367597581,0.02014810852771261,0.03325801851130499,0.1280411950059462,
d5_at_q6_5/Z/r10,5,q6_5,Z,10,mwpm_gap,si1000,temperature,15000,638,0.04220523568482973,0.00287937233887652,0.03192330749620057,0.11215078984442055,T=1.605
d5_at_q6_5/Z/r10,5,q6_5,Z,10,mwpm_gap,si1000,platt,15000,638,0.043852209775339226,0.0024737646181985278,0.03189364025824533,0.11210839807189205,a=0.6563;b=-0.1445
d5_at_q6_5/Z/r10,5,q6_5,Z,10,mwpm_gap,si1000,isotonic,15000,638,0.04389839745957966,0.0031010199368459333,0.032141132033409375,0.11388838390843857,steps=92
d5_at_q6_5/Z/r10,5,q6_5,Z,10,mwpm_gap,rl,raw,15000,586,0.03031351881865066,0.008756502312194787,0.030509729873834924,0.11151633682181952,
d5_at_q6_5/Z/r10,5,q6_5,Z,10,mwpm_gap,rl,temperature,15000,586,0.04144423983432555,0.0027997647773300867,0.03035564406467156,0.10804533542647511,T=1.269
d5_at_q6_5/Z/r10,5,q6_5,Z,10,mwpm_gap,rl,platt,15000,586,0.041514326544778955,0.0028814743425895047,0.030358501799387937,0.1080539804757626,a=0.7897;b=-0.005883
d5_at_q6_5/Z/r10,5,q6_5,Z,10,mwpm_gap,rl,isotonic,15000,586,0.04152818242730973,0.0037870016550489703,0.03045430872498301,0.10887208846168744,steps=67
d5_at_q6_5/Z/r10,5,q6_5,Z,10,bm_gap,rl,raw,15000,374,0.009122939656891696,0.015810394036137723,0.02106324059467268,0.10663297851800047,
d5_at_q6_5/Z/r10,5,q6_5,Z,10,bm_gap,rl,temperature,15000,374,0.02826083080379263,0.0039000551468358095,0.019633678227358994,0.0696734498212123,T=2.609
d5_at_q6_5/Z/r10,5,q6_5,Z,10,bm_gap,rl,platt,15000,374,0.02665695207929716,0.00218267479590851,0.019542048539171204,0.06939766454013573,a=0.3553;b=0.1969
d5_at_q6_5/Z/r10,5,q6_5,Z,10,bm_gap,rl,isotonic,15000,374,0.026263448852063585,0.0020542301839908406,0.01968562192424754,0.07010913684078972,steps=56
d5_at_q6_5/Z/r30,5,q6_5,Z,30,mwpm_gap,si1000,raw,15000,2388,0.08452215261835935,0.07467784738164064,0.1202016262457657,0.4216649014758766,
d5_at_q6_5/Z/r30,5,q6_5,Z,30,mwpm_gap,si1000,temperature,15000,2388,0.1587544195533199,0.007030037072722445,0.11212324666611512,0.3550380676762275,T=1.938
d5_at_q6_5/Z/r30,5,q6_5,Z,30,mwpm_gap,si1000,platt,15000,2388,0.16442653298337437,0.007380316976653955,0.11217961447671278,0.3549757595021074,a=0.5536;b=-0.1398
d5_at_q6_5/Z/r30,5,q6_5,Z,30,mwpm_gap,si1000,isotonic,15000,2388,0.16442672560635055,0.008039215354312852,0.11220819805049892,0.3551037163300976,steps=76
d5_at_q6_5/Z/r30,5,q6_5,Z,30,mwpm_gap,rl,raw,15000,2431,0.11328866246987149,0.04877800419679519,0.11860114875147562,0.3886498946110009,
d5_at_q6_5/Z/r30,5,q6_5,Z,30,mwpm_gap,rl,temperature,15000,2431,0.1662375544282689,0.0064967519645334525,0.11529170656055454,0.36384552643342183,T=1.54
d5_at_q6_5/Z/r30,5,q6_5,Z,30,mwpm_gap,rl,platt,15000,2431,0.16535567042482532,0.005927726734308808,0.11527454105196931,0.36383834948416305,a=0.6425;b=0.02015
d5_at_q6_5/Z/r30,5,q6_5,Z,30,mwpm_gap,rl,isotonic,15000,2431,0.16528873021683183,0.01140533179406979,0.11495437130080333,0.3631407859954197,steps=72
d5_at_q6_5/Z/r30,5,q6_5,Z,30,bm_gap,rl,raw,15000,1674,0.039123848552935304,0.0724761514470647,0.09154614130613176,0.4474731260752123,
d5_at_q6_5/Z/r30,5,q6_5,Z,30,bm_gap,rl,temperature,15000,1674,0.1165825558580021,0.011545578395743295,0.08197320957130147,0.27199543401728715,T=3.008
d5_at_q6_5/Z/r30,5,q6_5,Z,30,bm_gap,rl,platt,15000,1674,0.11043480608439456,0.009986037594674051,0.08197005327391471,0.2713662194934195,a=0.3031;b=0.1902
d5_at_q6_5/Z/r30,5,q6_5,Z,30,bm_gap,rl,isotonic,15000,1674,0.11042899094555798,0.007272575547837128,0.08188169618371505,0.2705113455882987,steps=96
d5_at_q6_5/Z/r50,5,q6_5,Z,50,mwpm_gap,si1000,raw,15000,2859,0.1038773267675474,0.0867226732324526,0.14223099997298522,0.4858910709347026,
d5_at_q6_5/Z/r50,5,q6_5,Z,50,mwpm_gap,si1000,temperature,15000,2859,0.18872211466201752,0.009496966136366254,0.1322431029917586,0.411439576824501,T=1.96
d5_at_q6_5/Z/r50,5,q6_5,Z,50,mwpm_gap,si1000,platt,15000,2859,0.19300183245859265,0.009865200657065107,0.13225045388417062,0.4113336633776601,a=0.5359;b=-0.08945
d5_at_q6_5/Z/r50,5,q6_5,Z,50,mwpm_gap,si1000,isotonic,15000,2859,0.19289073254028746,0.009945347100923513,0.13246042047287182,0.41238892273697564,steps=70
d5_at_q6_5/Z/r50,5,q6_5,Z,50,mwpm_gap,rl,raw,15000,2836,0.1316163537217323,0.05745031294493434,0.1355446393702617,0.43598488008708874,
d5_at_q6_5/Z/r50,5,q6_5,Z,50,mwpm_gap,rl,temperature,15000,2836,0.19002242297056085,0.009429101539888532,0.13133613841923725,0.4097002301799108,T=1.539
d5_at_q6_5/Z/r50,5,q6_5,Z,50,mwpm_gap,rl,platt,15000,2836,0.191981273715181,0.009846772998376715,0.13133123040887218,0.4096704962384584,a=0.6643;b=-0.03991
d5_at_q6_5/Z/r50,5,q6_5,Z,50,mwpm_gap,rl,isotonic,15000,2836,0.19221969476454953,0.0062712224891857855,0.13115106250457917,0.41069112501993976,steps=94
d5_at_q6_5/Z/r50,5,q6_5,Z,50,bm_gap,rl,raw,15000,1842,0.046908169661956114,0.07589183033804388,0.10044096310108325,0.4737461756031724,
d5_at_q6_5/Z/r50,5,q6_5,Z,50,bm_gap,rl,temperature,15000,1842,0.13375609702456948,0.015773484144826645,0.091032827657529,0.30136918876785507,T=2.948
d5_at_q6_5/Z/r50,5,q6_5,Z,50,bm_gap,rl,platt,15000,1842,0.1264264378155922,0.010761095147391113,0.09083564170354469,0.3002913894684572,a=0.3065;b=0.2014
d5_at_q6_5/Z/r50,5,q6_5,Z,50,bm_gap,rl,isotonic,15000,1842,0.12693267108009207,0.007864779397943774,0.09075448382502391,0.29960680958837715,steps=84
d5_at_q6_5/Z/r70,5,q6_5,Z,70,mwpm_gap,si1000,raw,15000,3830,0.138542789374652,0.11679054395868135,0.18445152276190405,0.6014378645157172,
d5_at_q6_5/Z/r70,5,q6_5,Z,70,mwpm_gap,si1000,temperature,15000,3830,0.24507125062885457,0.015786476595046874,0.1682093308013354,0.5044791721714954,T=2.119
d5_at_q6_5/Z/r70,5,q6_5,Z,70,mwpm_gap,si1000,platt,15000,3830,0.25087727088947587,0.010330354341170456,0.16805606821419078,0.504027144799012,a=0.5016;b=-0.09421
d5_at_q6_5/Z/r70,5,q6_5,Z,70,mwpm_gap,si1000,isotonic,15000,3830,0.2510003008254399,0.008847164809874334,0.16810853127989459,0.5046976287159639,steps=78
d5_at_q6_5/Z/r70,5,q6_5,Z,70,mwpm_gap,rl,raw,15000,3852,0.17061917022961154,0.0861808297703885,0.17698365686304826,0.5473646472300414,
d5_at_q6_5/Z/r70,5,q6_5,Z,70,mwpm_gap,rl,temperature,15000,3852,0.2437875107127734,0.015518942491350078,0.16851720798650544,0.5052351353463166,T=1.647
d5_at_q6_5/Z/r70,5,q6_5,Z,70,mwpm_gap,rl,platt,15000,3852,0.24897105611799417,0.010051566847249813,0.16834937505835496,0.5048441949136235,a=0.6409;b=-0.08367
d5_at_q6_5/Z/r70,5,q6_5,Z,70,mwpm_gap,rl,isotonic,15000,3852,0.2488325411669253,0.009846465677453472,0.16837088539083253,0.5048727013151678,steps=82
d5_at_q6_5/Z/r90,5,q6_5,Z,90,mwpm_gap,si1000,raw,15000,5266,0.1979021076518165,0.15316455901485015,0.24103652673454598,0.7452804528906369,
d5_at_q6_5/Z/r90,5,q6_5,Z,90,mwpm_gap,si1000,temperature,15000,5266,0.34136735186727846,0.015691937449694042,0.21355196640310617,0.6142214185291666,T=2.758
d5_at_q6_5/Z/r90,5,q6_5,Z,90,mwpm_gap,si1000,platt,15000,5266,0.35368780394617844,0.012490231574079696,0.21344284726767274,0.6139184642525984,a=0.4173;b=-0.148
d5_at_q6_5/Z/r90,5,q6_5,Z,90,mwpm_gap,si1000,isotonic,15000,5266,0.35361367679189815,0.013750351930030909,0.21354575613198346,0.6148462052285504,steps=67
d5_at_q6_5/Z/r90,5,q6_5,Z,90,mwpm_gap,rl,raw,15000,5386,0.2381385253120415,0.12092814135462517,0.2315659505975219,0.6814163205702785,
d5_at_q6_5/Z/r90,5,q6_5,Z,90,mwpm_gap,rl,temperature,15000,5386,0.3475498233124859,0.017941831301553267,0.21511669882947773,0.6174853857592355,T=2.198
d5_at_q6_5/Z/r90,5,q6_5,Z,90,mwpm_gap,rl,platt,15000,5386,0.3606846658745417,0.00811916757775926,0.2147923503678415,0.6166998716844655,a=0.5286;b=-0.1536
d5_at_q6_5/Z/r90,5,q6_5,Z,90,mwpm_gap,rl,isotonic,15000,5386,0.36082059369187786,0.008099605614145659,0.21476816375231778,0.6175175866061493,steps=74
d5_at_q6_5/Z/r110,5,q6_5,Z,110,mwpm_gap,si1000,raw,15000,5444,0.20713538406872842,0.1563625107385852,0.24885597446458638,0.7594880253688961,
d5_at_q6_5/Z/r110,5,q6_5,Z,110,mwpm_gap,si1000,temperature,15000,5444,0.3543798811201705,0.018787685470407427,0.2189550041849162,0.6261215373017939,T=2.878
d5_at_q6_5/Z/r110,5,q6_5,Z,110,mwpm_gap,si1000,platt,15000,5444,0.36570307930460466,0.017365685710665678,0.21894332053011623,0.6259167245853212,a=0.397;b=-0.1307
d5_at_q6_5/Z/r110,5,q6_5,Z,110,mwpm_gap,si1000,isotonic,15000,5444,0.3656568651726047,0.017049994489026662,0.21906299273771426,0.6263036832591875,steps=72
d5_at_q6_5/Z/r110,5,q6_5,Z,110,mwpm_gap,rl,raw,15000,5545,0.24852496178740713,0.12114170487925953,0.23875340445712767,0.6968564373305987,
d5_at_q6_5/Z/r110,5,q6_5,Z,110,mwpm_gap,rl,temperature,15000,5545,0.35875238665925774,0.01782186811275593,0.2210044136818556,0.6307569494335589,T=2.246
d5_at_q6_5/Z/r110,5,q6_5,Z,110,mwpm_gap,rl,platt,15000,5545,0.3694004124380188,0.0144213617646306,0.2209020459353714,0.6304403963528185,a=0.5043;b=-0.1194
d5_at_q6_5/Z/r110,5,q6_5,Z,110,mwpm_gap,rl,isotonic,15000,5545,0.36947073829929755,0.009801910451410642,0.22099492757774375,0.6307906309522562,steps=70
d5_at_q6_5/Z/r130,5,q6_5,Z,130,mwpm_gap,si1000,raw,15000,5746,0.22399182854339614,0.15907483812327053,0.2580534031414207,0.7763978705486678,
d5_at_q6_5/Z/r130,5,q6_5,Z,130,mwpm_gap,si1000,temperature,15000,5746,0.36857352678773464,0.018127618399743847,0.2266477627542021,0.643381737564503,T=2.914
d5_at_q6_5/Z/r130,5,q6_5,Z,130,mwpm_gap,si1000,platt,15000,5746,0.3833411653922318,0.022844293445159036,0.22676469632563445,0.6435360439369519,a=0.4089;b=-0.1618
d5_at_q6_5/Z/r130,5,q6_5,Z,130,mwpm_gap,si1000,isotonic,15000,5746,0.3830882936087328,0.01666228595839898,0.2263149527959639,0.6437628145042285,steps=73
d5_at_q6_5/Z/r130,5,q6_5,Z,130,mwpm_gap,rl,raw,15000,5780,0.26175492203830064,0.12357841129503268,0.24599392010793047,0.712259638564407,
d5_at_q6_5/Z/r130,5,q6_5,Z,130,mwpm_gap,rl,temperature,15000,5780,0.3668631725167527,0.02348861222146093,0.22716430772136306,0.6444032943601764,T=2.214
d5_at_q6_5/Z/r130,5,q6_5,Z,130,mwpm_gap,rl,platt,15000,5780,0.37683911445028667,0.022147977632982877,0.2270831299962293,0.6441982579463138,a=0.5085;b=-0.1085
d5_at_q6_5/Z/r130,5,q6_5,Z,130,mwpm_gap,rl,isotonic,15000,5780,0.3766096376239038,0.015200937529011511,0.2268025483175015,0.6437233434835167,steps=86
d5_at_q6_5/Z/r150,5,q6_5,Z,150,mwpm_gap,si1000,raw,15000,6045,0.23512568882199958,0.16787431117800042,0.2640948960133889,0.7844135082704022,
d5_at_q6_5/Z/r150,5,q6_5,Z,150,mwpm_gap,si1000,temperature,15000,6045,0.3870156004728303,0.02248424197417111,0.23088592136116717,0.6526214064420708,T=3.225
d5_at_q6_5/Z/r150,5,q6_5,Z,150,mwpm_gap,si1000,platt,15000,6045,0.4007283056734002,0.010861695290698121,0.23049312877286915,0.6516968039620619,a=0.37;b=-0.1434
d5_at_q6_5/Z/r150,5,q6_5,Z,150,mwpm_gap,si1000,isotonic,15000,6045,0.4005709131445641,0.013399644134940547,0.23038577526937914,0.6515965515220001,steps=46
d5_at_q6_5/Z/r150,5,q6_5,Z,150,mwpm_gap,rl,raw,15000,6049,0.2730014562413204,0.13026521042534628,0.2511859591200467,0.7216877126578009,
d5_at_q6_5/Z/r150,5,q6_5,Z,150,mwpm_gap,rl,temperature,15000,6049,0.3860025291519201,0.020892861496672292,0.23124916598695433,0.6534562780798551,T=2.457
d5_at_q6_5/Z/r150,5,q6_5,Z,150,mwpm_gap,rl,platt,15000,6049,0.3940736246735809,0.013562566431950729,0.23094596484261104,0.6527874498271786,a=0.4517;b=-0.08326
d5_at_q6_5/Z/r150,5,q6_5,Z,150,mwpm_gap,rl,isotonic,15000,6049,0.3939354803678566,0.011485407618126442,0.231189479182359,0.6535623060253243,steps=64
d5_at_q6_5/Z/r170,5,q6_5,Z,170,mwpm_gap,si1000,raw,15000,6383,0.2604323187337734,0.16510101459955995,0.27328497857329465,0.7965231593650932,
d5_at_q6_5/Z/r170,5,q6_5,Z,170,mwpm_gap,si1000,temperature,15000,6383,0.4226825648338305,0.017913016141655823,0.23866302524777736,0.6696599878293031,T=4.137
d5_at_q6_5/Z/r170,5,q6_5,Z,170,mwpm_gap,si1000,platt,15000,6383,0.4338709242124871,0.016974436211884186,0.2385529562027587,0.6693457909574569,a=0.2917;b=-0.1091
d5_at_q6_5/Z/r170,5,q6_5,Z,170,mwpm_gap,si1000,isotonic,15000,6383,0.43362853209356567,0.008903042106970535,0.23854832102161513,0.6702923188009341,steps=50
d5_at_q6_5/Z/r170,5,q6_5,Z,170,mwpm_gap,rl,raw,15000,6397,0.29975319592289124,0.1267134707437754,0.2606311247385145,0.7387031725017648,
d5_at_q6_5/Z/r170,5,q6_5,Z,170,mwpm_gap,rl,temperature,15000,6397,0.4227146171025961,0.013847852846778924,0.23941840418837257,0.6712677672209761,T=3.134
d5_at_q6_5/Z/r170,5,q6_5,Z,170,mwpm_gap,rl,platt,15000,6397,0.43146024019639784,0.015697875684802992,0.23937491242602432,0.6711274315242461,a=0.3702;b=-0.08478
d5_at_q6_5/Z/r170,5,q6_5,Z,170,mwpm_gap,rl,isotonic,15000,6397,0.43144548646702885,0.011708193007518998,0.2393699026353599,0.6710876803693159,steps=72
d5_at_q6_5/Z/r190,5,q6_5,Z,190,mwpm_gap,si1000,raw,15000,6759,0.2700610175723461,0.18053898242765393,0.28493850150360606,0.822742474990301,
d5_at_q6_5/Z/r190,5,q6_5,Z,190,mwpm_gap,si1000,temperature,15000,6759,0.4275328814533627,0.02889959319856869,0.243749247764938,0.6801990745309274,T=4.161
d5_at_q6_5/Z/r190,5,q6_5,Z,190,mwpm_gap,si1000,platt,15000,6759,0.44181352459073886,0.02450618196177801,0.24342999326483555,0.6795090161992772,a=0.3094;b=-0.1406
d5_at_q6_5/Z/r190,5,q6_5,Z,190,mwpm_gap,si1000,isotonic,15000,6759,0.44153165258290245,0.01941969923944572,0.2434067623254278,0.6796682381647515,steps=58
d5_at_q6_5/Z/r190,5,q6_5,Z,190,mwpm_gap,rl,raw,15000,6667,0.3079347320589972,0.13653193460766944,0.2668923410940969,0.7513979972486358,
d5_at_q6_5/Z/r190,5,q6_5,Z,190,mwpm_gap,rl,temperature,15000,6667,0.4260693551531624,0.02246677248612015,0.24270917953446491,0.6780366819735874,T=3.113
d5_at_q6_5/Z/r190,5,q6_5,Z,190,mwpm_gap,rl,platt,15000,6667,0.4389463985278988,0.018166742116471107,0.24250448662578947,0.677572537838964,a=0.3988;b=-0.1231
d5_at_q6_5/Z/r190,5,q6_5,Z,190,mwpm_gap,rl,isotonic,15000,6667,0.4388391051741228,0.015380324913510138,0.2424853482122139,0.678298692653309,steps=69
d5_at_q6_5/Z/r210,5,q6_5,Z,210,mwpm_gap,si1000,raw,15000,6871,0.2846569503646424,0.1734097163020242,0.2822505327454662,0.8033991439392039,
d5_at_q6_5/Z/r210,5,q6_5,Z,210,mwpm_gap,si1000,temperature,15000,6871,0.44689952325258286,0.024282183311476108,0.24429249495045222,0.6814131904593722,T=5.216
d5_at_q6_5/Z/r210,5,q6_5,Z,210,mwpm_gap,si1000,platt,15000,6871,0.45707457516907657,0.018733034516114376,0.24381913817269651,0.6803808071815965,a=0.2417;b=-0.09609
d5_at_q6_5/Z/r210,5,q6_5,Z,210,mwpm_gap,si1000,isotonic,15000,6871,0.45708589860993526,0.012277614693160794,0.24344974948383163,0.6793931482598334,steps=47
d5_at_q6_5/Z/r210,5,q6_5,Z,210,mwpm_gap,rl,raw,15000,6903,0.33039385286832684,0.1298061471316732,0.2675398799147619,0.7457619762486153,
d5_at_q6_5/Z/r210,5,q6_5,Z,210,mwpm_gap,rl,temperature,15000,6903,0.450674266285674,0.0202242497259154,0.2453030178250346,0.6835307245238632,T=4.023
d5_at_q6_5/Z/r210,5,q6_5,Z,210,mwpm_gap,rl,platt,15000,6903,0.4591368461729361,0.016115645684904416,0.24503353190577865,0.6829473202239309,a=0.303;b=-0.07711
d5_at_q6_5/Z/r210,5,q6_5,Z,210,mwpm_gap,rl,isotonic,15000,6903,0.4590829210296014,0.006379764392591365,0.24485265303862877,0.6839311603152409,steps=45
d5_at_q6_5/Z/r230,5,q6_5,Z,230,mwpm_gap,si1000,raw,15000,6796,0.2804521545084839,0.17261451215818283,0.2811174128342854,0.8046802144439501,
d5_at_q6_5/Z/r230,5,q6_5,Z,230,mwpm_gap,si1000,temperature,15000,6796,0.4408875411196983,0.022390468647269714,0.24369590788279133,0.6801809621135697,T=4.796
d5_at_q6_5/Z/r230,5,q6_5,Z,230,mwpm_gap,si1000,platt,15000,6796,0.45105408868016006,0.015085774026306575,0.24330805210766776,0.6793393075004884,a=0.2575;b=-0.09637
d5_at_q6_5/Z/r230,5,q6_5,Z,230,mwpm_gap,si1000,isotonic,15000,6796,0.4511617368846408,0.013498252923003341,0.24337954233370054,0.6798607604924013,steps=64
d5_at_q6_5/Z/r230,5,q6_5,Z,230,mwpm_gap,rl,raw,15000,6693,0.3183595710493549,0.12860357199661626,0.26525220714380127,0.7428404220172132,
d5_at_q6_5/Z/r230,5,q6_5,Z,230,mwpm_gap,rl,temperature,15000,6693,0.43893371959790917,0.018028469416754074,0.24325806420792587,0.6792344909594569,T=3.52
d5_at_q6_5/Z/r230,5,q6_5,Z,230,mwpm_gap,rl,platt,15000,6693,0.44707540618266683,0.015538509549096751,0.24310788814356438,0.6788707993122831,a=0.3347;b=-0.07619
d5_at_q6_5/Z/r230,5,q6_5,Z,230,mwpm_gap,rl,isotonic,15000,6693,0.4470322190097361,0.011779507089398289,0.2429256754905713,0.6787833685071907,steps=50
d5_at_q6_5/Z/r250,5,q6_5,Z,250,mwpm_gap,si1000,raw,15000,6777,0.28740495966388324,0.16925141200809998,0.2812479648150455,0.8017417637488521,
d5_at_q6_5/Z/r250,5,q6_5,Z,250,mwpm_gap,si1000,temperature,15000,6777,0.44961934625211664,0.0209123215618504,0.24476611246570473,0.6824668329634468,T=5.378
d5_at_q6_5/Z/r250,5,q6_5,Z,250,mwpm_gap,si1000,platt,15000,6777,0.46030752577984524,0.01781564533699803,0.24469931592949243,0.6822862782653717,a=0.2383;b=-0.0995
d5_at_q6_5/Z/r250,5,q6_5,Z,250,mwpm_gap,si1000,isotonic,15000,6777,0.46061564265340577,0.015163676026468936,0.24480783185016589,0.6825025454332811,steps=41
d5_at_q6_5/Z/r250,5,q6_5,Z,250,mwpm_gap,rl,raw,15000,6799,0.32305200702547204,0.13135131175911463,0.26644826661800686,0.7447654680859003,
d5_at_q6_5/Z/r250,5,q6_5,Z,250,mwpm_gap,rl,temperature,15000,6799,0.4470519904580398,0.023805591338629445,0.2443093735244272,0.6815096643324098,T=3.933
d5_at_q6_5/Z/r250,5,q6_5,Z,250,mwpm_gap,rl,platt,15000,6799,0.45827416369873825,0.021511259989505482,0.24406677891810485,0.6809729371863051,a=0.3244;b=-0.1034
d5_at_q6_5/Z/r250,5,q6_5,Z,250,mwpm_gap,rl,isotonic,15000,6799,0.45842295156909546,0.014293272691372642,0.24397813910799823,0.6818718585178822,steps=50
d5_at_q6_9/X/r01,5,q6_9,X,1,mwpm_gap,si1000,raw,15000,38,0.0013611646343737592,0.001172389998247433,0.00201240178499907,0.009365230407164511,
d5_at_q6_9/X/r01,5,q6_9,X,1,mwpm_gap,si1000,temperature,15000,38,0.0029594932148323937,0.0004261598814990605,0.0020134809303338492,0.00847445904192758,T=1.506
d5_at_q6_9/X/r01,5,q6_9,X,1,mwpm_gap,si1000,platt,15000,38,0.0030113975272241986,0.0004780641938908659,0.0020110881980492097,0.008486280721638274,a=0.681;b=-0.07921
d5_at_q6_9/X/r01,5,q6_9,X,1,mwpm_gap,si1000,isotonic,15000,38,0.003161843287896473,0.0006285099545631399,0.002086441599625529,0.008940386727927232,steps=18
d5_at_q6_9/X/r01,5,q6_9,X,1,mwpm_gap,rl,raw,15000,34,0.0015354928130123784,0.00073195976601836,0.001841612392485661,0.007651466305015892,
d5_at_q6_9/X/r01,5,q6_9,X,1,mwpm_gap,rl,temperature,15000,34,0.0024393150912142315,0.00017264842454756468,0.001818215862104057,0.0072487055380795066,T=1.309
d5_at_q6_9/X/r01,5,q6_9,X,1,mwpm_gap,rl,platt,15000,34,0.0027748531968699165,0.0005081865302032501,0.001862831088945192,0.00737812709153175,a=0.8914;b=-0.5368
d5_at_q6_9/X/r01,5,q6_9,X,1,mwpm_gap,rl,isotonic,15000,34,0.002909713957864135,0.0006430472911974686,0.00196486549528819,0.009413966013828717,steps=25
d5_at_q6_9/X/r01,5,q6_9,X,1,exact,si1000,raw,15000,30,0.001426932180514798,0.0005737137109768661,0.00185724516545085,0.00840583028943313,
d5_at_q6_9/X/r01,5,q6_9,X,1,exact,si1000,temperature,15000,30,0.0026427889725849185,0.0006427889725849189,0.0018637920609875494,0.00787159233711395,T=1.375
d5_at_q6_9/X/r01,5,q6_9,X,1,exact,si1000,platt,15000,30,0.002780001595701817,0.0007800015957018174,0.0019038729512373227,0.00798878987811,a=0.7821;b=-0.2372
d5_at_q6_9/X/r01,5,q6_9,X,1,exact,si1000,isotonic,15000,30,0.0029343289915480593,0.0009343289915480588,0.0019999223968548683,0.00846847270538022,steps=14
d5_at_q6_9/X/r01,5,q6_9,X,1,exact,rl,raw,15000,30,0.0016140738776911857,0.0003878092100423439,0.0017095681371398302,0.006885866612273736,
d5_at_q6_9/X/r01,5,q6_9,X,1,exact,rl,temperature,15000,30,0.0022598450413252027,0.0002598450413252032,0.0016984004516299815,0.006715014207587647,T=1.211
d5_at_q6_9/X/r01,5,q6_9,X,1,exact,rl,platt,15000,30,0.0023405458002422283,0.00034054580024222805,0.0017106961683266998,0.00674101890592097,a=0.858;b=-0.1322
d5_at_q6_9/X/r01,5,q6_9,X,1,exact,rl,isotonic,15000,30,0.0022221350820344843,0.0002221350820344841,0.0016409340537227764,0.0069793990973902155,steps=20
d5_at_q6_9/X/r01,5,q6_9,X,1,bm_gap,rl,raw,15000,35,0.000544042141428312,0.0017892911919050215,0.0021302795993281146,0.016594372707173784,
d5_at_q6_9/X/r01,5,q6_9,X,1,bm_gap,rl,temperature,15000,35,0.0027299263281210266,0.0003965929947876934,0.0019669514611316717,0.008017908144909198,T=3.323
d5_at_q6_9/X/r01,5,q6_9,X,1,bm_gap,rl,platt,15000,35,0.0027327637530666716,0.00039943041973333835,0.0019673392831408287,0.008019752868479087,a=0.3014;b=-0.004778
d5_at_q6_9/X/r01,5,q6_9,X,1,bm_gap,rl,isotonic,15000,35,0.002811317773707127,0.00047798444037379264,0.0020053478848879236,0.008347919955078288,steps=18
d5_at_q6_9/X/r10,5,q6_9,X,10,mwpm_gap,si1000,raw,15000,837,0.028396950645400796,0.0274033057130368,0.04520759351099456,0.17856122454169268,
d5_at_q6_9/X/r10,5,q6_9,X,10,mwpm_gap,si1000,temperature,15000,837,0.058122885724289336,0.0027990170341179415,0.04310414129213539,0.14916056175831308,T=1.777
d5_at_q6_9/X/r10,5,q6_9,X,10,mwpm_gap,si1000,platt,15000,837,0.05986128088372329,0.004876016210084463,0.043210520794403726,0.14938793219691798,a=0.5871;b=-0.1113
d5_at_q6_9/X/r10,5,q6_9,X,10,mwpm_gap,si1000,isotonic,15000,837,0.05972710375994042,0.00550430602957422,0.04321204615430097,0.14953907363329796,steps=64
d5_at_q6_9/X/r10,5,q6_9,X,10,mwpm_gap,rl,raw,15000,863,0.03813484638932161,0.019404165906054975,0.0435779957716668,0.15601036043605623,
d5_at_q6_9/X/r10,5,q6_9,X,10,mwpm_gap,rl,temperature,15000,863,0.05709757596120775,0.003779719849826006,0.04270544290341365,0.1468442129060087,T=1.384
d5_at_q6_9/X/r10,5,q6_9,X,10,mwpm_gap,rl,platt,15000,863,0.05862953107061582,0.0033276142343429994,0.04269358334451344,0.14680684369747726,a=0.7497;b=-0.09775
d5_at_q6_9/X/r10,5,q6_9,X,10,mwpm_gap,rl,isotonic,15000,863,0.05882511496067289,0.002787915365339802,0.042836993526774995,0.1481388957833364,steps=86
d5_at_q6_9/X/r10,5,q6_9,X,10,bm_gap,rl,raw,15000,589,0.012758455518729738,0.026508211147942575,0.032197822296981524,0.18140501920669153,
d5_at_q6_9/X/r10,5,q6_9,X,10,bm_gap,rl,temperature,15000,589,0.042745677227722746,0.0057784030753315774,0.029451558404206442,0.10740509457457477,T=2.919
d5_at_q6_9/X/r10,5,q6_9,X,10,bm_gap,rl,platt,15000,589,0.038760484145715514,0.006787504609278593,0.02962788573698689,0.10708221600332703,a=0.2989;b=0.3365
d5_at_q6_9/X/r10,5,q6_9,X,10,bm_gap,rl,isotonic,15000,589,0.03858261409510436,0.004005423741076503,0.029298559919625062,0.10613809058659172,steps=74
d5_at_q6_9/X/r30,5,q6_9,X,30,mwpm_gap,si1000,raw,15000,2799,0.09253181909158889,0.0940681809084111,0.141025757997995,0.4978308785792711,
d5_at_q6_9/X/r30,5,q6_9,X,30,mwpm_gap,si1000,temperature,15000,2799,0.1836174253294735,0.00885709843830301,0.12889468073371207,0.4019881568922171,T=2.132
d5_at_q6_9/X/r30,5,q6_9,X,30,mwpm_gap,si1000,platt,15000,2799,0.18631536071925583,0.007163713174935313,0.12883832676293586,0.40179790461770926,a=0.4839;b=-0.0573
d5_at_q6_9/X/r30,5,q6_9,X,30,mwpm_gap,si1000,isotonic,15000,2799,0.1864341281723554,0.009041005441226399,0.12870767301507474,0.4021502962489792,steps=84
d5_at_q6_9/X/r30,5,q6_9,X,30,mwpm_gap,rl,raw,15000,2797,0.11661278807597039,0.06985387859069626,0.13423508300732234,0.43787726642486596,
d5_at_q6_9/X/r30,5,q6_9,X,30,mwpm_gap,rl,temperature,15000,2797,0.18026338120776106,0.010635418751239203,0.1279429078897892,0.3988833528308131,T=1.635
d5_at_q6_9/X/r30,5,q6_9,X,30,mwpm_gap,rl,platt,15000,2797,0.1833905712068295,0.0067225251314518165,0.12783818877097114,0.3985920457121243,a=0.6339;b=-0.06684
d5_at_q6_9/X/r30,5,q6_9,X,30,mwpm_gap,rl,isotonic,15000,2797,0.18365691545099647,0.006792701227871172,0.12807715719684526,0.3991239329738902,steps=76
d5_at_q6_9/X/r30,5,q6_9,X,30,bm_gap,rl,raw,15000,1986,0.04638685710936849,0.08601314289063151,0.10702124079982488,0.5215503326369085,
d5_at_q6_9/X/r30,5,q6_9,X,30,bm_gap,rl,temperature,15000,1986,0.13639478340234662,0.013674138754567204,0.09509210133372174,0.31317567658038026,T=3.105
d5_at_q6_9/X/r30,5,q6_9,X,30,bm_gap,rl,platt,15000,1986,0.1290868258263334,0.015359405688646658,0.09527905393491816,0.3126755406684427,a=0.2914;b=0.1959
d5_at_q6_9/X/r30,5,q6_9,X,30,bm_gap,rl,isotonic,15000,1986,0.12885812061189011,0.008871671140781925,0.09522171105959672,0.3117802530335767,steps=84
d5_at_q6_9/X/r50,5,q6_9,X,50,mwpm_gap,si1000,raw,15000,3760,0.12799676008427982,0.12266990658238686,0.18226097427674248,0.6040026780105034,
d5_at_q6_9/X/r50,5,q6_9,X,50,mwpm_gap,si1000,temperature,15000,3760,0.2455183354845706,0.022093012311375466,0.16384462151480425,0.4932047588993211,T=2.328
d5_at_q6_9/X/r50,5,q6_9,X,50,mwpm_gap,si1000,platt,15000,3760,0.2550769007067629,0.01696724371671064,0.16355788861568363,0.49227388122511523,a=0.4758;b=-0.1579
d5_at_q6_9/X/r50,5,q6_9,X,50,mwpm_gap,si1000,isotonic,15000,3760,0.254906905756145,0.011117624501671681,0.1634036054891784,0.4930851823165973,steps=80
d5_at_q6_9/X/r50,5,q6_9,X,50,mwpm_gap,rl,raw,15000,3652,0.15713363442721417,0.08633303223945248,0.17014060736597303,0.5318602960363218,
d5_at_q6_9/X/r50,5,q6_9,X,50,mwpm_gap,rl,temperature,15000,3652,0.24208064230002085,0.019509307359966137,0.16094585741009337,0.4862246597579758,T=1.795
d5_at_q6_9/X/r50,5,q6_9,X,50,mwpm_gap,rl,platt,15000,3652,0.24895949030305595,0.015300537023412138,0.1608323448389595,0.48575694322984697,a=0.5992;b=-0.1136
d5_at_q6_9/X/r50,5,q6_9,X,50,mwpm_gap,rl,isotonic,15000,3652,0.2490335773723058,0.013291011296116094,0.160653714204451,0.48708683106289397,steps=86
d5_at_q6_9/X/r50,5,q6_9,X,50,bm_gap,rl,raw,15000,2615,0.06587262193754544,0.10846071139578788,0.13882846542301508,0.6053110048435874,
d5_at_q6_9/X/r50,5,q6_9,X,50,bm_gap,rl,temperature,15000,2615,0.18254811436141982,0.012344428075577465,0.12152276169446016,0.38418505467842745,T=3.215
d5_at_q6_9/X/r50,5,q6_9,X,50,bm_gap,rl,platt,15000,2615,0.17908440702931272,0.013313516326973718,0.12154393170815926,0.3841093513370134,a=0.299;b=0.07036
d5_at_q6_9/X/r50,5,q6_9,X,50,bm_gap,rl,isotonic,15000,2615,0.1789217743652302,0.008675239770000589,0.12156790995870914,0.38379232059612556,steps=104
d5_at_q6_9/X/r70,5,q6_9,X,70,mwpm_gap,si1000,raw,15000,4969,0.17554925143097375,0.1557174152356929,0.23403253946088345,0.7400648665443359,
d5_at_q6_9/X/r70,5,q6_9,X,70,mwpm_gap,si1000,temperature,15000,4969,0.327892540759424,0.019484567502067875,0.20521002957957427,0.5946828849794754,T=2.881
d5_at_q6_9/X/r70,5,q6_9,X,70,mwpm_gap,si1000,platt,15000,4969,0.3387327180021227,0.01627851461056508,0.20509155351208186,0.5941191473382484,a=0.3936;b=-0.1392
d5_at_q6_9/X/r70,5,q6_9,X,70,mwpm_gap,si1000,isotonic,15000,4969,0.33867013729669765,0.00775312768761306,0.20479145727463186,0.5931881455549427,steps=71
d5_at_q6_9/X/r70,5,q6_9,X,70,mwpm_gap,rl,raw,15000,4954,0.2093202245642327,0.12094644210243401,0.22058172269992385,0.6614060562360546,
d5_at_q6_9/X/r70,5,q6_9,X,70,mwpm_gap,rl,temperature,15000,4954,0.32549800039439775,0.01958346200480312,0.2036682186111188,0.5910436438281269,T=2.224
d5_at_q6_9/X/r70,5,q6_9,X,70,mwpm_gap,rl,platt,15000,4954,0.33528273742513703,0.015786717352656646,0.2034229258469706,0.5902586753717586,a=0.5023;b=-0.1243
d5_at_q6_9/X/r70,5,q6_9,X,70,mwpm_gap,rl,isotonic,15000,4954,0.3355712157703778,0.013193671322676109,0.20355022986042678,0.5907853214595179,steps=83
d5_at_q6_9/X/r90,5,q6_9,X,90,mwpm_gap,si1000,raw,15000,5820,0.209347726488636,0.17865227351136398,0.2621941464921685,0.7977250112328084,
d5_at_q6_9/X/r90,5,q6_9,X,90,mwpm_gap,si1000,temperature,15000,5820,0.3743450570076585,0.029439388959854054,0.2247982977183176,0.6389497981445434,T=3.401
d5_at_q6_9/X/r90,5,q6_9,X,90,mwpm_gap,si1000,platt,15000,5820,0.3857720199302315,0.02157146469949835,0.2242373340243396,0.6375471425982079,a=0.3401;b=-0.126
d5_at_q6_9/X/r90,5,q6_9,X,90,mwpm_gap,si1000,isotonic,15000,5820,0.3859104951760872,0.015553371529367354,0.22383893106022582,0.636685412439945,steps=79
d5_at_q6_9/X/r90,5,q6_9,X,90,mwpm_gap,rl,raw,15000,5756,0.24360484057148465,0.14045704225118355,0.24744444783236552,0.7213114704085513,
d5_at_q6_9/X/r90,5,q6_9,X,90,mwpm_gap,rl,temperature,15000,5756,0.3728007282292765,0.030237287447264255,0.22405686216030293,0.637358454669481,T=2.633
d5_at_q6_9/X/r90,5,q6_9,X,90,mwpm_gap,rl,platt,15000,5756,0.3844765710495196,0.021529532039180406,0.2236487542613662,0.6362642810207394,a=0.4399;b=-0.1288
d5_at_q6_9/X/r90,5,q6_9,X,90,mwpm_gap,rl,isotonic,15000,5756,0.3846123306138898,0.014249019198338172,0.22335619816597554,0.6354132695791003,steps=82
d5_at_q6_9/X/r110,5,q6_9,X,110,mwpm_gap,si1000,raw,15000,5958,0.22563158361724986,0.17156841638275017,0.26654299082695615,0.8024284670856252,
d5_at_q6_9/X/r110,5,q6_9,X,110,mwpm_gap,si1000,temperature,15000,5958,0.3931635512283276,0.018222003348280197,0.23038237909057535,0.6517533998102091,T=3.66
d5_at_q6_9/X/r110,5,q6_9,X,110,mwpm_gap,si1000,platt,15000,5958,0.407987975886747,0.017808001954311984,0.23034430309718512,0.6514684910828926,a=0.3339;b=-0.1554
d5_at_q6_9/X/r110,5,q6_9,X,110,mwpm_gap,si1000,isotonic,15000,5958,0.40806215143258,0.01293833535638369,0.23016911285111855,0.6510330099911625,steps=74
d5_at_q6_9/X/r110,5,q6_9,X,110,mwpm_gap,rl,raw,15000,5802,0.260189461559417,0.12729758620569945,0.24778220042527108,0.7182029792620388,
d5_at_q6_9/X/r110,5,q6_9,X,110,mwpm_gap,rl,temperature,15000,5802,0.38893265999813315,0.015759807193194243,0.22758650934632085,0.6457650165193973,T=2.752
d5_at_q6_9/X/r110,5,q6_9,X,110,mwpm_gap,rl,platt,15000,5802,0.40236121562043536,0.01642303416368303,0.22768010255959995,0.645749131058698,a=0.4322;b=-0.1392
d5_at_q6_9/X/r110,5,q6_9,X,110,mwpm_gap,rl,isotonic,15000,5802,0.4026257173390015,0.01582571733900144,0.22761603009432382,0.6455154749196437,steps=65
d5_at_q6_9/X/r130,5,q6_9,X,130,mwpm_gap,si1000,raw,15000,6470,0.24926963447610576,0.1820636988572276,0.28000337708916134,0.8238257677713025,
d5_at_q6_9/X/r130,5,q6_9,X,130,mwpm_gap,si1000,temperature,15000,6470,0.4200482999643848,0.02437393784016362,0.2390862582644937,0.6704585400641865,T=4.311
d5_at_q6_9/X/r130,5,q6_9,X,130,mwpm_gap,si1000,platt,15000,6470,0.4318489191841316,0.01789087862981073,0.23873340910757843,0.6696463737731887,a=0.2814;b=-0.1158
d5_at_q6_9/X/r130,5,q6_9,X,130,mwpm_gap,si1000,isotonic,15000,6470,0.4320248435923668,0.016057624974575267,0.23844280754853375,0.668950887294511,steps=62
d5_at_q6_9/X/r130,5,q6_9,X,130,mwpm_gap,rl,raw,15000,6451,0.28390959226877766,0.14710481404046308,0.2659028391766073,0.7569331250831693,
d5_at_q6_9/X/r130,5,q6_9,X,130,mwpm_gap,rl,temperature,15000,6451,0.41587864560490184,0.025127801089633757,0.238846914804067,0.6698494342316464,T=3.205
d5_at_q6_9/X/r130,5,q6_9,X,130,mwpm_gap,rl,platt,15000,6451,0.4230688209529441,0.020306287493865507,0.2385776670597313,0.6692334211461509,a=0.35;b=-0.07019
d5_at_q6_9/X/r130,5,q6_9,X,130,mwpm_gap,rl,isotonic,15000,6451,0.4230055137266854,0.011411294001948905,0.23824330585503273,0.6684384285931741,steps=42
d5_at_q6_9/X/r150,5,q6_9,X,150,mwpm_gap,si1000,raw,15000,6847,0.2707376108983245,0.1857290557683422,0.2881020688373927,0.8341477113931997,
d5_at_q6_9/X/r150,5,q6_9,X,150,mwpm_gap,si1000,temperature,15000,6847,0.437767216895245,0.022369840712444033,0.24453314942146845,0.6819031789362122,T=4.883
d5_at_q6_9/X/r150,5,q6_9,X,150,mwpm_gap,si1000,platt,15000,6847,0.4452587384208906,0.012821249386496565,0.24421375335012796,0.6812333398834378,a=0.2385;b=-0.07113
d5_at_q6_9/X/r150,5,q6_9,X,150,mwpm_gap,si1000,isotonic,15000,6847,0.4450443348552308,0.014339737100981858,0.24427925426953673,0.682429298826435,steps=44
d5_at_q6_9/X/r150,5,q6_9,X,150,mwpm_gap,rl,raw,15000,6823,0.3031188415648809,0.15174782510178575,0.2741030414447881,0.7729206858457678,
d5_at_q6_9/X/r150,5,q6_9,X,150,mwpm_gap,rl,temperature,15000,6823,0.4355442008546462,0.019943597808054197,0.2445091558371892,0.6818588454717098,T=3.719
d5_at_q6_9/X/r150,5,q6_9,X,150,mwpm_gap,rl,platt,15000,6823,0.44874712872428346,0.014946853978536115,0.24419376727633313,0.6811857759132111,a=0.3426;b=-0.1237
d5_at_q6_9/X/r150,5,q6_9,X,150,mwpm_gap,rl,isotonic,15000,6823,0.4487979803602279,0.01163590616166168,0.24407115248110858,0.6813895212569616,steps=63
d5_at_q6_9/X/r170,5,q6_9,X,170,mwpm_gap,si1000,raw,15000,6965,0.2909663738643121,0.17336695946902111,0.28677896470925796,0.8183657342326831,
d5_at_q6_9/X/r170,5,q6_9,X,170,mwpm_gap,si1000,temperature,15000,6965,0.4601498183211079,0.015344320532952345,0.24644678887583948,0.6859303140054098,T=6.741
d5_at_q6_9/X/r170,5,q6_9,X,170,mwpm_gap,si1000,platt,15000,6965,0.4722361089236639,0.015128487810790032,0.24628617100281797,0.6855695883726912,a=0.2041;b=-0.1082
d5_at_q6_9/X/r170,5,q6_9,X,170,mwpm_gap,si1000,isotonic,15000,6965,0.47247476284431567,0.010793231465254566,0.24630697982099822,0.6877815091597925,steps=38
d5_at_q6_9/X/r170,5,q6_9,X,170,mwpm_gap,rl,raw,15000,6916,0.32286411712205304,0.13820254954461364,0.27142788765748926,0.7597544388282852,
d5_at_q6_9/X/r170,5,q6_9,X,170,mwpm_gap,rl,temperature,15000,6916,0.456855520178686,0.014934921897389259,0.24572286944415625,0.6844523267238793,T=4.905
d5_at_q6_9/X/r170,5,q6_9,X,170,mwpm_gap,rl,platt,15000,6916,0.46939789951717525,0.01408301587548208,0.2455162048343477,0.6839969412675355,a=0.2771;b=-0.1121
d5_at_q6_9/X/r170,5,q6_9,X,170,mwpm_gap,rl,isotonic,15000,6916,0.469225620278465,0.009559237122866127,0.2455979580374295,0.6847149686523066,steps=39
d5_at_q6_9/X/r190,5,q6_9,X,190,mwpm_gap,si1000,raw,15000,7123,0.3007342493051629,0.17675298665414355,0.2926068480295762,0.8307683743869304,
d5_at_q6_9/X/r190,5,q6_9,X,190,mwpm_gap,si1000,temperature,15000,7123,0.4678220360523976,0.017954666634543537,0.24859224502381827,0.6903038273023681,T=7.8
d5_at_q6_9/X/r190,5,q6_9,X,190,mwpm_gap,si1000,platt,15000,7123,0.4780369304930459,0.0179982021038574,0.2486977196234313,0.6905067321988592,a=0.1807;b=-0.09359
d5_at_q6_9/X/r190,5,q6_9,X,190,mwpm_gap,si1000,isotonic,15000,7123,0.4780075186300564,0.013457450368933921,0.24863912283705472,0.6904546173522057,steps=59
d5_at_q6_9/X/r190,5,q6_9,X,190,mwpm_gap,rl,raw,15000,7182,0.33455212703031467,0.14424787296968533,0.27838230787853924,0.7743509726377132,
d5_at_q6_9/X/r190,5,q6_9,X,190,mwpm_gap,rl,temperature,15000,7182,0.4678118431156727,0.01798917872802447,0.2484178193128709,0.6899462760363504,T=6.054
d5_at_q6_9/X/r190,5,q6_9,X,190,mwpm_gap,rl,platt,15000,7182,0.47269234828987733,0.01529638175108665,0.2482965208721899,0.6896968799962097,a=0.1953;b=-0.04303
d5_at_q6_9/X/r190,5,q6_9,X,190,mwpm_gap,rl,isotonic,15000,7182,0.4727952837631931,0.012530911647457087,0.2482507557204344,0.6901251513627986,steps=35
d5_at_q6_9/X/r210,5,q6_9,X,210,mwpm_gap,si1000,raw,15000,7079,0.30198409811914484,0.16994923521418848,0.28789294669832943,0.8148423512237442,
d5_at_q6_9/X/r210,5,q6_9,X,210,mwpm_gap,si1000,temperature,15000,7079,0.4704056678083136,0.013554702793151113,0.2477587365988181,0.688622366012406,T=8.414
d5_at_q6_9/X/r210,5,q6_9,X,210,mwpm_gap,si1000,platt,15000,7079,0.47446930936585596,0.011751204190993209,0.24765734726360267,0.6884114906407439,a=0.1391;b=-0.03642
d5_at_q6_9/X/r210,5,q6_9,X,210,mwpm_gap,si1000,isotonic,15000,7079,0.4744635190503871,0.014152852447517789,0.24743403881126444,0.6884491050770526,steps=32
d5_at_q6_9/X/r210,5,q6_9,X,210,mwpm_gap,rl,raw,15000,7086,0.33343373861283343,0.13896626138716658,0.2758058777570501,0.7667888523126719,
d5_at_q6_9/X/r210,5,q6_9,X,210,mwpm_gap,rl,temperature,15000,7086,0.47048477470521394,0.01809857830144109,0.2478488933093531,0.6888009388519386,T=6.641
d5_at_q6_9/X/r210,5,q6_9,X,210,mwpm_gap,rl,platt,15000,7086,0.47459766253974645,0.01600368175538639,0.24775887229847,0.6886121281738644,a=0.1759;b=-0.03636
d5_at_q6_9/X/r210,5,q6_9,X,210,mwpm_gap,rl,isotonic,15000,7086,0.47446338073081107,0.011182645966951028,0.2475107500781543,0.6885776441017011,steps=35
d5_at_q6_9/X/r230,5,q6_9,X,230,mwpm_gap,si1000,raw,15000,7137,0.32422915845892336,0.15201300499089285,0.284686846510746,0.7972332991264037,
d5_at_q6_9/X/r230,5,q6_9,X,230,mwpm_gap,si1000,temperature,15000,7137,0.47751375444206373,0.011198887326252797,0.24895638866650546,0.6910473752700866,T=9.422
d5_at_q6_9/X/r230,5,q6_9,X,230,mwpm_gap,si1000,platt,15000,7137,0.48221745710796277,0.011333252185629967,0.24901111396120268,0.6911532606008094,a=0.131;b=-0.03985
d5_at_q6_9/X/r230,5,q6_9,X,230,mwpm_gap,si1000,isotonic,15000,7137,0.48251513416196445,0.01295920697540552,0.24929200936594736,0.6917349135629582,steps=28
d5_at_q6_9/X/r230,5,q6_9,X,230,mwpm_gap,rl,raw,15000,7230,0.3556379994938043,0.12636200050619575,0.27120061188254724,0.7514762303473266,
d5_at_q6_9/X/r230,5,q6_9,X,230,mwpm_gap,rl,temperature,15000,7230,0.4760956402256892,0.016836598396601427,0.24858623640594937,0.6903012118715985,T=6.901
d5_at_q6_9/X/r230,5,q6_9,X,230,mwpm_gap,rl,platt,15000,7230,0.4810300029162145,0.012809983954086378,0.24844241372863068,0.690009236531808,a=0.1775;b=-0.04124
d5_at_q6_9/X/r230,5,q6_9,X,230,mwpm_gap,rl,isotonic,15000,7230,0.4809287628490164,0.011816276304881001,0.24844556396550266,0.6899606335475149,steps=40
d5_at_q6_9/X/r250,5,q6_9,X,250,mwpm_gap,si1000,raw,15000,7234,0.3280014808376037,0.15426518582906293,0.28509556179642837,0.7952115489934795,
d5_at_q6_9/X/r250,5,q6_9,X,250,mwpm_gap,si1000,temperature,15000,7234,0.4791058812595334,0.017245892345837333,0.2490803611945934,0.6912938932457768,T=9.89
d5_at_q6_9/X/r250,5,q6_9,X,250,mwpm_gap,si1000,platt,15000,7234,0.48313414115382664,0.016814435151135457,0.24903841133407248,0.6912052868346404,a=0.1241;b=-0.03509
d5_at_q6_9/X/r250,5,q6_9,X,250,mwpm_gap,si1000,isotonic,15000,7234,0.48298429401741744,0.013415583638703248,0.24905689493179095,0.6913250356216516,steps=42
d5_at_q6_9/X/r250,5,q6_9,X,250,mwpm_gap,rl,raw,15000,7288,0.3572600176910619,0.12860664897560475,0.2742586908668954,0.7573203563890681,
d5_at_q6_9/X/r250,5,q6_9,X,250,mwpm_gap,rl,temperature,15000,7288,0.4796202258069072,0.009965404174802555,0.24914843595007968,0.6914314040772334,T=7.984
d5_at_q6_9/X/r250,5,q6_9,X,250,mwpm_gap,rl,platt,15000,7288,0.4832761754076537,0.008658413105361246,0.24906816486514402,0.6912670017694577,a=0.151;b=-0.03136
d5_at_q6_9/X/r250,5,q6_9,X,250,mwpm_gap,rl,isotonic,15000,7288,0.4832802412006745,0.006152608877478354,0.24890999238563227,0.6914940129942134,steps=34
d5_at_q6_9/Z/r01,5,q6_9,Z,1,mwpm_gap,si1000,raw,15000,24,0.0009507093128605573,0.0006495026540883188,0.0012311045644037317,0.005007189536207222,
d5_at_q6_9/Z/r01,5,q6_9,Z,1,mwpm_gap,si1000,temperature,15000,24,0.0012055126338143343,0.0003957681212831991,0.0012138909987813036,0.004793255173593195,T=1.144
d5_at_q6_9/Z/r01,5,q6_9,Z,1,mwpm_gap,si1000,platt,15000,24,0.0009636528250041982,0.0006437775928275312,0.0012919627955769173,0.004972897157902156,a=0.7006;b=0.7503
d5_at_q6_9/Z/r01,5,q6_9,Z,1,mwpm_gap,si1000,isotonic,15000,24,0.0009735485080681422,0.0006714492420443519,0.0012804527996636169,0.005256947668518848,steps=20
d5_at_q6_9/Z/r01,5,q6_9,Z,1,mwpm_gap,rl,raw,15000,24,0.0011872390236601163,0.0004133877848340586,0.0012084120724415574,0.004937946635917348,
d5_at_q6_9/Z/r01,5,q6_9,Z,1,mwpm_gap,rl,temperature,15000,24,0.0013479115394770607,0.0002537223985428104,0.0012052650689902721,0.004855091137740956,T=1.078
d5_at_q6_9/Z/r01,5,q6_9,Z,1,mwpm_gap,rl,platt,15000,24,0.0012387188359343543,0.0003646216034110407,0.0012257155553676868,0.004879362222062023,a=0.8521;b=0.2871
d5_at_q6_9/Z/r01,5,q6_9,Z,1,mwpm_gap,rl,isotonic,15000,24,0.0013416749188603274,0.000303322831252167,0.0011962121934333623,0.0050487632875941945,steps=23
d5_at_q6_9/Z/r01,5,q6_9,Z,1,exact,si1000,raw,15000,24,0.001003214683235761,0.0005974284624015149,0.0012274072396046781,0.00480563471587471,
d5_at_q6_9/Z/r01,5,q6_9,Z,1,exact,si1000,temperature,15000,24,0.0011235050756130298,0.0004778776177090341,0.0012176296388436772,0.004723964602031612,T=1.061
d5_at_q6_9/Z/r01,5,q6_9,Z,1,exact,si1000,platt,15000,24,0.0009968771009659764,0.0006068469702522297,0.0012607030665840863,0.004823101561070037,a=0.8361;b=0.4188
d5_at_q6_9/Z/r01,5,q6_9,Z,1,exact,si1000,isotonic,15000,24,0.0010042631094959507,0.0006407346406165435,0.0013469911017474658,0.006004991003800408,steps=16
d5_at_q6_9/Z/r01,5,q6_9,Z,1,exact,rl,raw,15000,21,0.0013451461839598692,5.6802417818331734e-05,0.001157311145680275,0.004743943501135131,
d5_at_q6_9/Z/r01,5,q6_9,Z,1,exact,rl,temperature,15000,21,0.0013298524965640393,7.19482955957041e-05,0.0011572134187772282,0.004748140126347396,T=0.9935
d5_at_q6_9/Z/r01,5,q6_9,Z,1,exact,rl,platt,15000,21,0.0011244973465589995,0.00028207079512946253,0.0011665070806964285,0.004740936697233465,a=0.8548;b=0.5531
d5_at_q6_9/Z/r01,5,q6_9,Z,1,exact,rl,isotonic,15000,21,0.0011901899578918474,0.000254807792220647,0.0011777928842309148,0.0050338743984177006,steps=20
d5_at_q6_9/Z/r01,5,q6_9,Z,1,bm_gap,rl,raw,15000,23,0.0003956818686027425,0.0011376514647305908,0.001323995226711045,0.009415116503565421,
d5_at_q6_9/Z/r01,5,q6_9,Z,1,bm_gap,rl,temperature,15000,23,0.001545068874809828,1.1735541476494116e-05,0.001235932949114027,0.0050478931576432556,T=2.723
d5_at_q6_9/Z/r01,5,q6_9,Z,1,bm_gap,rl,platt,15000,23,0.001371564474146137,0.0001619384687851335,0.0012435438122090933,0.005008178295943754,a=0.3223;b=0.4015
d5_at_q6_9/Z/r01,5,q6_9,Z,1,bm_gap,rl,isotonic,15000,23,0.0013603450801798027,0.00021798600326602497,0.001274293665752769,0.005041579554760466,steps=23
d5_at_q6_9/Z/r10,5,q6_9,Z,10,mwpm_gap,si1000,raw,15000,838,0.030985364363206758,0.024881668026526214,0.04356226220045508,0.16599582449964806,
d5_at_q6_9/Z/r10,5,q6_9,Z,10,mwpm_gap,si1000,temperature,15000,838,0.055908500875200794,0.003224360663738379,0.04194604379888275,0.14416949169686394,T=1.64
d5_at_q6_9/Z/r10,5,q6_9,Z,10,mwpm_gap,si1000,platt,15000,838,0.055533675807695505,0.0029087087843001937,0.041945723232017555,0.14417381013450264,a=0.6041;b=0.02429
d5_at_q6_9/Z/r10,5,q6_9,Z,10,mwpm_gap,si1000,isotonic,15000,838,0.055507277724486964,0.002768652915208026,0.042117877466408854,0.14460010722299727,steps=71
d5_at_q6_9/Z/r10,5,q6_9,Z,10,mwpm_gap,rl,raw,15000,800,0.03997527322321801,0.013364953218670428,0.041617095255188655,0.14796300404711157,
d5_at_q6_9/Z/r10,5,q6_9,Z,10,mwpm_gap,rl,temperature,15000,800,0.054624154085052015,0.0027112914420772483,0.04118040642107397,0.14225078835430865,T=1.286
d5_at_q6_9/Z/r10,5,q6_9,Z,10,mwpm_gap,rl,platt,15000,800,0.0544047881119749,0.0025561740880284045,0.04117051248271218,0.14223214479325366,a=0.7731;b=0.01464
d5_at_q6_9/Z/r10,5,q6_9,Z,10,mwpm_gap,rl,isotonic,15000,800,0.05445602208939522,0.003730916628501802,0.041200869387351895,0.14237200447787604,steps=60
d5_at_q6_9/Z/r10,5,q6_9,Z,10,bm_gap,rl,raw,15000,551,0.014267006834522776,0.022466326498810554,0.029448728099398455,0.16143027278127345,
d5_at_q6_9/Z/r10,5,q6_9,Z,10,bm_gap,rl,temperature,15000,551,0.04272908954106577,0.008963875601603336,0.02791489607637217,0.10365555406364589,T=2.723
d5_at_q6_9/Z/r10,5,q6_9,Z,10,bm_gap,rl,platt,15000,551,0.039495357572269844,0.005313389544897884,0.027877201893343643,0.10285380504334174,a=0.3303;b=0.264
d5_at_q6_9/Z/r10,5,q6_9,Z,10,bm_gap,rl,isotonic,15000,551,0.0392753547261915,0.0037180008613040636,0.027542673524190923,0.100986731158823,steps=70
d5_at_q6_9/Z/r30,5,q6_9,Z,30,mwpm_gap,si1000,raw,15000,3028,0.10465666310662304,0.09721000356004358,0.15048186941327474,0.513163349203549,
d5_at_q6_9/Z/r30,5,q6_9,Z,30,mwpm_gap,si1000,temperature,15000,3028,0.1940771125200839,0.015441269659911465,0.13753171222731125,0.4232063451193756,T=2.05
d5_at_q6_9/Z/r30,5,q6_9,Z,30,mwpm_gap,si1000,platt,15000,3028,0.1998613171642299,0.014710151199869305,0.13744991866282977,0.42284067320426477,a=0.52;b=-0.1157
d5_at_q6_9/Z/r30,5,q6_9,Z,30,mwpm_gap,si1000,isotonic,15000,3028,0.2001519783583323,0.011048968927489957,0.13732995718234484,0.42256563304546335,steps=88
d5_at_q6_9/Z/r30,5,q6_9,Z,30,mwpm_gap,rl,raw,15000,3090,0.13390654317906006,0.07209345682093993,0.14616264381457753,0.4662475994325169,
d5_at_q6_9/Z/r30,5,q6_9,Z,30,mwpm_gap,rl,temperature,15000,3090,0.20092673345477682,0.01236340451481207,0.13963790709167806,0.42972292478400054,T=1.634
d5_at_q6_9/Z/r30,5,q6_9,Z,30,mwpm_gap,rl,platt,15000,3090,0.2053768273606837,0.008693753531384603,0.1395307354407216,0.4293866224146236,a=0.6426;b=-0.08601
d5_at_q6_9/Z/r30,5,q6_9,Z,30,mwpm_gap,rl,isotonic,15000,3090,0.205452148468875,0.007182446605152686,0.13962504302711826,0.4313652631997575,steps=88
d5_at_q6_9/Z/r30,5,q6_9,Z,30,bm_gap,rl,raw,15000,2144,0.05563675221508932,0.08729658111824401,0.11527933967391682,0.5166656454104863,
d5_at_q6_9/Z/r30,5,q6_9,Z,30,bm_gap,rl,temperature,15000,2144,0.1511808128425938,0.012709039002475548,0.10284616262390871,0.33069606244503447,T=3.023
d5_at_q6_9/Z/r30,5,q6_9,Z,30,bm_gap,rl,platt,15000,2144,0.14442266771320258,0.009672310018118656,0.10275416850416454,0.3301717803899872,a=0.304;b=0.1605
d5_at_q6_9/Z/r30,5,q6_9,Z,30,bm_gap,rl,isotonic,15000,2144,0.1444389109328462,0.008853155780730896,0.10283533109836085,0.33012639222925316,steps=90
d5_at_q6_9/Z/r50,5,q6_9,Z,50,mwpm_gap,si1000,raw,15000,3872,0.1334161190699321,0.12471721426340127,0.1864161648811266,0.611953118033032,
d5_at_q6_9/Z/r50,5,q6_9,Z,50,mwpm_gap,si1000,temperature,15000,3872,0.24341960872471752,0.021228460427859,0.16768978605429535,0.5019563553645552,T=2.207
d5_at_q6_9/Z/r50,5,q6_9,Z,50,mwpm_gap,si1000,platt,15000,3872,0.2510861898845189,0.013402744401084844,0.1673394711002416,0.5010072715691157,a=0.4909;b=-0.1247
d5_at_q6_9/Z/r50,5,q6_9,Z,50,mwpm_gap,si1000,isotonic,15000,3872,0.2510553883410198,0.013250499595658686,0.16732849725134608,0.5017008352068154,steps=76
d5_at_q6_9/Z/r50,5,q6_9,Z,50,mwpm_gap,rl,raw,15000,3767,0.16186273222353734,0.08927060110979602,0.17377034922793763,0.5398157313312768,
d5_at_q6_9/Z/r50,5,q6_9,Z,50,mwpm_gap,rl,temperature,15000,3767,0.23893833507823176,0.016689109925473546,0.16458663068038332,0.49470564518523097,T=1.697
d5_at_q6_9/Z/r50,5,q6_9,Z,50,mwpm_gap,rl,platt,15000,3767,0.24394033449674568,0.010053332943904411,0.16436591351309562,0.4941371953403457,a=0.6213;b=-0.08252
d5_at_q6_9/Z/r50,5,q6_9,Z,50,mwpm_gap,rl,isotonic,15000,3767,0.24382244082816767,0.009290003300346438,0.1643572034604407,0.4949615038817248,steps=101
d5_at_q6_9/Z/r50,5,q6_9,Z,50,bm_gap,rl,raw,15000,2566,0.06714704127778004,0.10391962538888662,0.13786971848066296,0.6080440290139695,
d5_at_q6_9/Z/r50,5,q6_9,Z,50,bm_gap,rl,temperature,15000,2566,0.176039122509975,0.012462555042103307,0.122344952377309,0.3875473499164691,T=3.019
d5_at_q6_9/Z/r50,5,q6_9,Z,50,bm_gap,rl,platt,15000,2566,0.16979386172425998,0.008501970085777338,0.12221132973124472,0.3868329727175006,a=0.3084;b=0.1289
d5_at_q6_9/Z/r50,5,q6_9,Z,50,bm_gap,rl,isotonic,15000,2566,0.16988486254016544,0.008452556397028249,0.12234270246261361,0.3871420171803706,steps=94
d5_at_q6_9/Z/r70,5,q6_9,Z,70,mwpm_gap,si1000,raw,15000,4635,0.16716799685924016,0.1418320031407598,0.21789541128761036,0.6942328559114198,
d5_at_q6_9/Z/r70,5,q6_9,Z,70,mwpm_gap,si1000,temperature,15000,4635,0.29460866072804454,0.017805090354889763,0.1945801749421816,0.5692075661780454,T=2.419
d5_at_q6_9/Z/r70,5,q6_9,Z,70,mwpm_gap,si1000,platt,15000,4635,0.30715876062399083,0.013567013048214975,0.19438767211601105,0.5686579484376928,a=0.4702;b=-0.1698
d5_at_q6_9/Z/r70,5,q6_9,Z,70,mwpm_gap,si1000,isotonic,15000,4635,0.3071308877686986,0.011541419069568345,0.19440333615726807,0.5689370899136309,steps=71
d5_at_q6_9/Z/r70,5,q6_9,Z,70,mwpm_gap,rl,raw,15000,4528,0.1977131276449341,0.10415353902173255,0.20470679450775509,0.6190948118952445,
d5_at_q6_9/Z/r70,5,q6_9,Z,70,mwpm_gap,rl,temperature,15000,4528,0.2903275071557457,0.01647205303742965,0.19206822033550075,0.5633326568120792,T=1.863
d5_at_q6_9/Z/r70,5,q6_9,Z,70,mwpm_gap,rl,platt,15000,4528,0.2982328202092624,0.013749358101703605,0.1919276982863915,0.5629281030806749,a=0.5835;b=-0.1092
d5_at_q6_9/Z/r70,5,q6_9,Z,70,mwpm_gap,rl,isotonic,15000,4528,0.29828328728889064,0.00799289258683484,0.19184711007545205,0.5629499021831855,steps=78
d5_at_q6_9/Z/r90,5,q6_9,Z,90,mwpm_gap,si1000,raw,15000,6165,0.22951815269406253,0.18148184730593747,0.27213298410031317,0.8117212466206262,
d5_at_q6_9/Z/r90,5,q6_9,Z,90,mwpm_gap,si1000,temperature,15000,6165,0.3910163095681762,0.02953375778547203,0.2327376681861818,0.6563532772285398,T=3.504
d5_at_q6_9/Z/r90,5,q6_9,Z,90,mwpm_gap,si1000,platt,15000,6165,0.401653036550378,0.024010684685532892,0.23224610135353135,0.6551840465980066,a=0.33;b=-0.1115
d5_at_q6_9/Z/r90,5,q6_9,Z,90,mwpm_gap,si1000,isotonic,15000,6165,0.40174576889453445,0.014664184155855211,0.2317936885462331,0.6540874923169743,steps=76
d5_at_q6_9/Z/r90,5,q6_9,Z,90,mwpm_gap,rl,raw,15000,6023,0.2613686879042557,0.14016464542907758,0.25493366369015086,0.733243585115512,
d5_at_q6_9/Z/r90,5,q6_9,Z,90,mwpm_gap,rl,temperature,15000,6023,0.38600404484556067,0.026938543876237862,0.23077343106657588,0.6520757242900669,T=2.65
d5_at_q6_9/Z/r90,5,q6_9,Z,90,mwpm_gap,rl,platt,15000,6023,0.396051428494256,0.02641005465619872,0.23046152992748442,0.6512565711260627,a=0.432;b=-0.1073
d5_at_q6_9/Z/r90,5,q6_9,Z,90,mwpm_gap,rl,isotonic,15000,6023,0.396214706290067,0.012571499077551843,0.23008504709886604,0.6507244929310909,steps=54
d5_at_q6_9/Z/r110,5,q6_9,Z,110,mwpm_gap,si1000,raw,15000,5804,0.2222715221709402,0.16466181116239315,0.25845117716701826,0.7775662633265379,
d5_at_q6_9/Z/r110,5,q6_9,Z,110,mwpm_gap,si1000,temperature,15000,5804,0.37847865466254443,0.0199018480820377,0.22612972143479293,0.6422993147632197,T=3.23
d5_at_q6_9/Z/r110,5,q6_9,Z,110,mwpm_gap,si1000,platt,15000,5804,0.39099133084504856,0.015437158939099051,0.22587297818553773,0.641594871228125,a=0.3638;b=-0.1366
d5_at_q6_9/Z/r110,5,q6_9,Z,110,mwpm_gap,si1000,isotonic,15000,5804,0.3908136880842545,0.01032590757989751,0.22592877508771006,0.6429547244953581,steps=57
d5_at_q6_9/Z/r110,5,q6_9,Z,110,mwpm_gap,rl,raw,15000,5705,0.2551049644696708,0.1252283688636625,0.24280784964859226,0.7034796539291649,
d5_at_q6_9/Z/r110,5,q6_9,Z,110,mwpm_gap,rl,temperature,15000,5705,0.37548484996342396,0.022738579580653537,0.2241992910372164,0.6380893592440504,T=2.479
d5_at_q6_9/Z/r110,5,q6_9,Z,110,mwpm_gap,rl,platt,15000,5705,0.386488284098673,0.018730976678884518,0.22398227372244212,0.6374666208399574,a=0.4649;b=-0.1214
d5_at_q6_9/Z/r110,5,q6_9,Z,110,mwpm_gap,rl,isotonic,15000,5705,0.3863508997362852,0.010664215717254063,0.2239187008782292,0.6395484605449973,steps=65
d5_at_q6_9/Z/r130,5,q6_9,Z,130,mwpm_gap,si1000,raw,15000,6292,0.24574715207295697,0.17371951459370977,0.27374595985069555,0.8078735035958661,
d5_at_q6_9/Z/r130,5,q6_9,Z,130,mwpm_gap,si1000,temperature,15000,6292,0.4029841570998201,0.022175239624116647,0.23661274082101397,0.6650863337419355,T=3.571
d5_at_q6_9/Z/r130,5,q6_9,Z,130,mwpm_gap,si1000,platt,15000,6292,0.41416829873813626,0.01686334654718306,0.23636901058511872,0.6645168350829571,a=0.3297;b=-0.1142
d5_at_q6_9/Z/r130,5,q6_9,Z,130,mwpm_gap,si1000,isotonic,15000,6292,0.4142687855102616,0.01147155019950718,0.23626821743901716,0.6648727311555871,steps=48
d5_at_q6_9/Z/r130,5,q6_9,Z,130,mwpm_gap,rl,raw,15000,6249,0.2781262241846182,0.13847377581538176,0.2597375832763025,0.7419038667247919,
d5_at_q6_9/Z/r130,5,q6_9,Z,130,mwpm_gap,rl,temperature,15000,6249,0.39692264259550003,0.022573466524836685,0.23610598919504397,0.6639897285518866,T=2.646
d5_at_q6_9/Z/r130,5,q6_9,Z,130,mwpm_gap,rl,platt,15000,6249,0.40754362009449985,0.01890674109706739,0.23586354483637387,0.6634583354665107,a=0.439;b=-0.11
d5_at_q6_9/Z/r130,5,q6_9,Z,130,mwpm_gap,rl,isotonic,15000,6249,0.407761070092575,0.0125956204413306,0.2356231396397978,0.6635887291509932,steps=70
d5_at_q6_9/Z/r150,5,q6_9,Z,150,mwpm_gap,si1000,raw,15000,6490,0.26230056642191485,0.17036610024475182,0.2796527044666471,0.8142674719731124,
d5_at_q6_9/Z/r150,5,q6_9,Z,150,mwpm_gap,si1000,temperature,15000,6490,0.420949072063835,0.024957008013542125,0.2410387843661709,0.6744902271804332,T=4.007
d5_at_q6_9/Z/r150,5,q6_9,Z,150,mwpm_gap,si1000,platt,15000,6490,0.43069944348238653,0.02360480238046135,0.24102343551274852,0.674385099276226,a=0.2942;b=-0.09577
d5_at_q6_9/Z/r150,5,q6_9,Z,150,mwpm_gap,si1000,isotonic,15000,6490,0.43073928342263657,0.01637767093027092,0.2406247021054916,0.6740568071663533,steps=52
d5_at_q6_9/Z/r150,5,q6_9,Z,150,mwpm_gap,rl,raw,15000,6540,0.2932458971980961,0.1427541028019039,0.263988318546034,0.7472443029900196,
d5_at_q6_9/Z/r150,5,q6_9,Z,150,mwpm_gap,rl,temperature,15000,6540,0.4145117606070223,0.027520392467324906,0.239774739832748,0.6718260151823315,T=2.935
d5_at_q6_9/Z/r150,5,q6_9,Z,150,mwpm_gap,rl,platt,15000,6540,0.4277271436126355,0.015993154234130603,0.23925980514783218,0.6707258808948297,a=0.4201;b=-0.1329
d5_at_q6_9/Z/r150,5,q6_9,Z,150,mwpm_gap,rl,isotonic,15000,6540,0.4278987564698418,0.008711700251391502,0.23931248568542723,0.6718179252025367,steps=66
d5_at_q6_9/Z/r170,5,q6_9,Z,170,mwpm_gap,si1000,raw,15000,6811,0.2820635965943738,0.1720030700722928,0.28224343628490933,0.8075769155950273,
d5_at_q6_9/Z/r170,5,q6_9,Z,170,mwpm_gap,si1000,temperature,15000,6811,0.4427329446674728,0.018798022931966543,0.2442293248599093,0.6812852696014683,T=4.908
d5_at_q6_9/Z/r170,5,q6_9,Z,170,mwpm_gap,si1000,platt,15000,6811,0.44926132141061426,0.012373075426017528,0.24398326307529689,0.6807512735700387,a=0.2342;b=-0.06045
d5_at_q6_9/Z/r170,5,q6_9,Z,170,mwpm_gap,si1000,isotonic,15000,6811,0.44948973592970626,0.01283580056181231,0.24377553168083047,0.6806358679591195,steps=42
d5_at_q6_9/Z/r170,5,q6_9,Z,170,mwpm_gap,rl,raw,15000,6724,0.31266584033717837,0.13560082632948825,0.2684110253002359,0.7516516158481926,
d5_at_q6_9/Z/r170,5,q6_9,Z,170,mwpm_gap,rl,temperature,15000,6724,0.43886424494864307,0.024557151630493875,0.24367232529884392,0.6801069428750345,T=3.65
d5_at_q6_9/Z/r170,5,q6_9,Z,170,mwpm_gap,rl,platt,15000,6724,0.451116723353031,0.022959756603854894,0.24352597746816834,0.6797322354780345,a=0.3489;b=-0.116
d5_at_q6_9/Z/r170,5,q6_9,Z,170,mwpm_gap,rl,isotonic,15000,6724,0.45129853744694226,0.015946011395761527,0.24355848208834016,0.6798640567731765,steps=59
d5_at_q6_9/Z/r190,5,q6_9,Z,190,mwpm_gap,si1000,raw,15000,7148,0.29961891132356394,0.17691442200976942,0.2895991944068968,0.8210054294669863,
d5_at_q6_9/Z/r190,5,q6_9,Z,190,mwpm_gap,si1000,temperature,15000,7148,0.4628955864268197,0.01802530817938577,0.24783465775833635,0.6887500153578534,T=6.813
d5_at_q6_9/Z/r190,5,q6_9,Z,190,mwpm_gap,si1000,platt,15000,7148,0.47445356501243463,0.011593981956493042,0.24755669264123395,0.6881688547204137,a=0.2048;b=-0.1049
d5_at_q6_9/Z/r190,5,q6_9,Z,190,mwpm_gap,si1000,isotonic,15000,7148,0.47454109516176773,0.007359184565321957,0.24743557534347244,0.6880535766704852,steps=48
d5_at_q6_9/Z/r190,5,q6_9,Z,190,mwpm_gap,rl,raw,15000,7069,0.3282033543231327,0.14306331234353406,0.275232870305076,0.7658770995444102,
d5_at_q6_9/Z/r190,5,q6_9,Z,190,mwpm_gap,rl,temperature,15000,7069,0.4581568669499047,0.018010521075790258,0.24736324443883242,0.6877783537690209,T=4.822
d5_at_q6_9/Z/r190,5,q6_9,Z,190,mwpm_gap,rl,platt,15000,7069,0.46743998910743456,0.014397652466671063,0.24714687052124246,0.6873197509299126,a=0.2676;b=-0.08575
d5_at_q6_9/Z/r190,5,q6_9,Z,190,mwpm_gap,rl,isotonic,15000,7069,0.46727286468663126,0.007609425905710926,0.2469418313454545,0.6868139529425387,steps=54
d5_at_q6_9/Z/r210,5,q6_9,Z,210,mwpm_gap,si1000,raw,15000,7008,0.3036742636441479,0.16625294605457444,0.28467391566946026,0.8053102722084142,
d5_at_q6_9/Z/r210,5,q6_9,Z,210,mwpm_gap,si1000,temperature,15000,7008,0.4606715236483421,0.015712009774848927,0.24721656432096903,0.6874882751689775,T=6.233
d5_at_q6_9/Z/r210,5,q6_9,Z,210,mwpm_gap,si1000,platt,15000,7008,0.46813175307759486,0.014686375358076141,0.24713098839675257,0.6872942369182432,a=0.1985;b=-0.06715
d5_at_q6_9/Z/r210,5,q6_9,Z,210,mwpm_gap,si1000,isotonic,15000,7008,0.468173261040219,0.011218062997501539,0.24694518323082096,0.6867740710187792,steps=48
d5_at_q6_9/Z/r210,5,q6_9,Z,210,mwpm_gap,rl,raw,15000,6984,0.3295407477003371,0.1360592522996629,0.2714901397078773,0.7551734285856896,
d5_at_q6_9/Z/r210,5,q6_9,Z,210,mwpm_gap,rl,temperature,15000,6984,0.4580632242855816,0.016779995041391493,0.2466179224050109,0.6862695751212743,T=4.737
d5_at_q6_9/Z/r210,5,q6_9,Z,210,mwpm_gap,rl,platt,15000,6984,0.4654040963443959,0.012751477055570122,0.24642389013876465,0.6858556097061214,a=0.2587;b=-0.06721
d5_at_q6_9/Z/r210,5,q6_9,Z,210,mwpm_gap,rl,isotonic,15000,6984,0.46589422405499825,0.010041349034828704,0.2465414514306209,0.6876361082652154,steps=50
d5_at_q6_9/Z/r230,5,q6_9,Z,230,mwpm_gap,si1000,raw,15000,7224,0.3227689877890738,0.15988114505218348,0.28630733129116714,0.8010912137670735,
d5_at_q6_9/Z/r230,5,q6_9,Z,230,mwpm_gap,si1000,temperature,15000,7224,0.47796096991247466,0.011116313424790617,0.2490789738924473,0.6912929952653282,T=9.703
d5_at_q6_9/Z/r230,5,q6_9,Z,230,mwpm_gap,si1000,platt,15000,7224,0.48083544109603793,0.010280699717606118,0.24904737453494338,0.6912273758521177,a=0.1188;b=-0.02495
d5_at_q6_9/Z/r230,5,q6_9,Z,230,mwpm_gap,si1000,isotonic,15000,7224,0.4810344838611565,0.00969630905901976,0.24893656661542934,0.6909392811715639,steps=35
d5_at_q6_9/Z/r230,5,q6_9,Z,230,mwpm_gap,rl,raw,15000,7258,0.3493400770362206,0.1345265896304461,0.27407652585829756,0.7566236104411099,
d5_at_q6_9/Z/r230,5,q6_9,Z,230,mwpm_gap,rl,temperature,15000,7258,0.47629024332988296,0.017787148019439886,0.24877220766963976,0.6906698866431987,T=7.244
d5_at_q6_9/Z/r230,5,q6_9,Z,230,mwpm_gap,rl,platt,15000,7258,0.4831839227094352,0.014410227087393368,0.24857506344206218,0.6902645835557372,a=0.1866;b=-0.06091
d5_at_q6_9/Z/r230,5,q6_9,Z,230,mwpm_gap,rl,isotonic,15000,7258,0.4831649542002662,0.009170326466894852,0.2483395923834599,0.6897080183766962,steps=26
d5_at_q6_9/Z/r250,5,q6_9,Z,250,mwpm_gap,si1000,raw,15000,7251,0.32960488430952717,0.1537951156904728,0.28243536348174875,0.7874273418699621,
d5_at_q6_9/Z/r250,5,q6_9,Z,250,mwpm_gap,si1000,temperature,15000,7251,0.47925014085701806,0.014820623173721898,0.24886843188788696,0.6908696793928982,T=9.805
d5_at_q6_9/Z/r250,5,q6_9,Z,250,mwpm_gap,si1000,platt,15000,7251,0.489474785414351,0.011482749324082943,0.2487222587893329,0.6905641611552364,a=0.1614;b=-0.08925
d5_at_q6_9/Z/r250,5,q6_9,Z,250,mwpm_gap,si1000,isotonic,15000,7251,0.4894856001777885,0.010172593352521431,0.24861489614053772,0.6903151534623175,steps=38
d5_at_q6_9/Z/r250,5,q6_9,Z,250,mwpm_gap,rl,raw,15000,7225,0.35407755026898435,0.12758911639768233,0.2725751895830778,0.7518285302182535,
d5_at_q6_9/Z/r250,5,q6_9,Z,250,mwpm_gap,rl,temperature,15000,7225,0.47381380909548904,0.017827454086476506,0.24880439027105247,0.6907292850432949,T=6.298
d5_at_q6_9/Z/r250,5,q6_9,Z,250,mwpm_gap,rl,platt,15000,7225,0.4786938888487892,0.015236603603473562,0.24870060560815993,0.6905129587121839,a=0.1948;b=-0.04328
d5_at_q6_9/Z/r250,5,q6_9,Z,250,mwpm_gap,rl,isotonic,15000,7225,0.4787659238085887,0.007313385059083578,0.2485815000489056,0.6902202862419804,steps=37
d5_at_q8_7/X/r01,5,q8_7,X,1,mwpm_gap,si1000,raw,15000,49,0.0010513020424376383,0.0022155468264982007,0.003073634893107254,0.01521652594919287,
d5_at_q8_7/X/r01,5,q8_7,X,1,mwpm_gap,si1000,temperature,15000,49,0.0029008265653448677,0.00040219687854030285,0.002979239217453023,0.011932513302648431,T=1.601
d5_at_q8_7/X/r01,5,q8_7,X,1,mwpm_gap,si1000,platt,15000,49,0.002657402435593963,0.0006738200600922856,0.002959377410641466,0.0118929934191693,a=0.5587;b=0.371
d5_at_q8_7/X/r01,5,q8_7,X,1,mwpm_gap,si1000,isotonic,15000,49,0.0026334348296320146,0.0006732298371346482,0.002962077176545059,0.012058120718435062,steps=26
d5_at_q8_7/X/r01,5,q8_7,X,1,mwpm_gap,rl,raw,15000,51,0.001473405862063068,0.0019268269976659687,0.0029818686613323014,0.012887511415578683,
d5_at_q8_7/X/r01,5,q8_7,X,1,mwpm_gap,rl,temperature,15000,51,0.002725122984798875,0.0006865774529950876,0.002888532424118091,0.011136074977454254,T=1.385
d5_at_q8_7/X/r01,5,q8_7,X,1,mwpm_gap,rl,platt,15000,51,0.002205655011468728,0.0012362429570228442,0.00294028313861316,0.011352518000871554,a=0.5842;b=0.7218
d5_at_q8_7/X/r01,5,q8_7,X,1,mwpm_gap,rl,isotonic,15000,51,0.0022584195360752443,0.0011815784640247515,0.002952099078115531,0.011612617984027082,steps=22
d5_at_q8_7/X/r01,5,q8_7,X,1,exact,si1000,raw,15000,49,0.0012392072411754889,0.0020279682391767155,0.003003419966451574,0.01385002874092033,
d5_at_q8_7/X/r01,5,q8_7,X,1,exact,si1000,temperature,15000,49,0.002839299253113229,0.0004617301471784124,0.0029161797681604117,0.01155720357113472,T=1.475
d5_at_q8_7/X/r01,5,q8_7,X,1,exact,si1000,platt,15000,49,0.002574477679455103,0.0007564846111994686,0.0029078239299232646,0.011562671456048872,a=0.6007;b=0.4063
d5_at_q8_7/X/r01,5,q8_7,X,1,exact,si1000,isotonic,15000,49,0.0025772238913734555,0.0007294407753932068,0.0028696956401891493,0.011728730835422925,steps=28
d5_at_q8_7/X/r01,5,q8_7,X,1,exact,rl,raw,15000,50,0.0016501603945099522,0.0016838604262786963,0.0029614835381395217,0.01230469129225534,
d5_at_q8_7/X/r01,5,q8_7,X,1,exact,rl,temperature,15000,50,0.0026665586838996386,0.0006787398106143822,0.0028935335796528476,0.011136030691473172,T=1.278
d5_at_q8_7/X/r01,5,q8_7,X,1,exact,rl,platt,15000,50,0.002180961305857913,0.0011949137447871112,0.002922000132181058,0.011322010252325375,a=0.6349;b=0.7114
d5_at_q8_7/X/r01,5,q8_7,X,1,exact,rl,isotonic,15000,50,0.00223845716669692,0.0011348741667364082,0.002889593928920709,0.011222309908346249,steps=22
d5_at_q8_7/X/r01,5,q8_7,X,1,bm_gap,rl,raw,15000,52,0.0003937502300258069,0.0030729164366408612,0.003275303948916572,0.029720188663771782,
d5_at_q8_7/X/r01,5,q8_7,X,1,bm_gap,rl,temperature,15000,52,0.002990391228327305,0.0004791572626228637,0.002943827276599419,0.011678090237015545,T=3.675
d5_at_q8_7/X/r01,5,q8_7,X,1,bm_gap,rl,platt,15000,52,0.002587559629435193,0.0008908433631768046,0.0029555986853328155,0.011567829346223382,a=0.2242;b=0.5547
d5_at_q8_7/X/r01,5,q8_7,X,1,bm_gap,rl,isotonic,15000,52,0.002502789225096374,0.0010038754416702878,0.002984125611545393,0.011629559038909979,steps=23
d5_at_q8_7/X/r10,5,q8_7,X,10,mwpm_gap,si1000,raw,15000,918,0.029457030961278195,0.031743212474369974,0.049180175573268425,0.1976509642854284,
d5_at_q8_7/X/r10,5,q8_7,X,10,mwpm_gap,si1000,temperature,15000,918,0.06224685391587056,0.0038431152416219627,0.04646055731695989,0.16046861455487554,T=1.85
d5_at_q8_7/X/r10,5,q8_7,X,10,mwpm_gap,si1000,platt,15000,918,0.06360265408469343,0.004810136039215971,0.046500286224917683,0.16057926705938425,a=0.5574;b=-0.08008
d5_at_q8_7/X/r10,5,q8_7,X,10,mwpm_gap,si1000,isotonic,15000,918,0.06365753479693559,0.005092534011062125,0.046480404551126155,0.16115042706921898,steps=68
d5_at_q8_7/X/r10,5,q8_7,X,10,mwpm_gap,rl,raw,15000,882,0.04006363026225931,0.01874287375212856,0.04527269933053858,0.1654575916710126,
d5_at_q8_7/X/r10,5,q8_7,X,10,mwpm_gap,rl,temperature,15000,882,0.06107452484423538,0.0032257119838428063,0.044560270279579435,0.15463286457924386,T=1.42
d5_at_q8_7/X/r10,5,q8_7,X,10,mwpm_gap,rl,platt,15000,882,0.06385181369928998,0.006700957664358708,0.044721149489994415,0.15508137084015958,a=0.7492;b=-0.1628
d5_at_q8_7/X/r10,5,q8_7,X,10,mwpm_gap,rl,isotonic,15000,882,0.06394332769960145,0.007558127903656242,0.044799374944931615,0.15565521579907324,steps=77
d5_at_q8_7/X/r10,5,q8_7,X,10,bm_gap,rl,raw,15000,596,0.01388965094002364,0.0258436823933097,0.033285443643465015,0.1875295262589821,
d5_at_q8_7/X/r10,5,q8_7,X,10,bm_gap,rl,temperature,15000,596,0.044738173721648684,0.007200692868574322,0.03078320698758441,0.11075284559382535,T=2.942
d5_at_q8_7/X/r10,5,q8_7,X,10,bm_gap,rl,platt,15000,596,0.04047559926433025,0.004274018773371468,0.030685960792034228,0.10991765086472853,a=0.2964;b=0.3345
d5_at_q8_7/X/r10,5,q8_7,X,10,bm_gap,rl,isotonic,15000,596,0.040393460535209647,0.002070363762329349,0.030674670089178544,0.1091962228032378,steps=74
d5_at_q8_7/X/r30,5,q8_7,X,30,mwpm_gap,si1000,raw,15000,3038,0.09719752185987321,0.1053358114734601,0.1528861533014537,0.5363756328155443,
d5_at_q8_7/X/r30,5,q8_7,X,30,mwpm_gap,si1000,temperature,15000,3038,0.19429792930625886,0.014056431582133488,0.13792607109762978,0.42488546073870387,T=2.199
d5_at_q8_7/X/r30,5,q8_7,X,30,mwpm_gap,si1000,platt,15000,3038,0.19903840363078423,0.010498131330479814,0.1377981145813909,0.42443984164945303,a=0.4794;b=-0.09555
d5_at_q8_7/X/r30,5,q8_7,X,30,mwpm_gap,si1000,isotonic,15000,3038,0.1991641234005828,0.00950130542389737,0.1375336328722322,0.4238772928811156,steps=80
d5_at_q8_7/X/r30,5,q8_7,X,30,mwpm_gap,rl,raw,15000,2927,0.12211080076402332,0.07302253256931002,0.14258401876066357,0.461247048333506,
d5_at_q8_7/X/r30,5,q8_7,X,30,mwpm_gap,rl,temperature,15000,2927,0.19031301086467073,0.01051366676593485,0.13540035958259725,0.41838644895918803,T=1.663
d5_at_q8_7/X/r30,5,q8_7,X,30,mwpm_gap,rl,platt,15000,2927,0.19476130937715297,0.008680785307225929,0.13540840811148536,0.41825688085997753,a=0.6329;b=-0.09257
d5_at_q8_7/X/r30,5,q8_7,X,30,mwpm_gap,rl,isotonic,15000,2927,0.19482144288377537,0.007506996171740388,0.13512532769857344,0.4180368090853111,steps=80
d5_at_q8_7/X/r30,5,q8_7,X,30,bm_gap,rl,raw,15000,2100,0.04906122732922084,0.09093877267077916,0.11443355859160459,0.551367729461417,
d5_at_q8_7/X/r30,5,q8_7,X,30,bm_gap,rl,temperature,15000,2100,0.1475436115004318,0.012850179754488517,0.10143986041262866,0.32950287878925155,T=3.229
d5_at_q8_7/X/r30,5,q8_7,X,30,bm_gap,rl,platt,15000,2100,0.14057047220411267,0.00879721234327984,0.1013816774856666,0.3288202291035935,a=0.2827;b=0.1737
d5_at_q8_7/X/r30,5,q8_7,X,30,bm_gap,rl,isotonic,15000,2100,0.14038806475969598,0.0054875004513486505,0.10129228789103424,0.3276518168632975,steps=85
d5_at_q8_7/X/r50,5,q8_7,X,50,mwpm_gap,si1000,raw,15000,3742,0.12517591604038322,0.12429075062628343,0.1837848325962036,0.6233810678187268,
d5_at_q8_7/X/r50,5,q8_7,X,50,mwpm_gap,si1000,temperature,15000,3742,0.24667125416432792,0.014107198107098788,0.16492148268600912,0.4974125046920441,T=2.411
d5_at_q8_7/X/r50,5,q8_7,X,50,mwpm_gap,si1000,platt,15000,3742,0.25662369012942254,0.010362674966123638,0.16486371903475944,0.49711863419333924,a=0.4607;b=-0.1627
d5_at_q8_7/X/r50,5,q8_7,X,50,mwpm_gap,si1000,isotonic,15000,3742,0.25654907474869104,0.010963209688188258,0.16467145070504435,0.497099525143948,steps=74
d5_at_q8_7/X/r50,5,q8_7,X,50,mwpm_gap,rl,raw,15000,3579,0.1527611222267548,0.08583887777324521,0.16883458657745254,0.5340278290373859,
d5_at_q8_7/X/r50,5,q8_7,X,50,mwpm_gap,rl,temperature,15000,3579,0.23680948991537282,0.009182308454647826,0.16008622152441523,0.4853110335277937,T=1.779
d5_at_q8_7/X/r50,5,q8_7,X,50,mwpm_gap,rl,platt,15000,3579,0.2429775537890761,0.008016680184827749,0.16006289627820205,0.48517760750902855,a=0.6012;b=-0.1052
d5_at_q8_7/X/r50,5,q8_7,X,50,mwpm_gap,rl,isotonic,15000,3579,0.24305902135897384,0.008328401183494287,0.16016527303865544,0.48692774348234963,steps=81
d5_at_q8_7/X/r50,5,q8_7,X,50,bm_gap,rl,raw,15000,2501,0.06123202174398369,0.10550131158934965,0.13582616034358838,0.6138924500715117,
d5_at_q8_7/X/r50,5,q8_7,X,50,bm_gap,rl,temperature,15000,2501,0.17623306009377385,0.0153509420602221,0.11931703611388411,0.3789605570866768,T=3.244
d5_at_q8_7/X/r50,5,q8_7,X,50,bm_gap,rl,platt,15000,2501,0.17192954122561133,0.013069269358334697,0.1192087016017128,0.37852290255959453,a=0.293;b=0.09101
d5_at_q8_7/X/r50,5,q8_7,X,50,bm_gap,rl,isotonic,15000,2501,0.17183532886902117,0.01127996721087959,0.11920118207251627,0.3780140227375887,steps=96
d5_at_q8_7/X/r70,5,q8_7,X,70,mwpm_gap,si1000,raw,15000,5102,0.1753198278039032,0.1648135055294301,0.23891204468824576,0.7588557794105776,
d5_at_q8_7/X/r70,5,q8_7,X,70,mwpm_gap,si1000,temperature,15000,5102,0.32566842910679067,0.02386605520785414,0.20745359517111095,0.5992578053533214,T=2.869
d5_at_q8_7/X/r70,5,q8_7,X,70,mwpm_gap,si1000,platt,15000,5102,0.33718746538232436,0.01379964536427622,0.20707805725562606,0.598188027390406,a=0.3956;b=-0.1441
d5_at_q8_7/X/r70,5,q8_7,X,70,mwpm_gap,si1000,isotonic,15000,5102,0.3372412598611577,0.01487405122792733,0.20691776966160064,0.5976851142764691,steps=70
d5_at_q8_7/X/r70,5,q8_7,X,70,mwpm_gap,rl,raw,15000,4871,0.2073143147998829,0.12063977713892492,0.2202189624566487,0.6603309053713152,
d5_at_q8_7/X/r70,5,q8_7,X,70,mwpm_gap,rl,temperature,15000,4871,0.3154535502850571,0.02330507438878299,0.20319103990551138,0.5893249651793223,T=2.093
d5_at_q8_7/X/r70,5,q8_7,X,70,mwpm_gap,rl,platt,15000,4871,0.3266638010200293,0.01970018031628753,0.20321649119105048,0.5891075244047798,a=0.5394;b=-0.1444
d5_at_q8_7/X/r70,5,q8_7,X,70,mwpm_gap,rl,isotonic,15000,4871,0.32635457814368657,0.010687288855771278,0.2025966936880078,0.5875145376095187,steps=85
d5_at_q8_7/X/r90,5,q8_7,X,90,mwpm_gap,si1000,raw,15000,5580,0.20149539947457326,0.17050460052542674,0.2553648998495641,0.7910713308488216,
d5_at_q8_7/X/r90,5,q8_7,X,90,mwpm_gap,si1000,temperature,15000,5580,0.3664301675445046,0.019481213904312417,0.2209732582375082,0.630926862537658,T=3.341
d5_at_q8_7/X/r90,5,q8_7,X,90,mwpm_gap,si1000,platt,15000,5580,0.3815167194682697,0.019631601635776395,0.22081899789751328,0.630355167584331,a=0.3576;b=-0.167
d5_at_q8_7/X/r90,5,q8_7,X,90,mwpm_gap,si1000,isotonic,15000,5580,0.38173726589110435,0.011912838077813325,0.22048001658276367,0.6294301005296893,steps=72
d5_at_q8_7/X/r90,5,q8_7,X,90,mwpm_gap,rl,raw,15000,5392,0.2335558489891792,0.12591081767748746,0.23592318915550073,0.6951990281822128,
d5_at_q8_7/X/r90,5,q8_7,X,90,mwpm_gap,rl,temperature,15000,5392,0.3563163044303944,0.012974184570017205,0.21706433552807278,0.6220505316130177,T=2.415
d5_at_q8_7/X/r90,5,q8_7,X,90,mwpm_gap,rl,platt,15000,5392,0.3672652023820108,0.01010127729792276,0.21696964731524482,0.6216456170767063,a=0.4703;b=-0.1242
d5_at_q8_7/X/r90,5,q8_7,X,90,mwpm_gap,rl,isotonic,15000,5392,0.3674253457119176,0.010893420822058538,0.2169707013319622,0.6224367029896073,steps=78
d5_at_q8_7/X/r110,5,q8_7,X,110,mwpm_gap,si1000,raw,15000,6161,0.22893436260726574,0.18179897072606757,0.273477556232616,0.8248468155026919,
d5_at_q8_7/X/r110,5,q8_7,X,110,mwpm_gap,si1000,temperature,15000,6161,0.40149111420058203,0.017295437235549563,0.23405080430607464,0.6597439795488618,T=3.922
d5_at_q8_7/X/r110,5,q8_7,X,110,mwpm_gap,si1000,platt,15000,6161,0.4156169528900669,0.014747531373237891,0.23383921492892779,0.6591764462363999,a=0.3125;b=-0.1464
d5_at_q8_7/X/r110,5,q8_7,X,110,mwpm_gap,si1000,isotonic,15000,6161,0.41599096247522205,0.015964463655000077,0.23392092088916386,0.6606099548789551,steps=45
d5_at_q8_7/X/r110,5,q8_7,X,110,mwpm_gap,rl,raw,15000,5983,0.26258585575125515,0.13628081091541153,0.25416511498863087,0.7336374876591013,
d5_at_q8_7/X/r110,5,q8_7,X,110,mwpm_gap,rl,temperature,15000,5983,0.39645130448265536,0.01260773883670135,0.2313658177564048,0.6539812424649856,T=2.905
d5_at_q8_7/X/r110,5,q8_7,X,110,mwpm_gap,rl,platt,15000,5983,0.40510042516931355,0.011672946401156261,0.23124362539511198,0.6536104010709108,a=0.3916;b=-0.09229
d5_at_q8_7/X/r110,5,q8_7,X,110,mwpm_gap,rl,isotonic,15000,5983,0.40539835330187485,0.01174782264587237,0.23119690183547373,0.6537118728896893,steps=65
d5_at_q8_7/X/r130,5,q8_7,X,130,mwpm_gap,si1000,raw,15000,6595,0.2516188197250295,0.18804784694163718,0.2856892003716341,0.8404987889113363,
d5_at_q8_7/X/r130,5,q8_7,X,130,mwpm_gap,si1000,temperature,15000,6595,0.4311661450970476,0.024350249917773015,0.24112746804833543,0.67478870802237,T=5
d5_at_q8_7/X/r130,5,q8_7,X,130,mwpm_gap,si1000,platt,15000,6595,0.4410691542032862,0.019137920747060843,0.24080708096023729,0.6740503807767267,a=0.2403;b=-0.09541
d5_at_q8_7/X/r130,5,q8_7,X,130,mwpm_gap,si1000,isotonic,15000,6595,0.44107009332711694,0.010518425403741146,0.24054308026883908,0.6734218222839423,steps=58
d5_at_q8_7/X/r130,5,q8_7,X,130,mwpm_gap,rl,raw,15000,6435,0.28242685612674323,0.14657314387325682,0.266701086197403,0.7585271997281647,
d5_at_q8_7/X/r130,5,q8_7,X,130,mwpm_gap,rl,temperature,15000,6435,0.42601495037858417,0.018923205135512763,0.23951753995398573,0.6714770915923776,T=3.663
d5_at_q8_7/X/r130,5,q8_7,X,130,mwpm_gap,rl,platt,15000,6435,0.4376248084855656,0.017852058160117097,0.2393476961664493,0.6710284607961698,a=0.3366;b=-0.1157
d5_at_q8_7/X/r130,5,q8_7,X,130,mwpm_gap,rl,isotonic,15000,6435,0.4380864782618606,0.01225859864721424,0.23914290223951504,0.672669459481795,steps=53
d5_at_q8_7/X/r150,5,q8_7,X,150,mwpm_gap,si1000,raw,15000,6780,0.2682530017803175,0.1837469982196825,0.2883775408009357,0.8383290870982381,
d5_at_q8_7/X/r150,5,q8_7,X,150,mwpm_gap,si1000,temperature,15000,6780,0.44581944742874113,0.017960418808876943,0.24425950087326323,0.6813892643091368,T=5.752
d5_at_q8_7/X/r150,5,q8_7,X,150,mwpm_gap,si1000,platt,15000,6780,0.4590701789810087,0.017664068429169955,0.24409913820790188,0.6809868176720666,a=0.2329;b=-0.1267
d5_at_q8_7/X/r150,5,q8_7,X,150,mwpm_gap,si1000,isotonic,15000,6780,0.458730040409756,0.01232599650139355,0.24387911995507236,0.6814131912573352,steps=46
d5_at_q8_7/X/r150,5,q8_7,X,150,mwpm_gap,rl,raw,15000,6678,0.29959198713418905,0.14560801286581096,0.2698730415215347,0.7604167638893632,
d5_at_q8_7/X/r150,5,q8_7,X,150,mwpm_gap,rl,temperature,15000,6678,0.441318946099899,0.018841365243184017,0.24278086228625562,0.6783274327129566,T=4.17
d5_at_q8_7/X/r150,5,q8_7,X,150,mwpm_gap,rl,platt,15000,6678,0.4538145329653669,0.014601157129067633,0.24252329917474277,0.6777084668603378,a=0.3152;b=-0.1238
d5_at_q8_7/X/r150,5,q8_7,X,150,mwpm_gap,rl,isotonic,15000,6678,0.45376347924411803,0.010151725610385614,0.24220692134446084,0.6769039347031451,steps=59
d5_at_q8_7/X/r170,5,q8_7,X,170,mwpm_gap,si1000,raw,15000,6940,0.2887254620725527,0.173941204594114,0.2881164904868666,0.8271325007107121,
d5_at_q8_7/X/r170,5,q8_7,X,170,mwpm_gap,si1000,temperature,15000,6940,0.46341902924871187,0.016841917496367598,0.24667201250742443,0.686408835310583,T=7.506
d5_at_q8_7/X/r170,5,q8_7,X,170,mwpm_gap,si1000,platt,15000,6940,0.47767946449294485,0.017760000206434,0.24674379844401123,0.6865150416293373,a=0.1986;b=-0.1288
d5_at_q8_7/X/r170,5,q8_7,X,170,mwpm_gap,si1000,isotonic,15000,6940,0.4775419361487335,0.01684050368567816,0.24673197130200805,0.6869863499836516,steps=40
d5_at_q8_7/X/r170,5,q8_7,X,170,mwpm_gap,rl,raw,15000,6908,0.3182103653265207,0.14232296800681266,0.2744933956946571,0.7663358573785397,
d5_at_q8_7/X/r170,5,q8_7,X,170,mwpm_gap,rl,temperature,15000,6908,0.45426806527045505,0.019830049905261132,0.24630119948482146,0.685608305701747,T=4.722
d5_at_q8_7/X/r170,5,q8_7,X,170,mwpm_gap,rl,platt,15000,6908,0.46764152653122437,0.021921239241448894,0.24631001105681843,0.6855756436500506,a=0.2952;b=-0.1255
d5_at_q8_7/X/r170,5,q8_7,X,170,mwpm_gap,rl,isotonic,15000,6908,0.46783622468908886,0.017576787082416376,0.24610950880892019,0.6856794789213915,steps=46
d5_at_q8_7/X/r190,5,q8_7,X,190,mwpm_gap,si1000,raw,15000,7071,0.30296779555479963,0.1690527230270941,0.28916293546080907,0.8209553597297657,
d5_at_q8_7/X/r190,5,q8_7,X,190,mwpm_gap,si1000,temperature,15000,7071,0.47355115420562116,0.011102486087311082,0.2480583232242416,0.6892314035330325,T=9.442
d5_at_q8_7/X/r190,5,q8_7,X,190,mwpm_gap,si1000,platt,15000,7071,0.4820996259325023,0.013591550123814205,0.24805255486170608,0.6892042685771523,a=0.1463;b=-0.07456
d5_at_q8_7/X/r190,5,q8_7,X,190,mwpm_gap,si1000,isotonic,15000,7071,0.4820392496566007,0.01341725932802034,0.24786445732407106,0.688777836147673,steps=44
d5_at_q8_7/X/r190,5,q8_7,X,190,mwpm_gap,rl,raw,15000,6994,0.33227118503635233,0.134109912662842,0.2738665291723603,0.7626599861321489,
d5_at_q8_7/X/r190,5,q8_7,X,190,mwpm_gap,rl,temperature,15000,6994,0.47173950619493893,0.01111906052218266,0.24767021382111779,0.688452283938792,T=6.955
d5_at_q8_7/X/r190,5,q8_7,X,190,mwpm_gap,rl,platt,15000,6994,0.4774880199518175,0.012361009046280371,0.24765860718385832,0.6884193238707296,a=0.1802;b=-0.05165
d5_at_q8_7/X/r190,5,q8_7,X,190,mwpm_gap,rl,isotonic,15000,6994,0.477379909006768,0.016522814406514392,0.24784248907830445,0.6887548237119632,steps=39
d5_at_q8_7/X/r210,5,q8_7,X,210,mwpm_gap,si1000,raw,15000,7211,0.3042954352459036,0.17643789808742974,0.2909054986078165,0.8230678091978971,
d5_at_q8_7/X/r210,5,q8_7,X,210,mwpm_gap,si1000,temperature,15000,7211,0.4720925139387816,0.015372330529383828,0.24842526248251173,0.6899662774540548,T=8.811
d5_at_q8_7/X/r210,5,q8_7,X,210,mwpm_gap,si1000,platt,15000,7211,0.482690153837844,0.010298323949670734,0.24820382093339252,0.6895055915246245,a=0.1664;b=-0.09443
d5_at_q8_7/X/r210,5,q8_7,X,210,mwpm_gap,si1000,isotonic,15000,7211,0.48223664147641393,0.00875746904543479,0.24819413725846343,0.6904959710492983,steps=36
d5_at_q8_7/X/r210,5,q8_7,X,210,mwpm_gap,rl,raw,15000,7045,0.3344396027439557,0.13522706392271092,0.27492692291523585,0.7651838014891257,
d5_at_q8_7/X/r210,5,q8_7,X,210,mwpm_gap,rl,temperature,15000,7045,0.468566336796478,0.015446175494416297,0.24794301935000174,0.68899204214038,T=6.16
d5_at_q8_7/X/r210,5,q8_7,X,210,mwpm_gap,rl,platt,15000,7045,0.4736153055856647,0.015128937087991831,0.24792254520952361,0.6889418606879505,a=0.1964;b=-0.04655
d5_at_q8_7/X/r210,5,q8_7,X,210,mwpm_gap,rl,isotonic,15000,7045,0.47305349469592356,0.015185988910909089,0.24780969888362558,0.689138752709749,steps=30
d5_at_q8_7/X/r230,5,q8_7,X,230,mwpm_gap,si1000,raw,15000,7299,0.33318286699707594,0.15341713300292406,0.2862093413604516,0.7976571297254774,
d5_at_q8_7/X/r230,5,q8_7,X,230,mwpm_gap,si1000,temperature,15000,7299,0.48831324620573646,0.015349090016764955,0.2495598697679312,0.6922647893696057,T=17.04
d5_at_q8_7/X/r230,5,q8_7,X,230,mwpm_gap,si1000,platt,15000,7299,0.4934744031449353,0.014391144133396915,0.24956391463106406,0.692270984140068,a=0.0881;b=-0.04408
d5_at_q8_7/X/r230,5,q8_7,X,230,mwpm_gap,si1000,isotonic,15000,7299,0.49342230858472663,0.013081362789083392,0.24960287137764064,0.6934317997128822,steps=31
d5_at_q8_7/X/r230,5,q8_7,X,230,mwpm_gap,rl,raw,15000,7264,0.359493743124711,0.12763549743324884,0.2738674500152425,0.7544729307708082,
d5_at_q8_7/X/r230,5,q8_7,X,230,mwpm_gap,rl,temperature,15000,7264,0.4822865134040106,0.015142318584920694,0.2494241032751958,0.6919892721624995,T=8.898
d5_at_q8_7/X/r230,5,q8_7,X,230,mwpm_gap,rl,platt,15000,7264,0.48425083695791077,0.015362849744544237,0.24941466866058834,0.6919691651288847,a=0.1276;b=-0.01743
d5_at_q8_7/X/r230,5,q8_7,X,230,mwpm_gap,rl,isotonic,15000,7264,0.4842083203089737,0.012257353018473336,0.2492587177530482,0.691599062882052,steps=33
d5_at_q8_7/X/r250,5,q8_7,X,250,mwpm_gap,si1000,raw,15000,7413,0.3305919694827582,0.1636080305172418,0.28825546659311163,0.8049387667187957,
d5_at_q8_7/X/r250,5,q8_7,X,250,mwpm_gap,si1000,temperature,15000,7413,0.4855054422529652,0.01415468395390645,0.24962647468137134,0.6923973983165815,T=14.04
d5_at_q8_7/X/r250,5,q8_7,X,250,mwpm_gap,si1000,platt,15000,7413,0.4908694453464019,0.01067288542927992,0.24950056961594064,0.6921440345022432,a=0.1001;b=-0.04498
d5_at_q8_7/X/r250,5,q8_7,X,250,mwpm_gap,si1000,isotonic,15000,7413,0.49090275421630253,0.01269476996914234,0.2495562150868708,0.6928125814873939,steps=37
d5_at_q8_7/X/r250,5,q8_7,X,250,mwpm_gap,rl,raw,15000,7360,0.3562751580602341,0.1343915086064326,0.2766206046198936,0.7630381216580041,
d5_at_q8_7/X/r250,5,q8_7,X,250,mwpm_gap,rl,temperature,15000,7360,0.4832130422475542,0.007844155715215679,0.2496438459101503,0.6924319806838742,T=9.673
d5_at_q8_7/X/r250,5,q8_7,X,250,mwpm_gap,rl,platt,15000,7360,0.4870300399376539,0.004656782760540429,0.2495937079714244,0.6923306421337496,a=0.1315;b=-0.03353
d5_at_q8_7/X/r250,5,q8_7,X,250,mwpm_gap,rl,isotonic,15000,7360,0.48717804958067834,0.008145985182235771,0.24960674486764542,0.6928515522373124,steps=37
d5_at_q8_7/Z/r01,5,q8_7,Z,1,mwpm_gap,si1000,raw,15000,24,0.0007625601323420848,0.0008376513891632964,0.0013546457860741706,0.0063754023558026274,
d5_at_q8_7/Z/r01,5,q8_7,Z,1,mwpm_gap,si1000,temperature,15000,24,0.001511448816313966,9.991841700680371e-05,0.00131681163586783,0.005653982852954147,T=1.382
d5_at_q8_7/Z/r01,5,q8_7,Z,1,mwpm_gap,si1000,platt,15000,24,0.0017044340399255365,0.00010443403992553694,0.0013194068451823188,0.0057369081137015445,a=0.8486;b=-0.5791
d5_at_q8_7/Z/r01,5,q8_7,Z,1,mwpm_gap,si1000,isotonic,15000,24,0.0017316481901841186,0.0002599817735049527,0.0014748170821533662,0.006067307553182383,steps=24
d5_at_q8_7/Z/r01,5,q8_7,Z,1,mwpm_gap,rl,raw,15000,23,0.000974204276481866,0.0005599326207618475,0.0012435268502413994,0.005696946693305261,
d5_at_q8_7/Z/r01,5,q8_7,Z,1,mwpm_gap,rl,temperature,15000,23,0.0014598197933427656,8.19984589973618e-05,0.0012357886488052604,0.005390935062830229,T=1.22
d5_at_q8_7/Z/r01,5,q8_7,Z,1,mwpm_gap,rl,platt,15000,23,0.0016452926859088378,0.00011195935257550433,0.0012335132874228341,0.005474511130522821,a=0.9427;b=-0.5085
d5_at_q8_7/Z/r01,5,q8_7,Z,1,mwpm_gap,rl,isotonic,15000,23,0.001673890378131686,0.0003972242114400213,0.0012195356368645122,0.005757145477168771,steps=21
d5_at_q8_7/Z/r01,5,q8_7,Z,1,exact,si1000,raw,15000,24,0.000828944549125214,0.0007716775198452276,0.001363230939174693,0.006125436189134264,
d5_at_q8_7/Z/r01,5,q8_7,Z,1,exact,si1000,temperature,15000,24,0.0014573603744198627,0.00015576543666525475,0.0013259012706491253,0.005613011567553374,T=1.295
d5_at_q8_7/Z/r01,5,q8_7,Z,1,exact,si1000,platt,15000,24,0.0015874983980963256,1.8452698263168388e-05,0.0013215193274222236,0.0056427576527720725,a=0.8606;b=-0.3984
d5_at_q8_7/Z/r01,5,q8_7,Z,1,exact,si1000,isotonic,15000,24,0.0015158677124236391,0.00012413028767635587,0.001401664851690149,0.005867983216805545,steps=22
d5_at_q8_7/Z/r01,5,q8_7,Z,1,exact,rl,raw,15000,24,0.0011345972221993728,0.00046774344688917737,0.0012411687507619296,0.005496877945901294,
d5_at_q8_7/Z/r01,5,q8_7,Z,1,exact,rl,temperature,15000,24,0.0014232531219892436,0.00018522887857013603,0.001237449474106399,0.005357398724682438,T=1.12
d5_at_q8_7/Z/r01,5,q8_7,Z,1,exact,rl,platt,15000,24,0.0015098941410706215,9.534466650014568e-05,0.0012266359105552543,0.005368219984787428,a=0.9525;b=-0.2345
d5_at_q8_7/Z/r01,5,q8_7,Z,1,exact,rl,isotonic,15000,24,0.001538775145865631,0.00019544231250729951,0.0012735599348967872,0.005808631380835629,steps=20
d5_at_q8_7/Z/r01,5,q8_7,Z,1,bm_gap,rl,raw,15000,24,0.00034482769697678626,0.0012551723030232145,0.001404054444509267,0.012805540856887168,
d5_at_q8_7/Z/r01,5,q8_7,Z,1,bm_gap,rl,temperature,15000,24,0.0017271593871418666,0.0001271593871418669,0.0013233904796299295,0.006050095849556275,T=3.162
d5_at_q8_7/Z/r01,5,q8_7,Z,1,bm_gap,rl,platt,15000,24,0.0017307619548165886,0.0001307619548165889,0.0013235143791892126,0.006052416150187336,a=0.3169;b=-0.006918
d5_at_q8_7/Z/r01,5,q8_7,Z,1,bm_gap,rl,isotonic,15000,24,0.0018054232138360788,0.00046209038047774676,0.0013693736374542187,0.006783867883566658,steps=20
d5_at_q8_7/Z/r10,5,q8_7,Z,10,mwpm_gap,si1000,raw,15000,855,0.0291634080451477,0.027843750368205928,0.04457377094528,0.1718589807453708,
d5_at_q8_7/Z/r10,5,q8_7,Z,10,mwpm_gap,si1000,temperature,15000,855,0.05527016901655747,0.003285239595917016,0.042483055903264434,0.1452087201113638,T=1.701
d5_at_q8_7/Z/r10,5,q8_7,Z,10,mwpm_gap,si1000,platt,15000,855,0.056832861746594,0.004192650436971906,0.042485829837288124,0.14518570033226808,a=0.6113;b=-0.1033
d5_at_q8_7/Z/r10,5,q8_7,Z,10,mwpm_gap,si1000,isotonic,15000,855,0.056695849404800554,0.004457962022091104,0.042474912342924595,0.1455607735349216,steps=77
d5_at_q8_7/Z/r10,5,q8_7,Z,10,mwpm_gap,rl,raw,15000,811,0.03808450739056742,0.015983341393946755,0.04149568032188142,0.14802673030483654,
d5_at_q8_7/Z/r10,5,q8_7,Z,10,mwpm_gap,rl,temperature,15000,811,0.05334659770122369,0.002870785171693397,0.040867268555727636,0.14076147724600513,T=1.315
d5_at_q8_7/Z/r10,5,q8_7,Z,10,mwpm_gap,rl,platt,15000,811,0.054343024892783844,0.003891808474788967,0.04088911929895513,0.14080551393709287,a=0.7803;b=-0.06819
d5_at_q8_7/Z/r10,5,q8_7,Z,10,mwpm_gap,rl,isotonic,15000,811,0.05442314544219919,0.003913307695693081,0.041030310157572074,0.14223639289282142,steps=79
d5_at_q8_7/Z/r10,5,q8_7,Z,10,bm_gap,rl,raw,15000,531,0.011915514390912998,0.02348448560908894,0.02960447134670695,0.16717261465023264,
d5_at_q8_7/Z/r10,5,q8_7,Z,10,bm_gap,rl,temperature,15000,531,0.03751128942910794,0.006343479284635626,0.027275646645754995,0.10021947256162542,T=2.732
d5_at_q8_7/Z/r10,5,q8_7,Z,10,bm_gap,rl,platt,15000,531,0.03451122512979821,0.004434847454030628,0.027288247126340637,0.09947741193781712,a=0.3254;b=0.2888
d5_at_q8_7/Z/r10,5,q8_7,Z,10,bm_gap,rl,isotonic,15000,531,0.03421561691104516,0.0015765744236317472,0.02719636618054296,0.09814667022358302,steps=74
d5_at_q8_7/Z/r30,5,q8_7,Z,30,mwpm_gap,si1000,raw,15000,2670,0.09084006692249565,0.08715993307750436,0.1341616629038665,0.46889327880971016,
d5_at_q8_7/Z/r30,5,q8_7,Z,30,mwpm_gap,si1000,temperature,15000,2670,0.17324661885363124,0.009548274484692816,0.12365953328036464,0.38711807413889404,T=2.006
d5_at_q8_7/Z/r30,5,q8_7,Z,30,mwpm_gap,si1000,platt,15000,2670,0.17600243305218463,0.007487100136297373,0.12359805875732818,0.3869130205679488,a=0.515;b=-0.06186
d5_at_q8_7/Z/r30,5,q8_7,Z,30,mwpm_gap,si1000,isotonic,15000,2670,0.17596633555336003,0.005818898991743266,0.12364352493315094,0.38824655421187904,steps=72
d5_at_q8_7/Z/r30,5,q8_7,Z,30,mwpm_gap,rl,raw,15000,2604,0.11559080627140333,0.05800919372859667,0.12584291524853475,0.4101500997613947,
d5_at_q8_7/Z/r30,5,q8_7,Z,30,mwpm_gap,rl,temperature,15000,2604,0.17149435986790557,0.005159428644694094,0.12125373369439368,0.3807380593569573,T=1.553
d5_at_q8_7/Z/r30,5,q8_7,Z,30,mwpm_gap,rl,platt,15000,2604,0.1732101078471971,0.003987107608344204,0.12123691521263148,0.38065771015236716,a=0.6571;b=-0.03839
d5_at_q8_7/Z/r30,5,q8_7,Z,30,mwpm_gap,rl,isotonic,15000,2604,0.17309518287477918,0.004518320502438929,0.12099519749749182,0.3805619279607536,steps=84
d5_at_q8_7/Z/r30,5,q8_7,Z,30,bm_gap,rl,raw,15000,1698,0.041904679077166745,0.07129532092283325,0.09190125912149051,0.42291148785188937,
d5_at_q8_7/Z/r30,5,q8_7,Z,30,bm_gap,rl,temperature,15000,1698,0.11820012866774805,0.008616418998132794,0.0818506026991054,0.2688028396720077,T=2.916
d5_at_q8_7/Z/r30,5,q8_7,Z,30,bm_gap,rl,platt,15000,1698,0.1125896784576675,0.011091815339918192,0.08191215079383261,0.2686460357592653,a=0.3162;b=0.1686
d5_at_q8_7/Z/r30,5,q8_7,Z,30,bm_gap,rl,isotonic,15000,1698,0.11268511814504344,0.006238958379245022,0.08185450716860042,0.26820203801057546,steps=106
d5_at_q8_7/Z/r50,5,q8_7,Z,50,mwpm_gap,si1000,raw,15000,3516,0.12188612840209016,0.11251387159790983,0.17070136000331912,0.5736402470077013,
d5_at_q8_7/Z/r50,5,q8_7,Z,50,mwpm_gap,si1000,temperature,15000,3516,0.224858291290457,0.01398073280668985,0.15557613399633408,0.4730170084028471,T=2.137
d5_at_q8_7/Z/r50,5,q8_7,Z,50,mwpm_gap,si1000,platt,15000,3516,0.23098965496164153,0.0066861286741839495,0.1553377408716829,0.4724655884971231,a=0.5001;b=-0.1088
d5_at_q8_7/Z/r50,5,q8_7,Z,50,mwpm_gap,si1000,isotonic,15000,3516,0.23112307386506242,0.012565579285698155,0.1554154345460171,0.47347276008305333,steps=91
d5_at_q8_7/Z/r50,5,q8_7,Z,50,mwpm_gap,rl,raw,15000,3423,0.15045541569134258,0.07774458430865741,0.16007279789043827,0.5061780415849385,
d5_at_q8_7/Z/r50,5,q8_7,Z,50,mwpm_gap,rl,temperature,15000,3423,0.22104372356669674,0.012034905668729884,0.1529845468811107,0.4667305979572527,T=1.639
d5_at_q8_7/Z/r50,5,q8_7,Z,50,mwpm_gap,rl,platt,15000,3423,0.22878340448969672,0.008854286525102548,0.15287597190113608,0.46650044981026906,a=0.6624;b=-0.1378
d5_at_q8_7/Z/r50,5,q8_7,Z,50,mwpm_gap,rl,isotonic,15000,3423,0.2288350463964414,0.010521125529729147,0.15310080445815175,0.46928165158662416,steps=78
d5_at_q8_7/Z/r50,5,q8_7,Z,50,bm_gap,rl,raw,15000,2277,0.0574132277717687,0.0943867722282313,0.12188263809050974,0.5355047253390073,
d5_at_q8_7/Z/r50,5,q8_7,Z,50,bm_gap,rl,temperature,15000,2277,0.15691391787659195,0.01292925858184678,0.10744544166271056,0.3441868587591124,T=2.997
d5_at_q8_7/Z/r50,5,q8_7,Z,50,bm_gap,rl,platt,15000,2277,0.15218599593504556,0.012526961099019704,0.10750037534862238,0.3440964903072624,a=0.3147;b=0.1109
d5_at_q8_7/Z/r50,5,q8_7,Z,50,bm_gap,rl,isotonic,15000,2277,0.15223832156556824,0.005465050295511359,0.1077273438186094,0.34541259002839475,steps=78
d5_at_q8_7/Z/r70,5,q8_7,Z,70,mwpm_gap,si1000,raw,15000,4523,0.16146579223913177,0.14006754109420158,0.21360106737694576,0.684716128215497,
d5_at_q8_7/Z/r70,5,q8_7,Z,70,mwpm_gap,si1000,temperature,15000,4523,0.29211754582954685,0.018737889450716583,0.19073436751893302,0.5600786664516598,T=2.477
d5_at_q8_7/Z/r70,5,q8_7,Z,70,mwpm_gap,si1000,platt,15000,4523,0.3026822589708823,0.010321797918047871,0.1905238070033696,0.5594276271963189,a=0.4522;b=-0.1477
d5_at_q8_7/Z/r70,5,q8_7,Z,70,mwpm_gap,si1000,isotonic,15000,4523,0.3025269421766089,0.005189525369025158,0.19038714151282388,0.5591177574118016,steps=90
d5_at_q8_7/Z/r70,5,q8_7,Z,70,mwpm_gap,rl,raw,15000,4398,0.19382260956774588,0.09937739043225408,0.20016855165379777,0.6079506341998951,
d5_at_q8_7/Z/r70,5,q8_7,Z,70,mwpm_gap,rl,temperature,15000,4398,0.290930548102117,0.01416058455917325,0.18824906251903842,0.5544148512196095,T=1.923
d5_at_q8_7/Z/r70,5,q8_7,Z,70,mwpm_gap,rl,platt,15000,4398,0.2995807529980553,0.010616232642658914,0.18825085433479957,0.5542061324341924,a=0.5704;b=-0.1207
d5_at_q8_7/Z/r70,5,q8_7,Z,70,mwpm_gap,rl,isotonic,15000,4398,0.29986448089025064,0.008390776577233435,0.18822111406620587,0.5546234001574976,steps=72
d5_at_q8_7/Z/r90,5,q8_7,Z,90,mwpm_gap,si1000,raw,15000,5809,0.21952570069297453,0.1677409659736921,0.2586255896301764,0.780022578302043,
d5_at_q8_7/Z/r90,5,q8_7,Z,90,mwpm_gap,si1000,temperature,15000,5809,0.3748041286564573,0.02221922930388874,0.22531536828897267,0.6400896355008366,T=3.204
d5_at_q8_7/Z/r90,5,q8_7,Z,90,mwpm_gap,si1000,platt,15000,5809,0.38616799000571295,0.013411478861421878,0.22493684356319082,0.6390881284663262,a=0.3598;b=-0.1232
d5_at_q8_7/Z/r90,5,q8_7,Z,90,mwpm_gap,si1000,isotonic,15000,5809,0.3860522581821332,0.008255140595223488,0.22475198019994103,0.6384006106826687,steps=72
d5_at_q8_7/Z/r90,5,q8_7,Z,90,mwpm_gap,rl,raw,15000,5668,0.253786654572479,0.12700430485466221,0.24379961343209827,0.7072867858465303,
d5_at_q8_7/Z/r90,5,q8_7,Z,90,mwpm_gap,rl,temperature,15000,5668,0.37208048207986055,0.021571931699328972,0.22404696803144572,0.6373566890436776,T=2.449
d5_at_q8_7/Z/r90,5,q8_7,Z,90,mwpm_gap,rl,platt,15000,5668,0.3865631887148189,0.02206188630238589,0.22415237742084793,0.6372782800406881,a=0.4878;b=-0.1591
d5_at_q8_7/Z/r90,5,q8_7,Z,90,mwpm_gap,rl,isotonic,15000,5668,0.38646193797289535,0.013722082918257286,0.22370295433700296,0.6362255262631751,steps=69
d5_at_q8_7/Z/r110,5,q8_7,Z,110,mwpm_gap,si1000,raw,15000,5787,0.22028434184561035,0.1655156581543897,0.2579784655353751,0.778648757023296,
d5_at_q8_7/Z/r110,5,q8_7,Z,110,mwpm_gap,si1000,temperature,15000,5787,0.37639989104917754,0.020690779919798206,0.22561535168603894,0.6410850792079025,T=3.216
d5_at_q8_7/Z/r110,5,q8_7,Z,110,mwpm_gap,si1000,platt,15000,5787,0.38987571173844277,0.013363603116030943,0.22536385057437067,0.6403696315424442,a=0.3699;b=-0.149
d5_at_q8_7/Z/r110,5,q8_7,Z,110,mwpm_gap,si1000,isotonic,15000,5787,0.3895978490527477,0.007312377872002976,0.2251091247648636,0.6396412369408113,steps=56
d5_at_q8_7/Z/r110,5,q8_7,Z,110,mwpm_gap,rl,raw,15000,5757,0.2567925073635881,0.12700749263641192,0.2455760337353562,0.7120197092151114,
d5_at_q8_7/Z/r110,5,q8_7,Z,110,mwpm_gap,rl,temperature,15000,5757,0.37346329739253853,0.021659874647808018,0.22558845342813044,0.6409248494808176,T=2.43
d5_at_q8_7/Z/r110,5,q8_7,Z,110,mwpm_gap,rl,platt,15000,5757,0.3848408945903982,0.017533659718271255,0.2254506093923395,0.640481284974686,a=0.475;b=-0.125
d5_at_q8_7/Z/r110,5,q8_7,Z,110,mwpm_gap,rl,isotonic,15000,5757,0.3846998338681402,0.015131703054942476,0.22538462937826942,0.6402882210750643,steps=56
d5_at_q8_7/Z/r130,5,q8_7,Z,130,mwpm_gap,si1000,raw,15000,6229,0.2448328647178812,0.17043380194878543,0.27130865311844116,0.7992701343166704,
d5_at_q8_7/Z/r130,5,q8_7,Z,130,mwpm_gap,si1000,temperature,15000,6229,0.4073220942077974,0.020723487131200247,0.2354389278494668,0.6626438596511154,T=3.763
d5_at_q8_7/Z/r130,5,q8_7,Z,130,mwpm_gap,si1000,platt,15000,6229,0.42119715648358397,0.016196608480545726,0.23526281819697573,0.6621437710019572,a=0.3258;b=-0.1399
d5_at_q8_7/Z/r130,5,q8_7,Z,130,mwpm_gap,si1000,isotonic,15000,6229,0.42110324488540524,0.010145717508666956,0.23504260204804137,0.6615888531645312,steps=60
d5_at_q8_7/Z/r130,5,q8_7,Z,130,mwpm_gap,rl,raw,15000,6192,0.28127854108970035,0.13255994429752344,0.258056231042041,0.7366659490764674,
d5_at_q8_7/Z/r130,5,q8_7,Z,130,mwpm_gap,rl,temperature,15000,6192,0.4052055540031062,0.02100703763571102,0.23543849902462377,0.6626421129653562,T=2.853
d5_at_q8_7/Z/r130,5,q8_7,Z,130,mwpm_gap,rl,platt,15000,6192,0.4148991747742925,0.019421146124915745,0.23535206781216916,0.6623737979015216,a=0.404;b=-0.09727
d5_at_q8_7/Z/r130,5,q8_7,Z,130,mwpm_gap,rl,isotonic,15000,6192,0.41484392451164126,0.012211549214254196,0.23516401233484685,0.6625128602338637,steps=54
d5_at_q8_7/Z/r150,5,q8_7,Z,150,mwpm_gap,si1000,raw,15000,6678,0.26760129700860674,0.17759870299139321,0.2812163345381182,0.8136323317983567,
d5_at_q8_7/Z/r150,5,q8_7,Z,150,mwpm_gap,si1000,temperature,15000,6678,0.43144816691746807,0.021535465969071764,0.24213714177693932,0.6768798833679551,T=4.486
d5_at_q8_7/Z/r150,5,q8_7,Z,150,mwpm_gap,si1000,platt,15000,6678,0.4425886750088384,0.012208071064337484,0.24175203627053043,0.6760269179031743,a=0.2728;b=-0.1061
d5_at_q8_7/Z/r150,5,q8_7,Z,150,mwpm_gap,si1000,isotonic,15000,6678,0.4426865110999979,0.008534619343812727,0.2416291821619303,0.675731766712505,steps=58
d5_at_q8_7/Z/r150,5,q8_7,Z,150,mwpm_gap,rl,raw,15000,6664,0.3033886312929648,0.14111992859312292,0.26749958603866403,0.7525951453584763,
d5_at_q8_7/Z/r150,5,q8_7,Z,150,mwpm_gap,rl,temperature,15000,6664,0.4305386662982078,0.027061261765460982,0.2419864884008161,0.6765151356986241,T=3.431
d5_at_q8_7/Z/r150,5,q8_7,Z,150,mwpm_gap,rl,platt,15000,6664,0.439561115935751,0.022857113404720124,0.2416617256003223,0.6757883240130267,a=0.3423;b=-0.08483
d5_at_q8_7/Z/r150,5,q8_7,Z,150,mwpm_gap,rl,isotonic,15000,6664,0.439687631516746,0.01135238737472374,0.24163428859952735,0.6757253875039321,steps=54
d5_at_q8_7/Z/r170,5,q8_7,Z,170,mwpm_gap,si1000,raw,15000,6789,0.2791967780772731,0.17340322192272695,0.2830141959929101,0.81300069244684,
d5_at_q8_7/Z/r170,5,q8_7,Z,170,mwpm_gap,si1000,temperature,15000,6789,0.4431228803817641,0.017362857479704577,0.2442790141494043,0.6814167723712543,T=5.036
d5_at_q8_7/Z/r170,5,q8_7,Z,170,mwpm_gap,si1000,platt,15000,6789,0.45287114425239544,0.013938207618134534,0.24405209285094048,0.6809120589523354,a=0.2451;b=-0.09244
d5_at_q8_7/Z/r170,5,q8_7,Z,170,mwpm_gap,si1000,isotonic,15000,6789,0.4527739468152008,0.011006167365649794,0.2440929704691139,0.6823641286143353,steps=54
d5_at_q8_7/Z/r170,5,q8_7,Z,170,mwpm_gap,rl,raw,15000,6710,0.31404122977729626,0.13329210355603704,0.26879050142656574,0.7549927464612619,
d5_at_q8_7/Z/r170,5,q8_7,Z,170,mwpm_gap,rl,temperature,15000,6710,0.4413363924038674,0.013293026331445423,0.24399192496088537,0.6808228740901988,T=3.795
d5_at_q8_7/Z/r170,5,q8_7,Z,170,mwpm_gap,rl,platt,15000,6710,0.450972575006409,0.016658424387435294,0.24395641290940426,0.6807043657943291,a=0.3218;b=-0.09055
d5_at_q8_7/Z/r170,5,q8_7,Z,170,mwpm_gap,rl,isotonic,15000,6710,0.4507665340302978,0.014670168404855044,0.24399156658395818,0.6807273326648086,steps=58
d5_at_q8_7/Z/r190,5,q8_7,Z,190,mwpm_gap,si1000,raw,15000,7003,0.2978460565202002,0.16988471802974517,0.28601223365260375,0.8112899600788359,
d5_at_q8_7/Z/r190,5,q8_7,Z,190,mwpm_gap,si1000,temperature,15000,7003,0.4571274917202087,0.018638974685539385,0.2468932180788462,0.6868147408061055,T=5.952
d5_at_q8_7/Z/r190,5,q8_7,Z,190,mwpm_gap,si1000,platt,15000,7003,0.46577663114842555,0.016860184097487994,0.24673740263008942,0.6864743810189594,a=0.2109;b=-0.07843
d5_at_q8_7/Z/r190,5,q8_7,Z,190,mwpm_gap,si1000,isotonic,15000,7003,0.4656262265196141,0.01712290488012212,0.24671318572878284,0.6865311948593046,steps=46
d5_at_q8_7/Z/r190,5,q8_7,Z,190,mwpm_gap,rl,raw,15000,7006,0.33123568690119004,0.13599735134543597,0.27222577470435716,0.7578061489109217,
d5_at_q8_7/Z/r190,5,q8_7,Z,190,mwpm_gap,rl,temperature,15000,7006,0.45604672241818217,0.020255427836447827,0.2467675491611133,0.6865622765106818,T=4.497
d5_at_q8_7/Z/r190,5,q8_7,Z,190,mwpm_gap,rl,platt,15000,7006,0.4632997964542182,0.017103366719831706,0.24658126181236373,0.6861694708584904,a=0.2671;b=-0.06445
d5_at_q8_7/Z/r190,5,q8_7,Z,190,mwpm_gap,rl,isotonic,15000,7006,0.463207476948508,0.010911399039543595,0.24662315572175467,0.6874929720322498,steps=57
d5_at_q8_7/Z/r210,5,q8_7,Z,210,mwpm_gap,si1000,raw,15000,7135,0.3149111133802497,0.16195106521128322,0.2864598765592563,0.8038517646847496,
d5_at_q8_7/Z/r210,5,q8_7,Z,210,mwpm_gap,si1000,temperature,15000,7135,0.4735576134990491,0.011319429515049018,0.24860357448525916,0.6903301914447011,T=8.538
d5_at_q8_7/Z/r210,5,q8_7,Z,210,mwpm_gap,si1000,platt,15000,7135,0.4792133015197345,0.011586262299914262,0.2485886118601996,0.6902922609270987,a=0.1481;b=-0.05063
d5_at_q8_7/Z/r210,5,q8_7,Z,210,mwpm_gap,si1000,isotonic,15000,7135,0.47920200363582044,0.012437277876470896,0.24854565079975546,0.6901703004977421,steps=43
d5_at_q8_7/Z/r210,5,q8_7,Z,210,mwpm_gap,rl,raw,15000,7081,0.3458702287473197,0.12619643791934693,0.27232612683093493,0.7546918749509968,
d5_at_q8_7/Z/r210,5,q8_7,Z,210,mwpm_gap,rl,temperature,15000,7081,0.4697595339921086,0.013226154388454097,0.24811539584484937,0.6893377859833939,T=5.862
d5_at_q8_7/Z/r210,5,q8_7,Z,210,mwpm_gap,rl,platt,15000,7081,0.4731893799887013,0.013797286122976484,0.24808007137850116,0.6892608870605359,a=0.1939;b=-0.03024
d5_at_q8_7/Z/r210,5,q8_7,Z,210,mwpm_gap,rl,isotonic,15000,7081,0.4732195434412297,0.011577524458064486,0.24794757563910602,0.6889414392394702,steps=35
d5_at_q8_7/Z/r230,5,q8_7,Z,230,mwpm_gap,si1000,raw,15000,7226,0.31931425738031693,0.1624190759530164,0.28566785602770267,0.8012661439886717,
d5_at_q8_7/Z/r230,5,q8_7,Z,230,mwpm_gap,si1000,temperature,15000,7226,0.4696143124810752,0.013330890427909909,0.24867961674632771,0.6904716046004208,T=7.241
d5_at_q8_7/Z/r230,5,q8_7,Z,230,mwpm_gap,si1000,platt,15000,7226,0.4754210360689252,0.008346526309987567,0.2485359333817777,0.6901744122656724,a=0.1691;b=-0.05053
d5_at_q8_7/Z/r230,5,q8_7,Z,230,mwpm_gap,si1000,isotonic,15000,7226,0.47533543914359866,0.011059515951509892,0.24858369593992016,0.6901836445125178,steps=36
d5_at_q8_7/Z/r230,5,q8_7,Z,230,mwpm_gap,rl,raw,15000,7207,0.3508719292213437,0.12959473744532296,0.2732515464947295,0.7556291552384036,
d5_at_q8_7/Z/r230,5,q8_7,Z,230,mwpm_gap,rl,temperature,15000,7207,0.4670428910928747,0.01708924497576974,0.24857457957645596,0.690244089266875,T=5.183
d5_at_q8_7/Z/r230,5,q8_7,Z,230,mwpm_gap,rl,platt,15000,7207,0.47092741154871415,0.014542329111815583,0.24846849168397797,0.6900227584856364,a=0.2184;b=-0.03297
d5_at_q8_7/Z/r230,5,q8_7,Z,230,mwpm_gap,rl,isotonic,15000,7207,0.4708188686561878,0.009883326963459891,0.2481693719813186,0.6893123750333039,steps=43
d5_at_q8_7/Z/r250,5,q8_7,Z,250,mwpm_gap,si1000,raw,15000,7271,0.3205958761478733,0.16413745718545994,0.2865692985484355,0.8020840702047833,
d5_at_q8_7/Z/r250,5,q8_7,Z,250,mwpm_gap,si1000,temperature,15000,7271,0.47403099337793486,0.013713192963452381,0.24896019470594002,0.6910494032463496,T=8.356
d5_at_q8_7/Z/r250,5,q8_7,Z,250,mwpm_gap,si1000,platt,15000,7271,0.4803020628097636,0.010399083821298415,0.2488083852127235,0.6907398970866272,a=0.1543;b=-0.05513
d5_at_q8_7/Z/r250,5,q8_7,Z,250,mwpm_gap,si1000,isotonic,15000,7271,0.4802102312318452,0.01282589371513731,0.24877714647676508,0.6905928975767861,steps=28
d5_at_q8_7/Z/r250,5,q8_7,Z,250,mwpm_gap,rl,raw,15000,7208,0.35209444664153977,0.13008461098414287,0.27359059463252544,0.7570653445973758,
d5_at_q8_7/Z/r250,5,q8_7,Z,250,mwpm_gap,rl,temperature,15000,7208,0.47114793258728443,0.018175585716275568,0.24881745610452494,0.6907590735736985,T=5.858
d5_at_q8_7/Z/r250,5,q8_7,Z,250,mwpm_gap,rl,platt,15000,7208,0.4784943493068478,0.01557288358989567,0.24874814494152803,0.6906144341885229,a=0.2214;b=-0.06366
d5_at_q8_7/Z/r250,5,q8_7,Z,250,mwpm_gap,rl,isotonic,15000,7208,0.47834959168819813,0.014916700794353949,0.24893701056595227,0.6915730470899245,steps=38
d7_at_q6_7/X/r01,7,q6_7,X,1,mwpm_gap,si1000,raw,15000,12,0.0003930064381462092,0.00040699546244315853,0.0005869669215172313,0.002724759075339237,
d7_at_q6_7/X/r01,7,q6_7,X,1,mwpm_gap,si1000,temperature,15000,12,0.0009221272031441587,0.00012212720314415878,0.0005739679756097978,0.0023710640967830516,T=1.707
d7_at_q6_7/X/r01,7,q6_7,X,1,mwpm_gap,si1000,platt,15000,12,0.0007565571533984906,5.388776829742482e-05,0.0006043837670654523,0.0024205747595004564,a=0.4969;b=0.5997
d7_at_q6_7/X/r01,7,q6_7,X,1,mwpm_gap,si1000,isotonic,15000,12,0.000790187340041427,5.4810410071067535e-05,0.0006164748132991988,0.002553048293414787,steps=18
d7_at_q6_7/X/r01,7,q6_7,X,1,mwpm_gap,rl,raw,15000,9,0.00040657333779885326,0.00019343824993596357,0.0004955485143344634,0.002161650936354557,
d7_at_q6_7/X/r01,7,q6_7,X,1,mwpm_gap,rl,temperature,15000,9,0.000800819564908968,0.0002008195649089682,0.00048818538598389657,0.002025693503862671,T=1.508
d7_at_q6_7/X/r01,7,q6_7,X,1,mwpm_gap,rl,platt,15000,9,0.0006887879306116875,8.878793061168762e-05,0.0004873936980328313,0.0020170705404177315,a=0.5847;b=0.4716
d7_at_q6_7/X/r01,7,q6_7,X,1,mwpm_gap,rl,isotonic,15000,9,0.0007246014787698727,0.00012460147876987255,0.0005089989792024764,0.0020940261881475094,steps=16
d7_at_q6_7/X/r01,7,q6_7,X,1,bm_gap,rl,raw,15000,10,0.0001272743513544943,0.0005393923153121724,0.0006235443714094223,0.006230259430494324,
d7_at_q6_7/X/r01,7,q6_7,X,1,bm_gap,rl,temperature,15000,10,0.0009516215792307129,0.0002849549125640461,0.0005704709697202472,0.0023655725920032795,T=4.729
d7_at_q6_7/X/r01,7,q6_7,X,1,bm_gap,rl,platt,15000,10,0.0008503899708855019,0.0001837233042188351,0.0005610255403387614,0.0023244051955640705,a=0.1891;b=0.3596
d7_at_q6_7/X/r01,7,q6_7,X,1,bm_gap,rl,isotonic,15000,10,0.0008833329985629456,0.00021666633189627917,0.0006940339915558828,0.00419643119685934,steps=12
d7_at_q6_7/X/r10,7,q6_7,X,10,mwpm_gap,si1000,raw,15000,485,0.016030177535929738,0.016304163800387447,0.025672306578710214,0.10146847504715757,
d7_at_q6_7/X/r10,7,q6_7,X,10,mwpm_gap,si1000,temperature,15000,485,0.03302265733488944,0.0012195150834968913,0.02438977214309926,0.08469954716435817,T=1.782
d7_at_q6_7/X/r10,7,q6_7,X,10,mwpm_gap,si1000,platt,15000,485,0.033715402375348376,0.001547882779058885,0.024399647377301485,0.08468624278162781,a=0.5758;b=-0.07223
d7_at_q6_7/X/r10,7,q6_7,X,10,mwpm_gap,si1000,isotonic,15000,485,0.03384731971364524,0.002276952662393751,0.024643220699076256,0.08606242474866543,steps=61
d7_at_q6_7/X/r10,7,q6_7,X,10,mwpm_gap,rl,raw,15000,451,0.021251981609573728,0.008816287922902576,0.023276067795417157,0.08474718068046884,
d7_at_q6_7/X/r10,7,q6_7,X,10,mwpm_gap,rl,temperature,15000,451,0.032421145119543714,0.002404707956121798,0.022951137405219414,0.08049182441473932,T=1.398
d7_at_q6_7/X/r10,7,q6_7,X,10,mwpm_gap,rl,platt,15000,451,0.03429138637542436,0.004493049590490767,0.023092084433061537,0.08074056206517105,a=0.7662;b=-0.197
d7_at_q6_7/X/r10,7,q6_7,X,10,mwpm_gap,rl,isotonic,15000,451,0.03411287738370449,0.004719989616954231,0.023135823011091433,0.08122035574137193,steps=67
d7_at_q6_7/X/r10,7,q6_7,X,10,bm_gap,rl,raw,15000,262,0.0052340832653344285,0.012232583401332238,0.014639306970495347,0.095399244792229,
d7_at_q6_7/X/r10,7,q6_7,X,10,bm_gap,rl,temperature,15000,262,0.020071859301557634,0.004219666641091794,0.013439519470115343,0.05108317158188629,T=3.248
d7_at_q6_7/X/r10,7,q6_7,X,10,bm_gap,rl,platt,15000,262,0.018430322994850316,0.0022936297764863016,0.013427962720621146,0.05074537662603543,a=0.2781;b=0.2796
d7_at_q6_7/X/r10,7,q6_7,X,10,bm_gap,rl,isotonic,15000,262,0.018666531858423315,0.002416451304564947,0.013370791063944957,0.05042801416038204,steps=61
d7_at_q6_7/X/r30,7,q6_7,X,30,mwpm_gap,si1000,raw,15000,1777,0.059669405168006326,0.05879726149866035,0.09080955166376349,0.3388913978469193,
d7_at_q6_7/X/r30,7,q6_7,X,30,mwpm_gap,si1000,temperature,15000,1777,0.11720314410965484,0.005087848555385001,0.08473579613418152,0.2765930045487045,T=1.946
d7_at_q6_7/X/r30,7,q6_7,X,30,mwpm_gap,si1000,platt,15000,1777,0.12143371094015278,0.00606176963390967,0.0847595324154547,0.27667853052518004,a=0.5452;b=-0.1326
d7_at_q6_7/X/r30,7,q6_7,X,30,mwpm_gap,si1000,isotonic,15000,1777,0.12157180093155091,0.005690469404108177,0.08492221083963235,0.2776194873131625,steps=80
d7_at_q6_7/X/r30,7,q6_7,X,30,mwpm_gap,rl,raw,15000,1691,0.07425470375609754,0.0384786295772358,0.08466931440053685,0.29135455099281365,
d7_at_q6_7/X/r30,7,q6_7,X,30,mwpm_gap,rl,temperature,15000,1691,0.11155908222179227,0.004023146232058103,0.08209072407839406,0.2683808635928113,T=1.492
d7_at_q6_7/X/r30,7,q6_7,X,30,mwpm_gap,rl,platt,15000,1691,0.11403633863548143,0.00592885815434358,0.08215004160835881,0.26851695880995663,a=0.6942;b=-0.08021
d7_at_q6_7/X/r30,7,q6_7,X,30,mwpm_gap,rl,isotonic,15000,1691,0.11394377323387374,0.006654936533722045,0.08231731811877101,0.2696414474972759,steps=97
d7_at_q6_7/X/r30,7,q6_7,X,30,bm_gap,rl,raw,15000,1035,0.019587807733193213,0.04941219226680679,0.05787712907614311,0.32976179618476054,
d7_at_q6_7/X/r30,7,q6_7,X,30,bm_gap,rl,temperature,15000,1035,0.07140735515415908,0.007187782106623711,0.05082733347664695,0.17586846873343534,T=3.341
d7_at_q6_7/X/r30,7,q6_7,X,30,bm_gap,rl,platt,15000,1035,0.06650816845680375,0.0097956200331499,0.051033425530386284,0.1758708920737315,a=0.2705;b=0.2415
d7_at_q6_7/X/r30,7,q6_7,X,30,bm_gap,rl,isotonic,15000,1035,0.06656682366357176,0.0036373494311043733,0.05096173288330219,0.1753492305794994,steps=72
d7_at_q6_7/X/r50,7,q6_7,X,50,mwpm_gap,si1000,raw,15000,2582,0.08476217520456311,0.08737115812877022,0.13116896184482524,0.47001342639075133,
d7_at_q6_7/X/r50,7,q6_7,X,50,mwpm_gap,si1000,temperature,15000,2582,0.1653720402976401,0.009906398320504712,0.12002721227484271,0.3764104180349424,T=2.069
d7_at_q6_7/X/r50,7,q6_7,X,50,mwpm_gap,si1000,platt,15000,2582,0.16658127515254043,0.008511652359572639,0.12000112097456322,0.3763354530244024,a=0.4902;b=-0.02734
d7_at_q6_7/X/r50,7,q6_7,X,50,mwpm_gap,si1000,isotonic,15000,2582,0.16680835674282204,0.007764019178243542,0.12042140289821762,0.37782438891849635,steps=101
d7_at_q6_7/X/r50,7,q6_7,X,50,mwpm_gap,rl,raw,15000,2526,0.10517453466940735,0.06322546533059266,0.12331418665882947,0.4080181914607692,
d7_at_q6_7/X/r50,7,q6_7,X,50,mwpm_gap,rl,temperature,15000,2526,0.16165476349122151,0.009734677892829367,0.11759864382318154,0.369328281598588,T=1.607
d7_at_q6_7/X/r50,7,q6_7,X,50,mwpm_gap,rl,platt,15000,2526,0.16353508497386857,0.00919954108522887,0.11756814650106916,0.36922696021069074,a=0.6359;b=-0.04318
d7_at_q6_7/X/r50,7,q6_7,X,50,mwpm_gap,rl,isotonic,15000,2526,0.1633323530136744,0.00840552180014183,0.11759944803042002,0.3705064603089065,steps=66
d7_at_q6_7/X/r50,7,q6_7,X,50,bm_gap,rl,raw,15000,1465,0.029321248754895994,0.06834541791177068,0.08301660885014596,0.463678216260643,
d7_at_q6_7/X/r50,7,q6_7,X,50,bm_gap,rl,temperature,15000,1465,0.10493200020110878,0.012242784768719523,0.07348504764972676,0.2490143547057593,T=3.434
d7_at_q6_7/X/r50,7,q6_7,X,50,bm_gap,rl,platt,15000,1465,0.10048268407650468,0.007520221876149642,0.07333931029694034,0.24828375997110502,a=0.272;b=0.1516
d7_at_q6_7/X/r50,7,q6_7,X,50,bm_gap,rl,isotonic,15000,1465,0.1003939098860406,0.007222772972768922,0.0734984922516957,0.247863240581047,steps=77
d7_at_q6_7/X/r70,7,q6_7,X,70,mwpm_gap,si1000,raw,15000,3678,0.1270342513695699,0.11816574863043011,0.1793155456560488,0.6016863864101138,
d7_at_q6_7/X/r70,7,q6_7,X,70,mwpm_gap,si1000,temperature,15000,3678,0.24097189744880423,0.014272790447888305,0.1615450500302413,0.48635403886029405,T=2.344
d7_at_q6_7/X/r70,7,q6_7,X,70,mwpm_gap,si1000,platt,15000,3678,0.24924362312217657,0.011744753688181826,0.1614810182553178,0.48600029402425576,a=0.4628;b=-0.1297
d7_at_q6_7/X/r70,7,q6_7,X,70,mwpm_gap,si1000,isotonic,15000,3678,0.24928020096536105,0.012542532375843705,0.1617215927887913,0.4864629287941899,steps=76
d7_at_q6_7/X/r70,7,q6_7,X,70,mwpm_gap,rl,raw,15000,3491,0.15046962939219538,0.08226370394113793,0.16525891405430926,0.5230807674281788,
d7_at_q6_7/X/r70,7,q6_7,X,70,mwpm_gap,rl,temperature,15000,3491,0.2317008634297542,0.01009867123338955,0.15646724702954956,0.473738483230291,T=1.789
d7_at_q6_7/X/r70,7,q6_7,X,70,mwpm_gap,rl,platt,15000,3491,0.23832701842401674,0.012521869259354593,0.15656237265960374,0.4737656161261913,a=0.5971;b=-0.1081
d7_at_q6_7/X/r70,7,q6_7,X,70,mwpm_gap,rl,isotonic,15000,3491,0.2383871218870848,0.011086583108097575,0.15656662758778134,0.4737569433621268,steps=100
d7_at_q6_7/X/r90,7,q6_7,X,90,mwpm_gap,si1000,raw,15000,4167,0.14429019173382518,0.1335098082661748,0.20234341652189775,0.6697450222087686,
d7_at_q6_7/X/r90,7,q6_7,X,90,mwpm_gap,si1000,temperature,15000,4167,0.27142081762700837,0.015772265929126582,0.18040582112766357,0.5350108886386907,T=2.477
d7_at_q6_7/X/r90,7,q6_7,X,90,mwpm_gap,si1000,platt,15000,4167,0.27960548519419,0.012754457991125104,0.18039183338196507,0.5349051355144301,a=0.4388;b=-0.1181
d7_at_q6_7/X/r90,7,q6_7,X,90,mwpm_gap,si1000,isotonic,15000,4167,0.27981499275138344,0.006888034342405797,0.18038003813064,0.5361036108117174,steps=72
d7_at_q6_7/X/r90,7,q6_7,X,90,mwpm_gap,rl,raw,15000,4078,0.17221142127531047,0.0996552453913562,0.1874695659012499,0.584628751652014,
d7_at_q6_7/X/r90,7,q6_7,X,90,mwpm_gap,rl,temperature,15000,4078,0.26554694205258383,0.011365760677175067,0.17605350457155955,0.5247138229748114,T=1.904
d7_at_q6_7/X/r90,7,q6_7,X,90,mwpm_gap,rl,platt,15000,4078,0.2748855880968057,0.005989348985390997,0.17593230750346472,0.5244432523499422,a=0.5767;b=-0.1363
d7_at_q6_7/X/r90,7,q6_7,X,90,mwpm_gap,rl,isotonic,15000,4078,0.27496871679548957,0.00998228188293417,0.17615058823857974,0.5254888935548755,steps=96
d7_at_q6_7/X/r110,7,q6_7,X,110,mwpm_gap,si1000,raw,15000,4711,0.16645280723598702,0.14761385943067964,0.2232668202066862,0.717111194461554,
d7_at_q6_7/X/r110,7,q6_7,X,110,mwpm_gap,si1000,temperature,15000,4711,0.303984598117171,0.0165337341711448,0.19718983990386357,0.5748489771401376,T=2.635
d7_at_q6_7/X/r110,7,q6_7,X,110,mwpm_gap,si1000,platt,15000,4711,0.3115013035137621,0.015112486038461175,0.1970658164874682,0.5744384948447506,a=0.4105;b=-0.09749
d7_at_q6_7/X/r110,7,q6_7,X,110,mwpm_gap,si1000,isotonic,15000,4711,0.3115778817147003,0.008825184384404675,0.1969434378731531,0.5741708593684068,steps=82
d7_at_q6_7/X/r110,7,q6_7,X,110,mwpm_gap,rl,raw,15000,4608,0.19682282261853354,0.11037717738146648,0.20820297327481427,0.6316848806744892,
d7_at_q6_7/X/r110,7,q6_7,X,110,mwpm_gap,rl,temperature,15000,4608,0.2980769778492882,0.017694003642887875,0.19370521552865985,0.5662305251160469,T=2.011
d7_at_q6_7/X/r110,7,q6_7,X,110,mwpm_gap,rl,platt,15000,4608,0.30436414193229683,0.014728467071832257,0.1935862369261188,0.5658155577746584,a=0.5306;b=-0.08222
d7_at_q6_7/X/r110,7,q6_7,X,110,mwpm_gap,rl,isotonic,15000,4608,0.30450347907698516,0.013866631566732155,0.1937912340037609,0.5659576481639594,steps=92
d7_at_q6_7/X/r130,7,q6_7,X,130,mwpm_gap,si1000,raw,15000,5383,0.19329603089797334,0.16557063576869332,0.24661802585845766,0.7691473717599053,
d7_at_q6_7/X/r130,7,q6_7,X,130,mwpm_gap,si1000,temperature,15000,5383,0.3422460970400392,0.023214254000817187,0.21460031879242183,0.6154545364750573,T=2.928
d7_at_q6_7/X/r130,7,q6_7,X,130,mwpm_gap,si1000,platt,15000,5383,0.3532932156825905,0.01437777461452868,0.21423060965429772,0.6144945433363218,a=0.385;b=-0.1271
d7_at_q6_7/X/r130,7,q6_7,X,130,mwpm_gap,si1000,isotonic,15000,5383,0.35318883990829036,0.011354989320371378,0.2140870701820061,0.6142357346161097,steps=70
d7_at_q6_7/X/r130,7,q6_7,X,130,mwpm_gap,rl,raw,15000,5179,0.2218238394597696,0.12344282720689707,0.22903210911750363,0.6823846943525628,
d7_at_q6_7/X/r130,7,q6_7,X,130,mwpm_gap,rl,temperature,15000,5179,0.33491481527432637,0.016549718388642186,0.21061936525410374,0.6065059609543413,T=2.234
d7_at_q6_7/X/r130,7,q6_7,X,130,mwpm_gap,rl,platt,15000,5179,0.34274633539773086,0.015132344000668898,0.2104777802439708,0.606061231063481,a=0.4871;b=-0.09175
d7_at_q6_7/X/r130,7,q6_7,X,130,mwpm_gap,rl,isotonic,15000,5179,0.3425998350506195,0.0152191089981469,0.2102538590610951,0.6055954429398267,steps=66
d7_at_q6_7/X/r150,7,q6_7,X,150,mwpm_gap,si1000,raw,15000,5597,0.2004388535915775,0.17269447974175578,0.2545160059413669,0.7858259373369351,
d7_at_q6_7/X/r150,7,q6_7,X,150,mwpm_gap,si1000,temperature,15000,5597,0.35327940400180446,0.025860895040883694,0.21992999228461085,0.627919855046646,T=3.025
d7_at_q6_7/X/r150,7,q6_7,X,150,mwpm_gap,si1000,platt,15000,5597,0.36364762310051896,0.017304329531271697,0.21945841212714556,0.6268446384314884,a=0.3722;b=-0.1172
d7_at_q6_7/X/r150,7,q6_7,X,150,mwpm_gap,si1000,isotonic,15000,5597,0.36364608996363457,0.0166703168573268,0.21935554438989244,0.6266449746302135,steps=92
d7_at_q6_7/X/r150,7,q6_7,X,150,mwpm_gap,rl,raw,15000,5470,0.2313030397890093,0.13336362687765735,0.23890643840179904,0.7075947044590494,
d7_at_q6_7/X/r150,7,q6_7,X,150,mwpm_gap,rl,temperature,15000,5470,0.34662994038067313,0.021570928404343936,0.21798863327695886,0.6236835695453027,T=2.3
d7_at_q6_7/X/r150,7,q6_7,X,150,mwpm_gap,rl,platt,15000,5470,0.35912830960157527,0.016900557022457862,0.21773693094892188,0.6231100878120063,a=0.4998;b=-0.144
d7_at_q6_7/X/r150,7,q6_7,X,150,mwpm_gap,rl,isotonic,15000,5470,0.35903815086014546,0.01255893699046345,0.21770771914923515,0.6239189722683133,steps=56
d7_at_q6_7/X/r170,7,q6_7,X,170,mwpm_gap,si1000,raw,15000,6143,0.2296783313723822,0.1798550019609511,0.2702077453223392,0.8132334921199309,
d7_at_q6_7/X/r170,7,q6_7,X,170,mwpm_gap,si1000,temperature,15000,6143,0.3957447842825841,0.025628142850608958,0.23187578786432064,0.6547090270342306,T=3.742
d7_at_q6_7/X/r170,7,q6_7,X,170,mwpm_gap,si1000,platt,15000,6143,0.4084263661341852,0.015636402140691095,0.23138700691725425,0.6535800061004923,a=0.3155;b=-0.1267
d7_at_q6_7/X/r170,7,q6_7,X,170,mwpm_gap,si1000,isotonic,15000,6143,0.4088328434449712,0.00826034123086643,0.2313993398425464,0.6536294749885607,steps=52
d7_at_q6_7/X/r170,7,q6_7,X,170,mwpm_gap,rl,raw,15000,6025,0.2607091931814881,0.14095747348517856,0.25406951892425894,0.7382870391164605,
d7_at_q6_7/X/r170,7,q6_7,X,170,mwpm_gap,rl,temperature,15000,6025,0.38923540156448677,0.018598533708691956,0.2302823825051154,0.6512553285180764,T=2.799
d7_at_q6_7/X/r170,7,q6_7,X,170,mwpm_gap,rl,platt,15000,6025,0.4041007357563634,0.013214529039102061,0.23000585320335612,0.650554233448682,a=0.4318;b=-0.1528
d7_at_q6_7/X/r170,7,q6_7,X,170,mwpm_gap,rl,isotonic,15000,6025,0.4038150281341208,0.017253647048511237,0.23016641556650513,0.6510731676357049,steps=71
d7_at_q6_7/X/r190,7,q6_7,X,190,mwpm_gap,si1000,raw,15000,6307,0.2404353209189132,0.18003134574775345,0.27381155442253463,0.8141002566435412,
d7_at_q6_7/X/r190,7,q6_7,X,190,mwpm_gap,si1000,temperature,15000,6307,0.40468297236424916,0.025041825641494674,0.23514235914820833,0.6617296918332829,T=3.833
d7_at_q6_7/X/r190,7,q6_7,X,190,mwpm_gap,si1000,platt,15000,6307,0.4161072014904062,0.014899101854605096,0.23465778886071972,0.6605884983915972,a=0.3074;b=-0.1141
d7_at_q6_7/X/r190,7,q6_7,X,190,mwpm_gap,si1000,isotonic,15000,6307,0.41576252739862096,0.009142397107460575,0.23434733489976828,0.6596177478917205,steps=72
d7_at_q6_7/X/r190,7,q6_7,X,190,mwpm_gap,rl,raw,15000,6216,0.26956963580998683,0.14483036419001316,0.25800916130654694,0.7405171129338649,
d7_at_q6_7/X/r190,7,q6_7,X,190,mwpm_gap,rl,temperature,15000,6216,0.3999102827929184,0.0236167168533079,0.2333250204528544,0.6577824973074471,T=2.928
d7_at_q6_7/X/r190,7,q6_7,X,190,mwpm_gap,rl,platt,15000,6216,0.4121388734195728,0.011926084721346368,0.23279885488734903,0.6565205494689335,a=0.4056;b=-0.1246
d7_at_q6_7/X/r190,7,q6_7,X,190,mwpm_gap,rl,isotonic,15000,6216,0.41215725351850113,0.014247115730622064,0.23277617392338662,0.6567650744292716,steps=72
d7_at_q6_7/X/r210,7,q6_7,X,210,mwpm_gap,si1000,raw,15000,6065,0.2373367898217956,0.1669965435115377,0.26903148542003025,0.8048476115953639,
d7_at_q6_7/X/r210,7,q6_7,X,210,mwpm_gap,si1000,temperature,15000,6065,0.4006125259294418,0.014465517126085261,0.23332796985841886,0.658102275110245,T=3.717
d7_at_q6_7/X/r210,7,q6_7,X,210,mwpm_gap,si1000,platt,15000,6065,0.41417120765780663,0.017426104158982793,0.23346579728691505,0.6582649284091262,a=0.3236;b=-0.1355
d7_at_q6_7/X/r210,7,q6_7,X,210,mwpm_gap,si1000,isotonic,15000,6065,0.4142356212106134,0.013065884062760214,0.23347985881221012,0.659004659212004,steps=67
d7_at_q6_7/X/r210,7,q6_7,X,210,mwpm_gap,rl,raw,15000,6035,0.26902393623400406,0.1333093970993293,0.2524572628702741,0.7266783325196432,
d7_at_q6_7/X/r210,7,q6_7,X,210,mwpm_gap,rl,temperature,15000,6035,0.39604155320807466,0.02048397955405518,0.23070875246572148,0.6522001578356605,T=2.826
d7_at_q6_7/X/r210,7,q6_7,X,210,mwpm_gap,rl,platt,15000,6035,0.4103183600307847,0.015114072652502366,0.23047980571847887,0.6515119654302886,a=0.4277;b=-0.1446
d7_at_q6_7/X/r210,7,q6_7,X,210,mwpm_gap,rl,isotonic,15000,6035,0.41010754258071924,0.01331214534337669,0.23031475971211202,0.6510609610501223,steps=70
d7_at_q6_7/X/r230,7,q6_7,X,230,mwpm_gap,si1000,raw,15000,6653,0.2617460519951152,0.18178728133821817,0.28749766163214274,0.840262864914958,
d7_at_q6_7/X/r230,7,q6_7,X,230,mwpm_gap,si1000,temperature,15000,6653,0.42973894520100014,0.022169037625212457,0.24336611103434413,0.6794011697905254,T=4.581
d7_at_q6_7/X/r230,7,q6_7,X,230,mwpm_gap,si1000,platt,15000,6653,0.43998031966163026,0.022294999581815456,0.2433411436389651,0.6792948690169113,a=0.2634;b=-0.0991
d7_at_q6_7/X/r230,7,q6_7,X,230,mwpm_gap,si1000,isotonic,15000,6653,0.43993477872064285,0.01639818268480613,0.24300894637199447,0.6792778229128932,steps=64
d7_at_q6_7/X/r230,7,q6_7,X,230,mwpm_gap,rl,raw,15000,6597,0.2916390486625949,0.14816095133740506,0.2694509582683451,0.7656343062858143,
d7_at_q6_7/X/r230,7,q6_7,X,230,mwpm_gap,rl,temperature,15000,6597,0.4237962952164407,0.023436469251225913,0.24141870979619695,0.675335600471525,T=3.394
d7_at_q6_7/X/r230,7,q6_7,X,230,mwpm_gap,rl,platt,15000,6597,0.43801540699907443,0.020422583569747813,0.24119328551401722,0.6748178728107102,a=0.3732;b=-0.1384
d7_at_q6_7/X/r230,7,q6_7,X,230,mwpm_gap,rl,isotonic,15000,6597,0.4379678081342983,0.014332235312761782,0.24114728209528027,0.6778336249908746,steps=54
d7_at_q6_7/X/r250,7,q6_7,X,250,mwpm_gap,si1000,raw,15000,6558,0.260904844830271,0.17629515516972907,0.277885032523162,0.8119621144357725,
d7_at_q6_7/X/r250,7,q6_7,X,250,mwpm_gap,si1000,temperature,15000,6558,0.42942603406115604,0.01953086055678637,0.2401118468180134,0.6726852531779592,T=4.592
d7_at_q6_7/X/r250,7,q6_7,X,250,mwpm_gap,si1000,platt,15000,6558,0.4438456440315676,0.010850615595923822,0.23971744697332703,0.6717846329833362,a=0.278;b=-0.1359
d7_at_q6_7/X/r250,7,q6_7,X,250,mwpm_gap,si1000,isotonic,15000,6558,0.4437112665621502,0.009970857965333185,0.2398747684129543,0.6720544346671743,steps=56
d7_at_q6_7/X/r250,7,q6_7,X,250,mwpm_gap,rl,raw,15000,6427,0.29164562949591566,0.13682103717075103,0.2628206151477757,0.7481275417239291,
d7_at_q6_7/X/r250,7,q6_7,X,250,mwpm_gap,rl,temperature,15000,6427,0.4270596092202265,0.015491561082551479,0.23902720470156438,0.6704161524934488,T=3.553
d7_at_q6_7/X/r250,7,q6_7,X,250,mwpm_gap,rl,platt,15000,6427,0.4410448209566486,0.012818978464515702,0.23892794316993196,0.6700961656585938,a=0.3539;b=-0.1313
d7_at_q6_7/X/r250,7,q6_7,X,250,mwpm_gap,rl,isotonic,15000,6427,0.44144855644899883,0.012981889782332114,0.2390651266321663,0.6702796303975321,steps=55
d7_at_q6_7/Z/r01,7,q6_7,Z,1,mwpm_gap,si1000,raw,15000,12,0.0003511859193861548,0.0004488146590280998,0.0005984974309972057,0.0023615763835493253,
d7_at_q6_7/Z/r01,7,q6_7,Z,1,mwpm_gap,si1000,temperature,15000,12,0.0005377033506343002,0.00026240091334955076,0.0005750689427305751,0.0020500732686849106,T=1.366
d7_at_q6_7/Z/r01,7,q6_7,Z,1,mwpm_gap,si1000,platt,15000,12,0.0005259448925809344,0.0002741865827626077,0.0005783835114127042,0.0020575412222855623,a=0.7168;b=0.06921
d7_at_q6_7/Z/r01,7,q6_7,Z,1,mwpm_gap,si1000,isotonic,15000,12,0.0005468258748391498,0.0002931721252608452,0.0005897759236366788,0.0024729671564321827,steps=12
d7_at_q6_7/Z/r01,7,q6_7,Z,1,mwpm_gap,rl,raw,15000,8,0.0003257458102684229,0.0002075916398262422,0.0004499047599623115,0.0019108630376380165,
d7_at_q6_7/Z/r01,7,q6_7,Z,1,mwpm_gap,rl,temperature,15000,8,0.0005049940947538274,2.859491660611726e-05,0.00044440212257566706,0.0017530063423936333,T=1.303
d7_at_q6_7/Z/r01,7,q6_7,Z,1,mwpm_gap,rl,platt,15000,8,0.0005142421804126862,1.930152395942418e-05,0.0004447121155952594,0.0017557111890146352,a=0.7819;b=-0.06135
d7_at_q6_7/Z/r01,7,q6_7,Z,1,mwpm_gap,rl,isotonic,15000,8,0.0005079687196294525,0.00010296896961695291,0.000454987417028703,0.0021726027776513453,steps=9
d7_at_q6_7/Z/r01,7,q6_7,Z,1,bm_gap,rl,raw,15000,11,0.00012761700463854569,0.0006057163286947876,0.0006231231475415742,0.005697785920001479,
d7_at_q6_7/Z/r01,7,q6_7,Z,1,bm_gap,rl,temperature,15000,11,0.0005725861059746329,0.00016075079997136872,0.0005290852853816928,0.0020769146451492717,T=3.928
d7_at_q6_7/Z/r01,7,q6_7,Z,1,bm_gap,rl,platt,15000,11,0.0005196209777125561,0.00021372295987452783,0.0005403555629988916,0.0020849733322713237,a=0.2344;b=0.2713
d7_at_q6_7/Z/r01,7,q6_7,Z,1,bm_gap,rl,isotonic,15000,11,0.000543889164205396,0.00022944216922793234,0.0005209215714558949,0.002413421906588555,steps=14
d7_at_q6_7/Z/r10,7,q6_7,Z,10,mwpm_gap,si1000,raw,15000,439,0.015203409510661497,0.014063324251410946,0.02357693995897724,0.09637349580806624,
d7_at_q6_7/Z/r10,7,q6_7,Z,10,mwpm_gap,si1000,temperature,15000,439,0.026942428292358257,0.0023697536476236527,0.022687653244047805,0.0811057660592708,T=1.576
d7_at_q6_7/Z/r10,7,q6_7,Z,10,mwpm_gap,si1000,platt,15000,439,0.02634834252715309,0.0030100366560447725,0.0226900315607547,0.08106598662907047,a=0.6186;b=0.07369
d7_at_q6_7/Z/r10,7,q6_7,Z,10,mwpm_gap,si1000,isotonic,15000,439,0.026293479488714508,0.0030240176770419147,0.02277375721634037,0.08169212926919639,steps=52
d7_at_q6_7/Z/r10,7,q6_7,Z,10,mwpm_gap,rl,raw,15000,417,0.01942830701006475,0.008376519848809745,0.02211955155277514,0.08196791563022342,
d7_at_q6_7/Z/r10,7,q6_7,Z,10,mwpm_gap,rl,temperature,15000,417,0.025921707887352558,0.0019253157769570782,0.021819195310067506,0.0775445533194851,T=1.249
d7_at_q6_7/Z/r10,7,q6_7,Z,10,mwpm_gap,rl,platt,15000,417,0.02567552546345806,0.002174801337231426,0.02181171377931365,0.07751898540659982,a=0.7919;b=0.03165
d7_at_q6_7/Z/r10,7,q6_7,Z,10,mwpm_gap,rl,isotonic,15000,417,0.025703116595042798,0.0021916337677524078,0.021951319922816546,0.07840141444236794,steps=64
d7_at_q6_7/Z/r10,7,q6_7,Z,10,bm_gap,rl,raw,15000,249,0.0044568769720455,0.012143123027954502,0.01416005400645429,0.08883022726038932,
d7_at_q6_7/Z/r10,7,q6_7,Z,10,bm_gap,rl,temperature,15000,249,0.016496749780914984,0.001065756102758254,0.012563971440604785,0.04749626984830182,T=2.977
d7_at_q6_7/Z/r10,7,q6_7,Z,10,bm_gap,rl,platt,15000,249,0.014125272547729249,0.0029479758393527937,0.012795840976922861,0.047607578343647705,a=0.2833;b=0.4852
d7_at_q6_7/Z/r10,7,q6_7,Z,10,bm_gap,rl,isotonic,15000,249,0.014150358754474053,0.002850609568178777,0.012873857457827088,0.04903828110550872,steps=48
d7_at_q6_7/Z/r30,7,q6_7,Z,30,mwpm_gap,si1000,raw,15000,1702,0.05853024693605705,0.054936419730609615,0.08698842913582007,0.32095538019387315,
d7_at_q6_7/Z/r30,7,q6_7,Z,30,mwpm_gap,si1000,temperature,15000,1702,0.1098935294483741,0.004723844532379561,0.08147242773177331,0.2652104562562713,T=1.863
d7_at_q6_7/Z/r30,7,q6_7,Z,30,mwpm_gap,si1000,platt,15000,1702,0.11137144566162999,0.004226877833701545,0.0814597312971239,0.2651622930361547,a=0.5484;b=-0.04818
d7_at_q6_7/Z/r30,7,q6_7,Z,30,mwpm_gap,si1000,isotonic,15000,1702,0.11111589997894604,0.003775052372532298,0.08157233242045166,0.26546166100763713,steps=92
d7_at_q6_7/Z/r30,7,q6_7,Z,30,mwpm_gap,rl,raw,15000,1710,0.07458675024097206,0.039413249759027935,0.08452335846670687,0.2871598067671495,
d7_at_q6_7/Z/r30,7,q6_7,Z,30,mwpm_gap,rl,temperature,15000,1710,0.11008581442182358,0.006483785396447137,0.08178835340997688,0.2659667968738386,T=1.466
d7_at_q6_7/Z/r30,7,q6_7,Z,30,mwpm_gap,rl,platt,15000,1710,0.10995628239925735,0.006470978428113527,0.08179122157355213,0.2659753715820329,a=0.681;b=0.004219
d7_at_q6_7/Z/r30,7,q6_7,Z,30,mwpm_gap,rl,isotonic,15000,1710,0.11005483292578842,0.006140201237721136,0.0819860720449972,0.26725510287848797,steps=82
d7_at_q6_7/Z/r30,7,q6_7,Z,30,bm_gap,rl,raw,15000,984,0.018350204987165424,0.04724979501283523,0.05614626026415163,0.3370234168660824,
d7_at_q6_7/Z/r30,7,q6_7,Z,30,bm_gap,rl,temperature,15000,984,0.06595364840042614,0.007214513105489193,0.05001186107543606,0.17554970415014254,T=3.212
d7_at_q6_7/Z/r30,7,q6_7,Z,30,bm_gap,rl,platt,15000,984,0.06080590470908955,0.008276583283619857,0.05007042619794819,0.1748830662514475,a=0.2779;b=0.2739
d7_at_q6_7/Z/r30,7,q6_7,Z,30,bm_gap,rl,isotonic,15000,984,0.06079355965048938,0.00597790007209676,0.05000664139767253,0.1750786509776468,steps=69
d7_at_q6_7/Z/r50,7,q6_7,Z,50,mwpm_gap,si1000,raw,15000,2333,0.08007819036714861,0.07545514296618472,0.11750029388945374,0.41730859254757197,
d7_at_q6_7/Z/r50,7,q6_7,Z,50,mwpm_gap,si1000,temperature,15000,2333,0.147038138396252,0.010063941348547574,0.10876650624972595,0.3447410580732685,T=1.902
d7_at_q6_7/Z/r50,7,q6_7,Z,50,mwpm_gap,si1000,platt,15000,2333,0.14989424332143725,0.008549767726180232,0.10869015564717624,0.3445721570804278,a=0.5442;b=-0.07162
d7_at_q6_7/Z/r50,7,q6_7,Z,50,mwpm_gap,si1000,isotonic,15000,2333,0.14967758339182974,0.00961580022949046,0.10871893713442547,0.3451619948540158,steps=86
d7_at_q6_7/Z/r50,7,q6_7,Z,50,mwpm_gap,rl,raw,15000,2313,0.09847192601328258,0.0557280739867174,0.11180733920295777,0.3714096021140733,
d7_at_q6_7/Z/r50,7,q6_7,Z,50,mwpm_gap,rl,temperature,15000,2313,0.14480167752186815,0.010524370729079672,0.10746233058796824,0.34155688387316396,T=1.505
d7_at_q6_7/Z/r50,7,q6_7,Z,50,mwpm_gap,rl,platt,15000,2313,0.1471430491160246,0.009545804765196965,0.10736701429839762,0.3413652376342835,a=0.6839;b=-0.06004
d7_at_q6_7/Z/r50,7,q6_7,Z,50,mwpm_gap,rl,isotonic,15000,2313,0.14733119849840193,0.00944552781230692,0.10776078078549585,0.3435149278701537,steps=101
d7_at_q6_7/Z/r50,7,q6_7,Z,50,bm_gap,rl,raw,15000,1287,0.02641244478988514,0.05938755521011486,0.07185614869544843,0.3843864260623884,
d7_at_q6_7/Z/r50,7,q6_7,Z,50,bm_gap,rl,temperature,15000,1287,0.09159947315658722,0.008797148457754079,0.06342267946377914,0.21559553442561663,T=3.281
d7_at_q6_7/Z/r50,7,q6_7,Z,50,bm_gap,rl,platt,15000,1287,0.08645264469111255,0.010742017803509885,0.06349304089897277,0.21548774518786745,a=0.279;b=0.2019
d7_at_q6_7/Z/r50,7,q6_7,Z,50,bm_gap,rl,isotonic,15000,1287,0.08629862940692531,0.003057439775571644,0.0634293110327103,0.21520242312692722,steps=72
d7_at_q6_7/Z/r70,7,q6_7,Z,70,mwpm_gap,si1000,raw,15000,3042,0.11025639469771492,0.09254360530228505,0.14981558971347547,0.5075690121996381,
d7_at_q6_7/Z/r70,7,q6_7,Z,70,mwpm_gap,si1000,temperature,15000,3042,0.20101104959771987,0.010423697086494202,0.13816142026828437,0.4251703369692135,T=2.064
d7_at_q6_7/Z/r70,7,q6_7,Z,70,mwpm_gap,si1000,platt,15000,3042,0.20626933795862384,0.01087015271411335,0.13816061865072515,0.4250220038646017,a=0.5119;b=-0.09798
d7_at_q6_7/Z/r70,7,q6_7,Z,70,mwpm_gap,si1000,isotonic,15000,3042,0.2062570501243457,0.010076765979689923,0.13841787117678347,0.42649055132185515,steps=81
d7_at_q6_7/Z/r70,7,q6_7,Z,70,mwpm_gap,rl,raw,15000,3086,0.13255748840792048,0.07317584492541285,0.14378779070093356,0.45977332734454707,
d7_at_q6_7/Z/r70,7,q6_7,Z,70,mwpm_gap,rl,temperature,15000,3086,0.1982142535861173,0.012330305088852342,0.13753661078775142,0.4236799271967393,T=1.634
d7_at_q6_7/Z/r70,7,q6_7,Z,70,mwpm_gap,rl,platt,15000,3086,0.20273297769728016,0.007323529223576287,0.13731584978157022,0.4231350869846221,a=0.6426;b=-0.08651
d7_at_q6_7/Z/r70,7,q6_7,Z,70,mwpm_gap,rl,isotonic,15000,3086,0.2029915142738499,0.007715255908706728,0.13795418480815533,0.4292482600299381,steps=84
d7_at_q6_7/Z/r90,7,q6_7,Z,90,mwpm_gap,si1000,raw,15000,4505,0.1606065819337129,0.13972675139962043,0.2092744669089095,0.6680966023302047,
d7_at_q6_7/Z/r90,7,q6_7,Z,90,mwpm_gap,si1000,temperature,15000,4505,0.2892974345993151,0.02466371580910551,0.18675484425717392,0.5489207894892097,T=2.499
d7_at_q6_7/Z/r90,7,q6_7,Z,90,mwpm_gap,si1000,platt,15000,4505,0.3006164105721543,0.010249153425616955,0.1862346519275045,0.5474989345013379,a=0.447;b=-0.1498
d7_at_q6_7/Z/r90,7,q6_7,Z,90,mwpm_gap,si1000,isotonic,15000,4505,0.3006266303113076,0.008300899513363033,0.18637792978719633,0.5477404522678565,steps=76
d7_at_q6_7/Z/r90,7,q6_7,Z,90,mwpm_gap,rl,raw,15000,4499,0.19231039354466087,0.10762293978867246,0.20064374849537422,0.6083352648221972,
d7_at_q6_7/Z/r90,7,q6_7,Z,90,mwpm_gap,rl,temperature,15000,4499,0.29117498175788264,0.021824551746493205,0.18747717187171112,0.5508130090351474,T=1.982
d7_at_q6_7/Z/r90,7,q6_7,Z,90,mwpm_gap,rl,platt,15000,4499,0.30294358590915776,0.011428115166432138,0.18710781103638488,0.5497042567576074,a=0.5657;b=-0.1544
d7_at_q6_7/Z/r90,7,q6_7,Z,90,mwpm_gap,rl,isotonic,15000,4499,0.3028134352735031,0.012228301071290991,0.18731397048568452,0.5510771525730119,steps=90
d7_at_q6_7/Z/r110,7,q6_7,Z,110,mwpm_gap,si1000,raw,15000,4364,0.1605961518653835,0.13033718146794981,0.20608467040280246,0.6631051981754807,
d7_at_q6_7/Z/r110,7,q6_7,Z,110,mwpm_gap,si1000,temperature,15000,4364,0.290740828929206,0.011436302838754443,0.1857235546281329,0.5475886516491569,T=2.515
d7_at_q6_7/Z/r110,7,q6_7,Z,110,mwpm_gap,si1000,platt,15000,4364,0.2987084877944026,0.009862219898142129,0.18566867139009322,0.5472581246324724,a=0.4307;b=-0.1057
d7_at_q6_7/Z/r110,7,q6_7,Z,110,mwpm_gap,si1000,isotonic,15000,4364,0.2988260826865708,0.010650153114862025,0.18567875318119045,0.5470608309097837,steps=85
d7_at_q6_7/Z/r110,7,q6_7,Z,110,mwpm_gap,rl,raw,15000,4362,0.19064733290905378,0.10015266709094618,0.19736214647681988,0.601743794313017,
d7_at_q6_7/Z/r110,7,q6_7,Z,110,mwpm_gap,rl,temperature,15000,4362,0.29211387191127103,0.013401499262007222,0.18560940250419403,0.547426789135191,T=2.005
d7_at_q6_7/Z/r110,7,q6_7,Z,110,mwpm_gap,rl,platt,15000,4362,0.30293322149427915,0.015530713819176459,0.18560956644414514,0.5471000734684422,a=0.5563;b=-0.1449
d7_at_q6_7/Z/r110,7,q6_7,Z,110,mwpm_gap,rl,isotonic,15000,4362,0.30295646368843077,0.016079997854222042,0.18573015943952226,0.5473780507958955,steps=86
d7_at_q6_7/Z/r130,7,q6_7,Z,130,mwpm_gap,si1000,raw,15000,4719,0.17118856982825448,0.14341143017174554,0.2211327663871237,0.7051177586557679,
d7_at_q6_7/Z/r130,7,q6_7,Z,130,mwpm_gap,si1000,temperature,15000,4719,0.30323310876989834,0.01570129857851593,0.19724741921499211,0.575567912078729,T=2.52
d7_at_q6_7/Z/r130,7,q6_7,Z,130,mwpm_gap,si1000,platt,15000,4719,0.3100438048000445,0.012406279025209814,0.19708296250094093,0.5751497442367677,a=0.4262;b=-0.08879
d7_at_q6_7/Z/r130,7,q6_7,Z,130,mwpm_gap,si1000,isotonic,15000,4719,0.31030835930002565,0.00883022912055326,0.19712931168799303,0.5753019513274068,steps=68
d7_at_q6_7/Z/r130,7,q6_7,Z,130,mwpm_gap,rl,raw,15000,4640,0.20148414894989036,0.10946572202307145,0.20975988858697545,0.634053400484945,
d7_at_q6_7/Z/r130,7,q6_7,Z,130,mwpm_gap,rl,temperature,15000,4640,0.3012539368754915,0.017854937826808828,0.19554693922589333,0.5711947735120692,T=1.985
d7_at_q6_7/Z/r130,7,q6_7,Z,130,mwpm_gap,rl,platt,15000,4640,0.30633394946248843,0.01590771623642501,0.1954714828600967,0.5709387516630373,a=0.5319;b=-0.06728
d7_at_q6_7/Z/r130,7,q6_7,Z,130,mwpm_gap,rl,isotonic,15000,4640,0.3062778555649783,0.012679380510489297,0.1953528563944364,0.5709822782291573,steps=78
d7_at_q6_7/Z/r150,7,q6_7,Z,150,mwpm_gap,si1000,raw,15000,5309,0.19989639275082338,0.15403694058250997,0.24431568833877107,0.7560550249025041,
d7_at_q6_7/Z/r150,7,q6_7,Z,150,mwpm_gap,si1000,temperature,15000,5309,0.34080250777077864,0.017424777429560258,0.21516522290583215,0.6171603727876878,T=2.754
d7_at_q6_7/Z/r150,7,q6_7,Z,150,mwpm_gap,si1000,platt,15000,5309,0.35205309241748495,0.019537772288160678,0.21516653835321523,0.6170647271680859,a=0.4104;b=-0.1303
d7_at_q6_7/Z/r150,7,q6_7,Z,150,mwpm_gap,si1000,isotonic,15000,5309,0.3521364643312972,0.01647222038471338,0.215084096019383,0.6180648572127323,steps=76
d7_at_q6_7/Z/r150,7,q6_7,Z,150,mwpm_gap,rl,raw,15000,5296,0.23236310501620072,0.12070356165046592,0.2301174397097759,0.6816639378983209,
d7_at_q6_7/Z/r150,7,q6_7,Z,150,mwpm_gap,rl,temperature,15000,5296,0.34188584138231765,0.0161254365577303,0.2131265835324777,0.6126499524356016,T=2.204
d7_at_q6_7/Z/r150,7,q6_7,Z,150,mwpm_gap,rl,platt,15000,5296,0.3526742343508502,0.012719734602381707,0.2129185574266604,0.6121236451954729,a=0.5095;b=-0.123
d7_at_q6_7/Z/r150,7,q6_7,Z,150,mwpm_gap,rl,isotonic,15000,5296,0.3525638528381502,0.01004355527265706,0.21285501987640817,0.6138607409924938,steps=71
d7_at_q6_7/Z/r170,7,q6_7,Z,170,mwpm_gap,si1000,raw,15000,5428,0.2118003203867965,0.15006634627987017,0.24575642871604922,0.7491011540084764,
d7_at_q6_7/Z/r170,7,q6_7,Z,170,mwpm_gap,si1000,temperature,15000,5428,0.3602704749547783,0.013741292767062228,0.21787573075220504,0.62348506943728,T=2.986
d7_at_q6_7/Z/r170,7,q6_7,Z,170,mwpm_gap,si1000,platt,15000,5428,0.3733517496943389,0.01800631722174118,0.2179772598119356,0.6234161183146466,a=0.3893;b=-0.1448
d7_at_q6_7/Z/r170,7,q6_7,Z,170,mwpm_gap,si1000,isotonic,15000,5428,0.37292211914414086,0.013219359423914603,0.21791188826195,0.6231659596076752,steps=81
d7_at_q6_7/Z/r170,7,q6_7,Z,170,mwpm_gap,rl,raw,15000,5482,0.24506112265631055,0.12040554401035612,0.23594725466009306,0.6925683007695188,
d7_at_q6_7/Z/r170,7,q6_7,Z,170,mwpm_gap,rl,temperature,15000,5482,0.35963106347285295,0.0146529251736422,0.21858918285234427,0.6252358557048454,T=2.342
d7_at_q6_7/Z/r170,7,q6_7,Z,170,mwpm_gap,rl,platt,15000,5482,0.37241355366920287,0.012743864333255089,0.2185309151584693,0.6249423695333975,a=0.4942;b=-0.1413
d7_at_q6_7/Z/r170,7,q6_7,Z,170,mwpm_gap,rl,isotonic,15000,5482,0.3723276770150028,0.014760363296860536,0.21880253480556272,0.6254355538930412,steps=86
d7_at_q6_7/Z/r190,7,q6_7,Z,190,mwpm_gap,si1000,raw,15000,6140,0.23705709756786425,0.17227623576546913,0.2686094731392078,0.7968150709083764,
d7_at_q6_7/Z/r190,7,q6_7,Z,190,mwpm_gap,si1000,temperature,15000,6140,0.39419299518541,0.02317578861629978,0.2326019393187913,0.6561150970232088,T=3.463
d7_at_q6_7/Z/r190,7,q6_7,Z,190,mwpm_gap,si1000,platt,15000,6140,0.4082681180424304,0.017469527244002567,0.232241129055261,0.6551871734752921,a=0.3476;b=-0.1434
d7_at_q6_7/Z/r190,7,q6_7,Z,190,mwpm_gap,si1000,isotonic,15000,6140,0.40841012308951696,0.008899108105981374,0.23197815553884607,0.654876196416543,steps=62
d7_at_q6_7/Z/r190,7,q6_7,Z,190,mwpm_gap,rl,raw,15000,6047,0.2700000742173103,0.133133259116023,0.253276382506344,0.727385954035399,
d7_at_q6_7/Z/r190,7,q6_7,Z,190,mwpm_gap,rl,temperature,15000,6047,0.391073797280317,0.021241430510913435,0.23129925289001096,0.6532117742949858,T=2.659
d7_at_q6_7/Z/r190,7,q6_7,Z,190,mwpm_gap,rl,platt,15000,6047,0.4068078983066964,0.019744731465662097,0.23114838159403941,0.6526677042031696,a=0.459;b=-0.1598
d7_at_q6_7/Z/r190,7,q6_7,Z,190,mwpm_gap,rl,isotonic,15000,6047,0.40681959980510385,0.019102080284573348,0.23113156290884035,0.6527158715063646,steps=66
d7_at_q6_7/Z/r210,7,q6_7,Z,210,mwpm_gap,si1000,raw,15000,6071,0.23783360430670158,0.16689972902663175,0.26771824265103317,0.7955192814225525,
d7_at_q6_7/Z/r210,7,q6_7,Z,210,mwpm_gap,si1000,temperature,15000,6071,0.39643719045423825,0.020300322842102213,0.2326549922833655,0.6564310322854604,T=3.523
d7_at_q6_7/Z/r210,7,q6_7,Z,210,mwpm_gap,si1000,platt,15000,6071,0.41260253540587105,0.021569623019758143,0.2327055639448018,0.656333262253404,a=0.3518;b=-0.1645
d7_at_q6_7/Z/r210,7,q6_7,Z,210,mwpm_gap,si1000,isotonic,15000,6071,0.41262148933883414,0.011054189606447926,0.2324861690207981,0.6559041631360718,steps=60
d7_at_q6_7/Z/r210,7,q6_7,Z,210,mwpm_gap,rl,raw,15000,6080,0.27425070648548233,0.131082626847851,0.2539291460381965,0.7298472540678386,
d7_at_q6_7/Z/r210,7,q6_7,Z,210,mwpm_gap,rl,temperature,15000,6080,0.3972343971497469,0.01793436931094123,0.23243751738316656,0.6560429643397697,T=2.759
d7_at_q6_7/Z/r210,7,q6_7,Z,210,mwpm_gap,rl,platt,15000,6080,0.40770190997811423,0.013568056764754255,0.2322813833862815,0.6556087229432335,a=0.418;b=-0.1056
d7_at_q6_7/Z/r210,7,q6_7,Z,210,mwpm_gap,rl,isotonic,15000,6080,0.40750705720953867,0.012903881749966553,0.23234613871033985,0.6561467858602102,steps=60
d7_at_q6_7/Z/r230,7,q6_7,Z,230,mwpm_gap,si1000,raw,15000,6336,0.2475783257844145,0.17482167421558556,0.27389475181025197,0.8034544042616983,
d7_at_q6_7/Z/r230,7,q6_7,Z,230,mwpm_gap,si1000,temperature,15000,6336,0.40695464585342395,0.02557836834145443,0.2362012772384903,0.6639513183682251,T=3.72
d7_at_q6_7/Z/r230,7,q6_7,Z,230,mwpm_gap,si1000,platt,15000,6336,0.4200114764461722,0.02065820161697999,0.23578816593593332,0.6629092163421315,a=0.3252;b=-0.1307
d7_at_q6_7/Z/r230,7,q6_7,Z,230,mwpm_gap,si1000,isotonic,15000,6336,0.42027111994097077,0.011160465852543665,0.23555033538179498,0.6620668953565884,steps=52
d7_at_q6_7/Z/r230,7,q6_7,Z,230,mwpm_gap,rl,raw,15000,6245,0.2790106180479126,0.13732271528542073,0.2591161134589208,0.7402763415681606,
d7_at_q6_7/Z/r230,7,q6_7,Z,230,mwpm_gap,rl,temperature,15000,6245,0.40538792223617515,0.02087342691206679,0.2352966313247105,0.6621135653882105,T=2.924
d7_at_q6_7/Z/r230,7,q6_7,Z,230,mwpm_gap,rl,platt,15000,6245,0.4179052943538585,0.020352494161197856,0.23507600490737524,0.6614869338340479,a=0.4096;b=-0.1254
d7_at_q6_7/Z/r230,7,q6_7,Z,230,mwpm_gap,rl,isotonic,15000,6245,0.41810656310780386,0.017902071925998925,0.23499013893182338,0.6626829970087228,steps=64
d7_at_q6_7/Z/r250,7,q6_7,Z,250,mwpm_gap,si1000,raw,15000,6208,0.2473991533354093,0.1664675133312574,0.27011638222393325,0.7966125561427998,
d7_at_q6_7/Z/r250,7,q6_7,Z,250,mwpm_gap,si1000,temperature,15000,6208,0.4037819482502879,0.01857897887034143,0.2351790529776558,0.66193194313422,T=3.592
d7_at_q6_7/Z/r250,7,q6_7,Z,250,mwpm_gap,si1000,platt,15000,6208,0.40938758595468766,0.015515279378027743,0.23503769073370537,0.6615801462168116,a=0.303;b=-0.05673
d7_at_q6_7/Z/r250,7,q6_7,Z,250,mwpm_gap,si1000,isotonic,15000,6208,0.40934293216173284,0.005956734943567871,0.23491368864992077,0.6621625907868083,steps=64
d7_at_q6_7/Z/r250,7,q6_7,Z,250,mwpm_gap,rl,raw,15000,6186,0.2782714842701066,0.13412851572989326,0.2563312212990249,0.7333390650313684,
d7_at_q6_7/Z/r250,7,q6_7,Z,250,mwpm_gap,rl,temperature,15000,6186,0.3991832433731581,0.024009130691571227,0.23381078551249648,0.6588146925039318,T=2.752
d7_at_q6_7/Z/r250,7,q6_7,Z,250,mwpm_gap,rl,platt,15000,6186,0.4073275203204305,0.021245841250397152,0.23355303604215513,0.6581762375480794,a=0.4091;b=-0.08378
d7_at_q6_7/Z/r250,7,q6_7,Z,250,mwpm_gap,rl,isotonic,15000,6186,0.4065479819081278,0.011640773496076541,0.23348335956148653,0.6590053626685889,steps=66
