axis,source,target,distance,basis,rounds,patch,prior,calibrator,ece,nll
same,d3_at_q10_7/X/r01,d3_at_q10_7/X/r01,3,X,1,q10_7,si1000,platt,0.0008030064892058694,0.01793545278597815
same,d3_at_q10_7/X/r01,d3_at_q10_7/X/r01,3,X,1,q10_7,si1000,isotonic,0.0008115371883275339,0.017870322719705102
sim,sim:d3_at_q10_7/X/r01,d3_at_q10_7/X/r01,3,X,1,q10_7,si1000,platt,0.003519010884214657,0.020471255396331243
sim,sim:d3_at_q10_7/X/r01,d3_at_q10_7/X/r01,3,X,1,q10_7,si1000,isotonic,0.0034561592560656564,0.023002635027092273
basis,d3_at_q10_7/Z/r01,d3_at_q10_7/X/r01,3,X,1,q10_7,si1000,platt,0.0009897201927487587,0.018015844570838206
basis,d3_at_q10_7/Z/r01,d3_at_q10_7/X/r01,3,X,1,q10_7,si1000,isotonic,0.0008791782689558194,0.017816989811697437
patch,d3_at_q2_7/X/r01,d3_at_q10_7/X/r01,3,X,1,q10_7,si1000,platt,0.0003859838251756814,0.017787567896163585
patch,d3_at_q2_7/X/r01,d3_at_q10_7/X/r01,3,X,1,q10_7,si1000,isotonic,0.0007391754445910553,0.018300985104556567
patch,d3_at_q4_5/X/r01,d3_at_q10_7/X/r01,3,X,1,q10_7,si1000,platt,0.0009117429390654501,0.0180351842568248
patch,d3_at_q4_5/X/r01,d3_at_q10_7/X/r01,3,X,1,q10_7,si1000,isotonic,0.001226826861295504,0.018029555714822634
patch,d3_at_q4_9/X/r01,d3_at_q10_7/X/r01,3,X,1,q10_7,si1000,platt,0.0003126801609285071,0.017909979846338554
patch,d3_at_q4_9/X/r01,d3_at_q10_7/X/r01,3,X,1,q10_7,si1000,isotonic,0.0006192034789523165,0.018694323171437516
patch,d3_at_q6_11/X/r01,d3_at_q10_7/X/r01,3,X,1,q10_7,si1000,platt,0.0008129315585544752,0.01790487165102273
patch,d3_at_q6_11/X/r01,d3_at_q10_7/X/r01,3,X,1,q10_7,si1000,isotonic,0.000684089602917813,0.017801316551151785
patch,d3_at_q6_3/X/r01,d3_at_q10_7/X/r01,3,X,1,q10_7,si1000,platt,0.0008838097812431054,0.018186315096875037
patch,d3_at_q6_3/X/r01,d3_at_q10_7/X/r01,3,X,1,q10_7,si1000,isotonic,0.0004702853523742822,0.01860988914689561
patch,d3_at_q6_7/X/r01,d3_at_q10_7/X/r01,3,X,1,q10_7,si1000,platt,0.00907965617661447,0.02297115524010132
patch,d3_at_q6_7/X/r01,d3_at_q10_7/X/r01,3,X,1,q10_7,si1000,isotonic,0.009708413416271083,0.024056575261824663
patch,d3_at_q8_5/X/r01,d3_at_q10_7/X/r01,3,X,1,q10_7,si1000,platt,0.0015838929880732286,0.018126586221990683
patch,d3_at_q8_5/X/r01,d3_at_q10_7/X/r01,3,X,1,q10_7,si1000,isotonic,0.00105790776685123,0.01889550920184241
patch,d3_at_q8_9/X/r01,d3_at_q10_7/X/r01,3,X,1,q10_7,si1000,platt,0.008072008811317736,0.02204317929510145
patch,d3_at_q8_9/X/r01,d3_at_q10_7/X/r01,3,X,1,q10_7,si1000,isotonic,0.009043180613515651,0.02362315417554982
pooled,pool:d3/X/r1 without q10_7 (8 patches),d3_at_q10_7/X/r01,3,X,1,q10_7,si1000,platt,0.0026225236443918392,0.018756658226503527
pooled,pool:d3/X/r1 without q10_7 (8 patches),d3_at_q10_7/X/r01,3,X,1,q10_7,si1000,isotonic,0.0028226411190706677,0.01860562852588445
same,d3_at_q10_7/X/r10,d3_at_q10_7/X/r10,3,X,10,q10_7,si1000,platt,0.00642578032021301,0.1720824719598106
same,d3_at_q10_7/X/r10,d3_at_q10_7/X/r10,3,X,10,q10_7,si1000,isotonic,0.005817645587512854,0.1714743380648305
sim,sim:d3_at_q10_7/X/r10,d3_at_q10_7/X/r10,3,X,10,q10_7,si1000,platt,0.02556264867697943,0.1851580242927864
sim,sim:d3_at_q10_7/X/r10,d3_at_q10_7/X/r10,3,X,10,q10_7,si1000,isotonic,0.025273810697029976,0.18706175417745086
basis,d3_at_q10_7/Z/r10,d3_at_q10_7/X/r10,3,X,10,q10_7,si1000,platt,0.008523812345669355,0.17243317928865906
basis,d3_at_q10_7/Z/r10,d3_at_q10_7/X/r10,3,X,10,q10_7,si1000,isotonic,0.008619298130371694,0.17452338606429257
patch,d3_at_q2_7/X/r10,d3_at_q10_7/X/r10,3,X,10,q10_7,si1000,platt,0.00779355578067498,0.17235725850314348
patch,d3_at_q2_7/X/r10,d3_at_q10_7/X/r10,3,X,10,q10_7,si1000,isotonic,0.005504466950806057,0.17280815978133685
patch,d3_at_q4_5/X/r10,d3_at_q10_7/X/r10,3,X,10,q10_7,si1000,platt,0.00815521018130551,0.1726174711222479
patch,d3_at_q4_5/X/r10,d3_at_q10_7/X/r10,3,X,10,q10_7,si1000,isotonic,0.007806011172936929,0.17446883384271794
patch,d3_at_q4_9/X/r10,d3_at_q10_7/X/r10,3,X,10,q10_7,si1000,platt,0.015012399047182521,0.17403469582301526
patch,d3_at_q4_9/X/r10,d3_at_q10_7/X/r10,3,X,10,q10_7,si1000,isotonic,0.014872634445661935,0.17477643953810432
patch,d3_at_q6_11/X/r10,d3_at_q10_7/X/r10,3,X,10,q10_7,si1000,platt,0.011043695749863353,0.17300788730338548
patch,d3_at_q6_11/X/r10,d3_at_q10_7/X/r10,3,X,10,q10_7,si1000,isotonic,0.01185863791922687,0.17307961250158205
patch,d3_at_q6_3/X/r10,d3_at_q10_7/X/r10,3,X,10,q10_7,si1000,platt,0.007026000387324968,0.17183881570897655
patch,d3_at_q6_3/X/r10,d3_at_q10_7/X/r10,3,X,10,q10_7,si1000,isotonic,0.008926098015128035,0.17320414671674855
patch,d3_at_q6_7/X/r10,d3_at_q10_7/X/r10,3,X,10,q10_7,si1000,platt,0.02947154419101368,0.1809379658899393
patch,d3_at_q6_7/X/r10,d3_at_q10_7/X/r10,3,X,10,q10_7,si1000,isotonic,0.0302734613232825,0.1812929613486038
patch,d3_at_q8_5/X/r10,d3_at_q10_7/X/r10,3,X,10,q10_7,si1000,platt,0.010608161555418756,0.17323230487579608
patch,d3_at_q8_5/X/r10,d3_at_q10_7/X/r10,3,X,10,q10_7,si1000,isotonic,0.009389550000598258,0.1729351117516215
patch,d3_at_q8_9/X/r10,d3_at_q10_7/X/r10,3,X,10,q10_7,si1000,platt,0.033700079181606744,0.1842468330329747
patch,d3_at_q8_9/X/r10,d3_at_q10_7/X/r10,3,X,10,q10_7,si1000,isotonic,0.03408924125119905,0.18513099747339365
pooled,pool:d3/X/r10 without q10_7 (8 patches),d3_at_q10_7/X/r10,3,X,10,q10_7,si1000,platt,0.014560626332185644,0.17443124864245357
pooled,pool:d3/X/r10 without q10_7 (8 patches),d3_at_q10_7/X/r10,3,X,10,q10_7,si1000,isotonic,0.013617854226411897,0.1739964729350212
same,d3_at_q10_7/X/r30,d3_at_q10_7/X/r30,3,X,30,q10_7,si1000,platt,0.015094158294453906,0.4623692279455324
same,d3_at_q10_7/X/r30,d3_at_q10_7/X/r30,3,X,30,q10_7,si1000,isotonic,0.0053348273931250224,0.46072390731584784
sim,sim:d3_at_q10_7/X/r30,d3_at_q10_7/X/r30,3,X,30,q10_7,si1000,platt,0.09743797343301919,0.5425156079720027
sim,sim:d3_at_q10_7/X/r30,d3_at_q10_7/X/r30,3,X,30,q10_7,si1000,isotonic,0.09902138681615841,0.5500070399766382
basis,d3_at_q10_7/Z/r30,d3_at_q10_7/X/r30,3,X,30,q10_7,si1000,platt,0.02795844491182397,0.46471455736316825
basis,d3_at_q10_7/Z/r30,d3_at_q10_7/X/r30,3,X,30,q10_7,si1000,isotonic,0.02662012509833399,0.46500892335022476
patch,d3_at_q2_7/X/r30,d3_at_q10_7/X/r30,3,X,30,q10_7,si1000,platt,0.021265497970804736,0.4630051233226716
patch,d3_at_q2_7/X/r30,d3_at_q10_7/X/r30,3,X,30,q10_7,si1000,isotonic,0.026137965175662407,0.4679572741586682
patch,d3_at_q4_5/X/r30,d3_at_q10_7/X/r30,3,X,30,q10_7,si1000,platt,0.023325999270858877,0.4635978471059001
patch,d3_at_q4_5/X/r30,d3_at_q10_7/X/r30,3,X,30,q10_7,si1000,isotonic,0.036815352191402965,0.4684006279847745
patch,d3_at_q4_9/X/r30,d3_at_q10_7/X/r30,3,X,30,q10_7,si1000,platt,0.015014925950342114,0.46273276340043856
patch,d3_at_q4_9/X/r30,d3_at_q10_7/X/r30,3,X,30,q10_7,si1000,isotonic,0.018194456688608064,0.4637858669109461
patch,d3_at_q6_11/X/r30,d3_at_q10_7/X/r30,3,X,30,q10_7,si1000,platt,0.01622843088199452,0.4624961429048753
patch,d3_at_q6_11/X/r30,d3_at_q10_7/X/r30,3,X,30,q10_7,si1000,isotonic,0.01734969356976525,0.46286009636605197
patch,d3_at_q6_3/X/r30,d3_at_q10_7/X/r30,3,X,30,q10_7,si1000,platt,0.015214736464338019,0.4624138667820434
patch,d3_at_q6_3/X/r30,d3_at_q10_7/X/r30,3,X,30,q10_7,si1000,isotonic,0.0191551238815234,0.4646996920777412
patch,d3_at_q6_7/X/r30,d3_at_q10_7/X/r30,3,X,30,q10_7,si1000,platt,0.05455957576984736,0.4727146530897246
patch,d3_at_q6_7/X/r30,d3_at_q10_7/X/r30,3,X,30,q10_7,si1000,isotonic,0.055885217672876394,0.4773798560182917
patch,d3_at_q8_5/X/r30,d3_at_q10_7/X/r30,3,X,30,q10_7,si1000,platt,0.019383959241088936,0.4637751101902981
patch,d3_at_q8_5/X/r30,d3_at_q10_7/X/r30,3,X,30,q10_7,si1000,isotonic,0.029135183573847277,0.46554297223686625
patch,d3_at_q8_9/X/r30,d3_at_q10_7/X/r30,3,X,30,q10_7,si1000,platt,0.06013043871936158,0.47679652250735327
patch,d3_at_q8_9/X/r30,d3_at_q10_7/X/r30,3,X,30,q10_7,si1000,isotonic,0.060254034743082066,0.4764421499493662
pooled,pool:d3/X/r30 without q10_7 (8 patches),d3_at_q10_7/X/r30,3,X,30,q10_7,si1000,platt,0.019363743542855614,0.46345929525860213
pooled,pool:d3/X/r30 without q10_7 (8 patches),d3_at_q10_7/X/r30,3,X,30,q10_7,si1000,isotonic,0.020933944221895425,0.4641176644661298
same,d3_at_q10_7/X/r50,d3_at_q10_7/X/r50,3,X,50,q10_7,si1000,platt,0.008724339382430644,0.5352297913946026
same,d3_at_q10_7/X/r50,d3_at_q10_7/X/r50,3,X,50,q10_7,si1000,isotonic,0.008682716482066026,0.5349535559439483
sim,sim:d3_at_q10_7/X/r50,d3_at_q10_7/X/r50,3,X,50,q10_7,si1000,platt,0.11750242192717121,0.6138390425136148
sim,sim:d3_at_q10_7/X/r50,d3_at_q10_7/X/r50,3,X,50,q10_7,si1000,isotonic,0.11612122513032345,0.6163138435172199
basis,d3_at_q10_7/Z/r50,d3_at_q10_7/X/r50,3,X,50,q10_7,si1000,platt,0.00946674285894374,0.5352597856995233
basis,d3_at_q10_7/Z/r50,d3_at_q10_7/X/r50,3,X,50,q10_7,si1000,isotonic,0.02016064685547669,0.5374570169992696
patch,d3_at_q2_7/X/r50,d3_at_q10_7/X/r50,3,X,50,q10_7,si1000,platt,0.014319946930642612,0.5356714784673641
patch,d3_at_q2_7/X/r50,d3_at_q10_7/X/r50,3,X,50,q10_7,si1000,isotonic,0.012076918087211059,0.53550520023582
patch,d3_at_q4_5/X/r50,d3_at_q10_7/X/r50,3,X,50,q10_7,si1000,platt,0.02431952865379377,0.5368346605779808
patch,d3_at_q4_5/X/r50,d3_at_q10_7/X/r50,3,X,50,q10_7,si1000,isotonic,0.023380929770779855,0.5375287985934333
patch,d3_at_q4_9/X/r50,d3_at_q10_7/X/r50,3,X,50,q10_7,si1000,platt,0.032763501199906536,0.5389971832676773
patch,d3_at_q4_9/X/r50,d3_at_q10_7/X/r50,3,X,50,q10_7,si1000,isotonic,0.03512969532700488,0.5392156856238597
patch,d3_at_q6_11/X/r50,d3_at_q10_7/X/r50,3,X,50,q10_7,si1000,platt,0.02091933238718939,0.5367392022767958
patch,d3_at_q6_11/X/r50,d3_at_q10_7/X/r50,3,X,50,q10_7,si1000,isotonic,0.023084411946266953,0.5361312879412709
patch,d3_at_q6_3/X/r50,d3_at_q10_7/X/r50,3,X,50,q10_7,si1000,platt,0.009035140404296146,0.5352688616963497
patch,d3_at_q6_3/X/r50,d3_at_q10_7/X/r50,3,X,50,q10_7,si1000,isotonic,0.01638170990641634,0.5362168418661187
patch,d3_at_q6_7/X/r50,d3_at_q10_7/X/r50,3,X,50,q10_7,si1000,platt,0.06663833127736886,0.5502804114427081
patch,d3_at_q6_7/X/r50,d3_at_q10_7/X/r50,3,X,50,q10_7,si1000,isotonic,0.06356808476151946,0.5489977488920029
patch,d3_at_q8_5/X/r50,d3_at_q10_7/X/r50,3,X,50,q10_7,si1000,platt,0.0267754776592149,0.5375487442934981
patch,d3_at_q8_5/X/r50,d3_at_q10_7/X/r50,3,X,50,q10_7,si1000,isotonic,0.02499748121510326,0.5377896781182192
patch,d3_at_q8_9/X/r50,d3_at_q10_7/X/r50,3,X,50,q10_7,si1000,platt,0.06756945274003383,0.5512884025111764
patch,d3_at_q8_9/X/r50,d3_at_q10_7/X/r50,3,X,50,q10_7,si1000,isotonic,0.06577950429976694,0.5501733752829386
pooled,pool:d3/X/r50 without q10_7 (8 patches),d3_at_q10_7/X/r50,3,X,50,q10_7,si1000,platt,0.029314924991153006,0.5379176147674679
pooled,pool:d3/X/r50 without q10_7 (8 patches),d3_at_q10_7/X/r50,3,X,50,q10_7,si1000,isotonic,0.029630451624071744,0.5373665287856557
same,d3_at_q10_7/Z/r01,d3_at_q10_7/Z/r01,3,Z,1,q10_7,si1000,platt,0.0008453931420170979,0.018457840957153495
same,d3_at_q10_7/Z/r01,d3_at_q10_7/Z/r01,3,Z,1,q10_7,si1000,isotonic,0.0003034432715327315,0.01784238335547058
sim,sim:d3_at_q10_7/Z/r01,d3_at_q10_7/Z/r01,3,Z,1,q10_7,si1000,platt,0.002785220371580391,0.020260922866251682
sim,sim:d3_at_q10_7/Z/r01,d3_at_q10_7/Z/r01,3,Z,1,q10_7,si1000,isotonic,0.002895824956484644,0.025188522443697858
basis,d3_at_q10_7/X/r01,d3_at_q10_7/Z/r01,3,Z,1,q10_7,si1000,platt,0.0008527272525131106,0.01855964262722939
basis,d3_at_q10_7/X/r01,d3_at_q10_7/Z/r01,3,Z,1,q10_7,si1000,isotonic,0.0008502118388839364,0.018696168043919104
patch,d3_at_q2_7/Z/r01,d3_at_q10_7/Z/r01,3,Z,1,q10_7,si1000,platt,0.0013956488919412077,0.018567685152695877
patch,d3_at_q2_7/Z/r01,d3_at_q10_7/Z/r01,3,Z,1,q10_7,si1000,isotonic,0.002426804397668988,0.021563292317367845
patch,d3_at_q4_5/Z/r01,d3_at_q10_7/Z/r01,3,Z,1,q10_7,si1000,platt,0.00149666371790367,0.018848306327667364
patch,d3_at_q4_5/Z/r01,d3_at_q10_7/Z/r01,3,Z,1,q10_7,si1000,isotonic,0.0010725089779988527,0.018689414994683132
patch,d3_at_q4_9/Z/r01,d3_at_q10_7/Z/r01,3,Z,1,q10_7,si1000,platt,0.0007763366610390093,0.01850114109189372
patch,d3_at_q4_9/Z/r01,d3_at_q10_7/Z/r01,3,Z,1,q10_7,si1000,isotonic,0.0006357287721358118,0.018731724372343106
patch,d3_at_q6_11/Z/r01,d3_at_q10_7/Z/r01,3,Z,1,q10_7,si1000,platt,0.0018937181186934285,0.018943793880921846
patch,d3_at_q6_11/Z/r01,d3_at_q10_7/Z/r01,3,Z,1,q10_7,si1000,isotonic,0.0017394524862185217,0.01918356164907378
patch,d3_at_q6_3/Z/r01,d3_at_q10_7/Z/r01,3,Z,1,q10_7,si1000,platt,0.0011201182215133667,0.019463834671269695
patch,d3_at_q6_3/Z/r01,d3_at_q10_7/Z/r01,3,Z,1,q10_7,si1000,isotonic,0.0013371946016721467,0.020151515795211895
patch,d3_at_q6_7/Z/r01,d3_at_q10_7/Z/r01,3,Z,1,q10_7,si1000,platt,0.0007792895098342095,0.018464034040615813
patch,d3_at_q6_7/Z/r01,d3_at_q10_7/Z/r01,3,Z,1,q10_7,si1000,isotonic,0.0007347062576139709,0.018500533218922494
patch,d3_at_q8_5/Z/r01,d3_at_q10_7/Z/r01,3,Z,1,q10_7,si1000,platt,0.0017272152578452133,0.018863938665224424
patch,d3_at_q8_5/Z/r01,d3_at_q10_7/Z/r01,3,Z,1,q10_7,si1000,isotonic,0.0015289896820879414,0.021717584617648892
patch,d3_at_q8_9/Z/r01,d3_at_q10_7/Z/r01,3,Z,1,q10_7,si1000,platt,0.0008069465828664377,0.018688936748910142
patch,d3_at_q8_9/Z/r01,d3_at_q10_7/Z/r01,3,Z,1,q10_7,si1000,isotonic,0.000969508819680869,0.01830513266827226
pooled,pool:d3/Z/r1 without q10_7 (8 patches),d3_at_q10_7/Z/r01,3,Z,1,q10_7,si1000,platt,0.0007682273632916544,0.018544815856350726
pooled,pool:d3/Z/r1 without q10_7 (8 patches),d3_at_q10_7/Z/r01,3,Z,1,q10_7,si1000,isotonic,0.0007498141639767915,0.01831471872255905
same,d3_at_q10_7/Z/r10,d3_at_q10_7/Z/r10,3,Z,10,q10_7,si1000,platt,0.01038116257570587,0.19774045059040735
same,d3_at_q10_7/Z/r10,d3_at_q10_7/Z/r10,3,Z,10,q10_7,si1000,isotonic,0.004859899775472529,0.1954082836193608
sim,sim:d3_at_q10_7/Z/r10,d3_at_q10_7/Z/r10,3,Z,10,q10_7,si1000,platt,0.029576291389181542,0.21455369681373723
sim,sim:d3_at_q10_7/Z/r10,d3_at_q10_7/Z/r10,3,Z,10,q10_7,si1000,isotonic,0.027764043894532145,0.21987097059106928
basis,d3_at_q10_7/X/r10,d3_at_q10_7/Z/r10,3,Z,10,q10_7,si1000,platt,0.008658834651632943,0.19751534183657685
basis,d3_at_q10_7/X/r10,d3_at_q10_7/Z/r10,3,Z,10,q10_7,si1000,isotonic,0.009490186100356134,0.19795065025210176
patch,d3_at_q2_7/Z/r10,d3_at_q10_7/Z/r10,3,Z,10,q10_7,si1000,platt,0.008823523289079916,0.19759553222073528
patch,d3_at_q2_7/Z/r10,d3_at_q10_7/Z/r10,3,Z,10,q10_7,si1000,isotonic,0.003055833885913392,0.19711649555717128
patch,d3_at_q4_5/Z/r10,d3_at_q10_7/Z/r10,3,Z,10,q10_7,si1000,platt,0.00697789224093892,0.19745052089094142
patch,d3_at_q4_5/Z/r10,d3_at_q10_7/Z/r10,3,Z,10,q10_7,si1000,isotonic,0.004329502957940771,0.19804534533979065
patch,d3_at_q4_9/Z/r10,d3_at_q10_7/Z/r10,3,Z,10,q10_7,si1000,platt,0.010900570124360878,0.197940911246299
patch,d3_at_q4_9/Z/r10,d3_at_q10_7/Z/r10,3,Z,10,q10_7,si1000,isotonic,0.008687510104559808,0.19928597542177728
patch,d3_at_q6_11/Z/r10,d3_at_q10_7/Z/r10,3,Z,10,q10_7,si1000,platt,0.007801905577003911,0.19756989677948902
patch,d3_at_q6_11/Z/r10,d3_at_q10_7/Z/r10,3,Z,10,q10_7,si1000,isotonic,0.004679516377342924,0.19634856628358247
patch,d3_at_q6_3/Z/r10,d3_at_q10_7/Z/r10,3,Z,10,q10_7,si1000,platt,0.012980422930087374,0.19846498347440558
patch,d3_at_q6_3/Z/r10,d3_at_q10_7/Z/r10,3,Z,10,q10_7,si1000,isotonic,0.012383014288602272,0.20083266644390219
patch,d3_at_q6_7/Z/r10,d3_at_q10_7/Z/r10,3,Z,10,q10_7,si1000,platt,0.012520106641616216,0.19829152853153606
patch,d3_at_q6_7/Z/r10,d3_at_q10_7/Z/r10,3,Z,10,q10_7,si1000,isotonic,0.005140571776312165,0.1982631736524516
patch,d3_at_q8_5/Z/r10,d3_at_q10_7/Z/r10,3,Z,10,q10_7,si1000,platt,0.010464012750343248,0.19790118101932536
patch,d3_at_q8_5/Z/r10,d3_at_q10_7/Z/r10,3,Z,10,q10_7,si1000,isotonic,0.007582829917616682,0.1985392483404456
patch,d3_at_q8_9/Z/r10,d3_at_q10_7/Z/r10,3,Z,10,q10_7,si1000,platt,0.013945807936254443,0.1988969511544058
patch,d3_at_q8_9/Z/r10,d3_at_q10_7/Z/r10,3,Z,10,q10_7,si1000,isotonic,0.016525886604943866,0.2025214958325271
pooled,pool:d3/Z/r10 without q10_7 (8 patches),d3_at_q10_7/Z/r10,3,Z,10,q10_7,si1000,platt,0.009126811849873044,0.19762611838936023
pooled,pool:d3/Z/r10 without q10_7 (8 patches),d3_at_q10_7/Z/r10,3,Z,10,q10_7,si1000,isotonic,0.006850496739851318,0.19768142745207237
same,d3_at_q10_7/Z/r30,d3_at_q10_7/Z/r30,3,Z,30,q10_7,si1000,platt,0.012667782056297388,0.42976568463360504
same,d3_at_q10_7/Z/r30,d3_at_q10_7/Z/r30,3,Z,30,q10_7,si1000,isotonic,0.009662287482152738,0.42995243874418615
sim,sim:d3_at_q10_7/Z/r30,d3_at_q10_7/Z/r30,3,Z,30,q10_7,si1000,platt,0.09700053276498358,0.49300772887404676
sim,sim:d3_at_q10_7/Z/r30,d3_at_q10_7/Z/r30,3,Z,30,q10_7,si1000,isotonic,0.09319031927222723,0.499326546398784
basis,d3_at_q10_7/X/r30,d3_at_q10_7/Z/r30,3,Z,30,q10_7,si1000,platt,0.02378995694492338,0.43142249288378526
basis,d3_at_q10_7/X/r30,d3_at_q10_7/Z/r30,3,Z,30,q10_7,si1000,isotonic,0.027893244723830715,0.43396300866845255
patch,d3_at_q2_7/Z/r30,d3_at_q10_7/Z/r30,3,Z,30,q10_7,si1000,platt,0.014004043340800246,0.42992604606941087
patch,d3_at_q2_7/Z/r30,d3_at_q10_7/Z/r30,3,Z,30,q10_7,si1000,isotonic,0.011581622649811099,0.4300870964210806
patch,d3_at_q4_5/Z/r30,d3_at_q10_7/Z/r30,3,Z,30,q10_7,si1000,platt,0.012531679953197343,0.4297461904983615
patch,d3_at_q4_5/Z/r30,d3_at_q10_7/Z/r30,3,Z,30,q10_7,si1000,isotonic,0.012315404516211307,0.43079996382083724
patch,d3_at_q4_9/Z/r30,d3_at_q10_7/Z/r30,3,Z,30,q10_7,si1000,platt,0.01636281624926368,0.4303589418306263
patch,d3_at_q4_9/Z/r30,d3_at_q10_7/Z/r30,3,Z,30,q10_7,si1000,isotonic,0.020501493277970753,0.43255129044387974
patch,d3_at_q6_11/Z/r30,d3_at_q10_7/Z/r30,3,Z,30,q10_7,si1000,platt,0.014757507200883063,0.43002845144499535
patch,d3_at_q6_11/Z/r30,d3_at_q10_7/Z/r30,3,Z,30,q10_7,si1000,isotonic,0.012859474297693872,0.43080172898689545
patch,d3_at_q6_3/Z/r30,d3_at_q10_7/Z/r30,3,Z,30,q10_7,si1000,platt,0.01371997166551662,0.4298985798093124
patch,d3_at_q6_3/Z/r30,d3_at_q10_7/Z/r30,3,Z,30,q10_7,si1000,isotonic,0.018422425466023247,0.4308374516174801
patch,d3_at_q6_7/Z/r30,d3_at_q10_7/Z/r30,3,Z,30,q10_7,si1000,platt,0.01744681212601116,0.4303707008922059
patch,d3_at_q6_7/Z/r30,d3_at_q10_7/Z/r30,3,Z,30,q10_7,si1000,isotonic,0.020582599047617486,0.43212334949280073
patch,d3_at_q8_5/Z/r30,d3_at_q10_7/Z/r30,3,Z,30,q10_7,si1000,platt,0.05152690603409369,0.4399644490229223
patch,d3_at_q8_5/Z/r30,d3_at_q10_7/Z/r30,3,Z,30,q10_7,si1000,isotonic,0.049995365466935365,0.44124611613417764
patch,d3_at_q8_9/Z/r30,d3_at_q10_7/Z/r30,3,Z,30,q10_7,si1000,platt,0.034533713461581274,0.4340433084589972
patch,d3_at_q8_9/Z/r30,d3_at_q10_7/Z/r30,3,Z,30,q10_7,si1000,isotonic,0.03314898975309725,0.43554591004889676
pooled,pool:d3/Z/r30 without q10_7 (8 patches),d3_at_q10_7/Z/r30,3,Z,30,q10_7,si1000,platt,0.015447768228713533,0.43011713084883824
pooled,pool:d3/Z/r30 without q10_7 (8 patches),d3_at_q10_7/Z/r30,3,Z,30,q10_7,si1000,isotonic,0.016725748898629204,0.42983304430007907
same,d3_at_q10_7/Z/r50,d3_at_q10_7/Z/r50,3,Z,50,q10_7,si1000,platt,0.01456046970095475,0.5433500084736363
same,d3_at_q10_7/Z/r50,d3_at_q10_7/Z/r50,3,Z,50,q10_7,si1000,isotonic,0.012109298336255996,0.5427085710188267
sim,sim:d3_at_q10_7/Z/r50,d3_at_q10_7/Z/r50,3,Z,50,q10_7,si1000,platt,0.10434364290811354,0.6092665847420855
sim,sim:d3_at_q10_7/Z/r50,d3_at_q10_7/Z/r50,3,Z,50,q10_7,si1000,isotonic,0.10786874400534985,0.612659345471399
basis,d3_at_q10_7/X/r50,d3_at_q10_7/Z/r50,3,Z,50,q10_7,si1000,platt,0.014952998997737147,0.5434014772133634
basis,d3_at_q10_7/X/r50,d3_at_q10_7/Z/r50,3,Z,50,q10_7,si1000,isotonic,0.01658303236808552,0.5456710825692266
patch,d3_at_q2_7/Z/r50,d3_at_q10_7/Z/r50,3,Z,50,q10_7,si1000,platt,0.0130465409056621,0.5433677837909748
patch,d3_at_q2_7/Z/r50,d3_at_q10_7/Z/r50,3,Z,50,q10_7,si1000,isotonic,0.013664123945278363,0.5437263697903836
patch,d3_at_q4_5/Z/r50,d3_at_q10_7/Z/r50,3,Z,50,q10_7,si1000,platt,0.014261420374227767,0.5435390499590755
patch,d3_at_q4_5/Z/r50,d3_at_q10_7/Z/r50,3,Z,50,q10_7,si1000,isotonic,0.01268548539145827,0.5457509696115855
patch,d3_at_q4_9/Z/r50,d3_at_q10_7/Z/r50,3,Z,50,q10_7,si1000,platt,0.017813348298828555,0.5435276314280924
patch,d3_at_q4_9/Z/r50,d3_at_q10_7/Z/r50,3,Z,50,q10_7,si1000,isotonic,0.028423107553013107,0.5457062103350437
patch,d3_at_q6_11/Z/r50,d3_at_q10_7/Z/r50,3,Z,50,q10_7,si1000,platt,0.016070712989732353,0.5437062077147691
patch,d3_at_q6_11/Z/r50,d3_at_q10_7/Z/r50,3,Z,50,q10_7,si1000,isotonic,0.020715799139689996,0.5452602106326033
patch,d3_at_q6_3/Z/r50,d3_at_q10_7/Z/r50,3,Z,50,q10_7,si1000,platt,0.016547397243720646,0.5437431429884756
patch,d3_at_q6_3/Z/r50,d3_at_q10_7/Z/r50,3,Z,50,q10_7,si1000,isotonic,0.02281898805812241,0.545265027514806
patch,d3_at_q6_7/Z/r50,d3_at_q10_7/Z/r50,3,Z,50,q10_7,si1000,platt,0.028817220941541048,0.5454341444866181
patch,d3_at_q6_7/Z/r50,d3_at_q10_7/Z/r50,3,Z,50,q10_7,si1000,isotonic,0.030202226190008796,0.5468715810969176
patch,d3_at_q8_5/Z/r50,d3_at_q10_7/Z/r50,3,Z,50,q10_7,si1000,platt,0.02011802660870934,0.543898073201872
patch,d3_at_q8_5/Z/r50,d3_at_q10_7/Z/r50,3,Z,50,q10_7,si1000,isotonic,0.031053596914045512,0.5486667069662775
patch,d3_at_q8_9/Z/r50,d3_at_q10_7/Z/r50,3,Z,50,q10_7,si1000,platt,0.039544714470471004,0.5483973023727278
patch,d3_at_q8_9/Z/r50,d3_at_q10_7/Z/r50,3,Z,50,q10_7,si1000,isotonic,0.03835499988725612,0.5507814971938383
pooled,pool:d3/Z/r50 without q10_7 (8 patches),d3_at_q10_7/Z/r50,3,Z,50,q10_7,si1000,platt,0.016146013492221212,0.5433796338029808
pooled,pool:d3/Z/r50 without q10_7 (8 patches),d3_at_q10_7/Z/r50,3,Z,50,q10_7,si1000,isotonic,0.024073152312404294,0.543870786799507
same,d3_at_q2_7/X/r01,d3_at_q2_7/X/r01,3,X,1,q2_7,si1000,platt,0.0010160099393906235,0.021003499704073513
same,d3_at_q2_7/X/r01,d3_at_q2_7/X/r01,3,X,1,q2_7,si1000,isotonic,0.0011253771962629383,0.020606089769287003
sim,sim:d3_at_q2_7/X/r01,d3_at_q2_7/X/r01,3,X,1,q2_7,si1000,platt,0.0034661575647822896,0.024302694128107052
sim,sim:d3_at_q2_7/X/r01,d3_at_q2_7/X/r01,3,X,1,q2_7,si1000,isotonic,0.0035705126254564202,0.03234602353320075
basis,d3_at_q2_7/Z/r01,d3_at_q2_7/X/r01,3,X,1,q2_7,si1000,platt,0.0010492707526981047,0.020934827052936148
basis,d3_at_q2_7/Z/r01,d3_at_q2_7/X/r01,3,X,1,q2_7,si1000,isotonic,0.00038871077895181566,0.022161019229582798
patch,d3_at_q10_7/X/r01,d3_at_q2_7/X/r01,3,X,1,q2_7,si1000,platt,0.001456951740595034,0.021133534555742996
patch,d3_at_q10_7/X/r01,d3_at_q2_7/X/r01,3,X,1,q2_7,si1000,isotonic,0.00132371769601039,0.021051120769430883
patch,d3_at_q4_5/X/r01,d3_at_q2_7/X/r01,3,X,1,q2_7,si1000,platt,0.00039374921687819627,0.02099419506895901
patch,d3_at_q4_5/X/r01,d3_at_q2_7/X/r01,3,X,1,q2_7,si1000,isotonic,0.0005752122801349581,0.021415321521474125
patch,d3_at_q4_9/X/r01,d3_at_q2_7/X/r01,3,X,1,q2_7,si1000,platt,0.0009537775339875426,0.021009328049359375
patch,d3_at_q4_9/X/r01,d3_at_q2_7/X/r01,3,X,1,q2_7,si1000,isotonic,0.0008390622913564894,0.02216898600967164
patch,d3_at_q6_11/X/r01,d3_at_q2_7/X/r01,3,X,1,q2_7,si1000,platt,0.0014636880368226685,0.021128283686422517
patch,d3_at_q6_11/X/r01,d3_at_q2_7/X/r01,3,X,1,q2_7,si1000,isotonic,0.001085474919355261,0.022247613455072125
patch,d3_at_q6_3/X/r01,d3_at_q2_7/X/r01,3,X,1,q2_7,si1000,platt,0.0015536318877239126,0.02130546204768998
patch,d3_at_q6_3/X/r01,d3_at_q2_7/X/r01,3,X,1,q2_7,si1000,isotonic,0.0017844317466206563,0.020955555948161238
patch,d3_at_q6_7/X/r01,d3_at_q2_7/X/r01,3,X,1,q2_7,si1000,platt,0.008724060982164186,0.025340316962934425
patch,d3_at_q6_7/X/r01,d3_at_q2_7/X/r01,3,X,1,q2_7,si1000,isotonic,0.010000148810301972,0.02673242934279
patch,d3_at_q8_5/X/r01,d3_at_q2_7/X/r01,3,X,1,q2_7,si1000,platt,0.0010323082557325866,0.021009548752798028
patch,d3_at_q8_5/X/r01,d3_at_q2_7/X/r01,3,X,1,q2_7,si1000,isotonic,0.001501148006796212,0.022569735782807916
patch,d3_at_q8_9/X/r01,d3_at_q2_7/X/r01,3,X,1,q2_7,si1000,platt,0.007678755378572817,0.02444874668592855
patch,d3_at_q8_9/X/r01,d3_at_q2_7/X/r01,3,X,1,q2_7,si1000,isotonic,0.006665910480202002,0.02372825291381746
pooled,pool:d3/X/r1 without q2_7 (8 patches),d3_at_q2_7/X/r01,3,X,1,q2_7,si1000,platt,0.002049426075769542,0.021483346295845772
pooled,pool:d3/X/r1 without q2_7 (8 patches),d3_at_q2_7/X/r01,3,X,1,q2_7,si1000,isotonic,0.002442624500792288,0.021741698109542382
same,d3_at_q2_7/X/r10,d3_at_q2_7/X/r10,3,X,10,q2_7,si1000,platt,0.007727884119997858,0.18795689708785548
same,d3_at_q2_7/X/r10,d3_at_q2_7/X/r10,3,X,10,q2_7,si1000,isotonic,0.0029467909108143353,0.18664869247404106
sim,sim:d3_at_q2_7/X/r10,d3_at_q2_7/X/r10,3,X,10,q2_7,si1000,platt,0.03295891705483161,0.21303427163383543
sim,sim:d3_at_q2_7/X/r10,d3_at_q2_7/X/r10,3,X,10,q2_7,si1000,isotonic,0.03250729927816041,0.21370899819587422
basis,d3_at_q2_7/Z/r10,d3_at_q2_7/X/r10,3,X,10,q2_7,si1000,platt,0.009029575790844983,0.18829167129647909
basis,d3_at_q2_7/Z/r10,d3_at_q2_7/X/r10,3,X,10,q2_7,si1000,isotonic,0.009404660674633334,0.19042626574145724
patch,d3_at_q10_7/X/r10,d3_at_q2_7/X/r10,3,X,10,q2_7,si1000,platt,0.00695786455041127,0.18814493072196892
patch,d3_at_q10_7/X/r10,d3_at_q2_7/X/r10,3,X,10,q2_7,si1000,isotonic,0.008566011798889842,0.18891340832659637
patch,d3_at_q4_5/X/r10,d3_at_q2_7/X/r10,3,X,10,q2_7,si1000,platt,0.007945381448131537,0.18800482786119196
patch,d3_at_q4_5/X/r10,d3_at_q2_7/X/r10,3,X,10,q2_7,si1000,isotonic,0.006509482904877037,0.18820246461186646
patch,d3_at_q4_9/X/r10,d3_at_q2_7/X/r10,3,X,10,q2_7,si1000,platt,0.010878499708276033,0.1879916695747938
patch,d3_at_q4_9/X/r10,d3_at_q2_7/X/r10,3,X,10,q2_7,si1000,isotonic,0.007936518954596019,0.18904390877278207
patch,d3_at_q6_11/X/r10,d3_at_q2_7/X/r10,3,X,10,q2_7,si1000,platt,0.009126669532792543,0.18782595344532735
patch,d3_at_q6_11/X/r10,d3_at_q2_7/X/r10,3,X,10,q2_7,si1000,isotonic,0.011729865787298451,0.18829349738531806
patch,d3_at_q6_3/X/r10,d3_at_q2_7/X/r10,3,X,10,q2_7,si1000,platt,0.009395993179493231,0.18850168727536595
patch,d3_at_q6_3/X/r10,d3_at_q2_7/X/r10,3,X,10,q2_7,si1000,isotonic,0.010591406415974005,0.19127939318088635
patch,d3_at_q6_7/X/r10,d3_at_q2_7/X/r10,3,X,10,q2_7,si1000,platt,0.023953881871860743,0.1924848342296799
patch,d3_at_q6_7/X/r10,d3_at_q2_7/X/r10,3,X,10,q2_7,si1000,isotonic,0.02481637640869555,0.19246050651352556
patch,d3_at_q8_5/X/r10,d3_at_q2_7/X/r10,3,X,10,q2_7,si1000,platt,0.008053654832586651,0.18798949566883283
patch,d3_at_q8_5/X/r10,d3_at_q2_7/X/r10,3,X,10,q2_7,si1000,isotonic,0.0066902332750492935,0.18823795079825123
patch,d3_at_q8_9/X/r10,d3_at_q2_7/X/r10,3,X,10,q2_7,si1000,platt,0.02607386747660079,0.19425733937741535
patch,d3_at_q8_9/X/r10,d3_at_q2_7/X/r10,3,X,10,q2_7,si1000,isotonic,0.025603218105664415,0.1949438411596535
pooled,pool:d3/X/r10 without q2_7 (8 patches),d3_at_q2_7/X/r10,3,X,10,q2_7,si1000,platt,0.008943622838555917,0.1882357733290526
pooled,pool:d3/X/r10 without q2_7 (8 patches),d3_at_q2_7/X/r10,3,X,10,q2_7,si1000,isotonic,0.007839348577572102,0.18762371972547032
same,d3_at_q2_7/X/r30,d3_at_q2_7/X/r30,3,X,30,q2_7,si1000,platt,0.009299049768320505,0.421963954156375
same,d3_at_q2_7/X/r30,d3_at_q2_7/X/r30,3,X,30,q2_7,si1000,isotonic,0.009654708446855523,0.42137173032865705
sim,sim:d3_at_q2_7/X/r30,d3_at_q2_7/X/r30,3,X,30,q2_7,si1000,platt,0.0928066247412647,0.4928372918741553
sim,sim:d3_at_q2_7/X/r30,d3_at_q2_7/X/r30,3,X,30,q2_7,si1000,isotonic,0.09214421868275322,0.49709948517215014
basis,d3_at_q2_7/Z/r30,d3_at_q2_7/X/r30,3,X,30,q2_7,si1000,platt,0.020421037686668787,0.4232663655570033
basis,d3_at_q2_7/Z/r30,d3_at_q2_7/X/r30,3,X,30,q2_7,si1000,isotonic,0.018434105703369216,0.42591684992330114
patch,d3_at_q10_7/X/r30,d3_at_q2_7/X/r30,3,X,30,q2_7,si1000,platt,0.0142199638322877,0.42274301159849453
patch,d3_at_q10_7/X/r30,d3_at_q2_7/X/r30,3,X,30,q2_7,si1000,isotonic,0.02151817941524433,0.4247720624508872
patch,d3_at_q4_5/X/r30,d3_at_q2_7/X/r30,3,X,30,q2_7,si1000,platt,0.01348929618731514,0.42225166445623086
patch,d3_at_q4_5/X/r30,d3_at_q2_7/X/r30,3,X,30,q2_7,si1000,isotonic,0.01899966196779472,0.4235919167037126
patch,d3_at_q4_9/X/r30,d3_at_q2_7/X/r30,3,X,30,q2_7,si1000,platt,0.021596587864010457,0.4238705436839351
patch,d3_at_q4_9/X/r30,d3_at_q2_7/X/r30,3,X,30,q2_7,si1000,isotonic,0.018623077643577172,0.42344542055398693
patch,d3_at_q6_11/X/r30,d3_at_q2_7/X/r30,3,X,30,q2_7,si1000,platt,0.01439311512058061,0.4228166975880076
patch,d3_at_q6_11/X/r30,d3_at_q2_7/X/r30,3,X,30,q2_7,si1000,isotonic,0.01778984687330477,0.4236739123928404
patch,d3_at_q6_3/X/r30,d3_at_q2_7/X/r30,3,X,30,q2_7,si1000,platt,0.01598653098240606,0.4229609411152179
patch,d3_at_q6_3/X/r30,d3_at_q2_7/X/r30,3,X,30,q2_7,si1000,isotonic,0.027135568117668953,0.42761861946270757
patch,d3_at_q6_7/X/r30,d3_at_q2_7/X/r30,3,X,30,q2_7,si1000,platt,0.05696616431627618,0.43609881114690846
patch,d3_at_q6_7/X/r30,d3_at_q2_7/X/r30,3,X,30,q2_7,si1000,isotonic,0.0575049610953697,0.4380868417821697
patch,d3_at_q8_5/X/r30,d3_at_q2_7/X/r30,3,X,30,q2_7,si1000,platt,0.026022024149191598,0.4252265159160749
patch,d3_at_q8_5/X/r30,d3_at_q2_7/X/r30,3,X,30,q2_7,si1000,isotonic,0.024908051641352062,0.4271352043427312
patch,d3_at_q8_9/X/r30,d3_at_q2_7/X/r30,3,X,30,q2_7,si1000,platt,0.0675332015547127,0.4418428168100453
patch,d3_at_q8_9/X/r30,d3_at_q2_7/X/r30,3,X,30,q2_7,si1000,isotonic,0.0648327803921745,0.44108886163869016
pooled,pool:d3/X/r30 without q2_7 (8 patches),d3_at_q2_7/X/r30,3,X,30,q2_7,si1000,platt,0.023907269267093564,0.42481206121109594
pooled,pool:d3/X/r30 without q2_7 (8 patches),d3_at_q2_7/X/r30,3,X,30,q2_7,si1000,isotonic,0.023354861127479684,0.4243317646227732
same,d3_at_q2_7/X/r50,d3_at_q2_7/X/r50,3,X,50,q2_7,si1000,platt,0.009373848682746497,0.5439140197347359
same,d3_at_q2_7/X/r50,d3_at_q2_7/X/r50,3,X,50,q2_7,si1000,isotonic,0.008691494951252201,0.5435509607380995
sim,sim:d3_at_q2_7/X/r50,d3_at_q2_7/X/r50,3,X,50,q2_7,si1000,platt,0.12289113600032307,0.6384441887956033
sim,sim:d3_at_q2_7/X/r50,d3_at_q2_7/X/r50,3,X,50,q2_7,si1000,isotonic,0.12144639156995173,0.6416426144235559
basis,d3_at_q2_7/Z/r50,d3_at_q2_7/X/r50,3,X,50,q2_7,si1000,platt,0.026082235101765206,0.5464562373065777
basis,d3_at_q2_7/Z/r50,d3_at_q2_7/X/r50,3,X,50,q2_7,si1000,isotonic,0.015113740173791511,0.5456730470512223
patch,d3_at_q10_7/X/r50,d3_at_q2_7/X/r50,3,X,50,q2_7,si1000,platt,0.011730060821984764,0.5442023694955629
patch,d3_at_q10_7/X/r50,d3_at_q2_7/X/r50,3,X,50,q2_7,si1000,isotonic,0.011548102886651168,0.5444621964264812
patch,d3_at_q4_5/X/r50,d3_at_q2_7/X/r50,3,X,50,q2_7,si1000,platt,0.01617737139266811,0.5447085563849455
patch,d3_at_q4_5/X/r50,d3_at_q2_7/X/r50,3,X,50,q2_7,si1000,isotonic,0.01888454635821449,0.5458899442156082
patch,d3_at_q4_9/X/r50,d3_at_q2_7/X/r50,3,X,50,q2_7,si1000,platt,0.025194839124406735,0.5458925456321928
patch,d3_at_q4_9/X/r50,d3_at_q2_7/X/r50,3,X,50,q2_7,si1000,isotonic,0.02773940439112288,0.5465335667477733
patch,d3_at_q6_11/X/r50,d3_at_q2_7/X/r50,3,X,50,q2_7,si1000,platt,0.014942925580634373,0.5444598260929912
patch,d3_at_q6_11/X/r50,d3_at_q2_7/X/r50,3,X,50,q2_7,si1000,isotonic,0.019061448850537375,0.5447426773391533
patch,d3_at_q6_3/X/r50,d3_at_q2_7/X/r50,3,X,50,q2_7,si1000,platt,0.011433347751537652,0.5441929008113454
patch,d3_at_q6_3/X/r50,d3_at_q2_7/X/r50,3,X,50,q2_7,si1000,isotonic,0.01540404625841343,0.5456712797171073
patch,d3_at_q6_7/X/r50,d3_at_q2_7/X/r50,3,X,50,q2_7,si1000,platt,0.05672942975503011,0.5551145762351387
patch,d3_at_q6_7/X/r50,d3_at_q2_7/X/r50,3,X,50,q2_7,si1000,isotonic,0.05199220123386331,0.5544010993863495
patch,d3_at_q8_5/X/r50,d3_at_q2_7/X/r50,3,X,50,q2_7,si1000,platt,0.01917443250035174,0.544857353099681
patch,d3_at_q8_5/X/r50,d3_at_q2_7/X/r50,3,X,50,q2_7,si1000,isotonic,0.01516018873105915,0.5452570942308929
patch,d3_at_q8_9/X/r50,d3_at_q2_7/X/r50,3,X,50,q2_7,si1000,platt,0.05775867160781448,0.556116236943892
patch,d3_at_q8_9/X/r50,d3_at_q2_7/X/r50,3,X,50,q2_7,si1000,isotonic,0.05780841529376829,0.5562974318170498
pooled,pool:d3/X/r50 without q2_7 (8 patches),d3_at_q2_7/X/r50,3,X,50,q2_7,si1000,platt,0.019586185863752333,0.5448985104472654
pooled,pool:d3/X/r50 without q2_7 (8 patches),d3_at_q2_7/X/r50,3,X,50,q2_7,si1000,isotonic,0.016631326269738327,0.5443986171588738
same,d3_at_q2_7/Z/r01,d3_at_q2_7/Z/r01,3,Z,1,q2_7,si1000,platt,0.0012125414322752652,0.024115708689587616
same,d3_at_q2_7/Z/r01,d3_at_q2_7/Z/r01,3,Z,1,q2_7,si1000,isotonic,0.0006038194992601954,0.021474538543219613
sim,sim:d3_at_q2_7/Z/r01,d3_at_q2_7/Z/r01,3,Z,1,q2_7,si1000,platt,0.004823135604438108,0.028175244598870268
sim,sim:d3_at_q2_7/Z/r01,d3_at_q2_7/Z/r01,3,Z,1,q2_7,si1000,isotonic,0.004842117569804287,0.03095433844747249
basis,d3_at_q2_7/X/r01,d3_at_q2_7/Z/r01,3,Z,1,q2_7,si1000,platt,0.0013051638409739927,0.024378377599272704
basis,d3_at_q2_7/X/r01,d3_at_q2_7/Z/r01,3,Z,1,q2_7,si1000,isotonic,0.0007815997337837858,0.023615352770729587
patch,d3_at_q10_7/Z/r01,d3_at_q2_7/Z/r01,3,Z,1,q2_7,si1000,platt,0.0005680389483438238,0.024090790473545655
patch,d3_at_q10_7/Z/r01,d3_at_q2_7/Z/r01,3,Z,1,q2_7,si1000,isotonic,0.00032947619329986205,0.024394997695996862
patch,d3_at_q4_5/Z/r01,d3_at_q2_7/Z/r01,3,Z,1,q2_7,si1000,platt,0.0025781941868968736,0.024917086399889172
patch,d3_at_q4_5/Z/r01,d3_at_q2_7/Z/r01,3,Z,1,q2_7,si1000,isotonic,0.002005880789578893,0.025246811649928192
patch,d3_at_q4_9/Z/r01,d3_at_q2_7/Z/r01,3,Z,1,q2_7,si1000,platt,0.0017090282906810292,0.024354375954578227
patch,d3_at_q4_9/Z/r01,d3_at_q2_7/Z/r01,3,Z,1,q2_7,si1000,isotonic,0.001245486190468778,0.024310739435922206
patch,d3_at_q6_11/Z/r01,d3_at_q2_7/Z/r01,3,Z,1,q2_7,si1000,platt,0.003072102504183664,0.02518540203954886
patch,d3_at_q6_11/Z/r01,d3_at_q2_7/Z/r01,3,Z,1,q2_7,si1000,isotonic,0.00290902459593057,0.02501238321453111
patch,d3_at_q6_3/Z/r01,d3_at_q2_7/Z/r01,3,Z,1,q2_7,si1000,platt,0.0020871131474510304,0.025508439086534045
patch,d3_at_q6_3/Z/r01,d3_at_q2_7/Z/r01,3,Z,1,q2_7,si1000,isotonic,0.002602540500829226,0.026266895695428706
patch,d3_at_q6_7/Z/r01,d3_at_q2_7/Z/r01,3,Z,1,q2_7,si1000,platt,0.0005435989540117292,0.024101726717210295
patch,d3_at_q6_7/Z/r01,d3_at_q2_7/Z/r01,3,Z,1,q2_7,si1000,isotonic,0.0007732967353435971,0.024709405008289866
patch,d3_at_q8_5/Z/r01,d3_at_q2_7/Z/r01,3,Z,1,q2_7,si1000,platt,0.002865581337070169,0.02502306960985805
patch,d3_at_q8_5/Z/r01,d3_at_q2_7/Z/r01,3,Z,1,q2_7,si1000,isotonic,0.002915682914343941,0.026661660916709063
patch,d3_at_q8_9/Z/r01,d3_at_q2_7/Z/r01,3,Z,1,q2_7,si1000,platt,0.0017314201144153195,0.024545202285792673
patch,d3_at_q8_9/Z/r01,d3_at_q2_7/Z/r01,3,Z,1,q2_7,si1000,isotonic,0.001826166220370784,0.024672023584034468
pooled,pool:d3/Z/r1 without q2_7 (8 patches),d3_at_q2_7/Z/r01,3,Z,1,q2_7,si1000,platt,0.0018153493574156795,0.024429267214981013
pooled,pool:d3/Z/r1 without q2_7 (8 patches),d3_at_q2_7/Z/r01,3,Z,1,q2_7,si1000,isotonic,0.0017850396413888977,0.0245552543092103
same,d3_at_q2_7/Z/r10,d3_at_q2_7/Z/r10,3,Z,10,q2_7,si1000,platt,0.0070480869243671005,0.18748112023460972
same,d3_at_q2_7/Z/r10,d3_at_q2_7/Z/r10,3,Z,10,q2_7,si1000,isotonic,0.004141973530844043,0.185763594577731
sim,sim:d3_at_q2_7/Z/r10,d3_at_q2_7/Z/r10,3,Z,10,q2_7,si1000,platt,0.027647675568630337,0.2089987240021494
sim,sim:d3_at_q2_7/Z/r10,d3_at_q2_7/Z/r10,3,Z,10,q2_7,si1000,isotonic,0.027493381363401247,0.20976187639428018
basis,d3_at_q2_7/X/r10,d3_at_q2_7/Z/r10,3,Z,10,q2_7,si1000,platt,0.010250331012780492,0.1878676806802914
basis,d3_at_q2_7/X/r10,d3_at_q2_7/Z/r10,3,Z,10,q2_7,si1000,isotonic,0.007156898903774574,0.18848992079086638
patch,d3_at_q10_7/Z/r10,d3_at_q2_7/Z/r10,3,Z,10,q2_7,si1000,platt,0.009246052242979207,0.18776577003222306
patch,d3_at_q10_7/Z/r10,d3_at_q2_7/Z/r10,3,Z,10,q2_7,si1000,isotonic,0.006677231644598973,0.18822493557900197
patch,d3_at_q4_5/Z/r10,d3_at_q2_7/Z/r10,3,Z,10,q2_7,si1000,platt,0.009561582875991265,0.18781696471748394
patch,d3_at_q4_5/Z/r10,d3_at_q2_7/Z/r10,3,Z,10,q2_7,si1000,isotonic,0.008099956318158418,0.18757440695748756
patch,d3_at_q4_9/Z/r10,d3_at_q2_7/Z/r10,3,Z,10,q2_7,si1000,platt,0.006833731098543342,0.18740509828847995
patch,d3_at_q4_9/Z/r10,d3_at_q2_7/Z/r10,3,Z,10,q2_7,si1000,isotonic,0.005569724546865902,0.18825016396906213
patch,d3_at_q6_11/Z/r10,d3_at_q2_7/Z/r10,3,Z,10,q2_7,si1000,platt,0.007876535015279615,0.18767973052397635
patch,d3_at_q6_11/Z/r10,d3_at_q2_7/Z/r10,3,Z,10,q2_7,si1000,isotonic,0.0077843124020697515,0.18708644031812746
patch,d3_at_q6_3/Z/r10,d3_at_q2_7/Z/r10,3,Z,10,q2_7,si1000,platt,0.006902915564482979,0.18800148837063538
patch,d3_at_q6_3/Z/r10,d3_at_q2_7/Z/r10,3,Z,10,q2_7,si1000,isotonic,0.009712962654355452,0.19059164772203452
patch,d3_at_q6_7/Z/r10,d3_at_q2_7/Z/r10,3,Z,10,q2_7,si1000,platt,0.008629055008555406,0.18793569693955023
patch,d3_at_q6_7/Z/r10,d3_at_q2_7/Z/r10,3,Z,10,q2_7,si1000,isotonic,0.0064161071824242,0.18695197763968344
patch,d3_at_q8_5/Z/r10,d3_at_q2_7/Z/r10,3,Z,10,q2_7,si1000,platt,0.00622024350603714,0.18768806529405133
patch,d3_at_q8_5/Z/r10,d3_at_q2_7/Z/r10,3,Z,10,q2_7,si1000,isotonic,0.005644954007255924,0.18771235997106414
patch,d3_at_q8_9/Z/r10,d3_at_q2_7/Z/r10,3,Z,10,q2_7,si1000,platt,0.011136122782598918,0.1887383554079075
patch,d3_at_q8_9/Z/r10,d3_at_q2_7/Z/r10,3,Z,10,q2_7,si1000,isotonic,0.01442345319900468,0.1910532403901062
pooled,pool:d3/Z/r10 without q2_7 (8 patches),d3_at_q2_7/Z/r10,3,Z,10,q2_7,si1000,platt,0.007024800376747195,0.18748727980486515
pooled,pool:d3/Z/r10 without q2_7 (8 patches),d3_at_q2_7/Z/r10,3,Z,10,q2_7,si1000,isotonic,0.004594711854031984,0.18672646094153073
same,d3_at_q2_7/Z/r30,d3_at_q2_7/Z/r30,3,Z,30,q2_7,si1000,platt,0.0062005759035727885,0.41512367516324644
same,d3_at_q2_7/Z/r30,d3_at_q2_7/Z/r30,3,Z,30,q2_7,si1000,isotonic,0.006020184495349244,0.41338782112845046
sim,sim:d3_at_q2_7/Z/r30,d3_at_q2_7/Z/r30,3,Z,30,q2_7,si1000,platt,0.07736227368111616,0.4590473402267181
sim,sim:d3_at_q2_7/Z/r30,d3_at_q2_7/Z/r30,3,Z,30,q2_7,si1000,isotonic,0.07513252000266417,0.4588366809288658
basis,d3_at_q2_7/X/r30,d3_at_q2_7/Z/r30,3,Z,30,q2_7,si1000,platt,0.02194981300017478,0.41683763489308645
basis,d3_at_q2_7/X/r30,d3_at_q2_7/Z/r30,3,Z,30,q2_7,si1000,isotonic,0.024095466047568334,0.436964356261372
patch,d3_at_q10_7/Z/r30,d3_at_q2_7/Z/r30,3,Z,30,q2_7,si1000,platt,0.007088407859071191,0.4152064003390768
patch,d3_at_q10_7/Z/r30,d3_at_q2_7/Z/r30,3,Z,30,q2_7,si1000,isotonic,0.01356140487454357,0.41519854116193455
patch,d3_at_q4_5/Z/r30,d3_at_q2_7/Z/r30,3,Z,30,q2_7,si1000,platt,0.007491691023691624,0.415232169140437
patch,d3_at_q4_5/Z/r30,d3_at_q2_7/Z/r30,3,Z,30,q2_7,si1000,isotonic,0.006498458429793423,0.4150667148665489
patch,d3_at_q4_9/Z/r30,d3_at_q2_7/Z/r30,3,Z,30,q2_7,si1000,platt,0.006449198294522302,0.4153349391637911
patch,d3_at_q4_9/Z/r30,d3_at_q2_7/Z/r30,3,Z,30,q2_7,si1000,isotonic,0.010481221099688978,0.4155969383100152
patch,d3_at_q6_11/Z/r30,d3_at_q2_7/Z/r30,3,Z,30,q2_7,si1000,platt,0.021240885266160477,0.4168169247183666
patch,d3_at_q6_11/Z/r30,d3_at_q2_7/Z/r30,3,Z,30,q2_7,si1000,isotonic,0.024238979603614173,0.4184476711365386
patch,d3_at_q6_3/Z/r30,d3_at_q2_7/Z/r30,3,Z,30,q2_7,si1000,platt,0.01983770810126665,0.4165794589132927
patch,d3_at_q6_3/Z/r30,d3_at_q2_7/Z/r30,3,Z,30,q2_7,si1000,isotonic,0.02302892049485917,0.4195152991738774
patch,d3_at_q6_7/Z/r30,d3_at_q2_7/Z/r30,3,Z,30,q2_7,si1000,platt,0.021697193615445046,0.4170778498322442
patch,d3_at_q6_7/Z/r30,d3_at_q2_7/Z/r30,3,Z,30,q2_7,si1000,isotonic,0.023099002031713795,0.41782133022358137
patch,d3_at_q8_5/Z/r30,d3_at_q2_7/Z/r30,3,Z,30,q2_7,si1000,platt,0.06570042340581583,0.43029295473166024
patch,d3_at_q8_5/Z/r30,d3_at_q2_7/Z/r30,3,Z,30,q2_7,si1000,isotonic,0.06343729470031027,0.43064936459183756
patch,d3_at_q8_9/Z/r30,d3_at_q2_7/Z/r30,3,Z,30,q2_7,si1000,platt,0.03569896835662847,0.42150044858140656
patch,d3_at_q8_9/Z/r30,d3_at_q2_7/Z/r30,3,Z,30,q2_7,si1000,isotonic,0.03675540766352734,0.42174208368871696
pooled,pool:d3/Z/r30 without q2_7 (8 patches),d3_at_q2_7/Z/r30,3,Z,30,q2_7,si1000,platt,0.022102790599237535,0.4169803828535146
pooled,pool:d3/Z/r30 without q2_7 (8 patches),d3_at_q2_7/Z/r30,3,Z,30,q2_7,si1000,isotonic,0.02148125456357087,0.4162896950259428
same,d3_at_q2_7/Z/r50,d3_at_q2_7/Z/r50,3,Z,50,q2_7,si1000,platt,0.01729539317415412,0.5217999494190161
same,d3_at_q2_7/Z/r50,d3_at_q2_7/Z/r50,3,Z,50,q2_7,si1000,isotonic,0.00964846871698732,0.5201367501900436
sim,sim:d3_at_q2_7/Z/r50,d3_at_q2_7/Z/r50,3,Z,50,q2_7,si1000,platt,0.11422494225731586,0.5901845245266529
sim,sim:d3_at_q2_7/Z/r50,d3_at_q2_7/Z/r50,3,Z,50,q2_7,si1000,isotonic,0.11906516755715586,0.5956372778784202
basis,d3_at_q2_7/X/r50,d3_at_q2_7/Z/r50,3,Z,50,q2_7,si1000,platt,0.032696840090626164,0.5242763093666003
basis,d3_at_q2_7/X/r50,d3_at_q2_7/Z/r50,3,Z,50,q2_7,si1000,isotonic,0.035469169850287,0.5282802914507508
patch,d3_at_q10_7/Z/r50,d3_at_q2_7/Z/r50,3,Z,50,q2_7,si1000,platt,0.02382030993250799,0.522565837435982
patch,d3_at_q10_7/Z/r50,d3_at_q2_7/Z/r50,3,Z,50,q2_7,si1000,isotonic,0.01809713884740939,0.5218470603429645
patch,d3_at_q4_5/Z/r50,d3_at_q2_7/Z/r50,3,Z,50,q2_7,si1000,platt,0.01659032933440236,0.5219649803614301
patch,d3_at_q4_5/Z/r50,d3_at_q2_7/Z/r50,3,Z,50,q2_7,si1000,isotonic,0.0219294070908102,0.5227450787187915
patch,d3_at_q4_9/Z/r50,d3_at_q2_7/Z/r50,3,Z,50,q2_7,si1000,platt,0.022667571527207733,0.5227253777162129
patch,d3_at_q4_9/Z/r50,d3_at_q2_7/Z/r50,3,Z,50,q2_7,si1000,isotonic,0.025736083328834765,0.5234074890239753
patch,d3_at_q6_11/Z/r50,d3_at_q2_7/Z/r50,3,Z,50,q2_7,si1000,platt,0.02855118821217,0.5233535932740082
patch,d3_at_q6_11/Z/r50,d3_at_q2_7/Z/r50,3,Z,50,q2_7,si1000,isotonic,0.026014931546488495,0.5237957086012937
patch,d3_at_q6_3/Z/r50,d3_at_q2_7/Z/r50,3,Z,50,q2_7,si1000,platt,0.015982568911071537,0.5222641779516669
patch,d3_at_q6_3/Z/r50,d3_at_q2_7/Z/r50,3,Z,50,q2_7,si1000,isotonic,0.018033289710418867,0.5217644867998968
patch,d3_at_q6_7/Z/r50,d3_at_q2_7/Z/r50,3,Z,50,q2_7,si1000,platt,0.038110064760803454,0.5259151134310175
patch,d3_at_q6_7/Z/r50,d3_at_q2_7/Z/r50,3,Z,50,q2_7,si1000,isotonic,0.03289225199273353,0.525408441867061
patch,d3_at_q8_5/Z/r50,d3_at_q2_7/Z/r50,3,Z,50,q2_7,si1000,platt,0.02859195517408908,0.5236049689972645
patch,d3_at_q8_5/Z/r50,d3_at_q2_7/Z/r50,3,Z,50,q2_7,si1000,isotonic,0.041485630164532654,0.5277823139277611
patch,d3_at_q8_9/Z/r50,d3_at_q2_7/Z/r50,3,Z,50,q2_7,si1000,platt,0.049331730013530056,0.5298013110007674
patch,d3_at_q8_9/Z/r50,d3_at_q2_7/Z/r50,3,Z,50,q2_7,si1000,isotonic,0.04576412303238402,0.5301723476084554
pooled,pool:d3/Z/r50 without q2_7 (8 patches),d3_at_q2_7/Z/r50,3,Z,50,q2_7,si1000,platt,0.02573696581765931,0.5229319318047757
pooled,pool:d3/Z/r50 without q2_7 (8 patches),d3_at_q2_7/Z/r50,3,Z,50,q2_7,si1000,isotonic,0.024065993064084114,0.5228366827323511
same,d3_at_q4_5/X/r01,d3_at_q4_5/X/r01,3,X,1,q4_5,si1000,platt,0.00024658023295167963,0.02302540786433227
same,d3_at_q4_5/X/r01,d3_at_q4_5/X/r01,3,X,1,q4_5,si1000,isotonic,0.00023701076322840998,0.02219795193966386
sim,sim:d3_at_q4_5/X/r01,d3_at_q4_5/X/r01,3,X,1,q4_5,si1000,platt,0.003907619503082497,0.02753494702113628
sim,sim:d3_at_q4_5/X/r01,d3_at_q4_5/X/r01,3,X,1,q4_5,si1000,isotonic,0.004113645496612566,0.030078271122101836
basis,d3_at_q4_5/Z/r01,d3_at_q4_5/X/r01,3,X,1,q4_5,si1000,platt,0.002224308614002169,0.023794815561837063
basis,d3_at_q4_5/Z/r01,d3_at_q4_5/X/r01,3,X,1,q4_5,si1000,isotonic,0.0020567804248818374,0.023280812191788264
patch,d3_at_q10_7/X/r01,d3_at_q4_5/X/r01,3,X,1,q4_5,si1000,platt,0.00148635646508761,0.023337810028064267
patch,d3_at_q10_7/X/r01,d3_at_q4_5/X/r01,3,X,1,q4_5,si1000,isotonic,0.00153929984785707,0.023030198148021177
patch,d3_at_q2_7/X/r01,d3_at_q4_5/X/r01,3,X,1,q4_5,si1000,platt,0.0009632171808308516,0.02339697043650205
patch,d3_at_q2_7/X/r01,d3_at_q4_5/X/r01,3,X,1,q4_5,si1000,isotonic,0.0008526725668511018,0.02329511330629644
patch,d3_at_q4_9/X/r01,d3_at_q4_5/X/r01,3,X,1,q4_5,si1000,platt,0.0009766152210007022,0.023160138340396035
patch,d3_at_q4_9/X/r01,d3_at_q4_5/X/r01,3,X,1,q4_5,si1000,isotonic,0.0015913347051536605,0.022778052864364
patch,d3_at_q6_11/X/r01,d3_at_q4_5/X/r01,3,X,1,q4_5,si1000,platt,0.0014768215556403535,0.023386930137867367
patch,d3_at_q6_11/X/r01,d3_at_q4_5/X/r01,3,X,1,q4_5,si1000,isotonic,0.0018727399964369573,0.023356581177721644
patch,d3_at_q6_3/X/r01,d3_at_q4_5/X/r01,3,X,1,q4_5,si1000,platt,0.0016625738157884662,0.02326522424331636
patch,d3_at_q6_3/X/r01,d3_at_q4_5/X/r01,3,X,1,q4_5,si1000,isotonic,0.001468145742747209,0.02408874755655417
patch,d3_at_q6_7/X/r01,d3_at_q4_5/X/r01,3,X,1,q4_5,si1000,platt,0.008582534331794652,0.026859075551284656
patch,d3_at_q6_7/X/r01,d3_at_q4_5/X/r01,3,X,1,q4_5,si1000,isotonic,0.008282834203882624,0.025697325053024668
patch,d3_at_q8_5/X/r01,d3_at_q4_5/X/r01,3,X,1,q4_5,si1000,platt,0.0006866837652894735,0.02307532559400419
patch,d3_at_q8_5/X/r01,d3_at_q4_5/X/r01,3,X,1,q4_5,si1000,isotonic,0.0007572361900198873,0.023625602052857214
patch,d3_at_q8_9/X/r01,d3_at_q4_5/X/r01,3,X,1,q4_5,si1000,platt,0.007618651990654875,0.02614422043468065
patch,d3_at_q8_9/X/r01,d3_at_q4_5/X/r01,3,X,1,q4_5,si1000,isotonic,0.007640291117665398,0.027224285822617694
pooled,pool:d3/X/r1 without q4_5 (8 patches),d3_at_q4_5/X/r01,3,X,1,q4_5,si1000,platt,0.0018875040974218123,0.02329098632570674
pooled,pool:d3/X/r1 without q4_5 (8 patches),d3_at_q4_5/X/r01,3,X,1,q4_5,si1000,isotonic,0.0012590559940659687,0.021951285156760824
same,d3_at_q4_5/X/r10,d3_at_q4_5/X/r10,3,X,10,q4_5,si1000,platt,0.016515246296829635,0.21305853059529054
same,d3_at_q4_5/X/r10,d3_at_q4_5/X/r10,3,X,10,q4_5,si1000,isotonic,0.0050782586864204565,0.21046244529633476
sim,sim:d3_at_q4_5/X/r10,d3_at_q4_5/X/r10,3,X,10,q4_5,si1000,platt,0.03429239086620843,0.2334087503181857
sim,sim:d3_at_q4_5/X/r10,d3_at_q4_5/X/r10,3,X,10,q4_5,si1000,isotonic,0.032698624206264106,0.23247858960883155
basis,d3_at_q4_5/Z/r10,d3_at_q4_5/X/r10,3,X,10,q4_5,si1000,platt,0.01535246261190103,0.21373673086552006
basis,d3_at_q4_5/Z/r10,d3_at_q4_5/X/r10,3,X,10,q4_5,si1000,isotonic,0.008839178486603838,0.21220111624303367
patch,d3_at_q10_7/X/r10,d3_at_q4_5/X/r10,3,X,10,q4_5,si1000,platt,0.016221229240893444,0.21323567938581042
patch,d3_at_q10_7/X/r10,d3_at_q4_5/X/r10,3,X,10,q4_5,si1000,isotonic,0.013857734668054383,0.21515845703547765
patch,d3_at_q2_7/X/r10,d3_at_q4_5/X/r10,3,X,10,q4_5,si1000,platt,0.016963911686351828,0.21319634555615538
patch,d3_at_q2_7/X/r10,d3_at_q4_5/X/r10,3,X,10,q4_5,si1000,isotonic,0.009879115940703832,0.2120941421145779
patch,d3_at_q4_9/X/r10,d3_at_q4_5/X/r10,3,X,10,q4_5,si1000,platt,0.02003247636221194,0.21398833106414863
patch,d3_at_q4_9/X/r10,d3_at_q4_5/X/r10,3,X,10,q4_5,si1000,isotonic,0.01804461235534055,0.2140712030729866
patch,d3_at_q6_11/X/r10,d3_at_q4_5/X/r10,3,X,10,q4_5,si1000,platt,0.018285557471655504,0.21336892433927787
patch,d3_at_q6_11/X/r10,d3_at_q4_5/X/r10,3,X,10,q4_5,si1000,isotonic,0.02063597476220752,0.21550609080803534
patch,d3_at_q6_3/X/r10,d3_at_q4_5/X/r10,3,X,10,q4_5,si1000,platt,0.016940017709691977,0.2139766501867022
patch,d3_at_q6_3/X/r10,d3_at_q4_5/X/r10,3,X,10,q4_5,si1000,isotonic,0.018766095485259565,0.21861417180378256
patch,d3_at_q6_7/X/r10,d3_at_q4_5/X/r10,3,X,10,q4_5,si1000,platt,0.023710613006566003,0.2174994571095924
patch,d3_at_q6_7/X/r10,d3_at_q4_5/X/r10,3,X,10,q4_5,si1000,isotonic,0.02173240933848452,0.2160668142615834
patch,d3_at_q8_5/X/r10,d3_at_q4_5/X/r10,3,X,10,q4_5,si1000,platt,0.01714545177750034,0.21313954895320356
patch,d3_at_q8_5/X/r10,d3_at_q4_5/X/r10,3,X,10,q4_5,si1000,isotonic,0.0119853185562297,0.21151086393671062
patch,d3_at_q8_9/X/r10,d3_at_q4_5/X/r10,3,X,10,q4_5,si1000,platt,0.0333285015029005,0.22020394783781763
patch,d3_at_q8_9/X/r10,d3_at_q4_5/X/r10,3,X,10,q4_5,si1000,isotonic,0.03133650689941993,0.22043672270566725
pooled,pool:d3/X/r10 without q4_5 (8 patches),d3_at_q4_5/X/r10,3,X,10,q4_5,si1000,platt,0.01865098021842471,0.21354825323744936
pooled,pool:d3/X/r10 without q4_5 (8 patches),d3_at_q4_5/X/r10,3,X,10,q4_5,si1000,isotonic,0.017359411102214388,0.2123165643059868
same,d3_at_q4_5/X/r30,d3_at_q4_5/X/r30,3,X,30,q4_5,si1000,platt,0.024094781330229163,0.4461565465502236
same,d3_at_q4_5/X/r30,d3_at_q4_5/X/r30,3,X,30,q4_5,si1000,isotonic,0.006024724993419223,0.44267277531153343
sim,sim:d3_at_q4_5/X/r30,d3_at_q4_5/X/r30,3,X,30,q4_5,si1000,platt,0.10096285883433265,0.5257814677683479
sim,sim:d3_at_q4_5/X/r30,d3_at_q4_5/X/r30,3,X,30,q4_5,si1000,isotonic,0.0992210625109477,0.5300470797380471
basis,d3_at_q4_5/Z/r30,d3_at_q4_5/X/r30,3,X,30,q4_5,si1000,platt,0.024600781510340702,0.44846996991026133
basis,d3_at_q4_5/Z/r30,d3_at_q4_5/X/r30,3,X,30,q4_5,si1000,isotonic,0.028950920452587507,0.4501155603278289
patch,d3_at_q10_7/X/r30,d3_at_q4_5/X/r30,3,X,30,q4_5,si1000,platt,0.025307573666610426,0.44719188275603605
patch,d3_at_q10_7/X/r30,d3_at_q4_5/X/r30,3,X,30,q4_5,si1000,isotonic,0.031144243955924307,0.44857291866920185
patch,d3_at_q2_7/X/r30,d3_at_q4_5/X/r30,3,X,30,q4_5,si1000,platt,0.02052345583837854,0.4464208340421024
patch,d3_at_q2_7/X/r30,d3_at_q4_5/X/r30,3,X,30,q4_5,si1000,isotonic,0.022053382626904476,0.4467644806637618
patch,d3_at_q4_9/X/r30,d3_at_q4_5/X/r30,3,X,30,q4_5,si1000,platt,0.03120874037368645,0.44806038493636335
patch,d3_at_q4_9/X/r30,d3_at_q4_5/X/r30,3,X,30,q4_5,si1000,isotonic,0.02501222236563245,0.4460519104698223
patch,d3_at_q6_11/X/r30,d3_at_q4_5/X/r30,3,X,30,q4_5,si1000,platt,0.02501913871301268,0.4468977843286667
patch,d3_at_q6_11/X/r30,d3_at_q4_5/X/r30,3,X,30,q4_5,si1000,isotonic,0.029086729696363365,0.44788241825075154
patch,d3_at_q6_3/X/r30,d3_at_q4_5/X/r30,3,X,30,q4_5,si1000,platt,0.026123572512629287,0.44728081475678894
patch,d3_at_q6_3/X/r30,d3_at_q4_5/X/r30,3,X,30,q4_5,si1000,isotonic,0.03883760900009403,0.45622544722337693
patch,d3_at_q6_7/X/r30,d3_at_q4_5/X/r30,3,X,30,q4_5,si1000,platt,0.06318260881785821,0.45796527000517673
patch,d3_at_q6_7/X/r30,d3_at_q4_5/X/r30,3,X,30,q4_5,si1000,isotonic,0.06719261490482925,0.4601349503745905
patch,d3_at_q8_5/X/r30,d3_at_q4_5/X/r30,3,X,30,q4_5,si1000,platt,0.03610342141380563,0.44872804635169994
patch,d3_at_q8_5/X/r30,d3_at_q4_5/X/r30,3,X,30,q4_5,si1000,isotonic,0.03307785804276794,0.44912345108111973
patch,d3_at_q8_9/X/r30,d3_at_q4_5/X/r30,3,X,30,q4_5,si1000,platt,0.07488236271383476,0.4633993162322385
patch,d3_at_q8_9/X/r30,d3_at_q4_5/X/r30,3,X,30,q4_5,si1000,isotonic,0.07342966001934463,0.46366746149395033
pooled,pool:d3/X/r30 without q4_5 (8 patches),d3_at_q4_5/X/r30,3,X,30,q4_5,si1000,platt,0.03389569908919468,0.4482815880150438
pooled,pool:d3/X/r30 without q4_5 (8 patches),d3_at_q4_5/X/r30,3,X,30,q4_5,si1000,isotonic,0.03661741411368515,0.4485333649181369
same,d3_at_q4_5/X/r50,d3_at_q4_5/X/r50,3,X,50,q4_5,si1000,platt,0.013828225124317481,0.5646894171286765
same,d3_at_q4_5/X/r50,d3_at_q4_5/X/r50,3,X,50,q4_5,si1000,isotonic,0.012731621974202193,0.5637947670746122
sim,sim:d3_at_q4_5/X/r50,d3_at_q4_5/X/r50,3,X,50,q4_5,si1000,platt,0.14319176312239784,0.6665574749572012
sim,sim:d3_at_q4_5/X/r50,d3_at_q4_5/X/r50,3,X,50,q4_5,si1000,isotonic,0.14268182300450663,0.6712428321740201
basis,d3_at_q4_5/Z/r50,d3_at_q4_5/X/r50,3,X,50,q4_5,si1000,platt,0.04626789483771648,0.5707453733330534
basis,d3_at_q4_5/Z/r50,d3_at_q4_5/X/r50,3,X,50,q4_5,si1000,isotonic,0.047264686112772264,0.5746061186295155
patch,d3_at_q10_7/X/r50,d3_at_q4_5/X/r50,3,X,50,q4_5,si1000,platt,0.02813197797834172,0.566814380006036
patch,d3_at_q10_7/X/r50,d3_at_q4_5/X/r50,3,X,50,q4_5,si1000,isotonic,0.02817903368907829,0.5677416896163228
patch,d3_at_q2_7/X/r50,d3_at_q4_5/X/r50,3,X,50,q4_5,si1000,platt,0.018376506155197862,0.5658148603201092
patch,d3_at_q2_7/X/r50,d3_at_q4_5/X/r50,3,X,50,q4_5,si1000,isotonic,0.020977528815818214,0.5660517394356865
patch,d3_at_q4_9/X/r50,d3_at_q4_5/X/r50,3,X,50,q4_5,si1000,platt,0.0314888489486274,0.567101097076296
patch,d3_at_q4_9/X/r50,d3_at_q4_5/X/r50,3,X,50,q4_5,si1000,isotonic,0.03163106887543397,0.5665459366662543
patch,d3_at_q6_11/X/r50,d3_at_q4_5/X/r50,3,X,50,q4_5,si1000,platt,0.02290924126728041,0.5665203279076614
patch,d3_at_q6_11/X/r50,d3_at_q4_5/X/r50,3,X,50,q4_5,si1000,isotonic,0.027962841519174882,0.5688377160855151
patch,d3_at_q6_3/X/r50,d3_at_q4_5/X/r50,3,X,50,q4_5,si1000,platt,0.028658756410210668,0.5669485643787785
patch,d3_at_q6_3/X/r50,d3_at_q4_5/X/r50,3,X,50,q4_5,si1000,isotonic,0.030802332844043365,0.5686025437136462
patch,d3_at_q6_7/X/r50,d3_at_q4_5/X/r50,3,X,50,q4_5,si1000,platt,0.05793229614587907,0.5735469525300618
patch,d3_at_q6_7/X/r50,d3_at_q4_5/X/r50,3,X,50,q4_5,si1000,isotonic,0.050222698156761274,0.573615725038321
patch,d3_at_q8_5/X/r50,d3_at_q4_5/X/r50,3,X,50,q4_5,si1000,platt,0.024697891915014918,0.566257037431478
patch,d3_at_q8_5/X/r50,d3_at_q4_5/X/r50,3,X,50,q4_5,si1000,isotonic,0.023576532601302887,0.5658484043403937
patch,d3_at_q8_9/X/r50,d3_at_q4_5/X/r50,3,X,50,q4_5,si1000,platt,0.062351732512659644,0.5748590851393973
patch,d3_at_q8_9/X/r50,d3_at_q4_5/X/r50,3,X,50,q4_5,si1000,isotonic,0.06184776835662869,0.5763837689728306
pooled,pool:d3/X/r50 without q4_5 (8 patches),d3_at_q4_5/X/r50,3,X,50,q4_5,si1000,platt,0.02473016352536603,0.5662073287670312
pooled,pool:d3/X/r50 without q4_5 (8 patches),d3_at_q4_5/X/r50,3,X,50,q4_5,si1000,isotonic,0.026138331571718892,0.5658136064357585
same,d3_at_q4_5/Z/r01,d3_at_q4_5/Z/r01,3,Z,1,q4_5,si1000,platt,0.0001307555308238518,0.015607464555084837
same,d3_at_q4_5/Z/r01,d3_at_q4_5/Z/r01,3,Z,1,q4_5,si1000,isotonic,0.00012700150125180578,0.014866917881630878
sim,sim:d3_at_q4_5/Z/r01,d3_at_q4_5/Z/r01,3,Z,1,q4_5,si1000,platt,0.0016347504614561096,0.016522277719520584
sim,sim:d3_at_q4_5/Z/r01,d3_at_q4_5/Z/r01,3,Z,1,q4_5,si1000,isotonic,0.0016856997541661403,0.01908773699724967
basis,d3_at_q4_5/X/r01,d3_at_q4_5/Z/r01,3,Z,1,q4_5,si1000,platt,0.0020219978825100986,0.01601237180467456
basis,d3_at_q4_5/X/r01,d3_at_q4_5/Z/r01,3,Z,1,q4_5,si1000,isotonic,0.0036241767880062625,0.017340588017658577
patch,d3_at_q10_7/Z/r01,d3_at_q4_5/Z/r01,3,Z,1,q4_5,si1000,platt,0.0021129647551297844,0.0160373925411739
patch,d3_at_q10_7/Z/r01,d3_at_q4_5/Z/r01,3,Z,1,q4_5,si1000,isotonic,0.0014711437130704589,0.01515922340176725
patch,d3_at_q2_7/Z/r01,d3_at_q4_5/Z/r01,3,Z,1,q4_5,si1000,platt,0.002792351313768216,0.016309953208212408
patch,d3_at_q2_7/Z/r01,d3_at_q4_5/Z/r01,3,Z,1,q4_5,si1000,isotonic,0.004591005900571713,0.018759705073587592
patch,d3_at_q4_9/Z/r01,d3_at_q4_5/Z/r01,3,Z,1,q4_5,si1000,platt,0.0008246779646984934,0.015681991592989445
patch,d3_at_q4_9/Z/r01,d3_at_q4_5/Z/r01,3,Z,1,q4_5,si1000,isotonic,0.0007958526299856513,0.015605354125893173
patch,d3_at_q6_11/Z/r01,d3_at_q4_5/Z/r01,3,Z,1,q4_5,si1000,platt,0.0007183534731728216,0.015763232734865504
patch,d3_at_q6_11/Z/r01,d3_at_q4_5/Z/r01,3,Z,1,q4_5,si1000,isotonic,0.0008814817100738168,0.015668880302124565
patch,d3_at_q6_3/Z/r01,d3_at_q4_5/Z/r01,3,Z,1,q4_5,si1000,platt,0.0008262270504028437,0.01610759799573816
patch,d3_at_q6_3/Z/r01,d3_at_q4_5/Z/r01,3,Z,1,q4_5,si1000,isotonic,0.0008999778357958513,0.01713632029285172
patch,d3_at_q6_7/Z/r01,d3_at_q4_5/Z/r01,3,Z,1,q4_5,si1000,platt,0.0020416854854135107,0.015996224508653862
patch,d3_at_q6_7/Z/r01,d3_at_q4_5/Z/r01,3,Z,1,q4_5,si1000,isotonic,0.0023343318747875677,0.01629268462525553
patch,d3_at_q8_5/Z/r01,d3_at_q4_5/Z/r01,3,Z,1,q4_5,si1000,platt,0.0004676854169165352,0.015640901273444106
patch,d3_at_q8_5/Z/r01,d3_at_q4_5/Z/r01,3,Z,1,q4_5,si1000,isotonic,0.00030582349128939354,0.021657207546510824
patch,d3_at_q8_9/Z/r01,d3_at_q4_5/Z/r01,3,Z,1,q4_5,si1000,platt,0.0009503971829274919,0.015707080986900265
patch,d3_at_q8_9/Z/r01,d3_at_q4_5/Z/r01,3,Z,1,q4_5,si1000,isotonic,0.0007331731967657457,0.015146646685818065
pooled,pool:d3/Z/r1 without q4_5 (8 patches),d3_at_q4_5/Z/r01,3,Z,1,q4_5,si1000,platt,0.001121577756355019,0.015717293058214017
pooled,pool:d3/Z/r1 without q4_5 (8 patches),d3_at_q4_5/Z/r01,3,Z,1,q4_5,si1000,isotonic,0.0006330491068417154,0.015115183614846364
same,d3_at_q4_5/Z/r10,d3_at_q4_5/Z/r10,3,Z,10,q4_5,si1000,platt,0.009330170917296175,0.18841757146200155
same,d3_at_q4_5/Z/r10,d3_at_q4_5/Z/r10,3,Z,10,q4_5,si1000,isotonic,0.0032112132649329593,0.18633772430051548
sim,sim:d3_at_q4_5/Z/r10,d3_at_q4_5/Z/r10,3,Z,10,q4_5,si1000,platt,0.030837689988487727,0.20545711571000466
sim,sim:d3_at_q4_5/Z/r10,d3_at_q4_5/Z/r10,3,Z,10,q4_5,si1000,isotonic,0.03010718152597474,0.2058721478217274
basis,d3_at_q4_5/X/r10,d3_at_q4_5/Z/r10,3,Z,10,q4_5,si1000,platt,0.011877207012855957,0.18911166064936072
basis,d3_at_q4_5/X/r10,d3_at_q4_5/Z/r10,3,Z,10,q4_5,si1000,isotonic,0.012274559890049283,0.1900224328865176
patch,d3_at_q10_7/Z/r10,d3_at_q4_5/Z/r10,3,Z,10,q4_5,si1000,platt,0.012407373136257198,0.188910100902039
patch,d3_at_q10_7/Z/r10,d3_at_q4_5/Z/r10,3,Z,10,q4_5,si1000,isotonic,0.006808699541703661,0.1896599780764563
patch,d3_at_q2_7/Z/r10,d3_at_q4_5/Z/r10,3,Z,10,q4_5,si1000,platt,0.011253842513633788,0.18854777395354247
patch,d3_at_q2_7/Z/r10,d3_at_q4_5/Z/r10,3,Z,10,q4_5,si1000,isotonic,0.004775323347004566,0.1873188350949669
patch,d3_at_q4_9/Z/r10,d3_at_q4_5/Z/r10,3,Z,10,q4_5,si1000,platt,0.01251608399512314,0.18883093588680952
patch,d3_at_q4_9/Z/r10,d3_at_q4_5/Z/r10,3,Z,10,q4_5,si1000,isotonic,0.010138664389974066,0.1890415606121389
patch,d3_at_q6_11/Z/r10,d3_at_q4_5/Z/r10,3,Z,10,q4_5,si1000,platt,0.009536029879781728,0.18841466754204836
patch,d3_at_q6_11/Z/r10,d3_at_q4_5/Z/r10,3,Z,10,q4_5,si1000,isotonic,0.0057660825985448765,0.18817636948846825
patch,d3_at_q6_3/Z/r10,d3_at_q4_5/Z/r10,3,Z,10,q4_5,si1000,platt,0.010807018659425066,0.18897467705008433
patch,d3_at_q6_3/Z/r10,d3_at_q4_5/Z/r10,3,Z,10,q4_5,si1000,isotonic,0.012516599233295792,0.1905975261622625
patch,d3_at_q6_7/Z/r10,d3_at_q4_5/Z/r10,3,Z,10,q4_5,si1000,platt,0.014845053037528103,0.18949441366098557
patch,d3_at_q6_7/Z/r10,d3_at_q4_5/Z/r10,3,Z,10,q4_5,si1000,isotonic,0.00903343755177673,0.18892186460821078
patch,d3_at_q8_5/Z/r10,d3_at_q4_5/Z/r10,3,Z,10,q4_5,si1000,platt,0.009813443419547931,0.18859251299894095
patch,d3_at_q8_5/Z/r10,d3_at_q4_5/Z/r10,3,Z,10,q4_5,si1000,isotonic,0.006728413775092476,0.1877691803280621
patch,d3_at_q8_9/Z/r10,d3_at_q4_5/Z/r10,3,Z,10,q4_5,si1000,platt,0.016683343047019638,0.19030461137199436
patch,d3_at_q8_9/Z/r10,d3_at_q4_5/Z/r10,3,Z,10,q4_5,si1000,isotonic,0.017173417227179924,0.19059269649892838
pooled,pool:d3/Z/r10 without q4_5 (8 patches),d3_at_q4_5/Z/r10,3,Z,10,q4_5,si1000,platt,0.011869425021302012,0.18865952366241792
pooled,pool:d3/Z/r10 without q4_5 (8 patches),d3_at_q4_5/Z/r10,3,Z,10,q4_5,si1000,isotonic,0.009223956427069127,0.18747680986194368
same,d3_at_q4_5/Z/r30,d3_at_q4_5/Z/r30,3,Z,30,q4_5,si1000,platt,0.012228490462482942,0.4165402217807169
same,d3_at_q4_5/Z/r30,d3_at_q4_5/Z/r30,3,Z,30,q4_5,si1000,isotonic,0.008475712256349287,0.4150017220452947
sim,sim:d3_at_q4_5/Z/r30,d3_at_q4_5/Z/r30,3,Z,30,q4_5,si1000,platt,0.08077284606206889,0.4664161088558653
sim,sim:d3_at_q4_5/Z/r30,d3_at_q4_5/Z/r30,3,Z,30,q4_5,si1000,isotonic,0.07522244900237493,0.4678950082879158
basis,d3_at_q4_5/X/r30,d3_at_q4_5/Z/r30,3,Z,30,q4_5,si1000,platt,0.02710443408143275,0.41894999066071553
basis,d3_at_q4_5/X/r30,d3_at_q4_5/Z/r30,3,Z,30,q4_5,si1000,isotonic,0.032926950374869694,0.4226764808283351
patch,d3_at_q10_7/Z/r30,d3_at_q4_5/Z/r30,3,Z,30,q4_5,si1000,platt,0.012405614025394534,0.41654985210050605
patch,d3_at_q10_7/Z/r30,d3_at_q4_5/Z/r30,3,Z,30,q4_5,si1000,isotonic,0.015085728410673759,0.41849908424195453
patch,d3_at_q2_7/Z/r30,d3_at_q4_5/Z/r30,3,Z,30,q4_5,si1000,platt,0.012476571757198442,0.41655385877060397
patch,d3_at_q2_7/Z/r30,d3_at_q4_5/Z/r30,3,Z,30,q4_5,si1000,isotonic,0.011127453118598352,0.41651885950372874
patch,d3_at_q4_9/Z/r30,d3_at_q4_5/Z/r30,3,Z,30,q4_5,si1000,platt,0.013022107477024049,0.4169114932917037
patch,d3_at_q4_9/Z/r30,d3_at_q4_5/Z/r30,3,Z,30,q4_5,si1000,isotonic,0.010339338822106995,0.4168670080084236
patch,d3_at_q6_11/Z/r30,d3_at_q4_5/Z/r30,3,Z,30,q4_5,si1000,platt,0.018110940469468324,0.4177453398694471
patch,d3_at_q6_11/Z/r30,d3_at_q4_5/Z/r30,3,Z,30,q4_5,si1000,isotonic,0.020397012422982294,0.41993896580930884
patch,d3_at_q6_3/Z/r30,d3_at_q4_5/Z/r30,3,Z,30,q4_5,si1000,platt,0.017222824921183866,0.41753800801707663
patch,d3_at_q6_3/Z/r30,d3_at_q4_5/Z/r30,3,Z,30,q4_5,si1000,isotonic,0.018631071821533004,0.4195431831741184
patch,d3_at_q6_7/Z/r30,d3_at_q4_5/Z/r30,3,Z,30,q4_5,si1000,platt,0.018898684127359882,0.41806513814079416
patch,d3_at_q6_7/Z/r30,d3_at_q4_5/Z/r30,3,Z,30,q4_5,si1000,isotonic,0.01658753980377187,0.4179531840858538
patch,d3_at_q8_5/Z/r30,d3_at_q4_5/Z/r30,3,Z,30,q4_5,si1000,platt,0.06044869482248831,0.43005380245955044
patch,d3_at_q8_5/Z/r30,d3_at_q4_5/Z/r30,3,Z,30,q4_5,si1000,isotonic,0.06119228656869834,0.4325767486857926
patch,d3_at_q8_9/Z/r30,d3_at_q4_5/Z/r30,3,Z,30,q4_5,si1000,platt,0.03266942746089587,0.42234265114732117
patch,d3_at_q8_9/Z/r30,d3_at_q4_5/Z/r30,3,Z,30,q4_5,si1000,isotonic,0.03321094964604487,0.4218901922351159
pooled,pool:d3/Z/r30 without q4_5 (8 patches),d3_at_q4_5/Z/r30,3,Z,30,q4_5,si1000,platt,0.018619875416421402,0.4178877959075078
pooled,pool:d3/Z/r30 without q4_5 (8 patches),d3_at_q4_5/Z/r30,3,Z,30,q4_5,si1000,isotonic,0.01789570028513681,0.41742165561718136
same,d3_at_q4_5/Z/r50,d3_at_q4_5/Z/r50,3,Z,50,q4_5,si1000,platt,0.01406043389159645,0.5377490473107182
same,d3_at_q4_5/Z/r50,d3_at_q4_5/Z/r50,3,Z,50,q4_5,si1000,isotonic,0.011242933698378421,0.537863161600226
sim,sim:d3_at_q4_5/Z/r50,d3_at_q4_5/Z/r50,3,Z,50,q4_5,si1000,platt,0.1142814286518256,0.6072696719384953
sim,sim:d3_at_q4_5/Z/r50,d3_at_q4_5/Z/r50,3,Z,50,q4_5,si1000,isotonic,0.11094438998121861,0.6117794250842191
basis,d3_at_q4_5/X/r50,d3_at_q4_5/Z/r50,3,Z,50,q4_5,si1000,platt,0.03238114304641577,0.5402440362315574
basis,d3_at_q4_5/X/r50,d3_at_q4_5/Z/r50,3,Z,50,q4_5,si1000,isotonic,0.04829867359479132,0.5449859805428802
patch,d3_at_q10_7/Z/r50,d3_at_q4_5/Z/r50,3,Z,50,q4_5,si1000,platt,0.01280730332037203,0.5377087854956067
patch,d3_at_q10_7/Z/r50,d3_at_q4_5/Z/r50,3,Z,50,q4_5,si1000,isotonic,0.015109142135124902,0.5383579862395156
patch,d3_at_q2_7/Z/r50,d3_at_q4_5/Z/r50,3,Z,50,q4_5,si1000,platt,0.012003851123087559,0.5375407159552217
patch,d3_at_q2_7/Z/r50,d3_at_q4_5/Z/r50,3,Z,50,q4_5,si1000,isotonic,0.01643851021021943,0.5388525493151521
patch,d3_at_q4_9/Z/r50,d3_at_q4_5/Z/r50,3,Z,50,q4_5,si1000,platt,0.016802134252881382,0.5379797890021472
patch,d3_at_q4_9/Z/r50,d3_at_q4_5/Z/r50,3,Z,50,q4_5,si1000,isotonic,0.0190507179802104,0.5392876866067617
patch,d3_at_q6_11/Z/r50,d3_at_q4_5/Z/r50,3,Z,50,q4_5,si1000,platt,0.01630961528679296,0.5382108574279665
patch,d3_at_q6_11/Z/r50,d3_at_q4_5/Z/r50,3,Z,50,q4_5,si1000,isotonic,0.021889636275938196,0.5401647251982975
patch,d3_at_q6_3/Z/r50,d3_at_q4_5/Z/r50,3,Z,50,q4_5,si1000,platt,0.015158832245461091,0.5380174213767085
patch,d3_at_q6_3/Z/r50,d3_at_q4_5/Z/r50,3,Z,50,q4_5,si1000,isotonic,0.015947884639491244,0.5391196283116405
patch,d3_at_q6_7/Z/r50,d3_at_q4_5/Z/r50,3,Z,50,q4_5,si1000,platt,0.023973461789373023,0.5401939336024858
patch,d3_at_q6_7/Z/r50,d3_at_q4_5/Z/r50,3,Z,50,q4_5,si1000,isotonic,0.028057614201836154,0.5412690172200391
patch,d3_at_q8_5/Z/r50,d3_at_q4_5/Z/r50,3,Z,50,q4_5,si1000,platt,0.018688463659836865,0.5384694605728721
patch,d3_at_q8_5/Z/r50,d3_at_q4_5/Z/r50,3,Z,50,q4_5,si1000,isotonic,0.02839376549155738,0.541648402523779
patch,d3_at_q8_9/Z/r50,d3_at_q4_5/Z/r50,3,Z,50,q4_5,si1000,platt,0.03511038518684562,0.5433716686090047
patch,d3_at_q8_9/Z/r50,d3_at_q4_5/Z/r50,3,Z,50,q4_5,si1000,isotonic,0.03351660003491583,0.5434672992054935
pooled,pool:d3/Z/r50 without q4_5 (8 patches),d3_at_q4_5/Z/r50,3,Z,50,q4_5,si1000,platt,0.016118197270484306,0.5379375273501131
pooled,pool:d3/Z/r50 without q4_5 (8 patches),d3_at_q4_5/Z/r50,3,Z,50,q4_5,si1000,isotonic,0.014863514074833658,0.5379493245759372
same,d3_at_q4_9/X/r01,d3_at_q4_9/X/r01,3,X,1,q4_9,si1000,platt,0.0010637346495373874,0.020012933225028413
same,d3_at_q4_9/X/r01,d3_at_q4_9/X/r01,3,X,1,q4_9,si1000,isotonic,0.0012610745278269656,0.021138093351699982
sim,sim:d3_at_q4_9/X/r01,d3_at_q4_9/X/r01,3,X,1,q4_9,si1000,platt,0.003959577822385186,0.02304172427444916
sim,sim:d3_at_q4_9/X/r01,d3_at_q4_9/X/r01,3,X,1,q4_9,si1000,isotonic,0.004357021173425889,0.02659090853802869
basis,d3_at_q4_9/Z/r01,d3_at_q4_9/X/r01,3,X,1,q4_9,si1000,platt,0.0014420942768576652,0.020123342856750347
basis,d3_at_q4_9/Z/r01,d3_at_q4_9/X/r01,3,X,1,q4_9,si1000,isotonic,0.0007669918146942776,0.019661904761976472
patch,d3_at_q10_7/X/r01,d3_at_q4_9/X/r01,3,X,1,q4_9,si1000,platt,0.001504475549780955,0.02017447004237827
patch,d3_at_q10_7/X/r01,d3_at_q4_9/X/r01,3,X,1,q4_9,si1000,isotonic,0.001456297185123215,0.020387903658634778
patch,d3_at_q2_7/X/r01,d3_at_q4_9/X/r01,3,X,1,q4_9,si1000,platt,0.001081975118063787,0.020137443481396764
patch,d3_at_q2_7/X/r01,d3_at_q4_9/X/r01,3,X,1,q4_9,si1000,isotonic,0.0009277107125390401,0.020253409510385456
patch,d3_at_q4_5/X/r01,d3_at_q4_9/X/r01,3,X,1,q4_9,si1000,platt,0.0004205145209355534,0.01990887668785566
patch,d3_at_q4_5/X/r01,d3_at_q4_9/X/r01,3,X,1,q4_9,si1000,isotonic,0.00024224644009288504,0.020206327688684838
patch,d3_at_q6_11/X/r01,d3_at_q4_9/X/r01,3,X,1,q4_9,si1000,platt,0.0015024937733084994,0.020198372477557455
patch,d3_at_q6_11/X/r01,d3_at_q4_9/X/r01,3,X,1,q4_9,si1000,isotonic,0.0014174263232142976,0.020131030340706964
patch,d3_at_q6_3/X/r01,d3_at_q4_9/X/r01,3,X,1,q4_9,si1000,platt,0.0016207631867917057,0.020213187638982173
patch,d3_at_q6_3/X/r01,d3_at_q4_9/X/r01,3,X,1,q4_9,si1000,isotonic,0.0014903849249247795,0.020574746904057185
patch,d3_at_q6_7/X/r01,d3_at_q4_9/X/r01,3,X,1,q4_9,si1000,platt,0.00743899866239309,0.023355101283818853
patch,d3_at_q6_7/X/r01,d3_at_q4_9/X/r01,3,X,1,q4_9,si1000,isotonic,0.008143246130630716,0.023818692481915368
patch,d3_at_q8_5/X/r01,d3_at_q4_9/X/r01,3,X,1,q4_9,si1000,platt,0.0005195939410776254,0.019906001806507534
patch,d3_at_q8_5/X/r01,d3_at_q4_9/X/r01,3,X,1,q4_9,si1000,isotonic,0.0005720994717166164,0.02253305522582415
patch,d3_at_q8_9/X/r01,d3_at_q4_9/X/r01,3,X,1,q4_9,si1000,platt,0.006535020403194635,0.02261236329883531
patch,d3_at_q8_9/X/r01,d3_at_q4_9/X/r01,3,X,1,q4_9,si1000,isotonic,0.006565700022300951,0.0228379811416564
pooled,pool:d3/X/r1 without q4_9 (8 patches),d3_at_q4_9/X/r01,3,X,1,q4_9,si1000,platt,0.001607949760350942,0.020164948862496493
pooled,pool:d3/X/r1 without q4_9 (8 patches),d3_at_q4_9/X/r01,3,X,1,q4_9,si1000,isotonic,0.0017676255946518613,0.020110130646825368
same,d3_at_q4_9/X/r10,d3_at_q4_9/X/r10,3,X,10,q4_9,si1000,platt,0.00871370591281955,0.22816810523021352
same,d3_at_q4_9/X/r10,d3_at_q4_9/X/r10,3,X,10,q4_9,si1000,isotonic,0.006352576815255704,0.22793283508465403
sim,sim:d3_at_q4_9/X/r10,d3_at_q4_9/X/r10,3,X,10,q4_9,si1000,platt,0.04109221462977694,0.2652877631785915
sim,sim:d3_at_q4_9/X/r10,d3_at_q4_9/X/r10,3,X,10,q4_9,si1000,isotonic,0.0405099607263679,0.26610255129946614
basis,d3_at_q4_9/Z/r10,d3_at_q4_9/X/r10,3,X,10,q4_9,si1000,platt,0.01334136357975317,0.23024324586999256
basis,d3_at_q4_9/Z/r10,d3_at_q4_9/X/r10,3,X,10,q4_9,si1000,isotonic,0.012440533247596985,0.23084860408001298
patch,d3_at_q10_7/X/r10,d3_at_q4_9/X/r10,3,X,10,q4_9,si1000,platt,0.011315245352001803,0.22980757593375267
patch,d3_at_q10_7/X/r10,d3_at_q4_9/X/r10,3,X,10,q4_9,si1000,isotonic,0.013314182502112536,0.2316463976408572
patch,d3_at_q2_7/X/r10,d3_at_q4_9/X/r10,3,X,10,q4_9,si1000,platt,0.009562072290545563,0.2292532075172544
patch,d3_at_q2_7/X/r10,d3_at_q4_9/X/r10,3,X,10,q4_9,si1000,isotonic,0.012061586908463299,0.23008297018711543
patch,d3_at_q4_5/X/r10,d3_at_q4_9/X/r10,3,X,10,q4_9,si1000,platt,0.009437532904603611,0.2290410055892502
patch,d3_at_q4_5/X/r10,d3_at_q4_9/X/r10,3,X,10,q4_9,si1000,isotonic,0.012002420961315513,0.22989551516166282
patch,d3_at_q6_11/X/r10,d3_at_q4_9/X/r10,3,X,10,q4_9,si1000,platt,0.006925188450067112,0.22854607456174786
patch,d3_at_q6_11/X/r10,d3_at_q4_9/X/r10,3,X,10,q4_9,si1000,isotonic,0.007473725915016216,0.22923000580552108
patch,d3_at_q6_3/X/r10,d3_at_q4_9/X/r10,3,X,10,q4_9,si1000,platt,0.012787930239219458,0.230875875076478
patch,d3_at_q6_3/X/r10,d3_at_q4_9/X/r10,3,X,10,q4_9,si1000,isotonic,0.013018381797195278,0.23194532542455515
patch,d3_at_q6_7/X/r10,d3_at_q4_9/X/r10,3,X,10,q4_9,si1000,platt,0.019708065322303344,0.23031330825707155
patch,d3_at_q6_7/X/r10,d3_at_q4_9/X/r10,3,X,10,q4_9,si1000,isotonic,0.02145889225304337,0.23164094937898438
patch,d3_at_q8_5/X/r10,d3_at_q4_9/X/r10,3,X,10,q4_9,si1000,platt,0.007581796191565248,0.2284975859360409
patch,d3_at_q8_5/X/r10,d3_at_q4_9/X/r10,3,X,10,q4_9,si1000,isotonic,0.01032783471895592,0.22985471822625217
patch,d3_at_q8_9/X/r10,d3_at_q4_9/X/r10,3,X,10,q4_9,si1000,platt,0.01930379568166377,0.23114587063648936
patch,d3_at_q8_9/X/r10,d3_at_q4_9/X/r10,3,X,10,q4_9,si1000,isotonic,0.020057654432613283,0.2320746938642882
pooled,pool:d3/X/r10 without q4_9 (8 patches),d3_at_q4_9/X/r10,3,X,10,q4_9,si1000,platt,0.007339212513104106,0.22812566722137106
pooled,pool:d3/X/r10 without q4_9 (8 patches),d3_at_q4_9/X/r10,3,X,10,q4_9,si1000,isotonic,0.009862699049488118,0.2279243781276205
same,d3_at_q4_9/X/r30,d3_at_q4_9/X/r30,3,X,30,q4_9,si1000,platt,0.013221176978283481,0.4686216344918649
same,d3_at_q4_9/X/r30,d3_at_q4_9/X/r30,3,X,30,q4_9,si1000,isotonic,0.008611872301911969,0.4680116022147967
sim,sim:d3_at_q4_9/X/r30,d3_at_q4_9/X/r30,3,X,30,q4_9,si1000,platt,0.09903846944708997,0.5504936944764355
sim,sim:d3_at_q4_9/X/r30,d3_at_q4_9/X/r30,3,X,30,q4_9,si1000,isotonic,0.09835395962765499,0.5571388159367597
basis,d3_at_q4_9/Z/r30,d3_at_q4_9/X/r30,3,X,30,q4_9,si1000,platt,0.027058995353179575,0.47172912746655404
basis,d3_at_q4_9/Z/r30,d3_at_q4_9/X/r30,3,X,30,q4_9,si1000,isotonic,0.02379004427137746,0.4722679764453913
patch,d3_at_q10_7/X/r30,d3_at_q4_9/X/r30,3,X,30,q4_9,si1000,platt,0.014767183086229655,0.4688049456840788
patch,d3_at_q10_7/X/r30,d3_at_q4_9/X/r30,3,X,30,q4_9,si1000,isotonic,0.008027776708730104,0.4701044182737184
patch,d3_at_q2_7/X/r30,d3_at_q4_9/X/r30,3,X,30,q4_9,si1000,platt,0.022438674644838254,0.47045036981259714
patch,d3_at_q2_7/X/r30,d3_at_q4_9/X/r30,3,X,30,q4_9,si1000,isotonic,0.025319689152423018,0.4716660543745665
patch,d3_at_q4_5/X/r30,d3_at_q4_9/X/r30,3,X,30,q4_9,si1000,platt,0.02591638241423732,0.4710930183648674
patch,d3_at_q4_5/X/r30,d3_at_q4_9/X/r30,3,X,30,q4_9,si1000,isotonic,0.03265177728795628,0.4724611489711553
patch,d3_at_q6_11/X/r30,d3_at_q4_9/X/r30,3,X,30,q4_9,si1000,platt,0.014610322936612335,0.46890627359331954
patch,d3_at_q6_11/X/r30,d3_at_q4_9/X/r30,3,X,30,q4_9,si1000,isotonic,0.011826501939582606,0.4703696450774513
patch,d3_at_q6_3/X/r30,d3_at_q4_9/X/r30,3,X,30,q4_9,si1000,platt,0.014108324964309782,0.4687131070513546
patch,d3_at_q6_3/X/r30,d3_at_q4_9/X/r30,3,X,30,q4_9,si1000,isotonic,0.016663951733340128,0.47328651928427984
patch,d3_at_q6_7/X/r30,d3_at_q4_9/X/r30,3,X,30,q4_9,si1000,platt,0.050718977004623654,0.47682295249198076
patch,d3_at_q6_7/X/r30,d3_at_q4_9/X/r30,3,X,30,q4_9,si1000,isotonic,0.05181248731468299,0.47985528443606346
patch,d3_at_q8_5/X/r30,d3_at_q4_9/X/r30,3,X,30,q4_9,si1000,platt,0.01679484446146137,0.4693476475278997
patch,d3_at_q8_5/X/r30,d3_at_q4_9/X/r30,3,X,30,q4_9,si1000,isotonic,0.017750633330181276,0.47084874747106004
patch,d3_at_q8_9/X/r30,d3_at_q4_9/X/r30,3,X,30,q4_9,si1000,platt,0.05644035907069266,0.4801676913819907
patch,d3_at_q8_9/X/r30,d3_at_q4_9/X/r30,3,X,30,q4_9,si1000,isotonic,0.05615851294884355,0.48015876515230993
pooled,pool:d3/X/r30 without q4_9 (8 patches),d3_at_q4_9/X/r30,3,X,30,q4_9,si1000,platt,0.015054545693739207,0.4692547964031842
pooled,pool:d3/X/r30 without q4_9 (8 patches),d3_at_q4_9/X/r30,3,X,30,q4_9,si1000,isotonic,0.015835245509539197,0.46904600847807953
same,d3_at_q4_9/X/r50,d3_at_q4_9/X/r50,3,X,50,q4_9,si1000,platt,0.01145156743023074,0.5882803657980378
same,d3_at_q4_9/X/r50,d3_at_q4_9/X/r50,3,X,50,q4_9,si1000,isotonic,0.01116723082523583,0.5880232984597359
sim,sim:d3_at_q4_9/X/r50,d3_at_q4_9/X/r50,3,X,50,q4_9,si1000,platt,0.13916614368377808,0.6995936746605042
sim,sim:d3_at_q4_9/X/r50,d3_at_q4_9/X/r50,3,X,50,q4_9,si1000,isotonic,0.13815584352110194,0.7085453437465743
basis,d3_at_q4_9/Z/r50,d3_at_q4_9/X/r50,3,X,50,q4_9,si1000,platt,0.03931334450680222,0.5931136213587789
basis,d3_at_q4_9/Z/r50,d3_at_q4_9/X/r50,3,X,50,q4_9,si1000,isotonic,0.032684463479321656,0.5920331594805951
patch,d3_at_q10_7/X/r50,d3_at_q4_9/X/r50,3,X,50,q4_9,si1000,platt,0.03348323661582839,0.5917117760591789
patch,d3_at_q10_7/X/r50,d3_at_q4_9/X/r50,3,X,50,q4_9,si1000,isotonic,0.03935273528937489,0.5931824969609545
patch,d3_at_q2_7/X/r50,d3_at_q4_9/X/r50,3,X,50,q4_9,si1000,platt,0.025431243762988845,0.5899082879386062
patch,d3_at_q2_7/X/r50,d3_at_q4_9/X/r50,3,X,50,q4_9,si1000,isotonic,0.030161591348378137,0.5910155855525101
patch,d3_at_q4_5/X/r50,d3_at_q4_9/X/r50,3,X,50,q4_9,si1000,platt,0.029138412058665283,0.5909969038856513
patch,d3_at_q4_5/X/r50,d3_at_q4_9/X/r50,3,X,50,q4_9,si1000,isotonic,0.032279648718779586,0.5925277125848267
patch,d3_at_q6_11/X/r50,d3_at_q4_9/X/r50,3,X,50,q4_9,si1000,platt,0.018368396948880084,0.5888956330767212
patch,d3_at_q6_11/X/r50,d3_at_q4_9/X/r50,3,X,50,q4_9,si1000,isotonic,0.01925154649222157,0.5914465648105784
patch,d3_at_q6_3/X/r50,d3_at_q4_9/X/r50,3,X,50,q4_9,si1000,platt,0.032553835805704846,0.5915192257845573
patch,d3_at_q6_3/X/r50,d3_at_q4_9/X/r50,3,X,50,q4_9,si1000,isotonic,0.03291080384550297,0.5926971210102087
patch,d3_at_q6_7/X/r50,d3_at_q4_9/X/r50,3,X,50,q4_9,si1000,platt,0.03134963562238544,0.5917554232263715
patch,d3_at_q6_7/X/r50,d3_at_q4_9/X/r50,3,X,50,q4_9,si1000,isotonic,0.029551971990568696,0.5928267652271437
patch,d3_at_q8_5/X/r50,d3_at_q4_9/X/r50,3,X,50,q4_9,si1000,platt,0.014405743281180565,0.5884572531688037
patch,d3_at_q8_5/X/r50,d3_at_q4_9/X/r50,3,X,50,q4_9,si1000,isotonic,0.02146668406889063,0.5906593160557818
patch,d3_at_q8_9/X/r50,d3_at_q4_9/X/r50,3,X,50,q4_9,si1000,platt,0.03125315142463981,0.5921833151498331
patch,d3_at_q8_9/X/r50,d3_at_q4_9/X/r50,3,X,50,q4_9,si1000,isotonic,0.03429494185356947,0.5944619225045407
pooled,pool:d3/X/r50 without q4_9 (8 patches),d3_at_q4_9/X/r50,3,X,50,q4_9,si1000,platt,0.01567038493565939,0.5886045095718121
pooled,pool:d3/X/r50 without q4_9 (8 patches),d3_at_q4_9/X/r50,3,X,50,q4_9,si1000,isotonic,0.01349893680349362,0.5886548347714584
same,d3_at_q4_9/Z/r01,d3_at_q4_9/Z/r01,3,Z,1,q4_9,si1000,platt,0.001262669058968711,0.013106994787669229
same,d3_at_q4_9/Z/r01,d3_at_q4_9/Z/r01,3,Z,1,q4_9,si1000,isotonic,0.001516381519255538,0.013122468878428975
sim,sim:d3_at_q4_9/Z/r01,d3_at_q4_9/Z/r01,3,Z,1,q4_9,si1000,platt,0.000524630016784817,0.014409012202357031
sim,sim:d3_at_q4_9/Z/r01,d3_at_q4_9/Z/r01,3,Z,1,q4_9,si1000,isotonic,0.0006495658035990962,0.01512291714199733
basis,d3_at_q4_9/X/r01,d3_at_q4_9/Z/r01,3,Z,1,q4_9,si1000,platt,0.0016313391286444249,0.013232297527784109
basis,d3_at_q4_9/X/r01,d3_at_q4_9/Z/r01,3,Z,1,q4_9,si1000,isotonic,0.0014837916986630475,0.01398078152934593
patch,d3_at_q10_7/Z/r01,d3_at_q4_9/Z/r01,3,Z,1,q4_9,si1000,platt,0.0023298903023595656,0.013535772266747867
patch,d3_at_q10_7/Z/r01,d3_at_q4_9/Z/r01,3,Z,1,q4_9,si1000,isotonic,0.002063471463722282,0.013204014398327331
patch,d3_at_q2_7/Z/r01,d3_at_q4_9/Z/r01,3,Z,1,q4_9,si1000,platt,0.002890463466774612,0.013844830136029024
patch,d3_at_q2_7/Z/r01,d3_at_q4_9/Z/r01,3,Z,1,q4_9,si1000,isotonic,0.004253351557182712,0.015635864558719167
patch,d3_at_q4_5/Z/r01,d3_at_q4_9/Z/r01,3,Z,1,q4_9,si1000,platt,0.0005925070872592128,0.01301127827359204
patch,d3_at_q4_5/Z/r01,d3_at_q4_9/Z/r01,3,Z,1,q4_9,si1000,isotonic,0.0007952087286771332,0.012667282604678538
patch,d3_at_q6_11/Z/r01,d3_at_q4_9/Z/r01,3,Z,1,q4_9,si1000,platt,0.00016855049672131756,0.012974122072154648
patch,d3_at_q6_11/Z/r01,d3_at_q4_9/Z/r01,3,Z,1,q4_9,si1000,isotonic,0.00019445607534236938,0.012558379877263024
patch,d3_at_q6_3/Z/r01,d3_at_q4_9/Z/r01,3,Z,1,q4_9,si1000,platt,0.0010646525116076318,0.013660913512400258
patch,d3_at_q6_3/Z/r01,d3_at_q4_9/Z/r01,3,Z,1,q4_9,si1000,isotonic,0.0007930926544441519,0.013729105785056235
patch,d3_at_q6_7/Z/r01,d3_at_q4_9/Z/r01,3,Z,1,q4_9,si1000,platt,0.002270264041322703,0.013506748691180133
patch,d3_at_q6_7/Z/r01,d3_at_q4_9/Z/r01,3,Z,1,q4_9,si1000,isotonic,0.0022919739395555745,0.013675487339075679
patch,d3_at_q8_5/Z/r01,d3_at_q4_9/Z/r01,3,Z,1,q4_9,si1000,platt,0.00033471615027037555,0.012947035689560273
patch,d3_at_q8_5/Z/r01,d3_at_q4_9/Z/r01,3,Z,1,q4_9,si1000,isotonic,0.0008075778965602287,0.019199391417038927
patch,d3_at_q8_9/Z/r01,d3_at_q4_9/Z/r01,3,Z,1,q4_9,si1000,platt,0.001287646174599838,0.013209049830908865
patch,d3_at_q8_9/Z/r01,d3_at_q4_9/Z/r01,3,Z,1,q4_9,si1000,isotonic,0.0010794726343976158,0.012905458219011153
pooled,pool:d3/Z/r1 without q4_9 (8 patches),d3_at_q4_9/Z/r01,3,Z,1,q4_9,si1000,platt,0.0014126106397594196,0.013163794645138217
pooled,pool:d3/Z/r1 without q4_9 (8 patches),d3_at_q4_9/Z/r01,3,Z,1,q4_9,si1000,isotonic,0.001192223992759939,0.012801461763528052
same,d3_at_q4_9/Z/r10,d3_at_q4_9/Z/r10,3,Z,10,q4_9,si1000,platt,0.004569434281737624,0.20281981921640688
same,d3_at_q4_9/Z/r10,d3_at_q4_9/Z/r10,3,Z,10,q4_9,si1000,isotonic,0.004350297652722553,0.20207435601365364
sim,sim:d3_at_q4_9/Z/r10,d3_at_q4_9/Z/r10,3,Z,10,q4_9,si1000,platt,0.031258520043108674,0.226628239060622
sim,sim:d3_at_q4_9/Z/r10,d3_at_q4_9/Z/r10,3,Z,10,q4_9,si1000,isotonic,0.031697788569059505,0.228776710077789
basis,d3_at_q4_9/X/r10,d3_at_q4_9/Z/r10,3,Z,10,q4_9,si1000,platt,0.009543611562935891,0.20354652593717498
basis,d3_at_q4_9/X/r10,d3_at_q4_9/Z/r10,3,Z,10,q4_9,si1000,isotonic,0.010210691729130132,0.20664001962009365
patch,d3_at_q10_7/Z/r10,d3_at_q4_9/Z/r10,3,Z,10,q4_9,si1000,platt,0.009158526455820985,0.20331283404054107
patch,d3_at_q10_7/Z/r10,d3_at_q4_9/Z/r10,3,Z,10,q4_9,si1000,isotonic,0.011989590897370223,0.2051663771869994
patch,d3_at_q2_7/Z/r10,d3_at_q4_9/Z/r10,3,Z,10,q4_9,si1000,platt,0.00717250150318431,0.20310124287406664
patch,d3_at_q2_7/Z/r10,d3_at_q4_9/Z/r10,3,Z,10,q4_9,si1000,isotonic,0.009216612068135116,0.20376324028501452
patch,d3_at_q4_5/Z/r10,d3_at_q4_9/Z/r10,3,Z,10,q4_9,si1000,platt,0.010313819292599127,0.20375818091706654
patch,d3_at_q4_5/Z/r10,d3_at_q4_9/Z/r10,3,Z,10,q4_9,si1000,isotonic,0.01101972090174626,0.20344523096867412
patch,d3_at_q6_11/Z/r10,d3_at_q4_9/Z/r10,3,Z,10,q4_9,si1000,platt,0.008398069659904321,0.20352385534604492
patch,d3_at_q6_11/Z/r10,d3_at_q4_9/Z/r10,3,Z,10,q4_9,si1000,isotonic,0.011295296859680486,0.20401216303274516
patch,d3_at_q6_3/Z/r10,d3_at_q4_9/Z/r10,3,Z,10,q4_9,si1000,platt,0.006881905089108344,0.20372768418057016
patch,d3_at_q6_3/Z/r10,d3_at_q4_9/Z/r10,3,Z,10,q4_9,si1000,isotonic,0.010483212360307073,0.2055977587516993
patch,d3_at_q6_7/Z/r10,d3_at_q4_9/Z/r10,3,Z,10,q4_9,si1000,platt,0.008246038510425657,0.20321013291556236
patch,d3_at_q6_7/Z/r10,d3_at_q4_9/Z/r10,3,Z,10,q4_9,si1000,isotonic,0.010175272805424462,0.20316433385763413
patch,d3_at_q8_5/Z/r10,d3_at_q4_9/Z/r10,3,Z,10,q4_9,si1000,platt,0.007191704676211753,0.20343290352396934
patch,d3_at_q8_5/Z/r10,d3_at_q4_9/Z/r10,3,Z,10,q4_9,si1000,isotonic,0.00887239986500083,0.20299866162887617
patch,d3_at_q8_9/Z/r10,d3_at_q4_9/Z/r10,3,Z,10,q4_9,si1000,platt,0.012516298894900572,0.20396738013728635
patch,d3_at_q8_9/Z/r10,d3_at_q4_9/Z/r10,3,Z,10,q4_9,si1000,isotonic,0.014503760686229685,0.20479137650004697
pooled,pool:d3/Z/r10 without q4_9 (8 patches),d3_at_q4_9/Z/r10,3,Z,10,q4_9,si1000,platt,0.007422852234136089,0.2031041214379671
pooled,pool:d3/Z/r10 without q4_9 (8 patches),d3_at_q4_9/Z/r10,3,Z,10,q4_9,si1000,isotonic,0.0064241844977597,0.20224096829702795
same,d3_at_q4_9/Z/r30,d3_at_q4_9/Z/r30,3,Z,30,q4_9,si1000,platt,0.012597748336912703,0.4428332294990904
same,d3_at_q4_9/Z/r30,d3_at_q4_9/Z/r30,3,Z,30,q4_9,si1000,isotonic,0.008553550303150779,0.44009871794259225
sim,sim:d3_at_q4_9/Z/r30,d3_at_q4_9/Z/r30,3,Z,30,q4_9,si1000,platt,0.0864867483151536,0.5029967453994829
sim,sim:d3_at_q4_9/Z/r30,d3_at_q4_9/Z/r30,3,Z,30,q4_9,si1000,isotonic,0.09150831642983656,0.5090707380777414
basis,d3_at_q4_9/X/r30,d3_at_q4_9/Z/r30,3,Z,30,q4_9,si1000,platt,0.029539701392686822,0.4460934678881241
basis,d3_at_q4_9/X/r30,d3_at_q4_9/Z/r30,3,Z,30,q4_9,si1000,isotonic,0.0431315254684285,0.45084549029474064
patch,d3_at_q10_7/Z/r30,d3_at_q4_9/Z/r30,3,Z,30,q4_9,si1000,platt,0.014857432708475971,0.4433244864235849
patch,d3_at_q10_7/Z/r30,d3_at_q4_9/Z/r30,3,Z,30,q4_9,si1000,isotonic,0.02124703727546836,0.4440955442240904
patch,d3_at_q2_7/Z/r30,d3_at_q4_9/Z/r30,3,Z,30,q4_9,si1000,platt,0.01449779221243272,0.4432577158692388
patch,d3_at_q2_7/Z/r30,d3_at_q4_9/Z/r30,3,Z,30,q4_9,si1000,isotonic,0.014919418236339865,0.4425003602466573
patch,d3_at_q4_5/Z/r30,d3_at_q4_9/Z/r30,3,Z,30,q4_9,si1000,platt,0.015959398464238595,0.44352124910790974
patch,d3_at_q4_5/Z/r30,d3_at_q4_9/Z/r30,3,Z,30,q4_9,si1000,isotonic,0.01633415394769084,0.443038493269095
patch,d3_at_q6_11/Z/r30,d3_at_q4_9/Z/r30,3,Z,30,q4_9,si1000,platt,0.021116155045377765,0.44419040185626824
patch,d3_at_q6_11/Z/r30,d3_at_q4_9/Z/r30,3,Z,30,q4_9,si1000,isotonic,0.022936212128399733,0.4447526101975584
patch,d3_at_q6_3/Z/r30,d3_at_q4_9/Z/r30,3,Z,30,q4_9,si1000,platt,0.020030588214735863,0.4440473996882907
patch,d3_at_q6_3/Z/r30,d3_at_q4_9/Z/r30,3,Z,30,q4_9,si1000,isotonic,0.02500879790691612,0.4473186745411669
patch,d3_at_q6_7/Z/r30,d3_at_q4_9/Z/r30,3,Z,30,q4_9,si1000,platt,0.021562755174689256,0.4441430062608854
patch,d3_at_q6_7/Z/r30,d3_at_q4_9/Z/r30,3,Z,30,q4_9,si1000,isotonic,0.022307073214233357,0.44440042971578564
patch,d3_at_q8_5/Z/r30,d3_at_q4_9/Z/r30,3,Z,30,q4_9,si1000,platt,0.06503256487962789,0.45608064893076455
patch,d3_at_q8_5/Z/r30,d3_at_q4_9/Z/r30,3,Z,30,q4_9,si1000,isotonic,0.06275484677597329,0.45431611049249027
patch,d3_at_q8_9/Z/r30,d3_at_q4_9/Z/r30,3,Z,30,q4_9,si1000,platt,0.033632240208961876,0.44710141962424027
patch,d3_at_q8_9/Z/r30,d3_at_q4_9/Z/r30,3,Z,30,q4_9,si1000,isotonic,0.03293353490821645,0.44565044021341904
pooled,pool:d3/Z/r30 without q4_9 (8 patches),d3_at_q4_9/Z/r30,3,Z,30,q4_9,si1000,platt,0.02167525506201651,0.4443065976150945
pooled,pool:d3/Z/r30 without q4_9 (8 patches),d3_at_q4_9/Z/r30,3,Z,30,q4_9,si1000,isotonic,0.02205862993041542,0.4426495411346527
same,d3_at_q4_9/Z/r50,d3_at_q4_9/Z/r50,3,Z,50,q4_9,si1000,platt,0.025326138343445048,0.5595571226453351
same,d3_at_q4_9/Z/r50,d3_at_q4_9/Z/r50,3,Z,50,q4_9,si1000,isotonic,0.013529825354987576,0.5562998519089495
sim,sim:d3_at_q4_9/Z/r50,d3_at_q4_9/Z/r50,3,Z,50,q4_9,si1000,platt,0.11913270918889667,0.638754129120376
sim,sim:d3_at_q4_9/Z/r50,d3_at_q4_9/Z/r50,3,Z,50,q4_9,si1000,isotonic,0.12659581364131886,0.6429589338412106
basis,d3_at_q4_9/X/r50,d3_at_q4_9/Z/r50,3,Z,50,q4_9,si1000,platt,0.03799590091782559,0.563143525856175
basis,d3_at_q4_9/X/r50,d3_at_q4_9/Z/r50,3,Z,50,q4_9,si1000,isotonic,0.04453691328956399,0.564956260059786
patch,d3_at_q10_7/Z/r50,d3_at_q4_9/Z/r50,3,Z,50,q4_9,si1000,platt,0.025887945542164417,0.5602455895099415
patch,d3_at_q10_7/Z/r50,d3_at_q4_9/Z/r50,3,Z,50,q4_9,si1000,isotonic,0.020921348254978735,0.5606862268687329
patch,d3_at_q2_7/Z/r50,d3_at_q4_9/Z/r50,3,Z,50,q4_9,si1000,platt,0.029702622166306165,0.5605098469856057
patch,d3_at_q2_7/Z/r50,d3_at_q4_9/Z/r50,3,Z,50,q4_9,si1000,isotonic,0.023742839736261737,0.5608181291889696
patch,d3_at_q4_5/Z/r50,d3_at_q4_9/Z/r50,3,Z,50,q4_9,si1000,platt,0.029575715707373176,0.5604063431864097
patch,d3_at_q4_5/Z/r50,d3_at_q4_9/Z/r50,3,Z,50,q4_9,si1000,isotonic,0.014269763809647253,0.5609773942850493
patch,d3_at_q6_11/Z/r50,d3_at_q4_9/Z/r50,3,Z,50,q4_9,si1000,platt,0.02649541280150218,0.5600506000573511
patch,d3_at_q6_11/Z/r50,d3_at_q4_9/Z/r50,3,Z,50,q4_9,si1000,isotonic,0.02232484745876407,0.5595718503334145
patch,d3_at_q6_3/Z/r50,d3_at_q4_9/Z/r50,3,Z,50,q4_9,si1000,platt,0.028729786663538894,0.5602458489212828
patch,d3_at_q6_3/Z/r50,d3_at_q4_9/Z/r50,3,Z,50,q4_9,si1000,isotonic,0.0267715520586137,0.5603557711492778
patch,d3_at_q6_7/Z/r50,d3_at_q4_9/Z/r50,3,Z,50,q4_9,si1000,platt,0.03136981861492567,0.5607081697250389
patch,d3_at_q6_7/Z/r50,d3_at_q4_9/Z/r50,3,Z,50,q4_9,si1000,isotonic,0.01879439615639762,0.5599874472520746
patch,d3_at_q8_5/Z/r50,d3_at_q4_9/Z/r50,3,Z,50,q4_9,si1000,platt,0.02571136487939768,0.55967636577646
patch,d3_at_q8_5/Z/r50,d3_at_q4_9/Z/r50,3,Z,50,q4_9,si1000,isotonic,0.021251769570245178,0.5593602667545545
patch,d3_at_q8_9/Z/r50,d3_at_q4_9/Z/r50,3,Z,50,q4_9,si1000,platt,0.03819240085420455,0.5631497468400043
patch,d3_at_q8_9/Z/r50,d3_at_q4_9/Z/r50,3,Z,50,q4_9,si1000,isotonic,0.0330171641032254,0.5626976895251767
pooled,pool:d3/Z/r50 without q4_9 (8 patches),d3_at_q4_9/Z/r50,3,Z,50,q4_9,si1000,platt,0.025428643935832152,0.5596996727984598
pooled,pool:d3/Z/r50 without q4_9 (8 patches),d3_at_q4_9/Z/r50,3,Z,50,q4_9,si1000,isotonic,0.017997996275435652,0.5578980297201387
same,d3_at_q6_11/X/r01,d3_at_q6_11/X/r01,3,X,1,q6_11,si1000,platt,0.0008786190114917125,0.012439810091988862
same,d3_at_q6_11/X/r01,d3_at_q6_11/X/r01,3,X,1,q6_11,si1000,isotonic,0.0008952002234815212,0.012585251322115536
sim,sim:d3_at_q6_11/X/r01,d3_at_q6_11/X/r01,3,X,1,q6_11,si1000,platt,0.0008398659383419769,0.013709949235037242
sim,sim:d3_at_q6_11/X/r01,d3_at_q6_11/X/r01,3,X,1,q6_11,si1000,isotonic,0.0009548587517177531,0.015298914044857698
basis,d3_at_q6_11/Z/r01,d3_at_q6_11/X/r01,3,X,1,q6_11,si1000,platt,0.0002457447595563727,0.012374709285972355
basis,d3_at_q6_11/Z/r01,d3_at_q6_11/X/r01,3,X,1,q6_11,si1000,isotonic,0.00027953982401989516,0.014396280843943338
patch,d3_at_q10_7/X/r01,d3_at_q6_11/X/r01,3,X,1,q6_11,si1000,platt,0.0008813921986644699,0.01243201444259968
patch,d3_at_q10_7/X/r01,d3_at_q6_11/X/r01,3,X,1,q6_11,si1000,isotonic,0.0009051165029838136,0.01284144299613373
patch,d3_at_q2_7/X/r01,d3_at_q6_11/X/r01,3,X,1,q6_11,si1000,platt,0.0012656859597864943,0.012592645448104949
patch,d3_at_q2_7/X/r01,d3_at_q6_11/X/r01,3,X,1,q6_11,si1000,isotonic,0.0013625380216538978,0.013326788224553889
patch,d3_at_q4_5/X/r01,d3_at_q6_11/X/r01,3,X,1,q6_11,si1000,platt,0.0019249608422768328,0.012807878388754326
patch,d3_at_q4_5/X/r01,d3_at_q6_11/X/r01,3,X,1,q6_11,si1000,isotonic,0.00216518744926806,0.01287433092115843
patch,d3_at_q4_9/X/r01,d3_at_q6_11/X/r01,3,X,1,q6_11,si1000,platt,0.0013010505252459123,0.012551433655819311
patch,d3_at_q4_9/X/r01,d3_at_q6_11/X/r01,3,X,1,q6_11,si1000,isotonic,0.0011746763859104327,0.01278971196865275
patch,d3_at_q6_3/X/r01,d3_at_q6_11/X/r01,3,X,1,q6_11,si1000,platt,0.0008126031441722295,0.01244916736637422
patch,d3_at_q6_3/X/r01,d3_at_q6_11/X/r01,3,X,1,q6_11,si1000,isotonic,0.0009509511374014441,0.01273823068312484
patch,d3_at_q6_7/X/r01,d3_at_q6_11/X/r01,3,X,1,q6_11,si1000,platt,0.00929216210600013,0.018227864254219545
patch,d3_at_q6_7/X/r01,d3_at_q6_11/X/r01,3,X,1,q6_11,si1000,isotonic,0.00969047289885671,0.01847820170731788
patch,d3_at_q8_5/X/r01,d3_at_q6_11/X/r01,3,X,1,q6_11,si1000,platt,0.002568449627484686,0.01312067185434757
patch,d3_at_q8_5/X/r01,d3_at_q6_11/X/r01,3,X,1,q6_11,si1000,isotonic,0.0024012120431894076,0.014653445292536817
patch,d3_at_q8_9/X/r01,d3_at_q6_11/X/r01,3,X,1,q6_11,si1000,platt,0.008394926165604118,0.017420562692487655
patch,d3_at_q8_9/X/r01,d3_at_q6_11/X/r01,3,X,1,q6_11,si1000,isotonic,0.008266014872438868,0.01786063969089725
pooled,pool:d3/X/r1 without q6_11 (8 patches),d3_at_q6_11/X/r01,3,X,1,q6_11,si1000,platt,0.0036818519798486626,0.013795629131408398
pooled,pool:d3/X/r1 without q6_11 (8 patches),d3_at_q6_11/X/r01,3,X,1,q6_11,si1000,isotonic,0.003631267518635269,0.013417670815794048
same,d3_at_q6_11/X/r10,d3_at_q6_11/X/r10,3,X,10,q6_11,si1000,platt,0.007252427405790424,0.21288494757982376
same,d3_at_q6_11/X/r10,d3_at_q6_11/X/r10,3,X,10,q6_11,si1000,isotonic,0.006991294386021736,0.2124640097894363
sim,sim:d3_at_q6_11/X/r10,d3_at_q6_11/X/r10,3,X,10,q6_11,si1000,platt,0.04124691202639243,0.24728162099978782
sim,sim:d3_at_q6_11/X/r10,d3_at_q6_11/X/r10,3,X,10,q6_11,si1000,isotonic,0.04180580935460313,0.25427204110258883
basis,d3_at_q6_11/Z/r10,d3_at_q6_11/X/r10,3,X,10,q6_11,si1000,platt,0.010851266593918864,0.21432537409193597
basis,d3_at_q6_11/Z/r10,d3_at_q6_11/X/r10,3,X,10,q6_11,si1000,isotonic,0.013795298492305463,0.21736489904986922
patch,d3_at_q10_7/X/r10,d3_at_q6_11/X/r10,3,X,10,q6_11,si1000,platt,0.0061478149339881565,0.21313089145456282
patch,d3_at_q10_7/X/r10,d3_at_q6_11/X/r10,3,X,10,q6_11,si1000,isotonic,0.0074813993628105495,0.2130317316004739
patch,d3_at_q2_7/X/r10,d3_at_q6_11/X/r10,3,X,10,q6_11,si1000,platt,0.00621991670699289,0.2129509266108268
patch,d3_at_q2_7/X/r10,d3_at_q6_11/X/r10,3,X,10,q6_11,si1000,isotonic,0.008015926054081891,0.21420469916362475
patch,d3_at_q4_5/X/r10,d3_at_q6_11/X/r10,3,X,10,q6_11,si1000,platt,0.005279643986820165,0.21279283564075624
patch,d3_at_q4_5/X/r10,d3_at_q6_11/X/r10,3,X,10,q6_11,si1000,isotonic,0.006935552271234171,0.21510147258879922
patch,d3_at_q4_9/X/r10,d3_at_q6_11/X/r10,3,X,10,q6_11,si1000,platt,0.009016241140171044,0.2132391135955726
patch,d3_at_q4_9/X/r10,d3_at_q6_11/X/r10,3,X,10,q6_11,si1000,isotonic,0.0061260550372629835,0.2149964786041297
patch,d3_at_q6_3/X/r10,d3_at_q6_11/X/r10,3,X,10,q6_11,si1000,platt,0.010677585263258987,0.21394889643469778
patch,d3_at_q6_3/X/r10,d3_at_q6_11/X/r10,3,X,10,q6_11,si1000,isotonic,0.010777749198319721,0.21531316722045965
patch,d3_at_q6_7/X/r10,d3_at_q6_11/X/r10,3,X,10,q6_11,si1000,platt,0.020242465498409103,0.21625126149293064
patch,d3_at_q6_7/X/r10,d3_at_q6_11/X/r10,3,X,10,q6_11,si1000,isotonic,0.02129255772044473,0.2168005277800957
patch,d3_at_q8_5/X/r10,d3_at_q6_11/X/r10,3,X,10,q6_11,si1000,platt,0.005398011659211939,0.21270043954062032
patch,d3_at_q8_5/X/r10,d3_at_q6_11/X/r10,3,X,10,q6_11,si1000,isotonic,0.007718920192513696,0.21413551444037918
patch,d3_at_q8_9/X/r10,d3_at_q6_11/X/r10,3,X,10,q6_11,si1000,platt,0.024485370226383623,0.21847648700892952
patch,d3_at_q8_9/X/r10,d3_at_q6_11/X/r10,3,X,10,q6_11,si1000,isotonic,0.021422582074984396,0.2200203615453608
pooled,pool:d3/X/r10 without q6_11 (8 patches),d3_at_q6_11/X/r10,3,X,10,q6_11,si1000,platt,0.006511050501461366,0.21283906123924123
pooled,pool:d3/X/r10 without q6_11 (8 patches),d3_at_q6_11/X/r10,3,X,10,q6_11,si1000,isotonic,0.004142262327668789,0.21278359662431537
same,d3_at_q6_11/X/r30,d3_at_q6_11/X/r30,3,X,30,q6_11,si1000,platt,0.010961765057101261,0.4576720223143879
same,d3_at_q6_11/X/r30,d3_at_q6_11/X/r30,3,X,30,q6_11,si1000,isotonic,0.007842509195509112,0.4570362685068234
sim,sim:d3_at_q6_11/X/r30,d3_at_q6_11/X/r30,3,X,30,q6_11,si1000,platt,0.09608619294912046,0.535522493647569
sim,sim:d3_at_q6_11/X/r30,d3_at_q6_11/X/r30,3,X,30,q6_11,si1000,isotonic,0.09585494834253999,0.5430583417368953
basis,d3_at_q6_11/Z/r30,d3_at_q6_11/X/r30,3,X,30,q6_11,si1000,platt,0.013989261705318518,0.4580711277008526
basis,d3_at_q6_11/Z/r30,d3_at_q6_11/X/r30,3,X,30,q6_11,si1000,isotonic,0.013692824065966062,0.4593180087944259
patch,d3_at_q10_7/X/r30,d3_at_q6_11/X/r30,3,X,30,q6_11,si1000,platt,0.01091778652697744,0.4576811307584754
patch,d3_at_q10_7/X/r30,d3_at_q6_11/X/r30,3,X,30,q6_11,si1000,isotonic,0.006868580907837977,0.45802644759747757
patch,d3_at_q2_7/X/r30,d3_at_q6_11/X/r30,3,X,30,q6_11,si1000,platt,0.01677263857618888,0.45830134431117586
patch,d3_at_q2_7/X/r30,d3_at_q6_11/X/r30,3,X,30,q6_11,si1000,isotonic,0.017449503502086138,0.46016509983616827
patch,d3_at_q4_5/X/r30,d3_at_q6_11/X/r30,3,X,30,q6_11,si1000,platt,0.021021333812190745,0.4586634628124083
patch,d3_at_q4_5/X/r30,d3_at_q6_11/X/r30,3,X,30,q6_11,si1000,isotonic,0.03039557993118189,0.46184792805319064
patch,d3_at_q4_9/X/r30,d3_at_q6_11/X/r30,3,X,30,q6_11,si1000,platt,0.012351402671061999,0.45798076586645875
patch,d3_at_q4_9/X/r30,d3_at_q6_11/X/r30,3,X,30,q6_11,si1000,isotonic,0.009583613589123414,0.4588882547024784
patch,d3_at_q6_3/X/r30,d3_at_q6_11/X/r30,3,X,30,q6_11,si1000,platt,0.010461798486772665,0.4576851937364898
patch,d3_at_q6_3/X/r30,d3_at_q6_11/X/r30,3,X,30,q6_11,si1000,isotonic,0.019063423364714335,0.4601974188552577
patch,d3_at_q6_7/X/r30,d3_at_q6_11/X/r30,3,X,30,q6_11,si1000,platt,0.0511945921259334,0.46720334249990036
patch,d3_at_q6_7/X/r30,d3_at_q6_11/X/r30,3,X,30,q6_11,si1000,isotonic,0.05209731585181492,0.4690612782698207
patch,d3_at_q8_5/X/r30,d3_at_q6_11/X/r30,3,X,30,q6_11,si1000,platt,0.01574443180227064,0.4587810445562834
patch,d3_at_q8_5/X/r30,d3_at_q6_11/X/r30,3,X,30,q6_11,si1000,isotonic,0.020358442047923524,0.46089491538905825
patch,d3_at_q8_9/X/r30,d3_at_q6_11/X/r30,3,X,30,q6_11,si1000,platt,0.05704264518544402,0.4714275969359933
patch,d3_at_q8_9/X/r30,d3_at_q6_11/X/r30,3,X,30,q6_11,si1000,isotonic,0.05613407249926932,0.4710968121927907
pooled,pool:d3/X/r30 without q6_11 (8 patches),d3_at_q6_11/X/r30,3,X,30,q6_11,si1000,platt,0.014455919142642036,0.45838905189638446
pooled,pool:d3/X/r30 without q6_11 (8 patches),d3_at_q6_11/X/r30,3,X,30,q6_11,si1000,isotonic,0.012902832997876843,0.45781257392110203
same,d3_at_q6_11/X/r50,d3_at_q6_11/X/r50,3,X,50,q6_11,si1000,platt,0.015261166860145852,0.5677515266860447
same,d3_at_q6_11/X/r50,d3_at_q6_11/X/r50,3,X,50,q6_11,si1000,isotonic,0.009804422100140752,0.5682518465029375
sim,sim:d3_at_q6_11/X/r50,d3_at_q6_11/X/r50,3,X,50,q6_11,si1000,platt,0.12330571771852604,0.6608634398642158
sim,sim:d3_at_q6_11/X/r50,d3_at_q6_11/X/r50,3,X,50,q6_11,si1000,isotonic,0.12176174462220057,0.6686768785347027
basis,d3_at_q6_11/Z/r50,d3_at_q6_11/X/r50,3,X,50,q6_11,si1000,platt,0.015994042574549103,0.5680351896337639
basis,d3_at_q6_11/Z/r50,d3_at_q6_11/X/r50,3,X,50,q6_11,si1000,isotonic,0.025673509062897483,0.5709263584160991
patch,d3_at_q10_7/X/r50,d3_at_q6_11/X/r50,3,X,50,q6_11,si1000,platt,0.018123255538311,0.5684059466096538
patch,d3_at_q10_7/X/r50,d3_at_q6_11/X/r50,3,X,50,q6_11,si1000,isotonic,0.021129792279824127,0.5691385813897366
patch,d3_at_q2_7/X/r50,d3_at_q6_11/X/r50,3,X,50,q6_11,si1000,platt,0.014481193516202836,0.5677372557388837
patch,d3_at_q2_7/X/r50,d3_at_q6_11/X/r50,3,X,50,q6_11,si1000,isotonic,0.017963754034473478,0.5686475753567393
patch,d3_at_q4_5/X/r50,d3_at_q6_11/X/r50,3,X,50,q6_11,si1000,platt,0.023067733769902274,0.56894894270834
patch,d3_at_q4_5/X/r50,d3_at_q6_11/X/r50,3,X,50,q6_11,si1000,isotonic,0.0267695806069312,0.570642926415364
patch,d3_at_q4_9/X/r50,d3_at_q6_11/X/r50,3,X,50,q6_11,si1000,platt,0.02074376581294224,0.5685240937532031
patch,d3_at_q4_9/X/r50,d3_at_q6_11/X/r50,3,X,50,q6_11,si1000,isotonic,0.01704584627303547,0.5692488883725874
patch,d3_at_q6_3/X/r50,d3_at_q6_11/X/r50,3,X,50,q6_11,si1000,platt,0.018262492799757654,0.5683311219328858
patch,d3_at_q6_3/X/r50,d3_at_q6_11/X/r50,3,X,50,q6_11,si1000,isotonic,0.017989740604389758,0.5686314230260417
patch,d3_at_q6_7/X/r50,d3_at_q6_11/X/r50,3,X,50,q6_11,si1000,platt,0.04808230732997631,0.575604570337548
patch,d3_at_q6_7/X/r50,d3_at_q6_11/X/r50,3,X,50,q6_11,si1000,isotonic,0.04440012660424961,0.5754732320946201
patch,d3_at_q8_5/X/r50,d3_at_q6_11/X/r50,3,X,50,q6_11,si1000,platt,0.016883293782544603,0.5679202738611603
patch,d3_at_q8_5/X/r50,d3_at_q6_11/X/r50,3,X,50,q6_11,si1000,isotonic,0.016163692445099347,0.5688416701326314
patch,d3_at_q8_9/X/r50,d3_at_q6_11/X/r50,3,X,50,q6_11,si1000,platt,0.05010499866674015,0.576285091768365
patch,d3_at_q8_9/X/r50,d3_at_q6_11/X/r50,3,X,50,q6_11,si1000,isotonic,0.04642469422017037,0.5770827040370464
pooled,pool:d3/X/r50 without q6_11 (8 patches),d3_at_q6_11/X/r50,3,X,50,q6_11,si1000,platt,0.01652821597986902,0.5679046456772407
pooled,pool:d3/X/r50 without q6_11 (8 patches),d3_at_q6_11/X/r50,3,X,50,q6_11,si1000,isotonic,0.010661491027376062,0.567425937117163
same,d3_at_q6_11/Z/r01,d3_at_q6_11/Z/r01,3,Z,1,q6_11,si1000,platt,0.00017449706333930978,0.012560704440895017
same,d3_at_q6_11/Z/r01,d3_at_q6_11/Z/r01,3,Z,1,q6_11,si1000,isotonic,0.0002263590969916089,0.0124348894597044
sim,sim:d3_at_q6_11/Z/r01,d3_at_q6_11/Z/r01,3,Z,1,q6_11,si1000,platt,0.00021043105954772444,0.012956188804816922
sim,sim:d3_at_q6_11/Z/r01,d3_at_q6_11/Z/r01,3,Z,1,q6_11,si1000,isotonic,0.00034045251573782445,0.014173454294641081
basis,d3_at_q6_11/X/r01,d3_at_q6_11/Z/r01,3,Z,1,q6_11,si1000,platt,0.0014216627567572792,0.012879168959373336
basis,d3_at_q6_11/X/r01,d3_at_q6_11/Z/r01,3,Z,1,q6_11,si1000,isotonic,0.0014306742715107653,0.013085067102145537
patch,d3_at_q10_7/Z/r01,d3_at_q6_11/Z/r01,3,Z,1,q6_11,si1000,platt,0.002619063461051974,0.01336306044716151
patch,d3_at_q10_7/Z/r01,d3_at_q6_11/Z/r01,3,Z,1,q6_11,si1000,isotonic,0.002420938680050605,0.012623324035052265
patch,d3_at_q2_7/Z/r01,d3_at_q6_11/Z/r01,3,Z,1,q6_11,si1000,platt,0.0032706447494110376,0.013798109640246255
patch,d3_at_q2_7/Z/r01,d3_at_q6_11/Z/r01,3,Z,1,q6_11,si1000,isotonic,0.004834601434099383,0.01606000025172267
patch,d3_at_q4_5/Z/r01,d3_at_q6_11/Z/r01,3,Z,1,q6_11,si1000,platt,0.0007396780747639718,0.012694689541985315
patch,d3_at_q4_5/Z/r01,d3_at_q6_11/Z/r01,3,Z,1,q6_11,si1000,isotonic,0.0009526896124604406,0.012153448634257507
patch,d3_at_q4_9/Z/r01,d3_at_q6_11/Z/r01,3,Z,1,q6_11,si1000,platt,0.0014323001544948634,0.012822993032956895
patch,d3_at_q4_9/Z/r01,d3_at_q6_11/Z/r01,3,Z,1,q6_11,si1000,isotonic,0.0013013094135997422,0.012582930780335237
patch,d3_at_q6_3/Z/r01,d3_at_q6_11/Z/r01,3,Z,1,q6_11,si1000,platt,0.001480417935415924,0.01364745872862811
patch,d3_at_q6_3/Z/r01,d3_at_q6_11/Z/r01,3,Z,1,q6_11,si1000,isotonic,0.0015263692247611366,0.015053251890518942
patch,d3_at_q6_7/Z/r01,d3_at_q6_11/Z/r01,3,Z,1,q6_11,si1000,platt,0.002570380597805398,0.013359918688010878
patch,d3_at_q6_7/Z/r01,d3_at_q6_11/Z/r01,3,Z,1,q6_11,si1000,isotonic,0.002739538559083202,0.013821269072635554
patch,d3_at_q8_5/Z/r01,d3_at_q6_11/Z/r01,3,Z,1,q6_11,si1000,platt,0.0003961961281014142,0.012563077057050013
patch,d3_at_q8_5/Z/r01,d3_at_q6_11/Z/r01,3,Z,1,q6_11,si1000,isotonic,0.0013685647392531405,0.026332304100948948
patch,d3_at_q8_9/Z/r01,d3_at_q6_11/Z/r01,3,Z,1,q6_11,si1000,platt,0.00155648673350577,0.01303446914734682
patch,d3_at_q8_9/Z/r01,d3_at_q6_11/Z/r01,3,Z,1,q6_11,si1000,isotonic,0.0013120405535253375,0.012318229879633805
pooled,pool:d3/Z/r1 without q6_11 (8 patches),d3_at_q6_11/Z/r01,3,Z,1,q6_11,si1000,platt,0.0018134982572638313,0.013029442617304137
pooled,pool:d3/Z/r1 without q6_11 (8 patches),d3_at_q6_11/Z/r01,3,Z,1,q6_11,si1000,isotonic,0.0015118314951199734,0.012356259752747746
same,d3_at_q6_11/Z/r10,d3_at_q6_11/Z/r10,3,Z,10,q6_11,si1000,platt,0.00477929792369164,0.20769772385142077
same,d3_at_q6_11/Z/r10,d3_at_q6_11/Z/r10,3,Z,10,q6_11,si1000,isotonic,0.003671075448277219,0.20624963062284127
sim,sim:d3_at_q6_11/Z/r10,d3_at_q6_11/Z/r10,3,Z,10,q6_11,si1000,platt,0.035006460515791295,0.22798994211565962
sim,sim:d3_at_q6_11/Z/r10,d3_at_q6_11/Z/r10,3,Z,10,q6_11,si1000,isotonic,0.03355700175655801,0.2281864420634375
basis,d3_at_q6_11/X/r10,d3_at_q6_11/Z/r10,3,Z,10,q6_11,si1000,platt,0.010039095916675955,0.20829058579527482
basis,d3_at_q6_11/X/r10,d3_at_q6_11/Z/r10,3,Z,10,q6_11,si1000,isotonic,0.012056151342029253,0.20967810626532027
patch,d3_at_q10_7/Z/r10,d3_at_q6_11/Z/r10,3,Z,10,q6_11,si1000,platt,0.007843297136122345,0.20791557691146828
patch,d3_at_q10_7/Z/r10,d3_at_q6_11/Z/r10,3,Z,10,q6_11,si1000,isotonic,0.004606856148739817,0.2067234815866702
patch,d3_at_q2_7/Z/r10,d3_at_q6_11/Z/r10,3,Z,10,q6_11,si1000,platt,0.006513422886318708,0.20767034125617864
patch,d3_at_q2_7/Z/r10,d3_at_q6_11/Z/r10,3,Z,10,q6_11,si1000,isotonic,0.0038088713854963862,0.20837951055760165
patch,d3_at_q4_5/Z/r10,d3_at_q6_11/Z/r10,3,Z,10,q6_11,si1000,platt,0.005364275440722454,0.20770882514556063
patch,d3_at_q4_5/Z/r10,d3_at_q6_11/Z/r10,3,Z,10,q6_11,si1000,isotonic,0.004903959105174289,0.20776028548596723
patch,d3_at_q4_9/Z/r10,d3_at_q6_11/Z/r10,3,Z,10,q6_11,si1000,platt,0.008964060900842992,0.20788680415713034
patch,d3_at_q4_9/Z/r10,d3_at_q6_11/Z/r10,3,Z,10,q6_11,si1000,isotonic,0.005559246211421483,0.20891927827825002
patch,d3_at_q6_3/Z/r10,d3_at_q6_11/Z/r10,3,Z,10,q6_11,si1000,platt,0.008964314386599791,0.2083394346157221
patch,d3_at_q6_3/Z/r10,d3_at_q6_11/Z/r10,3,Z,10,q6_11,si1000,isotonic,0.010142973140096672,0.21011451986712273
patch,d3_at_q6_7/Z/r10,d3_at_q6_11/Z/r10,3,Z,10,q6_11,si1000,platt,0.01066597273193498,0.2083683518020132
patch,d3_at_q6_7/Z/r10,d3_at_q6_11/Z/r10,3,Z,10,q6_11,si1000,isotonic,0.004433957240416895,0.20790789697244175
patch,d3_at_q8_5/Z/r10,d3_at_q6_11/Z/r10,3,Z,10,q6_11,si1000,platt,0.007069035427544821,0.20788564828526676
patch,d3_at_q8_5/Z/r10,d3_at_q6_11/Z/r10,3,Z,10,q6_11,si1000,isotonic,0.005821187058397435,0.20793303573373376
patch,d3_at_q8_9/Z/r10,d3_at_q6_11/Z/r10,3,Z,10,q6_11,si1000,platt,0.013065011638737797,0.2090873359591648
patch,d3_at_q8_9/Z/r10,d3_at_q6_11/Z/r10,3,Z,10,q6_11,si1000,isotonic,0.015053280640916305,0.2110984064334498
pooled,pool:d3/Z/r10 without q6_11 (8 patches),d3_at_q6_11/Z/r10,3,Z,10,q6_11,si1000,platt,0.00705484764781854,0.2077302143556681
pooled,pool:d3/Z/r10 without q6_11 (8 patches),d3_at_q6_11/Z/r10,3,Z,10,q6_11,si1000,isotonic,0.005676565197340299,0.20747928783692138
same,d3_at_q6_11/Z/r30,d3_at_q6_11/Z/r30,3,Z,30,q6_11,si1000,platt,0.016414293416192202,0.4768635950675845
same,d3_at_q6_11/Z/r30,d3_at_q6_11/Z/r30,3,Z,30,q6_11,si1000,isotonic,0.0075099452105098444,0.4755848261058454
sim,sim:d3_at_q6_11/Z/r30,d3_at_q6_11/Z/r30,3,Z,30,q6_11,si1000,platt,0.09926280773117556,0.5427692714169314
sim,sim:d3_at_q6_11/Z/r30,d3_at_q6_11/Z/r30,3,Z,30,q6_11,si1000,isotonic,0.0960060944803276,0.5579686454891428
basis,d3_at_q6_11/X/r30,d3_at_q6_11/Z/r30,3,Z,30,q6_11,si1000,platt,0.023352931286740545,0.4775115732848758
basis,d3_at_q6_11/X/r30,d3_at_q6_11/Z/r30,3,Z,30,q6_11,si1000,isotonic,0.026327812693143597,0.4792320582311391
patch,d3_at_q10_7/Z/r30,d3_at_q6_11/Z/r30,3,Z,30,q6_11,si1000,platt,0.023193960524013717,0.47786532735647336
patch,d3_at_q10_7/Z/r30,d3_at_q6_11/Z/r30,3,Z,30,q6_11,si1000,isotonic,0.02255696943434556,0.4790100739694329
patch,d3_at_q2_7/Z/r30,d3_at_q6_11/Z/r30,3,Z,30,q6_11,si1000,platt,0.024574404257133732,0.4781658190672488
patch,d3_at_q2_7/Z/r30,d3_at_q6_11/Z/r30,3,Z,30,q6_11,si1000,isotonic,0.020664814514577842,0.48090757433453524
patch,d3_at_q4_5/Z/r30,d3_at_q6_11/Z/r30,3,Z,30,q6_11,si1000,platt,0.02360177225797037,0.4779411851194337
patch,d3_at_q4_5/Z/r30,d3_at_q6_11/Z/r30,3,Z,30,q6_11,si1000,isotonic,0.01867883446919585,0.4800053967867673
patch,d3_at_q4_9/Z/r30,d3_at_q6_11/Z/r30,3,Z,30,q6_11,si1000,platt,0.022878113799482635,0.47832704315234925
patch,d3_at_q4_9/Z/r30,d3_at_q6_11/Z/r30,3,Z,30,q6_11,si1000,isotonic,0.018843681846328772,0.4803881968749527
patch,d3_at_q6_3/Z/r30,d3_at_q6_11/Z/r30,3,Z,30,q6_11,si1000,platt,0.016545908236938342,0.47686689821706385
patch,d3_at_q6_3/Z/r30,d3_at_q6_11/Z/r30,3,Z,30,q6_11,si1000,isotonic,0.019603591648322545,0.47763645539042454
patch,d3_at_q6_7/Z/r30,d3_at_q6_11/Z/r30,3,Z,30,q6_11,si1000,platt,0.017425572000952357,0.47699765791824333
patch,d3_at_q6_7/Z/r30,d3_at_q6_11/Z/r30,3,Z,30,q6_11,si1000,isotonic,0.012614710882643267,0.4773823528147511
patch,d3_at_q8_5/Z/r30,d3_at_q6_11/Z/r30,3,Z,30,q6_11,si1000,platt,0.04495144518270678,0.4833937473818753
patch,d3_at_q8_5/Z/r30,d3_at_q6_11/Z/r30,3,Z,30,q6_11,si1000,isotonic,0.0461375310452449,0.4873147709317705
patch,d3_at_q8_9/Z/r30,d3_at_q6_11/Z/r30,3,Z,30,q6_11,si1000,platt,0.030944429192555904,0.47898248359730716
patch,d3_at_q8_9/Z/r30,d3_at_q6_11/Z/r30,3,Z,30,q6_11,si1000,isotonic,0.02829014560322903,0.48179986752934556
pooled,pool:d3/Z/r30 without q6_11 (8 patches),d3_at_q6_11/Z/r30,3,Z,30,q6_11,si1000,platt,0.016612337563307086,0.4768781786877514
pooled,pool:d3/Z/r30 without q6_11 (8 patches),d3_at_q6_11/Z/r30,3,Z,30,q6_11,si1000,isotonic,0.013919033407022175,0.47766136054981173
same,d3_at_q6_11/Z/r50,d3_at_q6_11/Z/r50,3,Z,50,q6_11,si1000,platt,0.021507170972678496,0.5972043494822318
same,d3_at_q6_11/Z/r50,d3_at_q6_11/Z/r50,3,Z,50,q6_11,si1000,isotonic,0.0143715490681474,0.5962389257045877
sim,sim:d3_at_q6_11/Z/r50,d3_at_q6_11/Z/r50,3,Z,50,q6_11,si1000,platt,0.11923535612628851,0.683211844377444
sim,sim:d3_at_q6_11/Z/r50,d3_at_q6_11/Z/r50,3,Z,50,q6_11,si1000,isotonic,0.13097823324971902,0.691407141437421
basis,d3_at_q6_11/X/r50,d3_at_q6_11/Z/r50,3,Z,50,q6_11,si1000,platt,0.0227443435127684,0.5970748248356601
basis,d3_at_q6_11/X/r50,d3_at_q6_11/Z/r50,3,Z,50,q6_11,si1000,isotonic,0.025343650871191108,0.6369501771974436
patch,d3_at_q10_7/Z/r50,d3_at_q6_11/Z/r50,3,Z,50,q6_11,si1000,platt,0.026646131522071684,0.5976529588138038
patch,d3_at_q10_7/Z/r50,d3_at_q6_11/Z/r50,3,Z,50,q6_11,si1000,isotonic,0.02034967454376174,0.5966290487964699
patch,d3_at_q2_7/Z/r50,d3_at_q6_11/Z/r50,3,Z,50,q6_11,si1000,platt,0.031637026124092374,0.5998424468724762
patch,d3_at_q2_7/Z/r50,d3_at_q6_11/Z/r50,3,Z,50,q6_11,si1000,isotonic,0.034981878032090845,0.6005606071297354
patch,d3_at_q4_5/Z/r50,d3_at_q6_11/Z/r50,3,Z,50,q6_11,si1000,platt,0.03283561866034997,0.6003322512005749
patch,d3_at_q4_5/Z/r50,d3_at_q6_11/Z/r50,3,Z,50,q6_11,si1000,isotonic,0.03527760506036837,0.6033459090346112
patch,d3_at_q4_9/Z/r50,d3_at_q6_11/Z/r50,3,Z,50,q6_11,si1000,platt,0.027756562487396975,0.5987190482323004
patch,d3_at_q4_9/Z/r50,d3_at_q6_11/Z/r50,3,Z,50,q6_11,si1000,isotonic,0.026258555920854867,0.5996521343740728
patch,d3_at_q6_3/Z/r50,d3_at_q6_11/Z/r50,3,Z,50,q6_11,si1000,platt,0.035668469239365036,0.6006139954101845
patch,d3_at_q6_3/Z/r50,d3_at_q6_11/Z/r50,3,Z,50,q6_11,si1000,isotonic,0.03738149312215606,0.6012436890526787
patch,d3_at_q6_7/Z/r50,d3_at_q6_11/Z/r50,3,Z,50,q6_11,si1000,platt,0.023350634107735635,0.5972474874876145
patch,d3_at_q6_7/Z/r50,d3_at_q6_11/Z/r50,3,Z,50,q6_11,si1000,isotonic,0.0204057574093121,0.5968441492208063
patch,d3_at_q8_5/Z/r50,d3_at_q6_11/Z/r50,3,Z,50,q6_11,si1000,platt,0.022893360212751925,0.5977154566632829
patch,d3_at_q8_5/Z/r50,d3_at_q6_11/Z/r50,3,Z,50,q6_11,si1000,isotonic,0.035462919065581945,0.6023970734497563
patch,d3_at_q8_9/Z/r50,d3_at_q6_11/Z/r50,3,Z,50,q6_11,si1000,platt,0.028259094778493758,0.5977278868739333
patch,d3_at_q8_9/Z/r50,d3_at_q6_11/Z/r50,3,Z,50,q6_11,si1000,isotonic,0.019758734259946554,0.6004893426000905
pooled,pool:d3/Z/r50 without q6_11 (8 patches),d3_at_q6_11/Z/r50,3,Z,50,q6_11,si1000,platt,0.023992102497797537,0.597976971361914
pooled,pool:d3/Z/r50 without q6_11 (8 patches),d3_at_q6_11/Z/r50,3,Z,50,q6_11,si1000,isotonic,0.02544469548654257,0.5981995800076759
same,d3_at_q6_3/X/r01,d3_at_q6_3/X/r01,3,X,1,q6_3,si1000,platt,0.0005288008587248415,0.015549940251569869
same,d3_at_q6_3/X/r01,d3_at_q6_3/X/r01,3,X,1,q6_3,si1000,isotonic,0.0006272062258993209,0.015578361985436932
sim,sim:d3_at_q6_3/X/r01,d3_at_q6_3/X/r01,3,X,1,q6_3,si1000,platt,0.0024316611569129482,0.01711692752676855
sim,sim:d3_at_q6_3/X/r01,d3_at_q6_3/X/r01,3,X,1,q6_3,si1000,isotonic,0.0024334269297230197,0.021399628557915894
basis,d3_at_q6_3/Z/r01,d3_at_q6_3/X/r01,3,X,1,q6_3,si1000,platt,0.0006807538057005491,0.01618066974099713
basis,d3_at_q6_3/Z/r01,d3_at_q6_3/X/r01,3,X,1,q6_3,si1000,isotonic,0.001210917435162082,0.016768374976507436
patch,d3_at_q10_7/X/r01,d3_at_q6_3/X/r01,3,X,1,q6_3,si1000,platt,0.00045168234886352305,0.01552269297748075
patch,d3_at_q10_7/X/r01,d3_at_q6_3/X/r01,3,X,1,q6_3,si1000,isotonic,0.0003381408189585752,0.01563054848815068
patch,d3_at_q2_7/X/r01,d3_at_q6_3/X/r01,3,X,1,q6_3,si1000,platt,9.969913304195633e-05,0.015565446186733348
patch,d3_at_q2_7/X/r01,d3_at_q6_3/X/r01,3,X,1,q6_3,si1000,isotonic,0.0002434667848610296,0.016408271725897795
patch,d3_at_q4_5/X/r01,d3_at_q6_3/X/r01,3,X,1,q6_3,si1000,platt,0.0007014776203166128,0.015552266106764507
patch,d3_at_q4_5/X/r01,d3_at_q6_3/X/r01,3,X,1,q6_3,si1000,isotonic,0.001340951617852017,0.01612434528409076
patch,d3_at_q4_9/X/r01,d3_at_q6_3/X/r01,3,X,1,q6_3,si1000,platt,8.812863747248929e-05,0.015491679413182781
patch,d3_at_q4_9/X/r01,d3_at_q6_3/X/r01,3,X,1,q6_3,si1000,isotonic,0.00033277827653183047,0.016376819959570965
patch,d3_at_q6_11/X/r01,d3_at_q6_3/X/r01,3,X,1,q6_3,si1000,platt,0.00045724503480123644,0.01553755949041116
patch,d3_at_q6_11/X/r01,d3_at_q6_3/X/r01,3,X,1,q6_3,si1000,isotonic,0.0002121346070859279,0.01663936292668103
patch,d3_at_q6_7/X/r01,d3_at_q6_3/X/r01,3,X,1,q6_3,si1000,platt,0.007887025659656901,0.019735900807310358
patch,d3_at_q6_7/X/r01,d3_at_q6_3/X/r01,3,X,1,q6_3,si1000,isotonic,0.008896505689430591,0.021037502597758082
patch,d3_at_q8_5/X/r01,d3_at_q6_3/X/r01,3,X,1,q6_3,si1000,platt,0.001312994949231309,0.015682447104789495
patch,d3_at_q8_5/X/r01,d3_at_q6_3/X/r01,3,X,1,q6_3,si1000,isotonic,0.001400983017702566,0.015656300212026596
patch,d3_at_q8_9/X/r01,d3_at_q6_3/X/r01,3,X,1,q6_3,si1000,platt,0.006970305346839588,0.018964518800900623
patch,d3_at_q8_9/X/r01,d3_at_q6_3/X/r01,3,X,1,q6_3,si1000,isotonic,0.006876422778546927,0.019456611152562406
pooled,pool:d3/X/r1 without q6_3 (8 patches),d3_at_q6_3/X/r01,3,X,1,q6_3,si1000,platt,0.0023668277040840876,0.016109811090676326
pooled,pool:d3/X/r1 without q6_3 (8 patches),d3_at_q6_3/X/r01,3,X,1,q6_3,si1000,isotonic,0.0028343615594529858,0.0165800114357878
same,d3_at_q6_3/X/r10,d3_at_q6_3/X/r10,3,X,10,q6_3,si1000,platt,0.004588420971048403,0.1833967321920758
same,d3_at_q6_3/X/r10,d3_at_q6_3/X/r10,3,X,10,q6_3,si1000,isotonic,0.0034891170008894117,0.18368673716836303
sim,sim:d3_at_q6_3/X/r10,d3_at_q6_3/X/r10,3,X,10,q6_3,si1000,platt,0.03266324162032955,0.2027447683529895
sim,sim:d3_at_q6_3/X/r10,d3_at_q6_3/X/r10,3,X,10,q6_3,si1000,isotonic,0.03132970504759066,0.2055163276695977
basis,d3_at_q6_3/Z/r10,d3_at_q6_3/X/r10,3,X,10,q6_3,si1000,platt,0.009244110755518535,0.18428012829337273
basis,d3_at_q6_3/Z/r10,d3_at_q6_3/X/r10,3,X,10,q6_3,si1000,isotonic,0.010226714649200327,0.18704786454283098
patch,d3_at_q10_7/X/r10,d3_at_q6_3/X/r10,3,X,10,q6_3,si1000,platt,0.0036140023436961447,0.18334279924489158
patch,d3_at_q10_7/X/r10,d3_at_q6_3/X/r10,3,X,10,q6_3,si1000,isotonic,0.005625984074797088,0.18440473206569058
patch,d3_at_q2_7/X/r10,d3_at_q6_3/X/r10,3,X,10,q6_3,si1000,platt,0.0029746920274236776,0.1834405788509717
patch,d3_at_q2_7/X/r10,d3_at_q6_3/X/r10,3,X,10,q6_3,si1000,isotonic,0.009410677010408057,0.18497003066448742
patch,d3_at_q4_5/X/r10,d3_at_q6_3/X/r10,3,X,10,q6_3,si1000,platt,0.004689512017698651,0.1835882948373112
patch,d3_at_q4_5/X/r10,d3_at_q6_3/X/r10,3,X,10,q6_3,si1000,isotonic,0.008060149875906619,0.18610459032836257
patch,d3_at_q4_9/X/r10,d3_at_q6_3/X/r10,3,X,10,q6_3,si1000,platt,0.010036670552487156,0.1845721323549974
patch,d3_at_q4_9/X/r10,d3_at_q6_3/X/r10,3,X,10,q6_3,si1000,isotonic,0.00933641326472667,0.1849081592545794
patch,d3_at_q6_11/X/r10,d3_at_q6_3/X/r10,3,X,10,q6_3,si1000,platt,0.0058303329266637454,0.18381158199860176
patch,d3_at_q6_11/X/r10,d3_at_q6_3/X/r10,3,X,10,q6_3,si1000,isotonic,0.006110106590574587,0.18375887867047583
patch,d3_at_q6_7/X/r10,d3_at_q6_3/X/r10,3,X,10,q6_3,si1000,platt,0.026613759301789563,0.19029495372578248
patch,d3_at_q6_7/X/r10,d3_at_q6_3/X/r10,3,X,10,q6_3,si1000,isotonic,0.028669834887573225,0.19179568489428372
patch,d3_at_q8_5/X/r10,d3_at_q6_3/X/r10,3,X,10,q6_3,si1000,platt,0.0065003501013783166,0.18395107618657738
patch,d3_at_q8_5/X/r10,d3_at_q6_3/X/r10,3,X,10,q6_3,si1000,isotonic,0.008689176721555836,0.18506066278651584
patch,d3_at_q8_9/X/r10,d3_at_q6_3/X/r10,3,X,10,q6_3,si1000,platt,0.02908920136289371,0.19320432088152387
patch,d3_at_q8_9/X/r10,d3_at_q6_3/X/r10,3,X,10,q6_3,si1000,isotonic,0.028982108078832038,0.19421364926962273
pooled,pool:d3/X/r10 without q6_3 (8 patches),d3_at_q6_3/X/r10,3,X,10,q6_3,si1000,platt,0.009715420399212037,0.18488222362573328
pooled,pool:d3/X/r10 without q6_3 (8 patches),d3_at_q6_3/X/r10,3,X,10,q6_3,si1000,isotonic,0.011192057577048756,0.1852360833596542
same,d3_at_q6_3/X/r30,d3_at_q6_3/X/r30,3,X,30,q6_3,si1000,platt,0.02968593096584924,0.4827783779735026
same,d3_at_q6_3/X/r30,d3_at_q6_3/X/r30,3,X,30,q6_3,si1000,isotonic,0.010791921115547293,0.47562841462882666
sim,sim:d3_at_q6_3/X/r30,d3_at_q6_3/X/r30,3,X,30,q6_3,si1000,platt,0.11120366047202064,0.5742929273603476
sim,sim:d3_at_q6_3/X/r30,d3_at_q6_3/X/r30,3,X,30,q6_3,si1000,isotonic,0.11003213619175473,0.5817554138758927
basis,d3_at_q6_3/Z/r30,d3_at_q6_3/X/r30,3,X,30,q6_3,si1000,platt,0.03260845780414338,0.484252259764733
basis,d3_at_q6_3/Z/r30,d3_at_q6_3/X/r30,3,X,30,q6_3,si1000,isotonic,0.03237297752640519,0.4873728841969564
patch,d3_at_q10_7/X/r30,d3_at_q6_3/X/r30,3,X,30,q6_3,si1000,platt,0.03035431817905542,0.4829507052125352
patch,d3_at_q10_7/X/r30,d3_at_q6_3/X/r30,3,X,30,q6_3,si1000,isotonic,0.025985750049359917,0.48045092686885266
patch,d3_at_q2_7/X/r30,d3_at_q6_3/X/r30,3,X,30,q6_3,si1000,platt,0.03356260355330725,0.4843462755089042
patch,d3_at_q2_7/X/r30,d3_at_q6_3/X/r30,3,X,30,q6_3,si1000,isotonic,0.035469306105412164,0.483566631779249
patch,d3_at_q4_5/X/r30,d3_at_q6_3/X/r30,3,X,30,q6_3,si1000,platt,0.036940747310610623,0.4845405520458132
patch,d3_at_q4_5/X/r30,d3_at_q6_3/X/r30,3,X,30,q6_3,si1000,isotonic,0.04745200193005662,0.4922910400631204
patch,d3_at_q4_9/X/r30,d3_at_q6_3/X/r30,3,X,30,q6_3,si1000,platt,0.029612110818938067,0.48269987679410137
patch,d3_at_q4_9/X/r30,d3_at_q6_3/X/r30,3,X,30,q6_3,si1000,isotonic,0.026609486122970847,0.48444856161399397
patch,d3_at_q6_11/X/r30,d3_at_q6_3/X/r30,3,X,30,q6_3,si1000,platt,0.028222603528177584,0.48271060770241264
patch,d3_at_q6_11/X/r30,d3_at_q6_3/X/r30,3,X,30,q6_3,si1000,isotonic,0.02613497773292538,0.4815803855792823
patch,d3_at_q6_7/X/r30,d3_at_q6_3/X/r30,3,X,30,q6_3,si1000,platt,0.04391979867983713,0.4890384153428697
patch,d3_at_q6_7/X/r30,d3_at_q6_3/X/r30,3,X,30,q6_3,si1000,isotonic,0.04670135971514526,0.4903102321249802
patch,d3_at_q8_5/X/r30,d3_at_q6_3/X/r30,3,X,30,q6_3,si1000,platt,0.029201534818096158,0.4828322270161425
patch,d3_at_q8_5/X/r30,d3_at_q6_3/X/r30,3,X,30,q6_3,si1000,isotonic,0.02236799134610423,0.48544397994973904
patch,d3_at_q8_9/X/r30,d3_at_q6_3/X/r30,3,X,30,q6_3,si1000,platt,0.04814633565128803,0.4924441880016894
patch,d3_at_q8_9/X/r30,d3_at_q6_3/X/r30,3,X,30,q6_3,si1000,isotonic,0.04709927906138441,0.490988776398984
pooled,pool:d3/X/r30 without q6_3 (8 patches),d3_at_q6_3/X/r30,3,X,30,q6_3,si1000,platt,0.029966036936930146,0.48271128074281583
pooled,pool:d3/X/r30 without q6_3 (8 patches),d3_at_q6_3/X/r30,3,X,30,q6_3,si1000,isotonic,0.02775416599047885,0.4824074356637911
same,d3_at_q6_3/X/r50,d3_at_q6_3/X/r50,3,X,50,q6_3,si1000,platt,0.014504186083952172,0.5350425328762036
same,d3_at_q6_3/X/r50,d3_at_q6_3/X/r50,3,X,50,q6_3,si1000,isotonic,0.007942612965456956,0.5337502010076474
sim,sim:d3_at_q6_3/X/r50,d3_at_q6_3/X/r50,3,X,50,q6_3,si1000,platt,0.10394384288873341,0.6086703540959755
sim,sim:d3_at_q6_3/X/r50,d3_at_q6_3/X/r50,3,X,50,q6_3,si1000,isotonic,0.10093332529145332,0.6120587816726638
basis,d3_at_q6_3/Z/r50,d3_at_q6_3/X/r50,3,X,50,q6_3,si1000,platt,0.016836953130744514,0.5355425329948035
basis,d3_at_q6_3/Z/r50,d3_at_q6_3/X/r50,3,X,50,q6_3,si1000,isotonic,0.019534775573054487,0.5372730584827806
patch,d3_at_q10_7/X/r50,d3_at_q6_3/X/r50,3,X,50,q6_3,si1000,platt,0.014784337297706309,0.5350816139321727
patch,d3_at_q10_7/X/r50,d3_at_q6_3/X/r50,3,X,50,q6_3,si1000,isotonic,0.009550000786256457,0.5360893326847826
patch,d3_at_q2_7/X/r50,d3_at_q6_3/X/r50,3,X,50,q6_3,si1000,platt,0.019919211370758548,0.5357574936724606
patch,d3_at_q2_7/X/r50,d3_at_q6_3/X/r50,3,X,50,q6_3,si1000,isotonic,0.020211797550441203,0.5357255097213849
patch,d3_at_q4_5/X/r50,d3_at_q6_3/X/r50,3,X,50,q6_3,si1000,platt,0.034751349317472105,0.5379671991297706
patch,d3_at_q4_5/X/r50,d3_at_q6_3/X/r50,3,X,50,q6_3,si1000,isotonic,0.037841533593370044,0.5411985227751197
patch,d3_at_q4_9/X/r50,d3_at_q6_3/X/r50,3,X,50,q6_3,si1000,platt,0.03349329868240585,0.5390613309811989
patch,d3_at_q4_9/X/r50,d3_at_q6_3/X/r50,3,X,50,q6_3,si1000,isotonic,0.03779055278265131,0.5396940364232999
patch,d3_at_q6_11/X/r50,d3_at_q6_3/X/r50,3,X,50,q6_3,si1000,platt,0.02226246819308596,0.5366224400168342
patch,d3_at_q6_11/X/r50,d3_at_q6_3/X/r50,3,X,50,q6_3,si1000,isotonic,0.02007840447267826,0.5359385642099745
patch,d3_at_q6_7/X/r50,d3_at_q6_3/X/r50,3,X,50,q6_3,si1000,platt,0.0668175284493556,0.550804527319008
patch,d3_at_q6_7/X/r50,d3_at_q6_3/X/r50,3,X,50,q6_3,si1000,isotonic,0.06285360956553496,0.548621371727967
patch,d3_at_q8_5/X/r50,d3_at_q6_3/X/r50,3,X,50,q6_3,si1000,platt,0.0280317589512028,0.5376518799986749
patch,d3_at_q8_5/X/r50,d3_at_q6_3/X/r50,3,X,50,q6_3,si1000,isotonic,0.02967715310419347,0.539035801883399
patch,d3_at_q8_9/X/r50,d3_at_q6_3/X/r50,3,X,50,q6_3,si1000,platt,0.06642972420621839,0.5515923309812114
patch,d3_at_q8_9/X/r50,d3_at_q6_3/X/r50,3,X,50,q6_3,si1000,isotonic,0.06399906388497584,0.5514667207720428
pooled,pool:d3/X/r50 without q6_3 (8 patches),d3_at_q6_3/X/r50,3,X,50,q6_3,si1000,platt,0.03139585323749506,0.5381434615514472
pooled,pool:d3/X/r50 without q6_3 (8 patches),d3_at_q6_3/X/r50,3,X,50,q6_3,si1000,isotonic,0.03179020680826273,0.5381373632245833
same,d3_at_q6_3/Z/r01,d3_at_q6_3/Z/r01,3,Z,1,q6_3,si1000,platt,0.0004269025680310476,0.009260801756635805
same,d3_at_q6_3/Z/r01,d3_at_q6_3/Z/r01,3,Z,1,q6_3,si1000,isotonic,0.0002819290404185485,0.009324681856147094
sim,sim:d3_at_q6_3/Z/r01,d3_at_q6_3/Z/r01,3,Z,1,q6_3,si1000,platt,0.0007980568488751921,0.009396360109028671
sim,sim:d3_at_q6_3/Z/r01,d3_at_q6_3/Z/r01,3,Z,1,q6_3,si1000,isotonic,0.000720447431603115,0.010481455041000372
basis,d3_at_q6_3/X/r01,d3_at_q6_3/Z/r01,3,Z,1,q6_3,si1000,platt,0.000836777987246128,0.009678017721625775
basis,d3_at_q6_3/X/r01,d3_at_q6_3/Z/r01,3,Z,1,q6_3,si1000,isotonic,0.0013709597795332166,0.0100046376926389
patch,d3_at_q10_7/Z/r01,d3_at_q6_3/Z/r01,3,Z,1,q6_3,si1000,platt,0.0018426094067363669,0.009957314206240428
patch,d3_at_q10_7/Z/r01,d3_at_q6_3/Z/r01,3,Z,1,q6_3,si1000,isotonic,0.002083328049410902,0.010099128631963326
patch,d3_at_q2_7/Z/r01,d3_at_q6_3/Z/r01,3,Z,1,q6_3,si1000,platt,0.002237302868968646,0.010073044241728618
patch,d3_at_q2_7/Z/r01,d3_at_q6_3/Z/r01,3,Z,1,q6_3,si1000,isotonic,0.0026997600665395454,0.010786922242874522
patch,d3_at_q4_5/Z/r01,d3_at_q6_3/Z/r01,3,Z,1,q6_3,si1000,platt,0.00022438811168390099,0.00930345910058447
patch,d3_at_q4_5/Z/r01,d3_at_q6_3/Z/r01,3,Z,1,q6_3,si1000,isotonic,0.0008089596830879683,0.009507417470066806
patch,d3_at_q4_9/Z/r01,d3_at_q6_3/Z/r01,3,Z,1,q6_3,si1000,platt,0.0009113611290182627,0.009593606102005277
patch,d3_at_q4_9/Z/r01,d3_at_q6_3/Z/r01,3,Z,1,q6_3,si1000,isotonic,0.0009549646937367949,0.009531551932780928
patch,d3_at_q6_11/Z/r01,d3_at_q6_3/Z/r01,3,Z,1,q6_3,si1000,platt,0.00014212748368688176,0.009597274771860467
patch,d3_at_q6_11/Z/r01,d3_at_q6_3/Z/r01,3,Z,1,q6_3,si1000,isotonic,0.00028270258137913946,0.009558718631686986
patch,d3_at_q6_7/Z/r01,d3_at_q6_3/Z/r01,3,Z,1,q6_3,si1000,platt,0.001738055076593412,0.009855045326304056
patch,d3_at_q6_7/Z/r01,d3_at_q6_3/Z/r01,3,Z,1,q6_3,si1000,isotonic,0.0016099090736503457,0.009665938752229718
patch,d3_at_q8_5/Z/r01,d3_at_q6_3/Z/r01,3,Z,1,q6_3,si1000,platt,9.78134254958118e-05,0.009429694150494366
patch,d3_at_q8_5/Z/r01,d3_at_q6_3/Z/r01,3,Z,1,q6_3,si1000,isotonic,0.00041017690284216485,0.009245213502310265
patch,d3_at_q8_9/Z/r01,d3_at_q6_3/Z/r01,3,Z,1,q6_3,si1000,platt,0.0007619447455331437,0.009357725099192091
patch,d3_at_q8_9/Z/r01,d3_at_q6_3/Z/r01,3,Z,1,q6_3,si1000,isotonic,0.0007345884507189305,0.009298386723104318
pooled,pool:d3/Z/r1 without q6_3 (8 patches),d3_at_q6_3/Z/r01,3,Z,1,q6_3,si1000,platt,0.0010314553291340296,0.009574624431515577
pooled,pool:d3/Z/r1 without q6_3 (8 patches),d3_at_q6_3/Z/r01,3,Z,1,q6_3,si1000,isotonic,0.0011522871723816915,0.009549422293125297
same,d3_at_q6_3/Z/r10,d3_at_q6_3/Z/r10,3,Z,10,q6_3,si1000,platt,0.005491266043225016,0.17319693632647057
same,d3_at_q6_3/Z/r10,d3_at_q6_3/Z/r10,3,Z,10,q6_3,si1000,isotonic,0.0037552665132048533,0.17182659175217765
sim,sim:d3_at_q6_3/Z/r10,d3_at_q6_3/Z/r10,3,Z,10,q6_3,si1000,platt,0.027015056553290343,0.18703388949502237
sim,sim:d3_at_q6_3/Z/r10,d3_at_q6_3/Z/r10,3,Z,10,q6_3,si1000,isotonic,0.025936139500212833,0.18910000422371814
basis,d3_at_q6_3/X/r10,d3_at_q6_3/Z/r10,3,Z,10,q6_3,si1000,platt,0.006066893546215967,0.17326899525762074
basis,d3_at_q6_3/X/r10,d3_at_q6_3/Z/r10,3,Z,10,q6_3,si1000,isotonic,0.01063021987642834,0.18185208073833328
patch,d3_at_q10_7/Z/r10,d3_at_q6_3/Z/r10,3,Z,10,q6_3,si1000,platt,0.009701660196305674,0.17393776129440916
patch,d3_at_q10_7/Z/r10,d3_at_q6_3/Z/r10,3,Z,10,q6_3,si1000,isotonic,0.011273451907465454,0.17645822817379608
patch,d3_at_q2_7/Z/r10,d3_at_q6_3/Z/r10,3,Z,10,q6_3,si1000,platt,0.006095632335932116,0.17333909729952973
patch,d3_at_q2_7/Z/r10,d3_at_q6_3/Z/r10,3,Z,10,q6_3,si1000,isotonic,0.009046583957797694,0.17394183039854036
patch,d3_at_q4_5/Z/r10,d3_at_q6_3/Z/r10,3,Z,10,q6_3,si1000,platt,0.008058717690604641,0.17363929342549564
patch,d3_at_q4_5/Z/r10,d3_at_q6_3/Z/r10,3,Z,10,q6_3,si1000,isotonic,0.00924803762247116,0.17392619459934025
patch,d3_at_q4_9/Z/r10,d3_at_q6_3/Z/r10,3,Z,10,q6_3,si1000,platt,0.00487610648135856,0.17324589821495634
patch,d3_at_q4_9/Z/r10,d3_at_q6_3/Z/r10,3,Z,10,q6_3,si1000,isotonic,0.006322387011424454,0.1731530601485902
patch,d3_at_q6_11/Z/r10,d3_at_q6_3/Z/r10,3,Z,10,q6_3,si1000,platt,0.006553348667827055,0.1733390880680543
patch,d3_at_q6_11/Z/r10,d3_at_q6_3/Z/r10,3,Z,10,q6_3,si1000,isotonic,0.0094011281366949,0.17331539905476057
patch,d3_at_q6_7/Z/r10,d3_at_q6_3/Z/r10,3,Z,10,q6_3,si1000,platt,0.009636391274250514,0.17423914913531388
patch,d3_at_q6_7/Z/r10,d3_at_q6_3/Z/r10,3,Z,10,q6_3,si1000,isotonic,0.010282992226745535,0.17553683788839625
patch,d3_at_q8_5/Z/r10,d3_at_q6_3/Z/r10,3,Z,10,q6_3,si1000,platt,0.005391461545063993,0.17314441276265674
patch,d3_at_q8_5/Z/r10,d3_at_q6_3/Z/r10,3,Z,10,q6_3,si1000,isotonic,0.009276311696918602,0.1730006898402064
patch,d3_at_q8_9/Z/r10,d3_at_q6_3/Z/r10,3,Z,10,q6_3,si1000,platt,0.013744549846009094,0.17531239067010254
patch,d3_at_q8_9/Z/r10,d3_at_q6_3/Z/r10,3,Z,10,q6_3,si1000,isotonic,0.014567008700355535,0.1755806777292406
pooled,pool:d3/Z/r10 without q6_3 (8 patches),d3_at_q6_3/Z/r10,3,Z,10,q6_3,si1000,platt,0.007228185599129709,0.17352047237806292
pooled,pool:d3/Z/r10 without q6_3 (8 patches),d3_at_q6_3/Z/r10,3,Z,10,q6_3,si1000,isotonic,0.007642486235959619,0.17322702821241176
same,d3_at_q6_3/Z/r30,d3_at_q6_3/Z/r30,3,Z,30,q6_3,si1000,platt,0.020172171038483202,0.47045645009688414
same,d3_at_q6_3/Z/r30,d3_at_q6_3/Z/r30,3,Z,30,q6_3,si1000,isotonic,0.00970917105866177,0.46761093500269924
sim,sim:d3_at_q6_3/Z/r30,d3_at_q6_3/Z/r30,3,Z,30,q6_3,si1000,platt,0.09938564713864365,0.5397020361252203
sim,sim:d3_at_q6_3/Z/r30,d3_at_q6_3/Z/r30,3,Z,30,q6_3,si1000,isotonic,0.10546212226251257,0.5501543691356958
basis,d3_at_q6_3/X/r30,d3_at_q6_3/Z/r30,3,Z,30,q6_3,si1000,platt,0.02117471441393342,0.47066026576127057
basis,d3_at_q6_3/X/r30,d3_at_q6_3/Z/r30,3,Z,30,q6_3,si1000,isotonic,0.024581054849631415,0.47417968433441127
patch,d3_at_q10_7/Z/r30,d3_at_q6_3/Z/r30,3,Z,30,q6_3,si1000,platt,0.028315697458451323,0.4720547459505301
patch,d3_at_q10_7/Z/r30,d3_at_q6_3/Z/r30,3,Z,30,q6_3,si1000,isotonic,0.028980620224039688,0.47229580792274745
patch,d3_at_q2_7/Z/r30,d3_at_q6_3/Z/r30,3,Z,30,q6_3,si1000,platt,0.029719231671782125,0.47239832975517376
patch,d3_at_q2_7/Z/r30,d3_at_q6_3/Z/r30,3,Z,30,q6_3,si1000,isotonic,0.028227273126633017,0.47367296156080935
patch,d3_at_q4_5/Z/r30,d3_at_q6_3/Z/r30,3,Z,30,q6_3,si1000,platt,0.029416584937104653,0.4722472759959983
patch,d3_at_q4_5/Z/r30,d3_at_q6_3/Z/r30,3,Z,30,q6_3,si1000,isotonic,0.029087935150881483,0.4751413527771795
patch,d3_at_q4_9/Z/r30,d3_at_q6_3/Z/r30,3,Z,30,q6_3,si1000,platt,0.02744835213961251,0.47210417941098476
patch,d3_at_q4_9/Z/r30,d3_at_q6_3/Z/r30,3,Z,30,q6_3,si1000,isotonic,0.02195808932464872,0.4736513623236053
patch,d3_at_q6_11/Z/r30,d3_at_q6_3/Z/r30,3,Z,30,q6_3,si1000,platt,0.019575765106427744,0.4703857877230975
patch,d3_at_q6_11/Z/r30,d3_at_q6_3/Z/r30,3,Z,30,q6_3,si1000,isotonic,0.02670255815697831,0.4714656445447563
patch,d3_at_q6_7/Z/r30,d3_at_q6_3/Z/r30,3,Z,30,q6_3,si1000,platt,0.018810816858216114,0.4703751159655485
patch,d3_at_q6_7/Z/r30,d3_at_q6_3/Z/r30,3,Z,30,q6_3,si1000,isotonic,0.027511875781780944,0.47130553567718925
patch,d3_at_q8_5/Z/r30,d3_at_q6_3/Z/r30,3,Z,30,q6_3,si1000,platt,0.040589158728952454,0.47581803790125365
patch,d3_at_q8_5/Z/r30,d3_at_q6_3/Z/r30,3,Z,30,q6_3,si1000,isotonic,0.038101984281679956,0.47695937486850115
patch,d3_at_q8_9/Z/r30,d3_at_q6_3/Z/r30,3,Z,30,q6_3,si1000,platt,0.024695970811278462,0.4716890446480428
patch,d3_at_q8_9/Z/r30,d3_at_q6_3/Z/r30,3,Z,30,q6_3,si1000,isotonic,0.026503666149151024,0.475179917922272
pooled,pool:d3/Z/r30 without q6_3 (8 patches),d3_at_q6_3/Z/r30,3,Z,30,q6_3,si1000,platt,0.019910448928665687,0.4704301409666582
pooled,pool:d3/Z/r30 without q6_3 (8 patches),d3_at_q6_3/Z/r30,3,Z,30,q6_3,si1000,isotonic,0.017372976797399835,0.47070860108125234
same,d3_at_q6_3/Z/r50,d3_at_q6_3/Z/r50,3,Z,50,q6_3,si1000,platt,0.01758769675407337,0.5260626599130789
same,d3_at_q6_3/Z/r50,d3_at_q6_3/Z/r50,3,Z,50,q6_3,si1000,isotonic,0.009288018901459564,0.5251387409200494
sim,sim:d3_at_q6_3/Z/r50,d3_at_q6_3/Z/r50,3,Z,50,q6_3,si1000,platt,0.10209993983717801,0.5931304232911587
sim,sim:d3_at_q6_3/Z/r50,d3_at_q6_3/Z/r50,3,Z,50,q6_3,si1000,isotonic,0.10243880907870019,0.5983671592027873
basis,d3_at_q6_3/X/r50,d3_at_q6_3/Z/r50,3,Z,50,q6_3,si1000,platt,0.019322375196579415,0.5268467799588281
basis,d3_at_q6_3/X/r50,d3_at_q6_3/Z/r50,3,Z,50,q6_3,si1000,isotonic,0.016747482271533255,0.5282938068628117
patch,d3_at_q10_7/Z/r50,d3_at_q6_3/Z/r50,3,Z,50,q6_3,si1000,platt,0.02064275323449624,0.5266586965253408
patch,d3_at_q10_7/Z/r50,d3_at_q6_3/Z/r50,3,Z,50,q6_3,si1000,isotonic,0.025043820928594623,0.5269802358019677
patch,d3_at_q2_7/Z/r50,d3_at_q6_3/Z/r50,3,Z,50,q6_3,si1000,platt,0.01574139775770112,0.5258482810606278
patch,d3_at_q2_7/Z/r50,d3_at_q6_3/Z/r50,3,Z,50,q6_3,si1000,isotonic,0.01775765473462847,0.5259811759591239
patch,d3_at_q4_5/Z/r50,d3_at_q6_3/Z/r50,3,Z,50,q6_3,si1000,platt,0.014510687405347774,0.5258865815802329
patch,d3_at_q4_5/Z/r50,d3_at_q6_3/Z/r50,3,Z,50,q6_3,si1000,isotonic,0.012201811231134256,0.5257012754172842
patch,d3_at_q4_9/Z/r50,d3_at_q6_3/Z/r50,3,Z,50,q6_3,si1000,platt,0.02070528122152009,0.5264844258882198
patch,d3_at_q4_9/Z/r50,d3_at_q6_3/Z/r50,3,Z,50,q6_3,si1000,isotonic,0.023745198753272162,0.5275074978714116
patch,d3_at_q6_11/Z/r50,d3_at_q6_3/Z/r50,3,Z,50,q6_3,si1000,platt,0.020833811586923948,0.5272883329723541
patch,d3_at_q6_11/Z/r50,d3_at_q6_3/Z/r50,3,Z,50,q6_3,si1000,isotonic,0.020327226400134915,0.5269512864765632
patch,d3_at_q6_7/Z/r50,d3_at_q6_3/Z/r50,3,Z,50,q6_3,si1000,platt,0.028507841464478982,0.5296073591902234
patch,d3_at_q6_7/Z/r50,d3_at_q6_3/Z/r50,3,Z,50,q6_3,si1000,isotonic,0.029948094101664043,0.5299567556741253
patch,d3_at_q8_5/Z/r50,d3_at_q6_3/Z/r50,3,Z,50,q6_3,si1000,platt,0.022303803712985674,0.5273575233609367
patch,d3_at_q8_5/Z/r50,d3_at_q6_3/Z/r50,3,Z,50,q6_3,si1000,isotonic,0.024671530986115457,0.5278092900030013
patch,d3_at_q8_9/Z/r50,d3_at_q6_3/Z/r50,3,Z,50,q6_3,si1000,platt,0.04096888863980321,0.5334260150814758
patch,d3_at_q8_9/Z/r50,d3_at_q6_3/Z/r50,3,Z,50,q6_3,si1000,isotonic,0.040955293461117044,0.5330737982449568
pooled,pool:d3/Z/r50 without q6_3 (8 patches),d3_at_q6_3/Z/r50,3,Z,50,q6_3,si1000,platt,0.01899800491280403,0.5267596702193836
pooled,pool:d3/Z/r50 without q6_3 (8 patches),d3_at_q6_3/Z/r50,3,Z,50,q6_3,si1000,isotonic,0.01996843570728058,0.5259734446000847
same,d3_at_q6_7/X/r01,d3_at_q6_7/X/r01,3,X,1,q6_7,si1000,platt,0.013921030210222174,0.05980091324447236
same,d3_at_q6_7/X/r01,d3_at_q6_7/X/r01,3,X,1,q6_7,si1000,isotonic,0.0014058597215611097,0.05528599093150607
sim,sim:d3_at_q6_7/X/r01,d3_at_q6_7/X/r01,3,X,1,q6_7,si1000,platt,0.015843306570559858,0.10635813062037185
sim,sim:d3_at_q6_7/X/r01,d3_at_q6_7/X/r01,3,X,1,q6_7,si1000,isotonic,0.01673612078071218,0.15103160767874305
basis,d3_at_q6_7/Z/r01,d3_at_q6_7/X/r01,3,X,1,q6_7,si1000,platt,0.010305365828427985,0.06702987555854417
basis,d3_at_q6_7/Z/r01,d3_at_q6_7/X/r01,3,X,1,q6_7,si1000,isotonic,0.009943950067074622,0.06579817552565619
patch,d3_at_q10_7/X/r01,d3_at_q6_7/X/r01,3,X,1,q6_7,si1000,platt,0.01204462790226541,0.07051266981614807
patch,d3_at_q10_7/X/r01,d3_at_q6_7/X/r01,3,X,1,q6_7,si1000,isotonic,0.011702752379578263,0.07379843399119161
patch,d3_at_q2_7/X/r01,d3_at_q6_7/X/r01,3,X,1,q6_7,si1000,platt,0.011213592868048003,0.07058114691519422
patch,d3_at_q2_7/X/r01,d3_at_q6_7/X/r01,3,X,1,q6_7,si1000,isotonic,0.010652160426429387,0.06929183232317684
patch,d3_at_q4_5/X/r01,d3_at_q6_7/X/r01,3,X,1,q6_7,si1000,platt,0.010401215970126174,0.06645280674453766
patch,d3_at_q4_5/X/r01,d3_at_q6_7/X/r01,3,X,1,q6_7,si1000,isotonic,0.009462004536767805,0.06323630310718903
patch,d3_at_q4_9/X/r01,d3_at_q6_7/X/r01,3,X,1,q6_7,si1000,platt,0.011362777371828605,0.06878775311223653
patch,d3_at_q4_9/X/r01,d3_at_q6_7/X/r01,3,X,1,q6_7,si1000,isotonic,0.01155626046674058,0.06785681350129431
patch,d3_at_q6_11/X/r01,d3_at_q6_7/X/r01,3,X,1,q6_7,si1000,platt,0.012002368094129318,0.07090470416179964
patch,d3_at_q6_11/X/r01,d3_at_q6_7/X/r01,3,X,1,q6_7,si1000,isotonic,0.01150747003011158,0.06896536590404133
patch,d3_at_q6_3/X/r01,d3_at_q6_7/X/r01,3,X,1,q6_7,si1000,platt,0.012386676515675989,0.06933242346532369
patch,d3_at_q6_3/X/r01,d3_at_q6_7/X/r01,3,X,1,q6_7,si1000,isotonic,0.011892986021006262,0.07216344992465692
patch,d3_at_q8_5/X/r01,d3_at_q6_7/X/r01,3,X,1,q6_7,si1000,platt,0.009956433899595997,0.06522956785457289
patch,d3_at_q8_5/X/r01,d3_at_q6_7/X/r01,3,X,1,q6_7,si1000,isotonic,0.00888132254808394,0.06942406652712907
patch,d3_at_q8_9/X/r01,d3_at_q6_7/X/r01,3,X,1,q6_7,si1000,platt,0.013978695971279756,0.05993930077990285
patch,d3_at_q8_9/X/r01,d3_at_q6_7/X/r01,3,X,1,q6_7,si1000,isotonic,0.017579899758624007,0.06592682652464776
pooled,pool:d3/X/r1 without q6_7 (8 patches),d3_at_q6_7/X/r01,3,X,1,q6_7,si1000,platt,0.009629957319282186,0.065212582773986
pooled,pool:d3/X/r1 without q6_7 (8 patches),d3_at_q6_7/X/r01,3,X,1,q6_7,si1000,isotonic,0.009854074085082562,0.06402740231921607
same,d3_at_q6_7/X/r10,d3_at_q6_7/X/r10,3,X,10,q6_7,si1000,platt,0.016889151849528158,0.30987998703643227
same,d3_at_q6_7/X/r10,d3_at_q6_7/X/r10,3,X,10,q6_7,si1000,isotonic,0.006454873644148397,0.3083878641511908
sim,sim:d3_at_q6_7/X/r10,d3_at_q6_7/X/r10,3,X,10,q6_7,si1000,platt,0.07027428866258009,0.3803103278537665
sim,sim:d3_at_q6_7/X/r10,d3_at_q6_7/X/r10,3,X,10,q6_7,si1000,isotonic,0.06921333625078131,0.38482055873278104
basis,d3_at_q6_7/Z/r10,d3_at_q6_7/X/r10,3,X,10,q6_7,si1000,platt,0.03216527273598348,0.3173593740355404
basis,d3_at_q6_7/Z/r10,d3_at_q6_7/X/r10,3,X,10,q6_7,si1000,isotonic,0.028484749417574874,0.3169141572032977
patch,d3_at_q10_7/X/r10,d3_at_q6_7/X/r10,3,X,10,q6_7,si1000,platt,0.030557775155885626,0.31936220545980953
patch,d3_at_q10_7/X/r10,d3_at_q6_7/X/r10,3,X,10,q6_7,si1000,isotonic,0.03047335377166741,0.319278426313228
patch,d3_at_q2_7/X/r10,d3_at_q6_7/X/r10,3,X,10,q6_7,si1000,platt,0.030243264068541862,0.3182790781556222
patch,d3_at_q2_7/X/r10,d3_at_q6_7/X/r10,3,X,10,q6_7,si1000,isotonic,0.030798204808007285,0.31851939043106114
patch,d3_at_q4_5/X/r10,d3_at_q6_7/X/r10,3,X,10,q6_7,si1000,platt,0.027144590383174575,0.31706408807435654
patch,d3_at_q4_5/X/r10,d3_at_q6_7/X/r10,3,X,10,q6_7,si1000,isotonic,0.03090543169955133,0.3171203608795289
patch,d3_at_q4_9/X/r10,d3_at_q6_7/X/r10,3,X,10,q6_7,si1000,platt,0.030683879835631502,0.3160036832704316
patch,d3_at_q4_9/X/r10,d3_at_q6_7/X/r10,3,X,10,q6_7,si1000,isotonic,0.0303557817337567,0.318147854738725
patch,d3_at_q6_11/X/r10,d3_at_q6_7/X/r10,3,X,10,q6_7,si1000,platt,0.030038575656384993,0.3168367023178842
patch,d3_at_q6_11/X/r10,d3_at_q6_7/X/r10,3,X,10,q6_7,si1000,isotonic,0.030131074426478905,0.3171543762204515
patch,d3_at_q6_3/X/r10,d3_at_q6_7/X/r10,3,X,10,q6_7,si1000,platt,0.036879707307899634,0.32280754879734636
patch,d3_at_q6_3/X/r10,d3_at_q6_7/X/r10,3,X,10,q6_7,si1000,isotonic,0.035442998714923145,0.32540721003626694
patch,d3_at_q8_5/X/r10,d3_at_q6_7/X/r10,3,X,10,q6_7,si1000,platt,0.02522670740229712,0.3154809683956261
patch,d3_at_q8_5/X/r10,d3_at_q6_7/X/r10,3,X,10,q6_7,si1000,isotonic,0.02666035307618848,0.3151045404787927
patch,d3_at_q8_9/X/r10,d3_at_q6_7/X/r10,3,X,10,q6_7,si1000,platt,0.02195242388160576,0.3104254395733145
patch,d3_at_q8_9/X/r10,d3_at_q6_7/X/r10,3,X,10,q6_7,si1000,isotonic,0.02098266306015531,0.31222813416646483
pooled,pool:d3/X/r10 without q6_7 (8 patches),d3_at_q6_7/X/r10,3,X,10,q6_7,si1000,platt,0.02660278365523383,0.3153110688824455
pooled,pool:d3/X/r10 without q6_7 (8 patches),d3_at_q6_7/X/r10,3,X,10,q6_7,si1000,isotonic,0.02650650127274796,0.3148112720656103
same,d3_at_q6_7/X/r30,d3_at_q6_7/X/r30,3,X,30,q6_7,si1000,platt,0.007956955823854651,0.5753123402714512
same,d3_at_q6_7/X/r30,d3_at_q6_7/X/r30,3,X,30,q6_7,si1000,isotonic,0.00922644287699501,0.5767109696882391
sim,sim:d3_at_q6_7/X/r30,d3_at_q6_7/X/r30,3,X,30,q6_7,si1000,platt,0.16667702566880316,0.7318956402677378
sim,sim:d3_at_q6_7/X/r30,d3_at_q6_7/X/r30,3,X,30,q6_7,si1000,isotonic,0.16380988545035519,0.7294481096957546
basis,d3_at_q6_7/Z/r30,d3_at_q6_7/X/r30,3,X,30,q6_7,si1000,platt,0.06395162466502298,0.5901254222845805
basis,d3_at_q6_7/Z/r30,d3_at_q6_7/X/r30,3,X,30,q6_7,si1000,isotonic,0.04839426654996543,0.5834350406136313
patch,d3_at_q10_7/X/r30,d3_at_q6_7/X/r30,3,X,30,q6_7,si1000,platt,0.06175194418389461,0.5876986261427682
patch,d3_at_q10_7/X/r30,d3_at_q6_7/X/r30,3,X,30,q6_7,si1000,isotonic,0.06196446687858416,0.5886565978269247
patch,d3_at_q2_7/X/r30,d3_at_q6_7/X/r30,3,X,30,q6_7,si1000,platt,0.06132094834666319,0.5913062296163663
patch,d3_at_q2_7/X/r30,d3_at_q6_7/X/r30,3,X,30,q6_7,si1000,isotonic,0.06251393659331095,0.5935323133296357
patch,d3_at_q4_5/X/r30,d3_at_q6_7/X/r30,3,X,30,q6_7,si1000,platt,0.052961477637418486,0.5888018277102682
patch,d3_at_q4_5/X/r30,d3_at_q6_7/X/r30,3,X,30,q6_7,si1000,isotonic,0.06219769489661701,0.593302717730328
patch,d3_at_q4_9/X/r30,d3_at_q6_7/X/r30,3,X,30,q6_7,si1000,platt,0.05711353278622078,0.584990818645571
patch,d3_at_q4_9/X/r30,d3_at_q6_7/X/r30,3,X,30,q6_7,si1000,isotonic,0.055900273343360764,0.5863932584437137
patch,d3_at_q6_11/X/r30,d3_at_q6_7/X/r30,3,X,30,q6_7,si1000,platt,0.054257483351569984,0.5855093653710405
patch,d3_at_q6_11/X/r30,d3_at_q6_7/X/r30,3,X,30,q6_7,si1000,isotonic,0.05312381322151672,0.5850666613885058
patch,d3_at_q6_3/X/r30,d3_at_q6_7/X/r30,3,X,30,q6_7,si1000,platt,0.05928773884536449,0.5865794671148243
patch,d3_at_q6_3/X/r30,d3_at_q6_7/X/r30,3,X,30,q6_7,si1000,isotonic,0.04713103870347677,0.5879280563586945
patch,d3_at_q8_5/X/r30,d3_at_q6_7/X/r30,3,X,30,q6_7,si1000,platt,0.04288203373623595,0.5808661994613891
patch,d3_at_q8_5/X/r30,d3_at_q6_7/X/r30,3,X,30,q6_7,si1000,isotonic,0.039081673467210545,0.5840544258490026
patch,d3_at_q8_9/X/r30,d3_at_q6_7/X/r30,3,X,30,q6_7,si1000,platt,0.015526563689993781,0.5759646854051435
patch,d3_at_q8_9/X/r30,d3_at_q6_7/X/r30,3,X,30,q6_7,si1000,isotonic,0.017643017108182512,0.5768130145260946
pooled,pool:d3/X/r30 without q6_7 (8 patches),d3_at_q6_7/X/r30,3,X,30,q6_7,si1000,platt,0.049712887870270096,0.5835811020148667
pooled,pool:d3/X/r30 without q6_7 (8 patches),d3_at_q6_7/X/r30,3,X,30,q6_7,si1000,isotonic,0.047840247722185966,0.5832457991754061
same,d3_at_q6_7/X/r50,d3_at_q6_7/X/r50,3,X,50,q6_7,si1000,platt,0.009551487213466924,0.6341140035674816
same,d3_at_q6_7/X/r50,d3_at_q6_7/X/r50,3,X,50,q6_7,si1000,isotonic,0.011907101591546657,0.6352643551895276
sim,sim:d3_at_q6_7/X/r50,d3_at_q6_7/X/r50,3,X,50,q6_7,si1000,platt,0.15812415790306386,0.7668237863941099
sim,sim:d3_at_q6_7/X/r50,d3_at_q6_7/X/r50,3,X,50,q6_7,si1000,isotonic,0.15508154076004138,0.7697735649061279
basis,d3_at_q6_7/Z/r50,d3_at_q6_7/X/r50,3,X,50,q6_7,si1000,platt,0.0452497661171535,0.6401677746787112
basis,d3_at_q6_7/Z/r50,d3_at_q6_7/X/r50,3,X,50,q6_7,si1000,isotonic,0.04356168883199834,0.6398285710985229
patch,d3_at_q10_7/X/r50,d3_at_q6_7/X/r50,3,X,50,q6_7,si1000,platt,0.05037957728238495,0.6446104115032587
patch,d3_at_q10_7/X/r50,d3_at_q6_7/X/r50,3,X,50,q6_7,si1000,isotonic,0.05601051389934304,0.6449901818372665
patch,d3_at_q2_7/X/r50,d3_at_q6_7/X/r50,3,X,50,q6_7,si1000,platt,0.04238328658319473,0.6413169526272313
patch,d3_at_q2_7/X/r50,d3_at_q6_7/X/r50,3,X,50,q6_7,si1000,isotonic,0.0461817306797698,0.6421914941651677
patch,d3_at_q4_5/X/r50,d3_at_q6_7/X/r50,3,X,50,q6_7,si1000,platt,0.042973861553023844,0.6411304059666952
patch,d3_at_q4_5/X/r50,d3_at_q6_7/X/r50,3,X,50,q6_7,si1000,isotonic,0.048333484013027096,0.643632147853808
patch,d3_at_q4_9/X/r50,d3_at_q6_7/X/r50,3,X,50,q6_7,si1000,platt,0.031177966715316762,0.6368470780043559
patch,d3_at_q4_9/X/r50,d3_at_q6_7/X/r50,3,X,50,q6_7,si1000,isotonic,0.028905158588295086,0.637152364041236
patch,d3_at_q6_11/X/r50,d3_at_q6_7/X/r50,3,X,50,q6_7,si1000,platt,0.04128609740665878,0.6394771721465229
patch,d3_at_q6_11/X/r50,d3_at_q6_7/X/r50,3,X,50,q6_7,si1000,isotonic,0.040948783648154526,0.6406982811332164
patch,d3_at_q6_3/X/r50,d3_at_q6_7/X/r50,3,X,50,q6_7,si1000,platt,0.0512397863766312,0.6444280994101538
patch,d3_at_q6_3/X/r50,d3_at_q6_7/X/r50,3,X,50,q6_7,si1000,isotonic,0.049649710201660334,0.6435248525377654
patch,d3_at_q8_5/X/r50,d3_at_q6_7/X/r50,3,X,50,q6_7,si1000,platt,0.033942832640976764,0.637957491846684
patch,d3_at_q8_5/X/r50,d3_at_q6_7/X/r50,3,X,50,q6_7,si1000,isotonic,0.03233748168525185,0.6397816096639152
patch,d3_at_q8_9/X/r50,d3_at_q6_7/X/r50,3,X,50,q6_7,si1000,platt,0.012736707788307584,0.6344264357212007
patch,d3_at_q8_9/X/r50,d3_at_q6_7/X/r50,3,X,50,q6_7,si1000,isotonic,0.012767079025477272,0.6363664460845609
pooled,pool:d3/X/r50 without q6_7 (8 patches),d3_at_q6_7/X/r50,3,X,50,q6_7,si1000,platt,0.03640469414537425,0.6390035877315442
pooled,pool:d3/X/r50 without q6_7 (8 patches),d3_at_q6_7/X/r50,3,X,50,q6_7,si1000,isotonic,0.03435343266041886,0.6385670596866544
same,d3_at_q6_7/Z/r01,d3_at_q6_7/Z/r01,3,Z,1,q6_7,si1000,platt,0.0006363822146023684,0.020109342634158284
same,d3_at_q6_7/Z/r01,d3_at_q6_7/Z/r01,3,Z,1,q6_7,si1000,isotonic,0.0008219715367338088,0.02001992682146529
sim,sim:d3_at_q6_7/Z/r01,d3_at_q6_7/Z/r01,3,Z,1,q6_7,si1000,platt,0.002697516189774428,0.02151573099106721
sim,sim:d3_at_q6_7/Z/r01,d3_at_q6_7/Z/r01,3,Z,1,q6_7,si1000,isotonic,0.002301336491337315,0.02406347399485261
basis,d3_at_q6_7/X/r01,d3_at_q6_7/Z/r01,3,Z,1,q6_7,si1000,platt,0.009931966883503538,0.025512524789684105
basis,d3_at_q6_7/X/r01,d3_at_q6_7/Z/r01,3,Z,1,q6_7,si1000,isotonic,0.009966227600712339,0.026020625013923646
patch,d3_at_q10_7/Z/r01,d3_at_q6_7/Z/r01,3,Z,1,q6_7,si1000,platt,0.0007339777825972807,0.020177621306290472
patch,d3_at_q10_7/Z/r01,d3_at_q6_7/Z/r01,3,Z,1,q6_7,si1000,isotonic,0.0014171151781799344,0.020698153195006216
patch,d3_at_q2_7/Z/r01,d3_at_q6_7/Z/r01,3,Z,1,q6_7,si1000,platt,0.0014160888029271415,0.020216480871893545
patch,d3_at_q2_7/Z/r01,d3_at_q6_7/Z/r01,3,Z,1,q6_7,si1000,isotonic,0.0024650782042171795,0.021860038345739918
patch,d3_at_q4_5/Z/r01,d3_at_q6_7/Z/r01,3,Z,1,q6_7,si1000,platt,0.0015564177152263042,0.02030061066897275
patch,d3_at_q4_5/Z/r01,d3_at_q6_7/Z/r01,3,Z,1,q6_7,si1000,isotonic,0.001107972460709167,0.02057280591150159
patch,d3_at_q4_9/Z/r01,d3_at_q6_7/Z/r01,3,Z,1,q6_7,si1000,platt,0.0007655514103113864,0.020173580610704716
patch,d3_at_q4_9/Z/r01,d3_at_q6_7/Z/r01,3,Z,1,q6_7,si1000,isotonic,0.0003499072072483254,0.020577333569335884
patch,d3_at_q6_11/Z/r01,d3_at_q6_7/Z/r01,3,Z,1,q6_7,si1000,platt,0.002132801889612354,0.020823832239533036
patch,d3_at_q6_11/Z/r01,d3_at_q6_7/Z/r01,3,Z,1,q6_7,si1000,isotonic,0.0021490481502879958,0.021656212894915008
patch,d3_at_q6_3/Z/r01,d3_at_q6_7/Z/r01,3,Z,1,q6_7,si1000,platt,0.0008972251872836319,0.02053238422150662
patch,d3_at_q6_3/Z/r01,d3_at_q6_7/Z/r01,3,Z,1,q6_7,si1000,isotonic,0.001316213041096887,0.02128442006501494
patch,d3_at_q8_5/Z/r01,d3_at_q6_7/Z/r01,3,Z,1,q6_7,si1000,platt,0.0018936851057353183,0.02052997285076329
patch,d3_at_q8_5/Z/r01,d3_at_q6_7/Z/r01,3,Z,1,q6_7,si1000,isotonic,0.0013780689342559967,0.025258885789283567
patch,d3_at_q8_9/Z/r01,d3_at_q6_7/Z/r01,3,Z,1,q6_7,si1000,platt,0.0006686049462113086,0.020060026137246896
patch,d3_at_q8_9/Z/r01,d3_at_q6_7/Z/r01,3,Z,1,q6_7,si1000,isotonic,0.0007012025528615576,0.020306406591412918
pooled,pool:d3/Z/r1 without q6_7 (8 patches),d3_at_q6_7/Z/r01,3,Z,1,q6_7,si1000,platt,0.0007011816626272114,0.020089955869559945
pooled,pool:d3/Z/r1 without q6_7 (8 patches),d3_at_q6_7/Z/r01,3,Z,1,q6_7,si1000,isotonic,0.0007605795493567291,0.020085872082121925
same,d3_at_q6_7/Z/r10,d3_at_q6_7/Z/r10,3,Z,10,q6_7,si1000,platt,0.01079977802303066,0.24177988000056047
same,d3_at_q6_7/Z/r10,d3_at_q6_7/Z/r10,3,Z,10,q6_7,si1000,isotonic,0.005506226586575627,0.2406480243614283
sim,sim:d3_at_q6_7/Z/r10,d3_at_q6_7/Z/r10,3,Z,10,q6_7,si1000,platt,0.042833324388081136,0.2731989559464923
sim,sim:d3_at_q6_7/Z/r10,d3_at_q6_7/Z/r10,3,Z,10,q6_7,si1000,isotonic,0.0425705088232256,0.28026155183587376
basis,d3_at_q6_7/X/r10,d3_at_q6_7/Z/r10,3,Z,10,q6_7,si1000,platt,0.03037013057901708,0.24754996197607926
basis,d3_at_q6_7/X/r10,d3_at_q6_7/Z/r10,3,Z,10,q6_7,si1000,isotonic,0.029747087797557237,0.24746007270208595
patch,d3_at_q10_7/Z/r10,d3_at_q6_7/Z/r10,3,Z,10,q6_7,si1000,platt,0.009193480639551782,0.24188698924893143
patch,d3_at_q10_7/Z/r10,d3_at_q6_7/Z/r10,3,Z,10,q6_7,si1000,isotonic,0.00790959180671425,0.242883721408084
patch,d3_at_q2_7/Z/r10,d3_at_q6_7/Z/r10,3,Z,10,q6_7,si1000,platt,0.0090134310441766,0.24228516875551964
patch,d3_at_q2_7/Z/r10,d3_at_q6_7/Z/r10,3,Z,10,q6_7,si1000,isotonic,0.006436073332527384,0.2425586473489036
patch,d3_at_q4_5/Z/r10,d3_at_q6_7/Z/r10,3,Z,10,q6_7,si1000,platt,0.009756356606131653,0.24279479994958802
patch,d3_at_q4_5/Z/r10,d3_at_q6_7/Z/r10,3,Z,10,q6_7,si1000,isotonic,0.010071341545999826,0.2418096981387193
patch,d3_at_q4_9/Z/r10,d3_at_q6_7/Z/r10,3,Z,10,q6_7,si1000,platt,0.010175389692462998,0.2422611195070035
patch,d3_at_q4_9/Z/r10,d3_at_q6_7/Z/r10,3,Z,10,q6_7,si1000,isotonic,0.008622582144550228,0.24371879551279135
patch,d3_at_q6_11/Z/r10,d3_at_q6_7/Z/r10,3,Z,10,q6_7,si1000,platt,0.008909473276476555,0.2429562567296329
patch,d3_at_q6_11/Z/r10,d3_at_q6_7/Z/r10,3,Z,10,q6_7,si1000,isotonic,0.009720981204028045,0.24379470023848393
patch,d3_at_q6_3/Z/r10,d3_at_q6_7/Z/r10,3,Z,10,q6_7,si1000,platt,0.013119097409117953,0.24425289245112058
patch,d3_at_q6_3/Z/r10,d3_at_q6_7/Z/r10,3,Z,10,q6_7,si1000,isotonic,0.016497994915328298,0.2485374194198698
patch,d3_at_q8_5/Z/r10,d3_at_q6_7/Z/r10,3,Z,10,q6_7,si1000,platt,0.010362865586235866,0.24337221150445276
patch,d3_at_q8_5/Z/r10,d3_at_q6_7/Z/r10,3,Z,10,q6_7,si1000,isotonic,0.010748061489782466,0.24374011784599084
patch,d3_at_q8_9/Z/r10,d3_at_q6_7/Z/r10,3,Z,10,q6_7,si1000,platt,0.011920104560318641,0.2419871300910724
patch,d3_at_q8_9/Z/r10,d3_at_q6_7/Z/r10,3,Z,10,q6_7,si1000,isotonic,0.013810641670281095,0.2453563806149418
pooled,pool:d3/Z/r10 without q6_7 (8 patches),d3_at_q6_7/Z/r10,3,Z,10,q6_7,si1000,platt,0.009009862061286292,0.2422793397009132
pooled,pool:d3/Z/r10 without q6_7 (8 patches),d3_at_q6_7/Z/r10,3,Z,10,q6_7,si1000,isotonic,0.006461926565499849,0.24229559147422838
same,d3_at_q6_7/Z/r30,d3_at_q6_7/Z/r30,3,Z,30,q6_7,si1000,platt,0.010829169633092519,0.508090696537402
same,d3_at_q6_7/Z/r30,d3_at_q6_7/Z/r30,3,Z,30,q6_7,si1000,isotonic,0.00911881593682817,0.5072562274375556
sim,sim:d3_at_q6_7/Z/r30,d3_at_q6_7/Z/r30,3,Z,30,q6_7,si1000,platt,0.10645478891535688,0.5772873855114029
sim,sim:d3_at_q6_7/Z/r30,d3_at_q6_7/Z/r30,3,Z,30,q6_7,si1000,isotonic,0.10514200384522375,0.5796188460611686
basis,d3_at_q6_7/X/r30,d3_at_q6_7/Z/r30,3,Z,30,q6_7,si1000,platt,0.052624159210614196,0.516884221891996
basis,d3_at_q6_7/X/r30,d3_at_q6_7/Z/r30,3,Z,30,q6_7,si1000,isotonic,0.05756528881325432,0.5399492984647952
patch,d3_at_q10_7/Z/r30,d3_at_q6_7/Z/r30,3,Z,30,q6_7,si1000,platt,0.02182670414238667,0.5102275608371565
patch,d3_at_q10_7/Z/r30,d3_at_q6_7/Z/r30,3,Z,30,q6_7,si1000,isotonic,0.026764975161840333,0.5121648358174692
patch,d3_at_q2_7/Z/r30,d3_at_q6_7/Z/r30,3,Z,30,q6_7,si1000,platt,0.02393319953463342,0.5105860505512545
patch,d3_at_q2_7/Z/r30,d3_at_q6_7/Z/r30,3,Z,30,q6_7,si1000,isotonic,0.02564938688448617,0.5124849442442181
patch,d3_at_q4_5/Z/r30,d3_at_q6_7/Z/r30,3,Z,30,q6_7,si1000,platt,0.02329620979903118,0.5104678184667971
patch,d3_at_q4_5/Z/r30,d3_at_q6_7/Z/r30,3,Z,30,q6_7,si1000,isotonic,0.022507768972637475,0.5127800323058316
patch,d3_at_q4_9/Z/r30,d3_at_q6_7/Z/r30,3,Z,30,q6_7,si1000,platt,0.02553649617742587,0.5101280784050011
patch,d3_at_q4_9/Z/r30,d3_at_q6_7/Z/r30,3,Z,30,q6_7,si1000,isotonic,0.02311721167347097,0.510930796538647
patch,d3_at_q6_11/Z/r30,d3_at_q6_7/Z/r30,3,Z,30,q6_7,si1000,platt,0.012885086894295935,0.5082540743637605
patch,d3_at_q6_11/Z/r30,d3_at_q6_7/Z/r30,3,Z,30,q6_7,si1000,isotonic,0.013654187055280783,0.5079378691366593
patch,d3_at_q6_3/Z/r30,d3_at_q6_7/Z/r30,3,Z,30,q6_7,si1000,platt,0.013788892652738152,0.5083689729889544
patch,d3_at_q6_3/Z/r30,d3_at_q6_7/Z/r30,3,Z,30,q6_7,si1000,isotonic,0.019214454484123684,0.5102622142563319
patch,d3_at_q8_5/Z/r30,d3_at_q6_7/Z/r30,3,Z,30,q6_7,si1000,platt,0.04088461979545575,0.5127177241411578
patch,d3_at_q8_5/Z/r30,d3_at_q6_7/Z/r30,3,Z,30,q6_7,si1000,isotonic,0.03780475204536411,0.5135852351877306
patch,d3_at_q8_9/Z/r30,d3_at_q6_7/Z/r30,3,Z,30,q6_7,si1000,platt,0.01444745454846176,0.5084740768111392
patch,d3_at_q8_9/Z/r30,d3_at_q6_7/Z/r30,3,Z,30,q6_7,si1000,isotonic,0.022253101075453606,0.51158391186345
pooled,pool:d3/Z/r30 without q6_7 (8 patches),d3_at_q6_7/Z/r30,3,Z,30,q6_7,si1000,platt,0.013611595249795116,0.5083509402059206
pooled,pool:d3/Z/r30 without q6_7 (8 patches),d3_at_q6_7/Z/r30,3,Z,30,q6_7,si1000,isotonic,0.012090625987866215,0.5089174007658827
same,d3_at_q6_7/Z/r50,d3_at_q6_7/Z/r50,3,Z,50,q6_7,si1000,platt,0.02108476588492497,0.5951330023196683
same,d3_at_q6_7/Z/r50,d3_at_q6_7/Z/r50,3,Z,50,q6_7,si1000,isotonic,0.008602971887751693,0.5939490806027067
sim,sim:d3_at_q6_7/Z/r50,d3_at_q6_7/Z/r50,3,Z,50,q6_7,si1000,platt,0.1351768125568538,0.6880649847134287
sim,sim:d3_at_q6_7/Z/r50,d3_at_q6_7/Z/r50,3,Z,50,q6_7,si1000,isotonic,0.151424316914258,0.7017345608345252
basis,d3_at_q6_7/X/r50,d3_at_q6_7/Z/r50,3,Z,50,q6_7,si1000,platt,0.04506042870140109,0.6019461042153068
basis,d3_at_q6_7/X/r50,d3_at_q6_7/Z/r50,3,Z,50,q6_7,si1000,isotonic,0.06027221754333332,0.643036266206934
patch,d3_at_q10_7/Z/r50,d3_at_q6_7/Z/r50,3,Z,50,q6_7,si1000,platt,0.02319826887430614,0.5958845495705699
patch,d3_at_q10_7/Z/r50,d3_at_q6_7/Z/r50,3,Z,50,q6_7,si1000,isotonic,0.023393528137207915,0.5960590591829183
patch,d3_at_q2_7/Z/r50,d3_at_q6_7/Z/r50,3,Z,50,q6_7,si1000,platt,0.032392514923953286,0.5978471240130863
patch,d3_at_q2_7/Z/r50,d3_at_q6_7/Z/r50,3,Z,50,q6_7,si1000,isotonic,0.03470132774300797,0.5984049374320795
patch,d3_at_q4_5/Z/r50,d3_at_q6_7/Z/r50,3,Z,50,q6_7,si1000,platt,0.03538339937528777,0.5981637769142213
patch,d3_at_q4_5/Z/r50,d3_at_q6_7/Z/r50,3,Z,50,q6_7,si1000,isotonic,0.03443753000534436,0.5990986584838778
patch,d3_at_q4_9/Z/r50,d3_at_q6_7/Z/r50,3,Z,50,q6_7,si1000,platt,0.02747234871713692,0.5963812971275801
patch,d3_at_q4_9/Z/r50,d3_at_q6_7/Z/r50,3,Z,50,q6_7,si1000,isotonic,0.02360344659317138,0.5962869432286504
patch,d3_at_q6_11/Z/r50,d3_at_q6_7/Z/r50,3,Z,50,q6_7,si1000,platt,0.02052172103106592,0.5953232644409164
patch,d3_at_q6_11/Z/r50,d3_at_q6_7/Z/r50,3,Z,50,q6_7,si1000,isotonic,0.019520337530642872,0.5951263246018305
patch,d3_at_q6_3/Z/r50,d3_at_q6_7/Z/r50,3,Z,50,q6_7,si1000,platt,0.036600922560536625,0.5982492589186086
patch,d3_at_q6_3/Z/r50,d3_at_q6_7/Z/r50,3,Z,50,q6_7,si1000,isotonic,0.03605741948764618,0.5987542495735343
patch,d3_at_q8_5/Z/r50,d3_at_q6_7/Z/r50,3,Z,50,q6_7,si1000,platt,0.02313791799722386,0.5954899692891094
patch,d3_at_q8_5/Z/r50,d3_at_q6_7/Z/r50,3,Z,50,q6_7,si1000,isotonic,0.03582221407115331,0.5991559207006738
patch,d3_at_q8_9/Z/r50,d3_at_q6_7/Z/r50,3,Z,50,q6_7,si1000,platt,0.02638102255653971,0.5958327851551218
patch,d3_at_q8_9/Z/r50,d3_at_q6_7/Z/r50,3,Z,50,q6_7,si1000,isotonic,0.026585408685590197,0.5974211405409312
pooled,pool:d3/Z/r50 without q6_7 (8 patches),d3_at_q6_7/Z/r50,3,Z,50,q6_7,si1000,platt,0.02489141040691542,0.5959949064038055
pooled,pool:d3/Z/r50 without q6_7 (8 patches),d3_at_q6_7/Z/r50,3,Z,50,q6_7,si1000,isotonic,0.02310787864837262,0.5956127603525585
same,d3_at_q8_5/X/r01,d3_at_q8_5/X/r01,3,X,1,q8_5,si1000,platt,0.0010140886538251021,0.01935615883982327
same,d3_at_q8_5/X/r01,d3_at_q8_5/X/r01,3,X,1,q8_5,si1000,isotonic,0.0007592168627783603,0.021178170693076495
sim,sim:d3_at_q8_5/X/r01,d3_at_q8_5/X/r01,3,X,1,q8_5,si1000,platt,0.002622681952111432,0.02122875577683488
sim,sim:d3_at_q8_5/X/r01,d3_at_q8_5/X/r01,3,X,1,q8_5,si1000,isotonic,0.0026789810775763342,0.021830399096014752
basis,d3_at_q8_5/Z/r01,d3_at_q8_5/X/r01,3,X,1,q8_5,si1000,platt,0.0019649797517808706,0.01987181129060751
basis,d3_at_q8_5/Z/r01,d3_at_q8_5/X/r01,3,X,1,q8_5,si1000,isotonic,0.0018575082726808067,0.022209599720611317
patch,d3_at_q10_7/X/r01,d3_at_q8_5/X/r01,3,X,1,q8_5,si1000,platt,0.0011165877455453644,0.019547469297874112
patch,d3_at_q10_7/X/r01,d3_at_q8_5/X/r01,3,X,1,q8_5,si1000,isotonic,0.0010960171676562016,0.01977335976230178
patch,d3_at_q2_7/X/r01,d3_at_q8_5/X/r01,3,X,1,q8_5,si1000,platt,0.0007222555080212516,0.019653774134716015
patch,d3_at_q2_7/X/r01,d3_at_q8_5/X/r01,3,X,1,q8_5,si1000,isotonic,0.0006685743861230281,0.01986904225076803
patch,d3_at_q4_5/X/r01,d3_at_q8_5/X/r01,3,X,1,q8_5,si1000,platt,0.00036808790498717343,0.019288937929168932
patch,d3_at_q4_5/X/r01,d3_at_q8_5/X/r01,3,X,1,q8_5,si1000,isotonic,0.0007426156677523645,0.01969732524887601
patch,d3_at_q4_9/X/r01,d3_at_q8_5/X/r01,3,X,1,q8_5,si1000,platt,0.0006891571425818167,0.019402419054330593
patch,d3_at_q4_9/X/r01,d3_at_q8_5/X/r01,3,X,1,q8_5,si1000,isotonic,0.0009345084814727649,0.019997409547327857
patch,d3_at_q6_11/X/r01,d3_at_q8_5/X/r01,3,X,1,q8_5,si1000,platt,0.0011186052935773625,0.019602185630076516
patch,d3_at_q6_11/X/r01,d3_at_q8_5/X/r01,3,X,1,q8_5,si1000,isotonic,0.001069685071350828,0.020404477049429784
patch,d3_at_q6_3/X/r01,d3_at_q8_5/X/r01,3,X,1,q8_5,si1000,platt,0.0012108638500861512,0.0194210967775895
patch,d3_at_q6_3/X/r01,d3_at_q8_5/X/r01,3,X,1,q8_5,si1000,isotonic,0.0010476640447693072,0.019964690974022946
patch,d3_at_q6_7/X/r01,d3_at_q8_5/X/r01,3,X,1,q8_5,si1000,platt,0.007576237223889423,0.022761221734038332
patch,d3_at_q6_7/X/r01,d3_at_q8_5/X/r01,3,X,1,q8_5,si1000,isotonic,0.007896666046327156,0.023247950808006915
patch,d3_at_q8_9/X/r01,d3_at_q8_5/X/r01,3,X,1,q8_5,si1000,platt,0.006686996625755795,0.022086523970529674
patch,d3_at_q8_9/X/r01,d3_at_q8_5/X/r01,3,X,1,q8_5,si1000,isotonic,0.006636485958806618,0.023054512390127995
pooled,pool:d3/X/r1 without q8_5 (8 patches),d3_at_q8_5/X/r01,3,X,1,q8_5,si1000,platt,0.0018203369462385698,0.01951672315709739
pooled,pool:d3/X/r1 without q8_5 (8 patches),d3_at_q8_5/X/r01,3,X,1,q8_5,si1000,isotonic,0.0018069295615955239,0.01941848169815008
same,d3_at_q8_5/X/r10,d3_at_q8_5/X/r10,3,X,10,q8_5,si1000,platt,0.0055167515375354765,0.20654843288727895
same,d3_at_q8_5/X/r10,d3_at_q8_5/X/r10,3,X,10,q8_5,si1000,isotonic,0.00359089365162223,0.20512737789822527
sim,sim:d3_at_q8_5/X/r10,d3_at_q8_5/X/r10,3,X,10,q8_5,si1000,platt,0.03702617567455173,0.23813778159519036
sim,sim:d3_at_q8_5/X/r10,d3_at_q8_5/X/r10,3,X,10,q8_5,si1000,isotonic,0.03685969767905693,0.24170169458044274
basis,d3_at_q8_5/Z/r10,d3_at_q8_5/X/r10,3,X,10,q8_5,si1000,platt,0.011841520579814404,0.2085035579216198
basis,d3_at_q8_5/Z/r10,d3_at_q8_5/X/r10,3,X,10,q8_5,si1000,isotonic,0.009156537128190863,0.209399240403159
patch,d3_at_q10_7/X/r10,d3_at_q8_5/X/r10,3,X,10,q8_5,si1000,platt,0.006451671192363796,0.2068760194672692
patch,d3_at_q10_7/X/r10,d3_at_q8_5/X/r10,3,X,10,q8_5,si1000,isotonic,0.007415371997421666,0.2076387094088648
patch,d3_at_q2_7/X/r10,d3_at_q8_5/X/r10,3,X,10,q8_5,si1000,platt,0.005092911545024688,0.20668272717153782
patch,d3_at_q2_7/X/r10,d3_at_q8_5/X/r10,3,X,10,q8_5,si1000,isotonic,0.006727106990579627,0.20676442745351703
patch,d3_at_q4_5/X/r10,d3_at_q8_5/X/r10,3,X,10,q8_5,si1000,platt,0.006143996180521917,0.2066151502551315
patch,d3_at_q4_5/X/r10,d3_at_q8_5/X/r10,3,X,10,q8_5,si1000,isotonic,0.006334703010747696,0.2059117240036124
patch,d3_at_q4_9/X/r10,d3_at_q8_5/X/r10,3,X,10,q8_5,si1000,platt,0.006830339833150325,0.2068209085558484
patch,d3_at_q4_9/X/r10,d3_at_q8_5/X/r10,3,X,10,q8_5,si1000,isotonic,0.006107195360541068,0.2065779079755976
patch,d3_at_q6_11/X/r10,d3_at_q8_5/X/r10,3,X,10,q8_5,si1000,platt,0.004830148431276813,0.2065711913369648
patch,d3_at_q6_11/X/r10,d3_at_q8_5/X/r10,3,X,10,q8_5,si1000,isotonic,0.006321530927847523,0.20659953885581775
patch,d3_at_q6_3/X/r10,d3_at_q8_5/X/r10,3,X,10,q8_5,si1000,platt,0.00849915450545822,0.20750577421868555
patch,d3_at_q6_3/X/r10,d3_at_q8_5/X/r10,3,X,10,q8_5,si1000,isotonic,0.008990339207181498,0.20950275486017075
patch,d3_at_q6_7/X/r10,d3_at_q8_5/X/r10,3,X,10,q8_5,si1000,platt,0.022311148036510357,0.21058564515044625
patch,d3_at_q6_7/X/r10,d3_at_q8_5/X/r10,3,X,10,q8_5,si1000,isotonic,0.023570787612776513,0.21025783426675257
patch,d3_at_q8_9/X/r10,d3_at_q8_5/X/r10,3,X,10,q8_5,si1000,platt,0.02325313966784335,0.21256526934694012
patch,d3_at_q8_9/X/r10,d3_at_q8_5/X/r10,3,X,10,q8_5,si1000,isotonic,0.024549792474319952,0.21229955593994854
pooled,pool:d3/X/r10 without q8_5 (8 patches),d3_at_q8_5/X/r10,3,X,10,q8_5,si1000,platt,0.0055978586768668775,0.20669942442681413
pooled,pool:d3/X/r10 without q8_5 (8 patches),d3_at_q8_5/X/r10,3,X,10,q8_5,si1000,isotonic,0.003984385228465876,0.20579584674796222
same,d3_at_q8_5/X/r30,d3_at_q8_5/X/r30,3,X,30,q8_5,si1000,platt,0.021562005116771095,0.5150760440430735
same,d3_at_q8_5/X/r30,d3_at_q8_5/X/r30,3,X,30,q8_5,si1000,isotonic,0.010968912993066043,0.5116807158824686
sim,sim:d3_at_q8_5/X/r30,d3_at_q8_5/X/r30,3,X,30,q8_5,si1000,platt,0.11668367460269337,0.6185104510589153
sim,sim:d3_at_q8_5/X/r30,d3_at_q8_5/X/r30,3,X,30,q8_5,si1000,isotonic,0.11551265555932783,0.6239345317452983
basis,d3_at_q8_5/Z/r30,d3_at_q8_5/X/r30,3,X,30,q8_5,si1000,platt,0.03542148126019792,0.5174632855650793
basis,d3_at_q8_5/Z/r30,d3_at_q8_5/X/r30,3,X,30,q8_5,si1000,isotonic,0.032298120480930136,0.5192340913960958
patch,d3_at_q10_7/X/r30,d3_at_q8_5/X/r30,3,X,30,q8_5,si1000,platt,0.019284989959826016,0.5163075138760007
patch,d3_at_q10_7/X/r30,d3_at_q8_5/X/r30,3,X,30,q8_5,si1000,isotonic,0.023181004496713297,0.516560057606409
patch,d3_at_q2_7/X/r30,d3_at_q8_5/X/r30,3,X,30,q8_5,si1000,platt,0.03176563779699049,0.518994471484453
patch,d3_at_q2_7/X/r30,d3_at_q8_5/X/r30,3,X,30,q8_5,si1000,isotonic,0.0375925120738924,0.5218950066938494
patch,d3_at_q4_5/X/r30,d3_at_q8_5/X/r30,3,X,30,q8_5,si1000,platt,0.03781454269418035,0.5192973998835356
patch,d3_at_q4_5/X/r30,d3_at_q8_5/X/r30,3,X,30,q8_5,si1000,isotonic,0.03989783777712513,0.5201848355940685
patch,d3_at_q4_9/X/r30,d3_at_q8_5/X/r30,3,X,30,q8_5,si1000,platt,0.017375240516785163,0.5152927981138853
patch,d3_at_q4_9/X/r30,d3_at_q8_5/X/r30,3,X,30,q8_5,si1000,isotonic,0.020003776562541088,0.5128639552277994
patch,d3_at_q6_11/X/r30,d3_at_q8_5/X/r30,3,X,30,q8_5,si1000,platt,0.02225058066089068,0.5160747034448431
patch,d3_at_q6_11/X/r30,d3_at_q8_5/X/r30,3,X,30,q8_5,si1000,isotonic,0.02124928598432056,0.5160051477657828
patch,d3_at_q6_3/X/r30,d3_at_q8_5/X/r30,3,X,30,q8_5,si1000,platt,0.01880881460386739,0.5159565932861133
patch,d3_at_q6_3/X/r30,d3_at_q8_5/X/r30,3,X,30,q8_5,si1000,isotonic,0.034896451464662415,0.5228891535674547
patch,d3_at_q6_7/X/r30,d3_at_q8_5/X/r30,3,X,30,q8_5,si1000,platt,0.04176359818191696,0.5193493555038521
patch,d3_at_q6_7/X/r30,d3_at_q8_5/X/r30,3,X,30,q8_5,si1000,isotonic,0.04267410115046816,0.522123160923366
patch,d3_at_q8_9/X/r30,d3_at_q8_5/X/r30,3,X,30,q8_5,si1000,platt,0.044504950985614654,0.5211303349781945
patch,d3_at_q8_9/X/r30,d3_at_q8_5/X/r30,3,X,30,q8_5,si1000,isotonic,0.04557819518440176,0.5219414800552571
pooled,pool:d3/X/r30 without q8_5 (8 patches),d3_at_q8_5/X/r30,3,X,30,q8_5,si1000,platt,0.0226415351429729,0.5154290309036069
pooled,pool:d3/X/r30 without q8_5 (8 patches),d3_at_q8_5/X/r30,3,X,30,q8_5,si1000,isotonic,0.02489196062444929,0.5152569145035766
same,d3_at_q8_5/X/r50,d3_at_q8_5/X/r50,3,X,50,q8_5,si1000,platt,0.016983527058035235,0.5673710336814639
same,d3_at_q8_5/X/r50,d3_at_q8_5/X/r50,3,X,50,q8_5,si1000,isotonic,0.013024470339499038,0.5652714201092537
sim,sim:d3_at_q8_5/X/r50,d3_at_q8_5/X/r50,3,X,50,q8_5,si1000,platt,0.12840718973809093,0.6772006283609144
sim,sim:d3_at_q8_5/X/r50,d3_at_q8_5/X/r50,3,X,50,q8_5,si1000,isotonic,0.12800700007365026,0.6859608659389553
basis,d3_at_q8_5/Z/r50,d3_at_q8_5/X/r50,3,X,50,q8_5,si1000,platt,0.02661799031733969,0.5684540166541594
basis,d3_at_q8_5/Z/r50,d3_at_q8_5/X/r50,3,X,50,q8_5,si1000,isotonic,0.03706018265206086,0.5722828551517045
patch,d3_at_q10_7/X/r50,d3_at_q8_5/X/r50,3,X,50,q8_5,si1000,platt,0.02701511036041526,0.5689383368284139
patch,d3_at_q10_7/X/r50,d3_at_q8_5/X/r50,3,X,50,q8_5,si1000,isotonic,0.030654373820889664,0.5690569173969059
patch,d3_at_q2_7/X/r50,d3_at_q8_5/X/r50,3,X,50,q8_5,si1000,platt,0.02032856717116116,0.567826034512057
patch,d3_at_q2_7/X/r50,d3_at_q8_5/X/r50,3,X,50,q8_5,si1000,isotonic,0.02249493478392933,0.5681049715539221
patch,d3_at_q4_5/X/r50,d3_at_q8_5/X/r50,3,X,50,q8_5,si1000,platt,0.02779903143141558,0.5690812062166865
patch,d3_at_q4_5/X/r50,d3_at_q8_5/X/r50,3,X,50,q8_5,si1000,isotonic,0.03145488782933936,0.5681270391461932
patch,d3_at_q4_9/X/r50,d3_at_q8_5/X/r50,3,X,50,q8_5,si1000,platt,0.019583555558493865,0.5676858095304121
patch,d3_at_q4_9/X/r50,d3_at_q8_5/X/r50,3,X,50,q8_5,si1000,isotonic,0.020236618043775766,0.5671888987685262
patch,d3_at_q6_11/X/r50,d3_at_q8_5/X/r50,3,X,50,q8_5,si1000,platt,0.01850441272409659,0.5673703341128448
patch,d3_at_q6_11/X/r50,d3_at_q8_5/X/r50,3,X,50,q8_5,si1000,isotonic,0.02379886550051699,0.5682433825359816
patch,d3_at_q6_3/X/r50,d3_at_q8_5/X/r50,3,X,50,q8_5,si1000,platt,0.02641672399933829,0.5687903437411486
patch,d3_at_q6_3/X/r50,d3_at_q8_5/X/r50,3,X,50,q8_5,si1000,isotonic,0.020878920303923992,0.5704399250239468
patch,d3_at_q6_7/X/r50,d3_at_q8_5/X/r50,3,X,50,q8_5,si1000,platt,0.046621992950659844,0.5739035389980621
patch,d3_at_q6_7/X/r50,d3_at_q8_5/X/r50,3,X,50,q8_5,si1000,isotonic,0.043845251590496535,0.5746905398249426
patch,d3_at_q8_9/X/r50,d3_at_q8_5/X/r50,3,X,50,q8_5,si1000,platt,0.05016472475269453,0.5744719139370664
patch,d3_at_q8_9/X/r50,d3_at_q8_5/X/r50,3,X,50,q8_5,si1000,isotonic,0.04716104447880327,0.5727796515233999
pooled,pool:d3/X/r50 without q8_5 (8 patches),d3_at_q8_5/X/r50,3,X,50,q8_5,si1000,platt,0.017274428835363086,0.567396616105186
pooled,pool:d3/X/r50 without q8_5 (8 patches),d3_at_q8_5/X/r50,3,X,50,q8_5,si1000,isotonic,0.018751538452301184,0.5670606527141044
same,d3_at_q8_5/Z/r01,d3_at_q8_5/Z/r01,3,Z,1,q8_5,si1000,platt,0.00040213396070184354,0.012944195086422559
same,d3_at_q8_5/Z/r01,d3_at_q8_5/Z/r01,3,Z,1,q8_5,si1000,isotonic,0.0004029370924641194,0.01491260311629826
sim,sim:d3_at_q8_5/Z/r01,d3_at_q8_5/Z/r01,3,Z,1,q8_5,si1000,platt,0.0009339403344058967,0.013585251274093598
sim,sim:d3_at_q8_5/Z/r01,d3_at_q8_5/Z/r01,3,Z,1,q8_5,si1000,isotonic,0.000437555314718864,0.014388816147618244
basis,d3_at_q8_5/X/r01,d3_at_q8_5/Z/r01,3,Z,1,q8_5,si1000,platt,0.002378967098360994,0.013497605093108787
basis,d3_at_q8_5/X/r01,d3_at_q8_5/Z/r01,3,Z,1,q8_5,si1000,isotonic,0.0022887845747329234,0.013805008543074666
patch,d3_at_q10_7/Z/r01,d3_at_q8_5/Z/r01,3,Z,1,q8_5,si1000,platt,0.0018234799084900241,0.013260207090208769
patch,d3_at_q10_7/Z/r01,d3_at_q8_5/Z/r01,3,Z,1,q8_5,si1000,isotonic,0.0019280719253816636,0.013213388916556509
patch,d3_at_q2_7/Z/r01,d3_at_q8_5/Z/r01,3,Z,1,q8_5,si1000,platt,0.0023358329821466244,0.013449625303775576
patch,d3_at_q2_7/Z/r01,d3_at_q8_5/Z/r01,3,Z,1,q8_5,si1000,isotonic,0.002695995248303695,0.014669683001706138
patch,d3_at_q4_5/Z/r01,d3_at_q8_5/Z/r01,3,Z,1,q8_5,si1000,platt,0.000181697234660792,0.012915919309425223
patch,d3_at_q4_5/Z/r01,d3_at_q8_5/Z/r01,3,Z,1,q8_5,si1000,isotonic,0.0005758148503011427,0.012928045798402437
patch,d3_at_q4_9/Z/r01,d3_at_q8_5/Z/r01,3,Z,1,q8_5,si1000,platt,0.000821627157933087,0.012975449919737892
patch,d3_at_q4_9/Z/r01,d3_at_q8_5/Z/r01,3,Z,1,q8_5,si1000,isotonic,0.0012075931540775782,0.012966285573794981
patch,d3_at_q6_11/Z/r01,d3_at_q8_5/Z/r01,3,Z,1,q8_5,si1000,platt,0.0005583302432656126,0.013039294531144715
patch,d3_at_q6_11/Z/r01,d3_at_q8_5/Z/r01,3,Z,1,q8_5,si1000,isotonic,0.0002836514925053139,0.012952260045616431
patch,d3_at_q6_3/Z/r01,d3_at_q8_5/Z/r01,3,Z,1,q8_5,si1000,platt,0.0005961928363108411,0.01330163335975725
patch,d3_at_q6_3/Z/r01,d3_at_q8_5/Z/r01,3,Z,1,q8_5,si1000,isotonic,0.0003612977143348202,0.013331719007191167
patch,d3_at_q6_7/Z/r01,d3_at_q8_5/Z/r01,3,Z,1,q8_5,si1000,platt,0.0017583988049528292,0.013213972390758938
patch,d3_at_q6_7/Z/r01,d3_at_q8_5/Z/r01,3,Z,1,q8_5,si1000,isotonic,0.001605212491427455,0.013184076535642558
patch,d3_at_q8_9/Z/r01,d3_at_q8_5/Z/r01,3,Z,1,q8_5,si1000,platt,0.0008126989643747753,0.012974285339348636
patch,d3_at_q8_9/Z/r01,d3_at_q8_5/Z/r01,3,Z,1,q8_5,si1000,isotonic,0.0007683310819043542,0.012897612347695663
pooled,pool:d3/Z/r1 without q8_5 (8 patches),d3_at_q8_5/Z/r01,3,Z,1,q8_5,si1000,platt,0.001038177892653773,0.01299079281537281
pooled,pool:d3/Z/r1 without q8_5 (8 patches),d3_at_q8_5/Z/r01,3,Z,1,q8_5,si1000,isotonic,0.0010281402572216284,0.01276199575961695
same,d3_at_q8_5/Z/r10,d3_at_q8_5/Z/r10,3,Z,10,q8_5,si1000,platt,0.003194205879797058,0.1802899317449243
same,d3_at_q8_5/Z/r10,d3_at_q8_5/Z/r10,3,Z,10,q8_5,si1000,isotonic,0.00312522437815561,0.18012912514988705
sim,sim:d3_at_q8_5/Z/r10,d3_at_q8_5/Z/r10,3,Z,10,q8_5,si1000,platt,0.031284750706521335,0.19860233946676248
sim,sim:d3_at_q8_5/Z/r10,d3_at_q8_5/Z/r10,3,Z,10,q8_5,si1000,isotonic,0.03041334679484366,0.1999471021238947
basis,d3_at_q8_5/X/r10,d3_at_q8_5/Z/r10,3,Z,10,q8_5,si1000,platt,0.011651948764735527,0.18158643966364102
basis,d3_at_q8_5/X/r10,d3_at_q8_5/Z/r10,3,Z,10,q8_5,si1000,isotonic,0.008600937337175072,0.1822180570525795
patch,d3_at_q10_7/Z/r10,d3_at_q8_5/Z/r10,3,Z,10,q8_5,si1000,platt,0.006575771255367495,0.18070484155586994
patch,d3_at_q10_7/Z/r10,d3_at_q8_5/Z/r10,3,Z,10,q8_5,si1000,isotonic,0.008320639111441352,0.18291530653973423
patch,d3_at_q2_7/Z/r10,d3_at_q8_5/Z/r10,3,Z,10,q8_5,si1000,platt,0.0034732140836504317,0.18028669754464785
patch,d3_at_q2_7/Z/r10,d3_at_q8_5/Z/r10,3,Z,10,q8_5,si1000,isotonic,0.004332008080377354,0.18042697995535262
patch,d3_at_q4_5/Z/r10,d3_at_q8_5/Z/r10,3,Z,10,q8_5,si1000,platt,0.005761528479676155,0.18043919380729212
patch,d3_at_q4_5/Z/r10,d3_at_q8_5/Z/r10,3,Z,10,q8_5,si1000,isotonic,0.006121832614808062,0.18047155964072087
patch,d3_at_q4_9/Z/r10,d3_at_q8_5/Z/r10,3,Z,10,q8_5,si1000,platt,0.004527623955468226,0.18033357133454242
patch,d3_at_q4_9/Z/r10,d3_at_q8_5/Z/r10,3,Z,10,q8_5,si1000,isotonic,0.0034525779211271746,0.18038358006110744
patch,d3_at_q6_11/Z/r10,d3_at_q8_5/Z/r10,3,Z,10,q8_5,si1000,platt,0.0038109879655409116,0.18029346972808502
patch,d3_at_q6_11/Z/r10,d3_at_q8_5/Z/r10,3,Z,10,q8_5,si1000,isotonic,0.006110617894095703,0.1812390590748638
patch,d3_at_q6_3/Z/r10,d3_at_q8_5/Z/r10,3,Z,10,q8_5,si1000,platt,0.005274080471378249,0.1805303767781443
patch,d3_at_q6_3/Z/r10,d3_at_q8_5/Z/r10,3,Z,10,q8_5,si1000,isotonic,0.006885338011251844,0.18153077702178969
patch,d3_at_q6_7/Z/r10,d3_at_q8_5/Z/r10,3,Z,10,q8_5,si1000,platt,0.00812682884911839,0.1810634998547005
patch,d3_at_q6_7/Z/r10,d3_at_q8_5/Z/r10,3,Z,10,q8_5,si1000,isotonic,0.007629408482456341,0.18206004557913438
patch,d3_at_q8_9/Z/r10,d3_at_q8_5/Z/r10,3,Z,10,q8_5,si1000,platt,0.010854049435900969,0.18194908412319766
patch,d3_at_q8_9/Z/r10,d3_at_q8_5/Z/r10,3,Z,10,q8_5,si1000,isotonic,0.011893137804365024,0.18292902634291447
pooled,pool:d3/Z/r10 without q8_5 (8 patches),d3_at_q8_5/Z/r10,3,Z,10,q8_5,si1000,platt,0.004049661351357424,0.18038233818846372
pooled,pool:d3/Z/r10 without q8_5 (8 patches),d3_at_q8_5/Z/r10,3,Z,10,q8_5,si1000,isotonic,0.0038197446216057325,0.17998552702651777
same,d3_at_q8_5/Z/r30,d3_at_q8_5/Z/r30,3,Z,30,q8_5,si1000,platt,0.036389842463268485,0.5868605087508807
same,d3_at_q8_5/Z/r30,d3_at_q8_5/Z/r30,3,Z,30,q8_5,si1000,isotonic,0.007618895783778971,0.5834350291138097
sim,sim:d3_at_q8_5/Z/r30,d3_at_q8_5/Z/r30,3,Z,30,q8_5,si1000,platt,0.16344204534389478,0.7237140606006077
sim,sim:d3_at_q8_5/Z/r30,d3_at_q8_5/Z/r30,3,Z,30,q8_5,si1000,isotonic,0.15853060981611164,0.7183696898422001
basis,d3_at_q8_5/X/r30,d3_at_q8_5/Z/r30,3,Z,30,q8_5,si1000,platt,0.03988697060946874,0.5889300492544536
basis,d3_at_q8_5/X/r30,d3_at_q8_5/Z/r30,3,Z,30,q8_5,si1000,isotonic,0.04301923995914946,0.5987502694708314
patch,d3_at_q10_7/Z/r30,d3_at_q8_5/Z/r30,3,Z,30,q8_5,si1000,platt,0.07342197649105839,0.6007292494217751
patch,d3_at_q10_7/Z/r30,d3_at_q8_5/Z/r30,3,Z,30,q8_5,si1000,isotonic,0.059765064071012106,0.5988672246795875
patch,d3_at_q2_7/Z/r30,d3_at_q8_5/Z/r30,3,Z,30,q8_5,si1000,platt,0.0754790870693718,0.6018263870332514
patch,d3_at_q2_7/Z/r30,d3_at_q8_5/Z/r30,3,Z,30,q8_5,si1000,isotonic,0.06529172408943526,0.6004215531961472
patch,d3_at_q4_5/Z/r30,d3_at_q8_5/Z/r30,3,Z,30,q8_5,si1000,platt,0.07363832145494462,0.6009146999574099
patch,d3_at_q4_5/Z/r30,d3_at_q8_5/Z/r30,3,Z,30,q8_5,si1000,isotonic,0.061642737302838924,0.6001112561884181
patch,d3_at_q4_9/Z/r30,d3_at_q8_5/Z/r30,3,Z,30,q8_5,si1000,platt,0.07498209328924159,0.6017619097358877
patch,d3_at_q4_9/Z/r30,d3_at_q8_5/Z/r30,3,Z,30,q8_5,si1000,isotonic,0.06167380619812109,0.5975016096578325
patch,d3_at_q6_11/Z/r30,d3_at_q8_5/Z/r30,3,Z,30,q8_5,si1000,platt,0.05916908084359734,0.5943062569294704
patch,d3_at_q6_11/Z/r30,d3_at_q8_5/Z/r30,3,Z,30,q8_5,si1000,isotonic,0.06724553753317972,0.5977898327975069
patch,d3_at_q6_3/Z/r30,d3_at_q8_5/Z/r30,3,Z,30,q8_5,si1000,platt,0.06047118610492382,0.5948050058276256
patch,d3_at_q6_3/Z/r30,d3_at_q8_5/Z/r30,3,Z,30,q8_5,si1000,isotonic,0.05232266014349393,0.5932530915503578
patch,d3_at_q6_7/Z/r30,d3_at_q8_5/Z/r30,3,Z,30,q8_5,si1000,platt,0.05873200321539497,0.5941661478624063
patch,d3_at_q6_7/Z/r30,d3_at_q8_5/Z/r30,3,Z,30,q8_5,si1000,isotonic,0.059566345786890525,0.5975945948682864
patch,d3_at_q8_9/Z/r30,d3_at_q8_5/Z/r30,3,Z,30,q8_5,si1000,platt,0.046186188925736,0.5910540640061474
patch,d3_at_q8_9/Z/r30,d3_at_q8_5/Z/r30,3,Z,30,q8_5,si1000,isotonic,0.043361858276951215,0.591718504053759
pooled,pool:d3/Z/r30 without q8_5 (8 patches),d3_at_q8_5/Z/r30,3,Z,30,q8_5,si1000,platt,0.06552364684304646,0.5968791874067201
pooled,pool:d3/Z/r30 without q8_5 (8 patches),d3_at_q8_5/Z/r30,3,Z,30,q8_5,si1000,isotonic,0.06020768202731174,0.5953918677389191
same,d3_at_q8_5/Z/r50,d3_at_q8_5/Z/r50,3,Z,50,q8_5,si1000,platt,0.024734708556632835,0.5593464806877814
same,d3_at_q8_5/Z/r50,d3_at_q8_5/Z/r50,3,Z,50,q8_5,si1000,isotonic,0.012308651751452517,0.5568999108546744
sim,sim:d3_at_q8_5/Z/r50,d3_at_q8_5/Z/r50,3,Z,50,q8_5,si1000,platt,0.11668541994671652,0.6448440744929144
sim,sim:d3_at_q8_5/Z/r50,d3_at_q8_5/Z/r50,3,Z,50,q8_5,si1000,isotonic,0.1258626533370924,0.6513144235077076
basis,d3_at_q8_5/X/r50,d3_at_q8_5/Z/r50,3,Z,50,q8_5,si1000,platt,0.03100979335902655,0.5611091590552821
basis,d3_at_q8_5/X/r50,d3_at_q8_5/Z/r50,3,Z,50,q8_5,si1000,isotonic,0.0362337319040807,0.583360130042324
patch,d3_at_q10_7/Z/r50,d3_at_q8_5/Z/r50,3,Z,50,q8_5,si1000,platt,0.03086268748953911,0.5601459284964023
patch,d3_at_q10_7/Z/r50,d3_at_q8_5/Z/r50,3,Z,50,q8_5,si1000,isotonic,0.040822186507780106,0.5623957817300616
patch,d3_at_q2_7/Z/r50,d3_at_q8_5/Z/r50,3,Z,50,q8_5,si1000,platt,0.0333526995081136,0.5609492234051461
patch,d3_at_q2_7/Z/r50,d3_at_q8_5/Z/r50,3,Z,50,q8_5,si1000,isotonic,0.041994332728483456,0.5637744301173981
patch,d3_at_q4_5/Z/r50,d3_at_q8_5/Z/r50,3,Z,50,q8_5,si1000,platt,0.031889822380035626,0.5608400336808804
patch,d3_at_q4_5/Z/r50,d3_at_q8_5/Z/r50,3,Z,50,q8_5,si1000,isotonic,0.029714998899004905,0.5603258545827186
patch,d3_at_q4_9/Z/r50,d3_at_q8_5/Z/r50,3,Z,50,q8_5,si1000,platt,0.025998988355605948,0.559504993240927
patch,d3_at_q4_9/Z/r50,d3_at_q8_5/Z/r50,3,Z,50,q8_5,si1000,isotonic,0.0211771154794811,0.5584126741587275
patch,d3_at_q6_11/Z/r50,d3_at_q8_5/Z/r50,3,Z,50,q8_5,si1000,platt,0.027854059661421335,0.559712351970994
patch,d3_at_q6_11/Z/r50,d3_at_q8_5/Z/r50,3,Z,50,q8_5,si1000,isotonic,0.03092000579936272,0.5605498525037822
patch,d3_at_q6_3/Z/r50,d3_at_q8_5/Z/r50,3,Z,50,q8_5,si1000,platt,0.029858920496129208,0.5606014105034426
patch,d3_at_q6_3/Z/r50,d3_at_q8_5/Z/r50,3,Z,50,q8_5,si1000,isotonic,0.025579447990659806,0.5602680188603437
patch,d3_at_q6_7/Z/r50,d3_at_q8_5/Z/r50,3,Z,50,q8_5,si1000,platt,0.025830480661821465,0.5600087642770921
patch,d3_at_q6_7/Z/r50,d3_at_q8_5/Z/r50,3,Z,50,q8_5,si1000,isotonic,0.02699275564931971,0.5607568875896782
patch,d3_at_q8_9/Z/r50,d3_at_q8_5/Z/r50,3,Z,50,q8_5,si1000,platt,0.032217665470582454,0.5620634701515287
patch,d3_at_q8_9/Z/r50,d3_at_q8_5/Z/r50,3,Z,50,q8_5,si1000,isotonic,0.03182245687298153,0.5610950599382827
pooled,pool:d3/Z/r50 without q8_5 (8 patches),d3_at_q8_5/Z/r50,3,Z,50,q8_5,si1000,platt,0.027567327939150458,0.5595786178875962
pooled,pool:d3/Z/r50 without q8_5 (8 patches),d3_at_q8_5/Z/r50,3,Z,50,q8_5,si1000,isotonic,0.027567200453480788,0.5589675238371565
same,d3_at_q8_9/X/r01,d3_at_q8_9/X/r01,3,X,1,q8_9,si1000,platt,0.001282196656035153,0.0528315297374749
same,d3_at_q8_9/X/r01,d3_at_q8_9/X/r01,3,X,1,q8_9,si1000,isotonic,0.0008372846867496789,0.048975820413716835
sim,sim:d3_at_q8_9/X/r01,d3_at_q8_9/X/r01,3,X,1,q8_9,si1000,platt,0.015212006807383771,0.0795402541290321
sim,sim:d3_at_q8_9/X/r01,d3_at_q8_9/X/r01,3,X,1,q8_9,si1000,isotonic,0.015229611899519924,0.08188354340857963
basis,d3_at_q8_9/Z/r01,d3_at_q8_9/X/r01,3,X,1,q8_9,si1000,platt,0.011474741980115276,0.06316899307449302
basis,d3_at_q8_9/Z/r01,d3_at_q8_9/X/r01,3,X,1,q8_9,si1000,isotonic,0.011425406988280783,0.06226477974594989
patch,d3_at_q10_7/X/r01,d3_at_q8_9/X/r01,3,X,1,q8_9,si1000,platt,0.011592329086489979,0.06234101296988289
patch,d3_at_q10_7/X/r01,d3_at_q8_9/X/r01,3,X,1,q8_9,si1000,isotonic,0.011655981622904397,0.06285993774632413
patch,d3_at_q2_7/X/r01,d3_at_q8_9/X/r01,3,X,1,q8_9,si1000,platt,0.010977823905879093,0.06195984939694031
patch,d3_at_q2_7/X/r01,d3_at_q8_9/X/r01,3,X,1,q8_9,si1000,isotonic,0.01110937795325223,0.0641954509712124
patch,d3_at_q4_5/X/r01,d3_at_q8_9/X/r01,3,X,1,q8_9,si1000,platt,0.010062811847737333,0.05877840014865633
patch,d3_at_q4_5/X/r01,d3_at_q8_9/X/r01,3,X,1,q8_9,si1000,isotonic,0.009509391328697712,0.0583485705880698
patch,d3_at_q4_9/X/r01,d3_at_q8_9/X/r01,3,X,1,q8_9,si1000,platt,0.010968384695426686,0.06078995892209279
patch,d3_at_q4_9/X/r01,d3_at_q8_9/X/r01,3,X,1,q8_9,si1000,isotonic,0.011266429735585877,0.061076972896425774
patch,d3_at_q6_11/X/r01,d3_at_q8_9/X/r01,3,X,1,q8_9,si1000,platt,0.011586884262357669,0.06259614715303723
patch,d3_at_q6_11/X/r01,d3_at_q8_9/X/r01,3,X,1,q8_9,si1000,isotonic,0.01159608732679347,0.06265799275381587
patch,d3_at_q6_3/X/r01,d3_at_q8_9/X/r01,3,X,1,q8_9,si1000,platt,0.011765003315311601,0.06171274319226412
patch,d3_at_q6_3/X/r01,d3_at_q8_9/X/r01,3,X,1,q8_9,si1000,isotonic,0.011753083269646015,0.06722572673028793
patch,d3_at_q6_7/X/r01,d3_at_q8_9/X/r01,3,X,1,q8_9,si1000,platt,0.0008378022152304686,0.05291954520422545
patch,d3_at_q6_7/X/r01,d3_at_q8_9/X/r01,3,X,1,q8_9,si1000,isotonic,0.0014599381023466306,0.05160581368027881
patch,d3_at_q8_5/X/r01,d3_at_q8_9/X/r01,3,X,1,q8_9,si1000,platt,0.009083370579781343,0.057514394678219616
patch,d3_at_q8_5/X/r01,d3_at_q8_9/X/r01,3,X,1,q8_9,si1000,isotonic,0.00919697804523035,0.06042446931309623
pooled,pool:d3/X/r1 without q8_9 (8 patches),d3_at_q8_9/X/r01,3,X,1,q8_9,si1000,platt,0.009095917103514015,0.057148427396326876
pooled,pool:d3/X/r1 without q8_9 (8 patches),d3_at_q8_9/X/r01,3,X,1,q8_9,si1000,isotonic,0.009037997429332695,0.05631909691703989
same,d3_at_q8_9/X/r10,d3_at_q8_9/X/r10,3,X,10,q8_9,si1000,platt,0.017409963196643462,0.31405006489808573
same,d3_at_q8_9/X/r10,d3_at_q8_9/X/r10,3,X,10,q8_9,si1000,isotonic,0.005274809479092526,0.31098319374075023
sim,sim:d3_at_q8_9/X/r10,d3_at_q8_9/X/r10,3,X,10,q8_9,si1000,platt,0.06694365595436459,0.38592211506766033
sim,sim:d3_at_q8_9/X/r10,d3_at_q8_9/X/r10,3,X,10,q8_9,si1000,isotonic,0.06687572626552164,0.39430779765540147
basis,d3_at_q8_9/Z/r10,d3_at_q8_9/X/r10,3,X,10,q8_9,si1000,platt,0.026883989786334325,0.3184931336475372
basis,d3_at_q8_9/Z/r10,d3_at_q8_9/X/r10,3,X,10,q8_9,si1000,isotonic,0.02355627405537304,0.3218177341148307
patch,d3_at_q10_7/X/r10,d3_at_q8_9/X/r10,3,X,10,q8_9,si1000,platt,0.030171995541420096,0.32351706384135603
patch,d3_at_q10_7/X/r10,d3_at_q8_9/X/r10,3,X,10,q8_9,si1000,isotonic,0.03295689786683362,0.3265403444208952
patch,d3_at_q2_7/X/r10,d3_at_q8_9/X/r10,3,X,10,q8_9,si1000,platt,0.029708871178907095,0.3222851754935023
patch,d3_at_q2_7/X/r10,d3_at_q8_9/X/r10,3,X,10,q8_9,si1000,isotonic,0.030560133266526686,0.3250455935713782
patch,d3_at_q4_5/X/r10,d3_at_q8_9/X/r10,3,X,10,q8_9,si1000,platt,0.028037963928380184,0.3213339021499886
patch,d3_at_q4_5/X/r10,d3_at_q8_9/X/r10,3,X,10,q8_9,si1000,isotonic,0.029282604811526284,0.32309981241625474
patch,d3_at_q4_9/X/r10,d3_at_q8_9/X/r10,3,X,10,q8_9,si1000,platt,0.028680471999144017,0.3192605759613296
patch,d3_at_q4_9/X/r10,d3_at_q8_9/X/r10,3,X,10,q8_9,si1000,isotonic,0.02965395068363799,0.32065681056688833
patch,d3_at_q6_11/X/r10,d3_at_q8_9/X/r10,3,X,10,q8_9,si1000,platt,0.029040776457027455,0.3205385089877238
patch,d3_at_q6_11/X/r10,d3_at_q8_9/X/r10,3,X,10,q8_9,si1000,isotonic,0.02771263440049123,0.32204097237796353
patch,d3_at_q6_3/X/r10,d3_at_q8_9/X/r10,3,X,10,q8_9,si1000,platt,0.03362182804305819,0.32645641231157435
patch,d3_at_q6_3/X/r10,d3_at_q8_9/X/r10,3,X,10,q8_9,si1000,isotonic,0.03692840727695072,0.3317291571165701
patch,d3_at_q6_7/X/r10,d3_at_q8_9/X/r10,3,X,10,q8_9,si1000,platt,0.017066502478611474,0.3148719992244477
patch,d3_at_q6_7/X/r10,d3_at_q8_9/X/r10,3,X,10,q8_9,si1000,isotonic,0.01603002765094973,0.3151748656526864
patch,d3_at_q8_5/X/r10,d3_at_q8_9/X/r10,3,X,10,q8_9,si1000,platt,0.026603175403680006,0.3196847839439994
patch,d3_at_q8_5/X/r10,d3_at_q8_9/X/r10,3,X,10,q8_9,si1000,isotonic,0.026134444882562124,0.319996987533729
pooled,pool:d3/X/r10 without q8_9 (8 patches),d3_at_q8_9/X/r10,3,X,10,q8_9,si1000,platt,0.026868773721601135,0.31963377632407974
pooled,pool:d3/X/r10 without q8_9 (8 patches),d3_at_q8_9/X/r10,3,X,10,q8_9,si1000,isotonic,0.025780998147425467,0.31998947031479036
same,d3_at_q8_9/X/r30,d3_at_q8_9/X/r30,3,X,30,q8_9,si1000,platt,0.014277325951438817,0.584327066331041
same,d3_at_q8_9/X/r30,d3_at_q8_9/X/r30,3,X,30,q8_9,si1000,isotonic,0.01106759006047286,0.5838663520922055
sim,sim:d3_at_q8_9/X/r30,d3_at_q8_9/X/r30,3,X,30,q8_9,si1000,platt,0.1502237320004286,0.7328659377628236
sim,sim:d3_at_q8_9/X/r30,d3_at_q8_9/X/r30,3,X,30,q8_9,si1000,isotonic,0.14865146373494245,0.7376933833438544
basis,d3_at_q8_9/Z/r30,d3_at_q8_9/X/r30,3,X,30,q8_9,si1000,platt,0.04307677204440584,0.5913701468538347
basis,d3_at_q8_9/Z/r30,d3_at_q8_9/X/r30,3,X,30,q8_9,si1000,isotonic,0.03228762632844002,0.5884700865572707
patch,d3_at_q10_7/X/r30,d3_at_q8_9/X/r30,3,X,30,q8_9,si1000,platt,0.050876788398327044,0.5957067093850829
patch,d3_at_q10_7/X/r30,d3_at_q8_9/X/r30,3,X,30,q8_9,si1000,isotonic,0.0517744009408931,0.5962154001464267
patch,d3_at_q2_7/X/r30,d3_at_q8_9/X/r30,3,X,30,q8_9,si1000,platt,0.05131348257911224,0.600274025873393
patch,d3_at_q2_7/X/r30,d3_at_q8_9/X/r30,3,X,30,q8_9,si1000,isotonic,0.05711528608909369,0.6020719680363701
patch,d3_at_q4_5/X/r30,d3_at_q8_9/X/r30,3,X,30,q8_9,si1000,platt,0.05155962416043199,0.5989288833542393
patch,d3_at_q4_5/X/r30,d3_at_q8_9/X/r30,3,X,30,q8_9,si1000,isotonic,0.06889107856078938,0.6033353264956206
patch,d3_at_q4_9/X/r30,d3_at_q8_9/X/r30,3,X,30,q8_9,si1000,platt,0.04668802500187228,0.5928288676956363
patch,d3_at_q4_9/X/r30,d3_at_q8_9/X/r30,3,X,30,q8_9,si1000,isotonic,0.048006250377633314,0.5934872139984361
patch,d3_at_q6_11/X/r30,d3_at_q8_9/X/r30,3,X,30,q8_9,si1000,platt,0.04302305777087808,0.5941361548534334
patch,d3_at_q6_11/X/r30,d3_at_q8_9/X/r30,3,X,30,q8_9,si1000,isotonic,0.04431490764293071,0.5945166645587295
patch,d3_at_q6_3/X/r30,d3_at_q8_9/X/r30,3,X,30,q8_9,si1000,platt,0.04845293488945993,0.5946612672798118
patch,d3_at_q6_3/X/r30,d3_at_q8_9/X/r30,3,X,30,q8_9,si1000,isotonic,0.04579850519979987,0.5964768453219713
patch,d3_at_q6_7/X/r30,d3_at_q8_9/X/r30,3,X,30,q8_9,si1000,platt,0.019698471227496378,0.584878063649429
patch,d3_at_q6_7/X/r30,d3_at_q8_9/X/r30,3,X,30,q8_9,si1000,isotonic,0.017005388326781362,0.5868060444885983
patch,d3_at_q8_5/X/r30,d3_at_q8_9/X/r30,3,X,30,q8_9,si1000,platt,0.032461824247259304,0.5895319230271947
patch,d3_at_q8_5/X/r30,d3_at_q8_9/X/r30,3,X,30,q8_9,si1000,isotonic,0.039391384571508474,0.5907129933663645
pooled,pool:d3/X/r30 without q8_9 (8 patches),d3_at_q8_9/X/r30,3,X,30,q8_9,si1000,platt,0.03827508731906338,0.5926031807801219
pooled,pool:d3/X/r30 without q8_9 (8 patches),d3_at_q8_9/X/r30,3,X,30,q8_9,si1000,isotonic,0.03870150291314622,0.592120494564977
same,d3_at_q8_9/X/r50,d3_at_q8_9/X/r50,3,X,50,q8_9,si1000,platt,0.022677565682649378,0.6511146029054307
same,d3_at_q8_9/X/r50,d3_at_q8_9/X/r50,3,X,50,q8_9,si1000,isotonic,0.014771717220998754,0.650904688714543
sim,sim:d3_at_q8_9/X/r50,d3_at_q8_9/X/r50,3,X,50,q8_9,si1000,platt,0.16122933259054784,0.801396033821735
sim,sim:d3_at_q8_9/X/r50,d3_at_q8_9/X/r50,3,X,50,q8_9,si1000,isotonic,0.1621793373622771,0.8075225433654301
basis,d3_at_q8_9/Z/r50,d3_at_q8_9/X/r50,3,X,50,q8_9,si1000,platt,0.04368742839670289,0.6563741311472282
basis,d3_at_q8_9/Z/r50,d3_at_q8_9/X/r50,3,X,50,q8_9,si1000,isotonic,0.03690810975779131,0.6560574431457032
patch,d3_at_q10_7/X/r50,d3_at_q8_9/X/r50,3,X,50,q8_9,si1000,platt,0.058777358635756304,0.6664241662937871
patch,d3_at_q10_7/X/r50,d3_at_q8_9/X/r50,3,X,50,q8_9,si1000,isotonic,0.06274200158064823,0.66674904016788
patch,d3_at_q2_7/X/r50,d3_at_q8_9/X/r50,3,X,50,q8_9,si1000,platt,0.05352301860588996,0.6625038801226779
patch,d3_at_q2_7/X/r50,d3_at_q8_9/X/r50,3,X,50,q8_9,si1000,isotonic,0.05869599925195508,0.664548768620411
patch,d3_at_q4_5/X/r50,d3_at_q8_9/X/r50,3,X,50,q8_9,si1000,platt,0.058460918210263835,0.662647024739377
patch,d3_at_q4_5/X/r50,d3_at_q8_9/X/r50,3,X,50,q8_9,si1000,isotonic,0.05735518835296208,0.6642665090587911
patch,d3_at_q4_9/X/r50,d3_at_q8_9/X/r50,3,X,50,q8_9,si1000,platt,0.04281515701958779,0.6563929455251464
patch,d3_at_q4_9/X/r50,d3_at_q8_9/X/r50,3,X,50,q8_9,si1000,isotonic,0.03939692179139952,0.6565944432269539
patch,d3_at_q6_11/X/r50,d3_at_q8_9/X/r50,3,X,50,q8_9,si1000,platt,0.05021414256402716,0.6599137245744755
patch,d3_at_q6_11/X/r50,d3_at_q8_9/X/r50,3,X,50,q8_9,si1000,isotonic,0.052342324189340296,0.6609227394488036
patch,d3_at_q6_3/X/r50,d3_at_q8_9/X/r50,3,X,50,q8_9,si1000,platt,0.05881252381952528,0.6661447885527118
patch,d3_at_q6_3/X/r50,d3_at_q8_9/X/r50,3,X,50,q8_9,si1000,isotonic,0.05638710682016782,0.665993915070004
patch,d3_at_q6_7/X/r50,d3_at_q8_9/X/r50,3,X,50,q8_9,si1000,platt,0.022082433002755787,0.6511436764480127
patch,d3_at_q6_7/X/r50,d3_at_q8_9/X/r50,3,X,50,q8_9,si1000,isotonic,0.02546560174671713,0.6529283880672748
patch,d3_at_q8_5/X/r50,d3_at_q8_9/X/r50,3,X,50,q8_9,si1000,platt,0.045807595921030654,0.6580680588947228
patch,d3_at_q8_5/X/r50,d3_at_q8_9/X/r50,3,X,50,q8_9,si1000,isotonic,0.045171090106274264,0.6585241592919733
pooled,pool:d3/X/r50 without q8_9 (8 patches),d3_at_q8_9/X/r50,3,X,50,q8_9,si1000,platt,0.04848004174588997,0.6594529857403111
pooled,pool:d3/X/r50 without q8_9 (8 patches),d3_at_q8_9/X/r50,3,X,50,q8_9,si1000,isotonic,0.045776508893281484,0.6591729841183015
same,d3_at_q8_9/Z/r01,d3_at_q8_9/Z/r01,3,Z,1,q8_9,si1000,platt,0.0003230983559985318,0.021798630843722123
same,d3_at_q8_9/Z/r01,d3_at_q8_9/Z/r01,3,Z,1,q8_9,si1000,isotonic,0.0006474623254822999,0.02146060436070889
sim,sim:d3_at_q8_9/Z/r01,d3_at_q8_9/Z/r01,3,Z,1,q8_9,si1000,platt,0.0024494672911604177,0.022792332128269394
sim,sim:d3_at_q8_9/Z/r01,d3_at_q8_9/Z/r01,3,Z,1,q8_9,si1000,isotonic,0.0024720446291945667,0.02423628720991472
basis,d3_at_q8_9/X/r01,d3_at_q8_9/Z/r01,3,Z,1,q8_9,si1000,platt,0.010121643985543693,0.026944040968250062
basis,d3_at_q8_9/X/r01,d3_at_q8_9/Z/r01,3,Z,1,q8_9,si1000,isotonic,0.011690893690687931,0.028706785624336876
patch,d3_at_q10_7/Z/r01,d3_at_q8_9/Z/r01,3,Z,1,q8_9,si1000,platt,0.001196962526865974,0.02193912332437592
patch,d3_at_q10_7/Z/r01,d3_at_q8_9/Z/r01,3,Z,1,q8_9,si1000,isotonic,0.0015299841311719254,0.021858298140245765
patch,d3_at_q2_7/Z/r01,d3_at_q8_9/Z/r01,3,Z,1,q8_9,si1000,platt,0.001996697381538687,0.022081696096224103
patch,d3_at_q2_7/Z/r01,d3_at_q8_9/Z/r01,3,Z,1,q8_9,si1000,isotonic,0.00404779794233733,0.025151517215706864
patch,d3_at_q4_5/Z/r01,d3_at_q8_9/Z/r01,3,Z,1,q8_9,si1000,platt,0.0013434797219373585,0.021954165512041695
patch,d3_at_q4_5/Z/r01,d3_at_q8_9/Z/r01,3,Z,1,q8_9,si1000,isotonic,0.0005896310927676735,0.022241648599606447
patch,d3_at_q4_9/Z/r01,d3_at_q8_9/Z/r01,3,Z,1,q8_9,si1000,platt,0.0007334495478500304,0.021833567635060832
patch,d3_at_q4_9/Z/r01,d3_at_q8_9/Z/r01,3,Z,1,q8_9,si1000,isotonic,0.0002571630923779457,0.021458212078727435
patch,d3_at_q6_11/Z/r01,d3_at_q8_9/Z/r01,3,Z,1,q8_9,si1000,platt,0.0020743531730611697,0.02238708103320327
patch,d3_at_q6_11/Z/r01,d3_at_q8_9/Z/r01,3,Z,1,q8_9,si1000,isotonic,0.0016623410737213603,0.02267755437628462
patch,d3_at_q6_3/Z/r01,d3_at_q8_9/Z/r01,3,Z,1,q8_9,si1000,platt,0.0005309168029178701,0.022379409887633345
patch,d3_at_q6_3/Z/r01,d3_at_q8_9/Z/r01,3,Z,1,q8_9,si1000,isotonic,0.0008918771172368895,0.02391327141061681
patch,d3_at_q6_7/Z/r01,d3_at_q8_9/Z/r01,3,Z,1,q8_9,si1000,platt,0.001104766887423312,0.021885331045429363
patch,d3_at_q6_7/Z/r01,d3_at_q8_9/Z/r01,3,Z,1,q8_9,si1000,isotonic,0.0010611340882406603,0.02201047874289627
patch,d3_at_q8_5/Z/r01,d3_at_q8_9/Z/r01,3,Z,1,q8_9,si1000,platt,0.0017452562405871398,0.022129818454297814
patch,d3_at_q8_5/Z/r01,d3_at_q8_9/Z/r01,3,Z,1,q8_9,si1000,isotonic,0.0012192431199870935,0.0255139229072988
pooled,pool:d3/Z/r1 without q8_9 (8 patches),d3_at_q8_9/Z/r01,3,Z,1,q8_9,si1000,platt,0.0004428683098513026,0.021778482505817463
pooled,pool:d3/Z/r1 without q8_9 (8 patches),d3_at_q8_9/Z/r01,3,Z,1,q8_9,si1000,isotonic,0.00051722886566122,0.021704005998867387
same,d3_at_q8_9/Z/r10,d3_at_q8_9/Z/r10,3,Z,10,q8_9,si1000,platt,0.006888698489120054,0.28165288172105957
same,d3_at_q8_9/Z/r10,d3_at_q8_9/Z/r10,3,Z,10,q8_9,si1000,isotonic,0.006037596447291334,0.27809128006818756
sim,sim:d3_at_q8_9/Z/r10,d3_at_q8_9/Z/r10,3,Z,10,q8_9,si1000,platt,0.04507199260932798,0.3171245844074893
sim,sim:d3_at_q8_9/Z/r10,d3_at_q8_9/Z/r10,3,Z,10,q8_9,si1000,isotonic,0.04502758801355024,0.32287450797497963
basis,d3_at_q8_9/X/r10,d3_at_q8_9/Z/r10,3,Z,10,q8_9,si1000,platt,0.02610174217777135,0.2865910586835584
basis,d3_at_q8_9/X/r10,d3_at_q8_9/Z/r10,3,Z,10,q8_9,si1000,isotonic,0.023984100450425393,0.2879420069716925
patch,d3_at_q10_7/Z/r10,d3_at_q8_9/Z/r10,3,Z,10,q8_9,si1000,platt,0.01010783081599873,0.282212254411036
patch,d3_at_q10_7/Z/r10,d3_at_q8_9/Z/r10,3,Z,10,q8_9,si1000,isotonic,0.023265960024847314,0.28763546890363295
patch,d3_at_q2_7/Z/r10,d3_at_q8_9/Z/r10,3,Z,10,q8_9,si1000,platt,0.012259553625222682,0.28297057225871053
patch,d3_at_q2_7/Z/r10,d3_at_q8_9/Z/r10,3,Z,10,q8_9,si1000,isotonic,0.016440706240734775,0.28344687655521794
patch,d3_at_q4_5/Z/r10,d3_at_q8_9/Z/r10,3,Z,10,q8_9,si1000,platt,0.016755525219180115,0.2838500932197982
patch,d3_at_q4_5/Z/r10,d3_at_q8_9/Z/r10,3,Z,10,q8_9,si1000,isotonic,0.01951264542619565,0.28401141089847903
patch,d3_at_q4_9/Z/r10,d3_at_q8_9/Z/r10,3,Z,10,q8_9,si1000,platt,0.011037344476963777,0.28282765901154766
patch,d3_at_q4_9/Z/r10,d3_at_q8_9/Z/r10,3,Z,10,q8_9,si1000,isotonic,0.01564950948249378,0.28281438937891773
patch,d3_at_q6_11/Z/r10,d3_at_q8_9/Z/r10,3,Z,10,q8_9,si1000,platt,0.01611366045728558,0.28403027592451424
patch,d3_at_q6_11/Z/r10,d3_at_q8_9/Z/r10,3,Z,10,q8_9,si1000,isotonic,0.021288011154310584,0.28810278098933256
patch,d3_at_q6_3/Z/r10,d3_at_q8_9/Z/r10,3,Z,10,q8_9,si1000,platt,0.016115470348872264,0.28560052686722115
patch,d3_at_q6_3/Z/r10,d3_at_q8_9/Z/r10,3,Z,10,q8_9,si1000,isotonic,0.016083874156158945,0.28471568598787417
patch,d3_at_q6_7/Z/r10,d3_at_q8_9/Z/r10,3,Z,10,q8_9,si1000,platt,0.007013829560106094,0.28178140929288903
patch,d3_at_q6_7/Z/r10,d3_at_q8_9/Z/r10,3,Z,10,q8_9,si1000,isotonic,0.01735698823460542,0.2869425670339672
patch,d3_at_q8_5/Z/r10,d3_at_q8_9/Z/r10,3,Z,10,q8_9,si1000,platt,0.015296309142369378,0.28451565386670685
patch,d3_at_q8_5/Z/r10,d3_at_q8_9/Z/r10,3,Z,10,q8_9,si1000,isotonic,0.018389683601805516,0.28382632061383534
pooled,pool:d3/Z/r10 without q8_9 (8 patches),d3_at_q8_9/Z/r10,3,Z,10,q8_9,si1000,platt,0.01255452743715981,0.28310524701469814
pooled,pool:d3/Z/r10 without q8_9 (8 patches),d3_at_q8_9/Z/r10,3,Z,10,q8_9,si1000,isotonic,0.01671614503054463,0.2840326855378108
same,d3_at_q8_9/Z/r30,d3_at_q8_9/Z/r30,3,Z,30,q8_9,si1000,platt,0.018660004444695445,0.5339285354622924
same,d3_at_q8_9/Z/r30,d3_at_q8_9/Z/r30,3,Z,30,q8_9,si1000,isotonic,0.009994809759178977,0.5315299139522691
sim,sim:d3_at_q8_9/Z/r30,d3_at_q8_9/Z/r30,3,Z,30,q8_9,si1000,platt,0.11342828728322289,0.6195991014320084
sim,sim:d3_at_q8_9/Z/r30,d3_at_q8_9/Z/r30,3,Z,30,q8_9,si1000,isotonic,0.11188133258709859,0.6191397854450532
basis,d3_at_q8_9/X/r30,d3_at_q8_9/Z/r30,3,Z,30,q8_9,si1000,platt,0.052471929417437564,0.5424241166538497
basis,d3_at_q8_9/X/r30,d3_at_q8_9/Z/r30,3,Z,30,q8_9,si1000,isotonic,0.06196919152327175,0.5476244299425113
patch,d3_at_q10_7/Z/r30,d3_at_q8_9/Z/r30,3,Z,30,q8_9,si1000,platt,0.03534642297633709,0.5380504638519967
patch,d3_at_q10_7/Z/r30,d3_at_q8_9/Z/r30,3,Z,30,q8_9,si1000,isotonic,0.04238615330546464,0.5402093794110162
patch,d3_at_q2_7/Z/r30,d3_at_q8_9/Z/r30,3,Z,30,q8_9,si1000,platt,0.035538585761781795,0.538398457309393
patch,d3_at_q2_7/Z/r30,d3_at_q8_9/Z/r30,3,Z,30,q8_9,si1000,isotonic,0.03037155963059032,0.5369388895119559
patch,d3_at_q4_5/Z/r30,d3_at_q8_9/Z/r30,3,Z,30,q8_9,si1000,platt,0.037235527367173366,0.5384639853061822
patch,d3_at_q4_5/Z/r30,d3_at_q8_9/Z/r30,3,Z,30,q8_9,si1000,isotonic,0.028157804219732376,0.5360027142785205
patch,d3_at_q4_9/Z/r30,d3_at_q8_9/Z/r30,3,Z,30,q8_9,si1000,platt,0.032414954911353405,0.5373225536007832
patch,d3_at_q4_9/Z/r30,d3_at_q8_9/Z/r30,3,Z,30,q8_9,si1000,isotonic,0.0298307698549172,0.5356464475514217
patch,d3_at_q6_11/Z/r30,d3_at_q8_9/Z/r30,3,Z,30,q8_9,si1000,platt,0.02728341739592701,0.5354664677285427
patch,d3_at_q6_11/Z/r30,d3_at_q8_9/Z/r30,3,Z,30,q8_9,si1000,isotonic,0.034748780723353176,0.5382924285470021
patch,d3_at_q6_3/Z/r30,d3_at_q8_9/Z/r30,3,Z,30,q8_9,si1000,platt,0.02834014841090566,0.5356681445298657
patch,d3_at_q6_3/Z/r30,d3_at_q8_9/Z/r30,3,Z,30,q8_9,si1000,isotonic,0.029768950261301563,0.5406705082757761
patch,d3_at_q6_7/Z/r30,d3_at_q8_9/Z/r30,3,Z,30,q8_9,si1000,platt,0.02401143258709206,0.5349828421905608
patch,d3_at_q6_7/Z/r30,d3_at_q8_9/Z/r30,3,Z,30,q8_9,si1000,isotonic,0.02913636501037105,0.5377565634235336
patch,d3_at_q8_5/Z/r30,d3_at_q8_9/Z/r30,3,Z,30,q8_9,si1000,platt,0.04225371921763976,0.5384507783145256
patch,d3_at_q8_5/Z/r30,d3_at_q8_9/Z/r30,3,Z,30,q8_9,si1000,isotonic,0.03733500265034502,0.5379951281994847
pooled,pool:d3/Z/r30 without q8_9 (8 patches),d3_at_q8_9/Z/r30,3,Z,30,q8_9,si1000,platt,0.029860748713633534,0.5359705515566744
pooled,pool:d3/Z/r30 without q8_9 (8 patches),d3_at_q8_9/Z/r30,3,Z,30,q8_9,si1000,isotonic,0.03331991824363599,0.5355617515095403
same,d3_at_q8_9/Z/r50,d3_at_q8_9/Z/r50,3,Z,50,q8_9,si1000,platt,0.02679270667779922,0.6295896621877378
same,d3_at_q8_9/Z/r50,d3_at_q8_9/Z/r50,3,Z,50,q8_9,si1000,isotonic,0.011663581246312454,0.6282673433717265
sim,sim:d3_at_q8_9/Z/r50,d3_at_q8_9/Z/r50,3,Z,50,q8_9,si1000,platt,0.14894211203626181,0.7318840495125066
sim,sim:d3_at_q8_9/Z/r50,d3_at_q8_9/Z/r50,3,Z,50,q8_9,si1000,isotonic,0.15029891813302682,0.7372701928114349
basis,d3_at_q8_9/X/r50,d3_at_q8_9/Z/r50,3,Z,50,q8_9,si1000,platt,0.036544723827661614,0.6311089127708961
basis,d3_at_q8_9/X/r50,d3_at_q8_9/Z/r50,3,Z,50,q8_9,si1000,isotonic,0.038153237185260105,0.6785844515862379
patch,d3_at_q10_7/Z/r50,d3_at_q8_9/Z/r50,3,Z,50,q8_9,si1000,platt,0.04401884876599925,0.6340569764048698
patch,d3_at_q10_7/Z/r50,d3_at_q8_9/Z/r50,3,Z,50,q8_9,si1000,isotonic,0.05006457425279165,0.6355572341467295
patch,d3_at_q2_7/Z/r50,d3_at_q8_9/Z/r50,3,Z,50,q8_9,si1000,platt,0.05444796520904625,0.6374742947268254
patch,d3_at_q2_7/Z/r50,d3_at_q8_9/Z/r50,3,Z,50,q8_9,si1000,isotonic,0.051060892210267515,0.6378374227086239
patch,d3_at_q4_5/Z/r50,d3_at_q8_9/Z/r50,3,Z,50,q8_9,si1000,platt,0.056286138308009395,0.6377290104222438
patch,d3_at_q4_5/Z/r50,d3_at_q8_9/Z/r50,3,Z,50,q8_9,si1000,isotonic,0.03873982634114128,0.6359825501261
patch,d3_at_q4_9/Z/r50,d3_at_q8_9/Z/r50,3,Z,50,q8_9,si1000,platt,0.0500436168716463,0.6343649646156082
patch,d3_at_q4_9/Z/r50,d3_at_q8_9/Z/r50,3,Z,50,q8_9,si1000,isotonic,0.034396518247155845,0.6327516682341942
patch,d3_at_q6_11/Z/r50,d3_at_q8_9/Z/r50,3,Z,50,q8_9,si1000,platt,0.038983488725959144,0.6325885116830934
patch,d3_at_q6_11/Z/r50,d3_at_q8_9/Z/r50,3,Z,50,q8_9,si1000,isotonic,0.03629564980952489,0.6336443883488501
patch,d3_at_q6_3/Z/r50,d3_at_q8_9/Z/r50,3,Z,50,q8_9,si1000,platt,0.05862538109299243,0.6375503791404774
patch,d3_at_q6_3/Z/r50,d3_at_q8_9/Z/r50,3,Z,50,q8_9,si1000,isotonic,0.04064415992415379,0.6364077331252105
patch,d3_at_q6_7/Z/r50,d3_at_q8_9/Z/r50,3,Z,50,q8_9,si1000,platt,0.03308763741478134,0.6306539218307836
patch,d3_at_q6_7/Z/r50,d3_at_q8_9/Z/r50,3,Z,50,q8_9,si1000,isotonic,0.019911080154950904,0.6318499577775641
patch,d3_at_q8_5/Z/r50,d3_at_q8_9/Z/r50,3,Z,50,q8_9,si1000,platt,0.04267578998376908,0.6325084614763199
patch,d3_at_q8_5/Z/r50,d3_at_q8_9/Z/r50,3,Z,50,q8_9,si1000,isotonic,0.02325711188761684,0.6318701109733531
pooled,pool:d3/Z/r50 without q8_9 (8 patches),d3_at_q8_9/Z/r50,3,Z,50,q8_9,si1000,platt,0.04647644197640217,0.6342864729765149
pooled,pool:d3/Z/r50 without q8_9 (8 patches),d3_at_q8_9/Z/r50,3,Z,50,q8_9,si1000,isotonic,0.0319588161167566,0.632395362206874
same,d5_at_q4_7/X/r01,d5_at_q4_7/X/r01,5,X,1,q4_7,si1000,platt,0.000343258271940513,0.011196717508883205
same,d5_at_q4_7/X/r01,d5_at_q4_7/X/r01,5,X,1,q4_7,si1000,isotonic,0.0004614403762156333,0.010936750313810112
sim,sim:d5_at_q4_7/X/r01,d5_at_q4_7/X/r01,5,X,1,q4_7,si1000,platt,0.0026034172064999888,0.02398357593850201
sim,sim:d5_at_q4_7/X/r01,d5_at_q4_7/X/r01,5,X,1,q4_7,si1000,isotonic,0.00304166791660417,0.032521422243072744
basis,d5_at_q4_7/Z/r01,d5_at_q4_7/X/r01,5,X,1,q4_7,si1000,platt,0.00031660325569358224,0.011459139471034371
basis,d5_at_q4_7/Z/r01,d5_at_q4_7/X/r01,5,X,1,q4_7,si1000,isotonic,0.00036015646325511026,0.012171805070086637
patch,d5_at_q6_5/X/r01,d5_at_q4_7/X/r01,5,X,1,q4_7,si1000,platt,0.0009124227654415551,0.01151621344346591
patch,d5_at_q6_5/X/r01,d5_at_q4_7/X/r01,5,X,1,q4_7,si1000,isotonic,0.0012202518897068014,0.012079983178555754
patch,d5_at_q6_9/X/r01,d5_at_q4_7/X/r01,5,X,1,q4_7,si1000,platt,0.000703203540244508,0.01137040616789923
patch,d5_at_q6_9/X/r01,d5_at_q4_7/X/r01,5,X,1,q4_7,si1000,isotonic,0.0009642986548832805,0.011499125630550127
patch,d5_at_q8_7/X/r01,d5_at_q4_7/X/r01,5,X,1,q4_7,si1000,platt,0.0006425125653945615,0.011221578202325335
patch,d5_at_q8_7/X/r01,d5_at_q4_7/X/r01,5,X,1,q4_7,si1000,isotonic,0.0008855568893964515,0.011777542601819185
pooled,pool:d5/X/r1 without q4_7 (3 patches),d5_at_q4_7/X/r01,5,X,1,q4_7,si1000,platt,0.0007463975681011486,0.011320839270740464
pooled,pool:d5/X/r1 without q4_7 (3 patches),d5_at_q4_7/X/r01,5,X,1,q4_7,si1000,isotonic,0.0005382287311357585,0.011014280472604557
same,d5_at_q4_7/X/r10,d5_at_q4_7/X/r10,5,X,10,q4_7,si1000,platt,0.0024719753215498626,0.1331858244692453
same,d5_at_q4_7/X/r10,d5_at_q4_7/X/r10,5,X,10,q4_7,si1000,isotonic,0.0033482078185611535,0.13357807822621026
sim,sim:d5_at_q4_7/X/r10,d5_at_q4_7/X/r10,5,X,10,q4_7,si1000,platt,0.02209743007482725,0.14864691122295878
sim,sim:d5_at_q4_7/X/r10,d5_at_q4_7/X/r10,5,X,10,q4_7,si1000,isotonic,0.02105686687508134,0.15643809226483008
basis,d5_at_q4_7/Z/r10,d5_at_q4_7/X/r10,5,X,10,q4_7,si1000,platt,0.004748394436553095,0.1334807704497604
basis,d5_at_q4_7/Z/r10,d5_at_q4_7/X/r10,5,X,10,q4_7,si1000,isotonic,0.004589864403423316,0.1343734922375008
patch,d5_at_q6_5/X/r10,d5_at_q4_7/X/r10,5,X,10,q4_7,si1000,platt,0.003449524004117697,0.1332428095496349
patch,d5_at_q6_5/X/r10,d5_at_q4_7/X/r10,5,X,10,q4_7,si1000,isotonic,0.0033061478568682293,0.1332419504498402
patch,d5_at_q6_9/X/r10,d5_at_q4_7/X/r10,5,X,10,q4_7,si1000,platt,0.004241984279809153,0.13330229127625698
patch,d5_at_q6_9/X/r10,d5_at_q4_7/X/r10,5,X,10,q4_7,si1000,isotonic,0.004568516069085196,0.13326269884830913
patch,d5_at_q8_7/X/r10,d5_at_q4_7/X/r10,5,X,10,q4_7,si1000,platt,0.006339590266812939,0.13374726332884201
patch,d5_at_q8_7/X/r10,d5_at_q4_7/X/r10,5,X,10,q4_7,si1000,isotonic,0.006641463080786405,0.1335580972386276
pooled,pool:d5/X/r10 without q4_7 (3 patches),d5_at_q4_7/X/r10,5,X,10,q4_7,si1000,platt,0.004624965899610959,0.13339846662942542
pooled,pool:d5/X/r10 without q4_7 (3 patches),d5_at_q4_7/X/r10,5,X,10,q4_7,si1000,isotonic,0.005098908396018919,0.13312120948215964
same,d5_at_q4_7/X/r30,d5_at_q4_7/X/r30,5,X,30,q4_7,si1000,platt,0.008631428597599302,0.36682002652161283
same,d5_at_q4_7/X/r30,d5_at_q4_7/X/r30,5,X,30,q4_7,si1000,isotonic,0.009079589424478928,0.3667157431065457
sim,sim:d5_at_q4_7/X/r30,d5_at_q4_7/X/r30,5,X,30,q4_7,si1000,platt,0.07827948516905864,0.43260422712109925
sim,sim:d5_at_q4_7/X/r30,d5_at_q4_7/X/r30,5,X,30,q4_7,si1000,isotonic,0.07716314753332003,0.4428384818751151
basis,d5_at_q4_7/Z/r30,d5_at_q4_7/X/r30,5,X,30,q4_7,si1000,platt,0.019493530997146964,0.36899684050255405
basis,d5_at_q4_7/Z/r30,d5_at_q4_7/X/r30,5,X,30,q4_7,si1000,isotonic,0.02171326427362371,0.3701659067891417
patch,d5_at_q6_5/X/r30,d5_at_q4_7/X/r30,5,X,30,q4_7,si1000,platt,0.008960579514298482,0.36679493329664115
patch,d5_at_q6_5/X/r30,d5_at_q4_7/X/r30,5,X,30,q4_7,si1000,isotonic,0.005208214699902663,0.36710808457883953
patch,d5_at_q6_9/X/r30,d5_at_q4_7/X/r30,5,X,30,q4_7,si1000,platt,0.009227716442016656,0.366846268455572
patch,d5_at_q6_9/X/r30,d5_at_q4_7/X/r30,5,X,30,q4_7,si1000,isotonic,0.008051520374079328,0.36670471789324366
patch,d5_at_q8_7/X/r30,d5_at_q4_7/X/r30,5,X,30,q4_7,si1000,platt,0.01115979538473712,0.36703385723587284
patch,d5_at_q8_7/X/r30,d5_at_q4_7/X/r30,5,X,30,q4_7,si1000,isotonic,0.010423731494355385,0.3680850812841277
pooled,pool:d5/X/r30 without q4_7 (3 patches),d5_at_q4_7/X/r30,5,X,30,q4_7,si1000,platt,0.009585957952077463,0.3668051356998688
pooled,pool:d5/X/r30 without q4_7 (3 patches),d5_at_q4_7/X/r30,5,X,30,q4_7,si1000,isotonic,0.006296388031747915,0.36681725202170784
same,d5_at_q4_7/X/r50,d5_at_q4_7/X/r50,5,X,50,q4_7,si1000,platt,0.012474868269002591,0.467363051271494
same,d5_at_q4_7/X/r50,d5_at_q4_7/X/r50,5,X,50,q4_7,si1000,isotonic,0.008933856133771026,0.4676639171958004
sim,sim:d5_at_q4_7/X/r50,d5_at_q4_7/X/r50,5,X,50,q4_7,si1000,platt,0.10416630402072796,0.5501326982726953
sim,sim:d5_at_q4_7/X/r50,d5_at_q4_7/X/r50,5,X,50,q4_7,si1000,isotonic,0.10393987182347784,0.5603711159586265
basis,d5_at_q4_7/Z/r50,d5_at_q4_7/X/r50,5,X,50,q4_7,si1000,platt,0.02773055423275673,0.4702459758006968
basis,d5_at_q4_7/Z/r50,d5_at_q4_7/X/r50,5,X,50,q4_7,si1000,isotonic,0.02575898936333884,0.4714360554675721
patch,d5_at_q6_5/X/r50,d5_at_q4_7/X/r50,5,X,50,q4_7,si1000,platt,0.01028624863017571,0.4672092218527518
patch,d5_at_q6_5/X/r50,d5_at_q4_7/X/r50,5,X,50,q4_7,si1000,isotonic,0.00980030390181948,0.4681263495358055
patch,d5_at_q6_9/X/r50,d5_at_q4_7/X/r50,5,X,50,q4_7,si1000,platt,0.01100400540349672,0.4672208236664521
patch,d5_at_q6_9/X/r50,d5_at_q4_7/X/r50,5,X,50,q4_7,si1000,isotonic,0.011075038739390638,0.46997682423325915
patch,d5_at_q8_7/X/r50,d5_at_q4_7/X/r50,5,X,50,q4_7,si1000,platt,0.014865461958824358,0.46763947519282145
patch,d5_at_q8_7/X/r50,d5_at_q4_7/X/r50,5,X,50,q4_7,si1000,isotonic,0.013594539720767131,0.46814480880907083
pooled,pool:d5/X/r50 without q4_7 (3 patches),d5_at_q4_7/X/r50,5,X,50,q4_7,si1000,platt,0.010707702921244523,0.4671875287145692
pooled,pool:d5/X/r50 without q4_7 (3 patches),d5_at_q4_7/X/r50,5,X,50,q4_7,si1000,isotonic,0.00924102231870043,0.46776870207085547
same,d5_at_q4_7/Z/r01,d5_at_q4_7/Z/r01,5,Z,1,q4_7,si1000,platt,8.75723020521661e-05,0.00437440168602416
same,d5_at_q4_7/Z/r01,d5_at_q4_7/Z/r01,5,Z,1,q4_7,si1000,isotonic,3.290049066397811e-05,0.0047392113419943375
sim,sim:d5_at_q4_7/Z/r01,d5_at_q4_7/Z/r01,5,Z,1,q4_7,si1000,platt,0.00022764315994534988,0.006932757829263186
sim,sim:d5_at_q4_7/Z/r01,d5_at_q4_7/Z/r01,5,Z,1,q4_7,si1000,isotonic,0.0010648998147375509,0.011947088327853983
basis,d5_at_q4_7/X/r01,d5_at_q4_7/Z/r01,5,Z,1,q4_7,si1000,platt,0.00033011896540559494,0.0045852699607974445
basis,d5_at_q4_7/X/r01,d5_at_q4_7/Z/r01,5,Z,1,q4_7,si1000,isotonic,0.0005710125760541118,0.004748633014530056
patch,d5_at_q6_5/Z/r01,d5_at_q4_7/Z/r01,5,Z,1,q4_7,si1000,platt,0.00030770935400436253,0.004384728223706509
patch,d5_at_q6_5/Z/r01,d5_at_q4_7/Z/r01,5,Z,1,q4_7,si1000,isotonic,0.00039714536494384517,0.004515039414644707
patch,d5_at_q6_9/Z/r01,d5_at_q4_7/Z/r01,5,Z,1,q4_7,si1000,platt,0.0005799142498621738,0.004588962846824535
patch,d5_at_q6_9/Z/r01,d5_at_q4_7/Z/r01,5,Z,1,q4_7,si1000,isotonic,0.0005549115488984101,0.004631819912729367
patch,d5_at_q8_7/Z/r01,d5_at_q4_7/Z/r01,5,Z,1,q4_7,si1000,platt,0.00033451493461437017,0.004381345542937723
patch,d5_at_q8_7/Z/r01,d5_at_q4_7/Z/r01,5,Z,1,q4_7,si1000,isotonic,0.0004761301602429239,0.0056778802253605
pooled,pool:d5/Z/r1 without q4_7 (3 patches),d5_at_q4_7/Z/r01,5,Z,1,q4_7,si1000,platt,0.00021162388198023467,0.00437181586951223
pooled,pool:d5/Z/r1 without q4_7 (3 patches),d5_at_q4_7/Z/r01,5,Z,1,q4_7,si1000,isotonic,0.00019025645536406596,0.004403412989818952
same,d5_at_q4_7/Z/r10,d5_at_q4_7/Z/r10,5,Z,10,q4_7,si1000,platt,0.0012256083326163529,0.11391428133664014
same,d5_at_q4_7/Z/r10,d5_at_q4_7/Z/r10,5,Z,10,q4_7,si1000,isotonic,0.0017385527251900885,0.11409336407020715
sim,sim:d5_at_q4_7/Z/r10,d5_at_q4_7/Z/r10,5,Z,10,q4_7,si1000,platt,0.012853262373057384,0.1242125365251268
sim,sim:d5_at_q4_7/Z/r10,d5_at_q4_7/Z/r10,5,Z,10,q4_7,si1000,isotonic,0.010911983768554746,0.13403686389082758
basis,d5_at_q4_7/X/r10,d5_at_q4_7/Z/r10,5,Z,10,q4_7,si1000,platt,0.004638315922200675,0.11434984205299414
basis,d5_at_q4_7/X/r10,d5_at_q4_7/Z/r10,5,Z,10,q4_7,si1000,isotonic,0.005492318371304959,0.11482589601449497
patch,d5_at_q6_5/Z/r10,d5_at_q4_7/Z/r10,5,Z,10,q4_7,si1000,platt,0.0020237918172877987,0.11396854435347625
patch,d5_at_q6_5/Z/r10,d5_at_q4_7/Z/r10,5,Z,10,q4_7,si1000,isotonic,0.00384939493482849,0.1160341674836544
patch,d5_at_q6_9/Z/r10,d5_at_q4_7/Z/r10,5,Z,10,q4_7,si1000,platt,0.0017622276845891379,0.11391672498554613
patch,d5_at_q6_9/Z/r10,d5_at_q4_7/Z/r10,5,Z,10,q4_7,si1000,isotonic,0.0034961306200917146,0.11428622436249795
patch,d5_at_q8_7/Z/r10,d5_at_q4_7/Z/r10,5,Z,10,q4_7,si1000,platt,0.004121600056233173,0.11409048531783667
patch,d5_at_q8_7/Z/r10,d5_at_q4_7/Z/r10,5,Z,10,q4_7,si1000,isotonic,0.0045362013516592435,0.11426141394088592
pooled,pool:d5/Z/r10 without q4_7 (3 patches),d5_at_q4_7/Z/r10,5,Z,10,q4_7,si1000,platt,0.002097428266880578,0.1139177433623112
pooled,pool:d5/Z/r10 without q4_7 (3 patches),d5_at_q4_7/Z/r10,5,Z,10,q4_7,si1000,isotonic,0.002823834259871609,0.11401322152364153
same,d5_at_q4_7/Z/r30,d5_at_q4_7/Z/r30,5,Z,30,q4_7,si1000,platt,0.005945400868894877,0.30336496394284806
same,d5_at_q4_7/Z/r30,d5_at_q4_7/Z/r30,5,Z,30,q4_7,si1000,isotonic,0.009827722922458917,0.30450681538658
sim,sim:d5_at_q4_7/Z/r30,d5_at_q4_7/Z/r30,5,Z,30,q4_7,si1000,platt,0.05214032599941122,0.3363815726277418
sim,sim:d5_at_q4_7/Z/r30,d5_at_q4_7/Z/r30,5,Z,30,q4_7,si1000,isotonic,0.04965498070868155,0.3445244192450815
basis,d5_at_q4_7/X/r30,d5_at_q4_7/Z/r30,5,Z,30,q4_7,si1000,platt,0.014200456269614402,0.30513636568017766
basis,d5_at_q4_7/X/r30,d5_at_q4_7/Z/r30,5,Z,30,q4_7,si1000,isotonic,0.01738267581436832,0.3060114509166056
patch,d5_at_q6_5/Z/r30,d5_at_q4_7/Z/r30,5,Z,30,q4_7,si1000,platt,0.007781072018834098,0.30364322142035394
patch,d5_at_q6_5/Z/r30,d5_at_q4_7/Z/r30,5,Z,30,q4_7,si1000,isotonic,0.00905297538402279,0.3044905505565956
patch,d5_at_q6_9/Z/r30,d5_at_q4_7/Z/r30,5,Z,30,q4_7,si1000,platt,0.012908383833582258,0.3047419112090492
patch,d5_at_q6_9/Z/r30,d5_at_q4_7/Z/r30,5,Z,30,q4_7,si1000,isotonic,0.012931578733569938,0.30519352270934536
patch,d5_at_q8_7/Z/r30,d5_at_q4_7/Z/r30,5,Z,30,q4_7,si1000,platt,0.010793254758514587,0.3044123052341686
patch,d5_at_q8_7/Z/r30,d5_at_q4_7/Z/r30,5,Z,30,q4_7,si1000,isotonic,0.01038722717127541,0.30504589300863644
pooled,pool:d5/Z/r30 without q4_7 (3 patches),d5_at_q4_7/Z/r30,5,Z,30,q4_7,si1000,platt,0.009616703797877574,0.30418081880385484
pooled,pool:d5/Z/r30 without q4_7 (3 patches),d5_at_q4_7/Z/r30,5,Z,30,q4_7,si1000,isotonic,0.009895499653399422,0.3046686568623876
same,d5_at_q4_7/Z/r50,d5_at_q4_7/Z/r50,5,Z,50,q4_7,si1000,platt,0.00993405950115931,0.4022248705007136
same,d5_at_q4_7/Z/r50,d5_at_q4_7/Z/r50,5,Z,50,q4_7,si1000,isotonic,0.013998013018269237,0.4032399302801543
sim,sim:d5_at_q4_7/Z/r50,d5_at_q4_7/Z/r50,5,Z,50,q4_7,si1000,platt,0.06986677722386109,0.4475909933035747
sim,sim:d5_at_q4_7/Z/r50,d5_at_q4_7/Z/r50,5,Z,50,q4_7,si1000,isotonic,0.07396271551383382,0.455462779085276
basis,d5_at_q4_7/X/r50,d5_at_q4_7/Z/r50,5,Z,50,q4_7,si1000,platt,0.023710157141334242,0.40431311610567433
basis,d5_at_q4_7/X/r50,d5_at_q4_7/Z/r50,5,Z,50,q4_7,si1000,isotonic,0.024806471758306133,0.40533657996259015
patch,d5_at_q6_5/Z/r50,d5_at_q4_7/Z/r50,5,Z,50,q4_7,si1000,platt,0.008735585878147661,0.4021220424123409
patch,d5_at_q6_5/Z/r50,d5_at_q4_7/Z/r50,5,Z,50,q4_7,si1000,isotonic,0.009144200137081738,0.4024724454424726
patch,d5_at_q6_9/Z/r50,d5_at_q4_7/Z/r50,5,Z,50,q4_7,si1000,platt,0.022797415758823648,0.4044406924431951
patch,d5_at_q6_9/Z/r50,d5_at_q4_7/Z/r50,5,Z,50,q4_7,si1000,isotonic,0.02245132291964842,0.4055765186562972
patch,d5_at_q8_7/Z/r50,d5_at_q4_7/Z/r50,5,Z,50,q4_7,si1000,platt,0.0175167838087238,0.4035248342380825
patch,d5_at_q8_7/Z/r50,d5_at_q4_7/Z/r50,5,Z,50,q4_7,si1000,isotonic,0.01819470021404437,0.4040890120714455
pooled,pool:d5/Z/r50 without q4_7 (3 patches),d5_at_q4_7/Z/r50,5,Z,50,q4_7,si1000,platt,0.014738207062716427,0.4030565587273188
pooled,pool:d5/Z/r50 without q4_7 (3 patches),d5_at_q4_7/Z/r50,5,Z,50,q4_7,si1000,isotonic,0.014928198822285015,0.4032242569573875
same,d5_at_q6_5/X/r01,d5_at_q6_5/X/r01,5,X,1,q6_5,si1000,platt,3.9574214508237024e-05,0.007524025647397565
same,d5_at_q6_5/X/r01,d5_at_q6_5/X/r01,5,X,1,q6_5,si1000,isotonic,7.378082712451921e-05,0.007389068829768494
sim,sim:d5_at_q6_5/X/r01,d5_at_q6_5/X/r01,5,X,1,q6_5,si1000,platt,0.0011947040868618372,0.008195327976171087
sim,sim:d5_at_q6_5/X/r01,d5_at_q6_5/X/r01,5,X,1,q6_5,si1000,isotonic,0.001657686819822251,0.01395825491456536
basis,d5_at_q6_5/Z/r01,d5_at_q6_5/X/r01,5,X,1,q6_5,si1000,platt,0.0010244605851009263,0.007990925436933171
basis,d5_at_q6_5/Z/r01,d5_at_q6_5/X/r01,5,X,1,q6_5,si1000,isotonic,0.0010233702555713178,0.00810808342033405
patch,d5_at_q4_7/X/r01,d5_at_q6_5/X/r01,5,X,1,q6_5,si1000,platt,0.00027203858306169333,0.00763967012241881
patch,d5_at_q4_7/X/r01,d5_at_q6_5/X/r01,5,X,1,q6_5,si1000,isotonic,0.0001667180046402868,0.008162037400595724
patch,d5_at_q6_9/X/r01,d5_at_q6_5/X/r01,5,X,1,q6_5,si1000,platt,8.159659716707898e-05,0.007542713935102065
patch,d5_at_q6_9/X/r01,d5_at_q6_5/X/r01,5,X,1,q6_5,si1000,isotonic,0.00024455661724858893,0.007567745364482238
patch,d5_at_q8_7/X/r01,d5_at_q6_5/X/r01,5,X,1,q6_5,si1000,platt,7.372099273697011e-05,0.007697016047762654
patch,d5_at_q8_7/X/r01,d5_at_q6_5/X/r01,5,X,1,q6_5,si1000,isotonic,2.389890161453506e-05,0.007912364090531887
pooled,pool:d5/X/r1 without q6_5 (3 patches),d5_at_q6_5/X/r01,5,X,1,q6_5,si1000,platt,0.00013840516683633313,0.007615873932801511
pooled,pool:d5/X/r1 without q6_5 (3 patches),d5_at_q6_5/X/r01,5,X,1,q6_5,si1000,isotonic,6.692623450704685e-05,0.007547510566027724
same,d5_at_q6_5/X/r10,d5_at_q6_5/X/r10,5,X,10,q6_5,si1000,platt,0.00282294360711633,0.13966512584054666
same,d5_at_q6_5/X/r10,d5_at_q6_5/X/r10,5,X,10,q6_5,si1000,isotonic,0.0025542265108790337,0.13992825060902359
sim,sim:d5_at_q6_5/X/r10,d5_at_q6_5/X/r10,5,X,10,q6_5,si1000,platt,0.025789156413449803,0.15705403412345825
sim,sim:d5_at_q6_5/X/r10,d5_at_q6_5/X/r10,5,X,10,q6_5,si1000,isotonic,0.026897075018565794,0.17186545823046986
basis,d5_at_q6_5/Z/r10,d5_at_q6_5/X/r10,5,X,10,q6_5,si1000,platt,0.005439602804157095,0.14023085347578204
basis,d5_at_q6_5/Z/r10,d5_at_q6_5/X/r10,5,X,10,q6_5,si1000,isotonic,0.005924466996383284,0.1423442869349329
patch,d5_at_q4_7/X/r10,d5_at_q6_5/X/r10,5,X,10,q6_5,si1000,platt,0.0022011317356585933,0.1396728233069858
patch,d5_at_q4_7/X/r10,d5_at_q6_5/X/r10,5,X,10,q6_5,si1000,isotonic,0.0014646402268087123,0.13969635777522216
patch,d5_at_q6_9/X/r10,d5_at_q6_5/X/r10,5,X,10,q6_5,si1000,platt,0.0031399011331278604,0.13968924836414431
patch,d5_at_q6_9/X/r10,d5_at_q6_5/X/r10,5,X,10,q6_5,si1000,isotonic,0.004273560357761581,0.1401287968071877
patch,d5_at_q8_7/X/r10,d5_at_q6_5/X/r10,5,X,10,q6_5,si1000,platt,0.004436079805198196,0.14000506500194745
patch,d5_at_q8_7/X/r10,d5_at_q6_5/X/r10,5,X,10,q6_5,si1000,isotonic,0.004649809427508306,0.14083311003455123
pooled,pool:d5/X/r10 without q6_5 (3 patches),d5_at_q6_5/X/r10,5,X,10,q6_5,si1000,platt,0.002720375561850014,0.13973593035469956
pooled,pool:d5/X/r10 without q6_5 (3 patches),d5_at_q6_5/X/r10,5,X,10,q6_5,si1000,isotonic,0.0023187537722083643,0.13984773756541571
same,d5_at_q6_5/X/r30,d5_at_q6_5/X/r30,5,X,30,q6_5,si1000,platt,0.012007846258331218,0.38778646808872935
same,d5_at_q6_5/X/r30,d5_at_q6_5/X/r30,5,X,30,q6_5,si1000,isotonic,0.00523578745450626,0.38716085148234924
sim,sim:d5_at_q6_5/X/r30,d5_at_q6_5/X/r30,5,X,30,q6_5,si1000,platt,0.09382097056517646,0.46433308526472333
sim,sim:d5_at_q6_5/X/r30,d5_at_q6_5/X/r30,5,X,30,q6_5,si1000,isotonic,0.09201336123412353,0.47350818604809847
basis,d5_at_q6_5/Z/r30,d5_at_q6_5/X/r30,5,X,30,q6_5,si1000,platt,0.017502028905065595,0.3883100944301565
basis,d5_at_q6_5/Z/r30,d5_at_q6_5/X/r30,5,X,30,q6_5,si1000,isotonic,0.014487495468910695,0.388865702349135
patch,d5_at_q4_7/X/r30,d5_at_q6_5/X/r30,5,X,30,q6_5,si1000,platt,0.013060258108004305,0.3878579332101497
patch,d5_at_q4_7/X/r30,d5_at_q6_5/X/r30,5,X,30,q6_5,si1000,isotonic,0.008748926198952733,0.3878579574621718
patch,d5_at_q6_9/X/r30,d5_at_q6_5/X/r30,5,X,30,q6_5,si1000,platt,0.013074091185142184,0.3881456355970645
patch,d5_at_q6_9/X/r30,d5_at_q6_5/X/r30,5,X,30,q6_5,si1000,isotonic,0.013955259288170712,0.3884865804935383
patch,d5_at_q8_7/X/r30,d5_at_q6_5/X/r30,5,X,30,q6_5,si1000,platt,0.012208460117534447,0.3884051322049478
patch,d5_at_q8_7/X/r30,d5_at_q6_5/X/r30,5,X,30,q6_5,si1000,isotonic,0.009831802948687265,0.3872062622801488
pooled,pool:d5/X/r30 without q6_5 (3 patches),d5_at_q6_5/X/r30,5,X,30,q6_5,si1000,platt,0.012534126742843514,0.388038697975162
pooled,pool:d5/X/r30 without q6_5 (3 patches),d5_at_q6_5/X/r30,5,X,30,q6_5,si1000,isotonic,0.009165272937943144,0.3874147081722121
same,d5_at_q6_5/X/r50,d5_at_q6_5/X/r50,5,X,50,q6_5,si1000,platt,0.013735297718183907,0.4694118421457864
same,d5_at_q6_5/X/r50,d5_at_q6_5/X/r50,5,X,50,q6_5,si1000,isotonic,0.011495739627236146,0.46981943858383846
sim,sim:d5_at_q6_5/X/r50,d5_at_q6_5/X/r50,5,X,50,q6_5,si1000,platt,0.0966001230235197,0.5437965912094347
sim,sim:d5_at_q6_5/X/r50,d5_at_q6_5/X/r50,5,X,50,q6_5,si1000,isotonic,0.10144471138361962,0.563254401222241
basis,d5_at_q6_5/Z/r50,d5_at_q6_5/X/r50,5,X,50,q6_5,si1000,platt,0.028573493098671448,0.4719819468167941
basis,d5_at_q6_5/Z/r50,d5_at_q6_5/X/r50,5,X,50,q6_5,si1000,isotonic,0.025499816973569844,0.47127804752138386
patch,d5_at_q4_7/X/r50,d5_at_q6_5/X/r50,5,X,50,q6_5,si1000,platt,0.013120310134969945,0.46962145036954106
patch,d5_at_q4_7/X/r50,d5_at_q6_5/X/r50,5,X,50,q6_5,si1000,isotonic,0.013256909829669377,0.4698671025737084
patch,d5_at_q6_9/X/r50,d5_at_q6_5/X/r50,5,X,50,q6_5,si1000,platt,0.014964548146888058,0.46949843187481155
patch,d5_at_q6_9/X/r50,d5_at_q6_5/X/r50,5,X,50,q6_5,si1000,isotonic,0.013891914673932615,0.4715411189837732
patch,d5_at_q8_7/X/r50,d5_at_q6_5/X/r50,5,X,50,q6_5,si1000,platt,0.01806246651238338,0.4699421415905889
patch,d5_at_q8_7/X/r50,d5_at_q6_5/X/r50,5,X,50,q6_5,si1000,isotonic,0.013982760209891327,0.4697897149805988
pooled,pool:d5/X/r50 without q6_5 (3 patches),d5_at_q6_5/X/r50,5,X,50,q6_5,si1000,platt,0.014648226219063625,0.46947024267450815
pooled,pool:d5/X/r50 without q6_5 (3 patches),d5_at_q6_5/X/r50,5,X,50,q6_5,si1000,isotonic,0.010769538986854654,0.46906125418625105
same,d5_at_q6_5/Z/r01,d5_at_q6_5/Z/r01,5,Z,1,q6_5,si1000,platt,0.00026627922734570863,0.004009595088845929
same,d5_at_q6_5/Z/r01,d5_at_q6_5/Z/r01,5,Z,1,q6_5,si1000,isotonic,0.00035604298466092706,0.004096553675047013
sim,sim:d5_at_q6_5/Z/r01,d5_at_q6_5/Z/r01,5,Z,1,q6_5,si1000,platt,0.0006307979700659962,0.004471377774753115
sim,sim:d5_at_q6_5/Z/r01,d5_at_q6_5/Z/r01,5,Z,1,q6_5,si1000,isotonic,0.0003331582032009512,0.006380061311488904
basis,d5_at_q6_5/X/r01,d5_at_q6_5/Z/r01,5,Z,1,q6_5,si1000,platt,0.0004805713310102052,0.004074684471344305
basis,d5_at_q6_5/X/r01,d5_at_q6_5/Z/r01,5,Z,1,q6_5,si1000,isotonic,0.0005475574465452177,0.004129376109282814
patch,d5_at_q4_7/Z/r01,d5_at_q6_5/Z/r01,5,Z,1,q6_5,si1000,platt,7.018531317793621e-05,0.003975753480606181
patch,d5_at_q4_7/Z/r01,d5_at_q6_5/Z/r01,5,Z,1,q6_5,si1000,isotonic,8.229006225155195e-05,0.004742445755650628
patch,d5_at_q6_9/Z/r01,d5_at_q6_5/Z/r01,5,Z,1,q6_5,si1000,platt,0.0005013809290886362,0.004149421992935083
patch,d5_at_q6_9/Z/r01,d5_at_q6_5/Z/r01,5,Z,1,q6_5,si1000,isotonic,0.0005274059035452972,0.004524535928083159
patch,d5_at_q8_7/Z/r01,d5_at_q6_5/Z/r01,5,Z,1,q6_5,si1000,platt,0.00030660481940787573,0.004003050470244607
patch,d5_at_q8_7/Z/r01,d5_at_q6_5/Z/r01,5,Z,1,q6_5,si1000,isotonic,0.0003413066074740192,0.004717826074461973
pooled,pool:d5/Z/r1 without q6_5 (3 patches),d5_at_q6_5/Z/r01,5,Z,1,q6_5,si1000,platt,0.00011788202691670192,0.003979689129892078
pooled,pool:d5/Z/r1 without q6_5 (3 patches),d5_at_q6_5/Z/r01,5,Z,1,q6_5,si1000,isotonic,9.95168205743777e-05,0.004010927904659785
same,d5_at_q6_5/Z/r10,d5_at_q6_5/Z/r10,5,Z,10,q6_5,si1000,platt,0.0024737646181985278,0.11210839807189205
same,d5_at_q6_5/Z/r10,d5_at_q6_5/Z/r10,5,Z,10,q6_5,si1000,isotonic,0.0031010199368459333,0.11388838390843857
sim,sim:d5_at_q6_5/Z/r10,d5_at_q6_5/Z/r10,5,Z,10,q6_5,si1000,platt,0.017472647515621154,0.12178719768788081
sim,sim:d5_at_q6_5/Z/r10,d5_at_q6_5/Z/r10,5,Z,10,q6_5,si1000,isotonic,0.017498814641180638,0.1409127863063022
basis,d5_at_q6_5/X/r10,d5_at_q6_5/Z/r10,5,Z,10,q6_5,si1000,platt,0.006750146321307796,0.11303005857517762
basis,d5_at_q6_5/X/r10,d5_at_q6_5/Z/r10,5,Z,10,q6_5,si1000,isotonic,0.006752260093834945,0.11315931820320943
patch,d5_at_q4_7/Z/r10,d5_at_q6_5/Z/r10,5,Z,10,q6_5,si1000,platt,0.002456378977161434,0.11210963286113335
patch,d5_at_q4_7/Z/r10,d5_at_q6_5/Z/r10,5,Z,10,q6_5,si1000,isotonic,0.0020273222954635193,0.11232534378042511
patch,d5_at_q6_9/Z/r10,d5_at_q6_5/Z/r10,5,Z,10,q6_5,si1000,platt,0.003366127764080551,0.11226292843467839
patch,d5_at_q6_9/Z/r10,d5_at_q6_5/Z/r10,5,Z,10,q6_5,si1000,isotonic,0.0024559544197961247,0.1130085837967324
patch,d5_at_q8_7/Z/r10,d5_at_q6_5/Z/r10,5,Z,10,q6_5,si1000,platt,0.004699029626419659,0.11247907815681622
patch,d5_at_q8_7/Z/r10,d5_at_q6_5/Z/r10,5,Z,10,q6_5,si1000,isotonic,0.004465451090675357,0.11263450721631164
pooled,pool:d5/Z/r10 without q6_5 (3 patches),d5_at_q6_5/Z/r10,5,Z,10,q6_5,si1000,platt,0.002627673652322197,0.11222172220661158
pooled,pool:d5/Z/r10 without q6_5 (3 patches),d5_at_q6_5/Z/r10,5,Z,10,q6_5,si1000,isotonic,0.0022249736520545084,0.11209984237522846
same,d5_at_q6_5/Z/r30,d5_at_q6_5/Z/r30,5,Z,30,q6_5,si1000,platt,0.007380316976653955,0.3549757595021074
same,d5_at_q6_5/Z/r30,d5_at_q6_5/Z/r30,5,Z,30,q6_5,si1000,isotonic,0.008039215354312852,0.3551037163300976
sim,sim:d5_at_q6_5/Z/r30,d5_at_q6_5/Z/r30,5,Z,30,q6_5,si1000,platt,0.05883279180911914,0.3999074434290389
sim,sim:d5_at_q6_5/Z/r30,d5_at_q6_5/Z/r30,5,Z,30,q6_5,si1000,isotonic,0.06646028797237839,0.4187664971817015
basis,d5_at_q6_5/X/r30,d5_at_q6_5/Z/r30,5,Z,30,q6_5,si1000,platt,0.01534945769111378,0.35606108130377556
basis,d5_at_q6_5/X/r30,d5_at_q6_5/Z/r30,5,Z,30,q6_5,si1000,isotonic,0.015006529596266825,0.3560220492450959
patch,d5_at_q4_7/Z/r30,d5_at_q6_5/Z/r30,5,Z,30,q6_5,si1000,platt,0.009038101229723663,0.35490990000120876
patch,d5_at_q4_7/Z/r30,d5_at_q6_5/Z/r30,5,Z,30,q6_5,si1000,isotonic,0.010867281900456353,0.35556053665776494
patch,d5_at_q6_9/Z/r30,d5_at_q6_5/Z/r30,5,Z,30,q6_5,si1000,platt,0.011828735100507153,0.3555915816334861
patch,d5_at_q6_9/Z/r30,d5_at_q6_5/Z/r30,5,Z,30,q6_5,si1000,isotonic,0.012334012835634659,0.3559443283911089
patch,d5_at_q8_7/Z/r30,d5_at_q6_5/Z/r30,5,Z,30,q6_5,si1000,platt,0.008964574368723556,0.35525933598858844
patch,d5_at_q8_7/Z/r30,d5_at_q6_5/Z/r30,5,Z,30,q6_5,si1000,isotonic,0.008043057806563296,0.35621179111865764
pooled,pool:d5/Z/r30 without q6_5 (3 patches),d5_at_q6_5/Z/r30,5,Z,30,q6_5,si1000,platt,0.007788444645129569,0.35503369265077855
pooled,pool:d5/Z/r30 without q6_5 (3 patches),d5_at_q6_5/Z/r30,5,Z,30,q6_5,si1000,isotonic,0.008176231042258697,0.35511745610455037
same,d5_at_q6_5/Z/r50,d5_at_q6_5/Z/r50,5,Z,50,q6_5,si1000,platt,0.009865200657065107,0.4113336633776601
same,d5_at_q6_5/Z/r50,d5_at_q6_5/Z/r50,5,Z,50,q6_5,si1000,isotonic,0.009945347100923513,0.41238892273697564
sim,sim:d5_at_q6_5/Z/r50,d5_at_q6_5/Z/r50,5,Z,50,q6_5,si1000,platt,0.08089275753881954,0.46346902883814095
sim,sim:d5_at_q6_5/Z/r50,d5_at_q6_5/Z/r50,5,Z,50,q6_5,si1000,isotonic,0.08001412053450377,0.47095616370855053
basis,d5_at_q6_5/X/r50,d5_at_q6_5/Z/r50,5,Z,50,q6_5,si1000,platt,0.021911295954591598,0.4134555468425168
basis,d5_at_q6_5/X/r50,d5_at_q6_5/Z/r50,5,Z,50,q6_5,si1000,isotonic,0.021981262140993257,0.4138048619423406
patch,d5_at_q4_7/Z/r50,d5_at_q6_5/Z/r50,5,Z,50,q6_5,si1000,platt,0.01099744618002074,0.4114986331177248
patch,d5_at_q4_7/Z/r50,d5_at_q6_5/Z/r50,5,Z,50,q6_5,si1000,isotonic,0.011888783746778464,0.4126069073547054
patch,d5_at_q6_9/Z/r50,d5_at_q6_5/Z/r50,5,Z,50,q6_5,si1000,platt,0.02147898234289417,0.41332118696233405
patch,d5_at_q6_9/Z/r50,d5_at_q6_5/Z/r50,5,Z,50,q6_5,si1000,isotonic,0.02076925717673612,0.4137936310619818
patch,d5_at_q8_7/Z/r50,d5_at_q6_5/Z/r50,5,Z,50,q6_5,si1000,platt,0.016165621467261884,0.41248498027622577
patch,d5_at_q8_7/Z/r50,d5_at_q6_5/Z/r50,5,Z,50,q6_5,si1000,isotonic,0.015737207762107012,0.41289230668231647
pooled,pool:d5/Z/r50 without q6_5 (3 patches),d5_at_q6_5/Z/r50,5,Z,50,q6_5,si1000,platt,0.01379761474220542,0.4120599898355118
pooled,pool:d5/Z/r50 without q6_5 (3 patches),d5_at_q6_5/Z/r50,5,Z,50,q6_5,si1000,isotonic,0.013510964864957098,0.4121782786646889
same,d5_at_q6_9/X/r01,d5_at_q6_9/X/r01,5,X,1,q6_9,si1000,platt,0.0004780641938908659,0.008486280721638274
same,d5_at_q6_9/X/r01,d5_at_q6_9/X/r01,5,X,1,q6_9,si1000,isotonic,0.0006285099545631399,0.008940386727927232
sim,sim:d5_at_q6_9/X/r01,d5_at_q6_9/X/r01,5,X,1,q6_9,si1000,platt,0.0009844300156902637,0.008813711773541514
sim,sim:d5_at_q6_9/X/r01,d5_at_q6_9/X/r01,5,X,1,q6_9,si1000,isotonic,0.0005730942468591716,0.009615407248223384
basis,d5_at_q6_9/Z/r01,d5_at_q6_9/X/r01,5,X,1,q6_9,si1000,platt,0.0011416440719209393,0.008865934072845838
basis,d5_at_q6_9/Z/r01,d5_at_q6_9/X/r01,5,X,1,q6_9,si1000,isotonic,0.0012238437700665807,0.008915413067980124
patch,d5_at_q4_7/X/r01,d5_at_q6_9/X/r01,5,X,1,q6_9,si1000,platt,0.00020320941774887018,0.00846382801480781
patch,d5_at_q4_7/X/r01,d5_at_q6_9/X/r01,5,X,1,q6_9,si1000,isotonic,0.0002706976947282974,0.008503165951690357
patch,d5_at_q6_5/X/r01,d5_at_q6_9/X/r01,5,X,1,q6_9,si1000,platt,0.0006389941168208179,0.008540897588465794
patch,d5_at_q6_5/X/r01,d5_at_q6_9/X/r01,5,X,1,q6_9,si1000,isotonic,0.0008221480897561517,0.009001552812039508
patch,d5_at_q8_7/X/r01,d5_at_q6_9/X/r01,5,X,1,q6_9,si1000,platt,0.0004522338802812758,0.008531052167824467
patch,d5_at_q8_7/X/r01,d5_at_q6_9/X/r01,5,X,1,q6_9,si1000,isotonic,0.0007279982607459486,0.008807550994071867
pooled,pool:d5/X/r1 without q6_9 (3 patches),d5_at_q6_9/X/r01,5,X,1,q6_9,si1000,platt,0.0004075873145453747,0.008478793920829699
pooled,pool:d5/X/r1 without q6_9 (3 patches),d5_at_q6_9/X/r01,5,X,1,q6_9,si1000,isotonic,0.0003063359073461839,0.008251263064816862
same,d5_at_q6_9/X/r10,d5_at_q6_9/X/r10,5,X,10,q6_9,si1000,platt,0.004876016210084463,0.14938793219691798
same,d5_at_q6_9/X/r10,d5_at_q6_9/X/r10,5,X,10,q6_9,si1000,isotonic,0.00550430602957422,0.14953907363329796
sim,sim:d5_at_q6_9/X/r10,d5_at_q6_9/X/r10,5,X,10,q6_9,si1000,platt,0.026996832232203335,0.17204591396672186
sim,sim:d5_at_q6_9/X/r10,d5_at_q6_9/X/r10,5,X,10,q6_9,si1000,isotonic,0.02712917279039782,0.18503626040119875
basis,d5_at_q6_9/Z/r10,d5_at_q6_9/X/r10,5,X,10,q6_9,si1000,platt,0.003717384582610595,0.14950198488838481
basis,d5_at_q6_9/Z/r10,d5_at_q6_9/X/r10,5,X,10,q6_9,si1000,isotonic,0.005561193755877395,0.1501300942931117
patch,d5_at_q4_7/X/r10,d5_at_q6_9/X/r10,5,X,10,q6_9,si1000,platt,0.002945350739637044,0.1491708376097064
patch,d5_at_q4_7/X/r10,d5_at_q6_9/X/r10,5,X,10,q6_9,si1000,isotonic,0.0036276741168693996,0.14966364077199662
patch,d5_at_q6_5/X/r10,d5_at_q6_9/X/r10,5,X,10,q6_9,si1000,platt,0.004196591419360591,0.14929575473078852
patch,d5_at_q6_5/X/r10,d5_at_q6_9/X/r10,5,X,10,q6_9,si1000,isotonic,0.006092531779903672,0.14999107382872712
patch,d5_at_q8_7/X/r10,d5_at_q6_9/X/r10,5,X,10,q6_9,si1000,platt,0.006729905244004008,0.14958472030879957
patch,d5_at_q8_7/X/r10,d5_at_q6_9/X/r10,5,X,10,q6_9,si1000,isotonic,0.007694576368352724,0.1500144911122379
pooled,pool:d5/X/r10 without q6_9 (3 patches),d5_at_q6_9/X/r10,5,X,10,q6_9,si1000,platt,0.004372932058456474,0.14929739532279607
pooled,pool:d5/X/r10 without q6_9 (3 patches),d5_at_q6_9/X/r10,5,X,10,q6_9,si1000,isotonic,0.0048667593963296766,0.14930236713217826
same,d5_at_q6_9/X/r30,d5_at_q6_9/X/r30,5,X,30,q6_9,si1000,platt,0.007163713174935313,0.40179790461770926
same,d5_at_q6_9/X/r30,d5_at_q6_9/X/r30,5,X,30,q6_9,si1000,isotonic,0.009041005441226399,0.4021502962489792
sim,sim:d5_at_q6_9/X/r30,d5_at_q6_9/X/r30,5,X,30,q6_9,si1000,platt,0.09263309404891712,0.4834210769179877
sim,sim:d5_at_q6_9/X/r30,d5_at_q6_9/X/r30,5,X,30,q6_9,si1000,isotonic,0.09224748373451262,0.4894474320440364
basis,d5_at_q6_9/Z/r30,d5_at_q6_9/X/r30,5,X,30,q6_9,si1000,platt,0.008907688798344388,0.4018796065651595
basis,d5_at_q6_9/Z/r30,d5_at_q6_9/X/r30,5,X,30,q6_9,si1000,isotonic,0.010202216838483052,0.40318353059491435
patch,d5_at_q4_7/X/r30,d5_at_q6_9/X/r30,5,X,30,q6_9,si1000,platt,0.008055186681474364,0.4017917789974353
patch,d5_at_q4_7/X/r30,d5_at_q6_9/X/r30,5,X,30,q6_9,si1000,isotonic,0.00602646715357958,0.401447275813413
patch,d5_at_q6_5/X/r30,d5_at_q6_9/X/r30,5,X,30,q6_9,si1000,platt,0.008564991835804251,0.4017742692279509
patch,d5_at_q6_5/X/r30,d5_at_q6_9/X/r30,5,X,30,q6_9,si1000,isotonic,0.007224308218779431,0.40183819080957645
patch,d5_at_q8_7/X/r30,d5_at_q6_9/X/r30,5,X,30,q6_9,si1000,platt,0.008916045546948165,0.40197839332620455
patch,d5_at_q8_7/X/r30,d5_at_q6_9/X/r30,5,X,30,q6_9,si1000,isotonic,0.010811506226608708,0.40217624376856315
pooled,pool:d5/X/r30 without q6_9 (3 patches),d5_at_q6_9/X/r30,5,X,30,q6_9,si1000,platt,0.007681032847788313,0.4017402770005346
pooled,pool:d5/X/r30 without q6_9 (3 patches),d5_at_q6_9/X/r30,5,X,30,q6_9,si1000,isotonic,0.006007182615682599,0.40129372939128466
same,d5_at_q6_9/X/r50,d5_at_q6_9/X/r50,5,X,50,q6_9,si1000,platt,0.01696724371671064,0.49227388122511523
same,d5_at_q6_9/X/r50,d5_at_q6_9/X/r50,5,X,50,q6_9,si1000,isotonic,0.011117624501671681,0.4930851823165973
sim,sim:d5_at_q6_9/X/r50,d5_at_q6_9/X/r50,5,X,50,q6_9,si1000,platt,0.10773356713326156,0.561746476542437
sim,sim:d5_at_q6_9/X/r50,d5_at_q6_9/X/r50,5,X,50,q6_9,si1000,isotonic,0.10783075918569299,0.5727403962297258
basis,d5_at_q6_9/Z/r50,d5_at_q6_9/X/r50,5,X,50,q6_9,si1000,platt,0.014042308681514445,0.4922459568041305
basis,d5_at_q6_9/Z/r50,d5_at_q6_9/X/r50,5,X,50,q6_9,si1000,isotonic,0.015717499369999843,0.493311139614227
patch,d5_at_q4_7/X/r50,d5_at_q6_9/X/r50,5,X,50,q6_9,si1000,platt,0.014658147346234386,0.49220292519348574
patch,d5_at_q4_7/X/r50,d5_at_q6_9/X/r50,5,X,50,q6_9,si1000,isotonic,0.010854183640288275,0.4922660063583576
patch,d5_at_q6_5/X/r50,d5_at_q6_9/X/r50,5,X,50,q6_9,si1000,platt,0.014139862727796732,0.4922486481291557
patch,d5_at_q6_5/X/r50,d5_at_q6_9/X/r50,5,X,50,q6_9,si1000,isotonic,0.012680435188763385,0.49267694881149304
patch,d5_at_q8_7/X/r50,d5_at_q6_9/X/r50,5,X,50,q6_9,si1000,platt,0.018947971216757495,0.4927484031352078
patch,d5_at_q8_7/X/r50,d5_at_q6_9/X/r50,5,X,50,q6_9,si1000,isotonic,0.014059916644461887,0.4932349750269539
pooled,pool:d5/X/r50 without q6_9 (3 patches),d5_at_q6_9/X/r50,5,X,50,q6_9,si1000,platt,0.015689000703338774,0.4921439513060791
pooled,pool:d5/X/r50 without q6_9 (3 patches),d5_at_q6_9/X/r50,5,X,50,q6_9,si1000,isotonic,0.011005982209259715,0.492115451400748
same,d5_at_q6_9/Z/r01,d5_at_q6_9/Z/r01,5,Z,1,q6_9,si1000,platt,0.0006437775928275312,0.004972897157902156
same,d5_at_q6_9/Z/r01,d5_at_q6_9/Z/r01,5,Z,1,q6_9,si1000,isotonic,0.0006714492420443519,0.005256947668518848
sim,sim:d5_at_q6_9/Z/r01,d5_at_q6_9/Z/r01,5,Z,1,q6_9,si1000,platt,0.0009883986328361788,0.005507934460770679
sim,sim:d5_at_q6_9/Z/r01,d5_at_q6_9/Z/r01,5,Z,1,q6_9,si1000,isotonic,0.0011471095832963456,0.007145072079633417
basis,d5_at_q6_9/X/r01,d5_at_q6_9/Z/r01,5,Z,1,q6_9,si1000,platt,0.00046250211638798746,0.004857073305294648
basis,d5_at_q6_9/X/r01,d5_at_q6_9/Z/r01,5,Z,1,q6_9,si1000,isotonic,0.0009345347379908591,0.004997047045910408
patch,d5_at_q4_7/Z/r01,d5_at_q6_9/Z/r01,5,Z,1,q6_9,si1000,platt,9.947868570678183e-05,0.004741583898270064
patch,d5_at_q4_7/Z/r01,d5_at_q6_9/Z/r01,5,Z,1,q6_9,si1000,isotonic,8.353963098924417e-05,0.004832182319165001
patch,d5_at_q6_5/Z/r01,d5_at_q6_9/Z/r01,5,Z,1,q6_9,si1000,platt,0.0003140969516715002,0.004768128839607939
patch,d5_at_q6_5/Z/r01,d5_at_q6_9/Z/r01,5,Z,1,q6_9,si1000,isotonic,0.000427832822531746,0.0047705475827679936
patch,d5_at_q8_7/Z/r01,d5_at_q6_9/Z/r01,5,Z,1,q6_9,si1000,platt,0.00039024180422973467,0.004771885985503608
patch,d5_at_q8_7/Z/r01,d5_at_q6_9/Z/r01,5,Z,1,q6_9,si1000,isotonic,0.00045782807003928136,0.005464760873843406
pooled,pool:d5/Z/r1 without q6_9 (3 patches),d5_at_q6_9/Z/r01,5,Z,1,q6_9,si1000,platt,1.1026857627129494e-05,0.004718542689278938
pooled,pool:d5/Z/r1 without q6_9 (3 patches),d5_at_q6_9/Z/r01,5,Z,1,q6_9,si1000,isotonic,2.429120045478249e-05,0.00471067678856183
same,d5_at_q6_9/Z/r10,d5_at_q6_9/Z/r10,5,Z,10,q6_9,si1000,platt,0.0029087087843001937,0.14417381013450264
same,d5_at_q6_9/Z/r10,d5_at_q6_9/Z/r10,5,Z,10,q6_9,si1000,isotonic,0.002768652915208026,0.14460010722299727
sim,sim:d5_at_q6_9/Z/r10,d5_at_q6_9/Z/r10,5,Z,10,q6_9,si1000,platt,0.027322915422975783,0.16204653056001334
sim,sim:d5_at_q6_9/Z/r10,d5_at_q6_9/Z/r10,5,Z,10,q6_9,si1000,isotonic,0.02508361327636533,0.18056727649921703
basis,d5_at_q6_9/X/r10,d5_at_q6_9/Z/r10,5,Z,10,q6_9,si1000,platt,0.0077851623618811604,0.14488054639561931
basis,d5_at_q6_9/X/r10,d5_at_q6_9/Z/r10,5,Z,10,q6_9,si1000,isotonic,0.007917462640283946,0.14506021655407597
patch,d5_at_q4_7/Z/r10,d5_at_q6_9/Z/r10,5,Z,10,q6_9,si1000,platt,0.0042296488660479685,0.14425484196057325
patch,d5_at_q4_7/Z/r10,d5_at_q6_9/Z/r10,5,Z,10,q6_9,si1000,isotonic,0.004723290183634986,0.14458728847499738
patch,d5_at_q6_5/Z/r10,d5_at_q6_9/Z/r10,5,Z,10,q6_9,si1000,platt,0.005667533548762308,0.14436847203372952
patch,d5_at_q6_5/Z/r10,d5_at_q6_9/Z/r10,5,Z,10,q6_9,si1000,isotonic,0.0052540410491677325,0.1459349789482337
patch,d5_at_q8_7/Z/r10,d5_at_q6_9/Z/r10,5,Z,10,q6_9,si1000,platt,0.004400303547087151,0.1443833911529567
patch,d5_at_q8_7/Z/r10,d5_at_q6_9/Z/r10,5,Z,10,q6_9,si1000,isotonic,0.005571826680447598,0.14503450841639984
pooled,pool:d5/Z/r10 without q6_9 (3 patches),d5_at_q6_9/Z/r10,5,Z,10,q6_9,si1000,platt,0.004565712745319103,0.1442400580433984
pooled,pool:d5/Z/r10 without q6_9 (3 patches),d5_at_q6_9/Z/r10,5,Z,10,q6_9,si1000,isotonic,0.004126790187166419,0.1447882348179677
same,d5_at_q6_9/Z/r30,d5_at_q6_9/Z/r30,5,Z,30,q6_9,si1000,platt,0.014710151199869305,0.42284067320426477
same,d5_at_q6_9/Z/r30,d5_at_q6_9/Z/r30,5,Z,30,q6_9,si1000,isotonic,0.011048968927489957,0.42256563304546335
sim,sim:d5_at_q6_9/Z/r30,d5_at_q6_9/Z/r30,5,Z,30,q6_9,si1000,platt,0.08423378117336011,0.4798020771560507
sim,sim:d5_at_q6_9/Z/r30,d5_at_q6_9/Z/r30,5,Z,30,q6_9,si1000,isotonic,0.08111315829250292,0.48627971769910966
basis,d5_at_q6_9/X/r30,d5_at_q6_9/Z/r30,5,Z,30,q6_9,si1000,platt,0.014256353266324278,0.42303808074926863
basis,d5_at_q6_9/X/r30,d5_at_q6_9/Z/r30,5,Z,30,q6_9,si1000,isotonic,0.01088523438191761,0.42277812940427145
patch,d5_at_q4_7/Z/r30,d5_at_q6_9/Z/r30,5,Z,30,q6_9,si1000,platt,0.021614731984617663,0.42439133304592197
patch,d5_at_q4_7/Z/r30,d5_at_q6_9/Z/r30,5,Z,30,q6_9,si1000,isotonic,0.020846291694286912,0.42512833051110366
patch,d5_at_q6_5/Z/r30,d5_at_q6_9/Z/r30,5,Z,30,q6_9,si1000,platt,0.017066493301094166,0.4233896575490278
patch,d5_at_q6_5/Z/r30,d5_at_q6_9/Z/r30,5,Z,30,q6_9,si1000,isotonic,0.014454828371234456,0.4238046737110834
patch,d5_at_q8_7/Z/r30,d5_at_q6_9/Z/r30,5,Z,30,q6_9,si1000,platt,0.015333685515257114,0.42304357716206187
patch,d5_at_q8_7/Z/r30,d5_at_q6_9/Z/r30,5,Z,30,q6_9,si1000,isotonic,0.014734831400797115,0.424065696647439
pooled,pool:d5/Z/r30 without q6_9 (3 patches),d5_at_q6_9/Z/r30,5,Z,30,q6_9,si1000,platt,0.017819074861488145,0.4234362339187042
pooled,pool:d5/Z/r30 without q6_9 (3 patches),d5_at_q6_9/Z/r30,5,Z,30,q6_9,si1000,isotonic,0.01635547674412798,0.4233514922587558
same,d5_at_q6_9/Z/r50,d5_at_q6_9/Z/r50,5,Z,50,q6_9,si1000,platt,0.013402744401084844,0.5010072715691157
same,d5_at_q6_9/Z/r50,d5_at_q6_9/Z/r50,5,Z,50,q6_9,si1000,isotonic,0.013250499595658686,0.5017008352068154
sim,sim:d5_at_q6_9/Z/r50,d5_at_q6_9/Z/r50,5,Z,50,q6_9,si1000,platt,0.12089158683143415,0.5861511576968522
sim,sim:d5_at_q6_9/Z/r50,d5_at_q6_9/Z/r50,5,Z,50,q6_9,si1000,isotonic,0.12061401449063588,0.5977988130593336
basis,d5_at_q6_9/X/r50,d5_at_q6_9/Z/r50,5,Z,50,q6_9,si1000,platt,0.011521919463619204,0.5010046775930442
basis,d5_at_q6_9/X/r50,d5_at_q6_9/Z/r50,5,Z,50,q6_9,si1000,isotonic,0.0053528787261920546,0.5022897471224498
patch,d5_at_q4_7/Z/r50,d5_at_q6_9/Z/r50,5,Z,50,q6_9,si1000,platt,0.026592474190368545,0.5033684548403605
patch,d5_at_q4_7/Z/r50,d5_at_q6_9/Z/r50,5,Z,50,q6_9,si1000,isotonic,0.02637746705904033,0.5032578882863065
patch,d5_at_q6_5/Z/r50,d5_at_q6_9/Z/r50,5,Z,50,q6_9,si1000,platt,0.026956633846829812,0.5034084033419034
patch,d5_at_q6_5/Z/r50,d5_at_q6_9/Z/r50,5,Z,50,q6_9,si1000,isotonic,0.026513728282978495,0.5040517175564467
patch,d5_at_q8_7/Z/r50,d5_at_q6_9/Z/r50,5,Z,50,q6_9,si1000,platt,0.015548020222199739,0.50133279682391
patch,d5_at_q8_7/Z/r50,d5_at_q6_9/Z/r50,5,Z,50,q6_9,si1000,isotonic,0.012853837981316948,0.500988713677152
pooled,pool:d5/Z/r50 without q6_9 (3 patches),d5_at_q6_9/Z/r50,5,Z,50,q6_9,si1000,platt,0.02226640290125395,0.5024530056936962
pooled,pool:d5/Z/r50 without q6_9 (3 patches),d5_at_q6_9/Z/r50,5,Z,50,q6_9,si1000,isotonic,0.020865763221198333,0.501991442172363
same,d5_at_q8_7/X/r01,d5_at_q8_7/X/r01,5,X,1,q8_7,si1000,platt,0.0006738200600922856,0.0118929934191693
same,d5_at_q8_7/X/r01,d5_at_q8_7/X/r01,5,X,1,q8_7,si1000,isotonic,0.0006732298371346482,0.012058120718435062
sim,sim:d5_at_q8_7/X/r01,d5_at_q8_7/X/r01,5,X,1,q8_7,si1000,platt,0.00103140628133746,0.012824172038814535
sim,sim:d5_at_q8_7/X/r01,d5_at_q8_7/X/r01,5,X,1,q8_7,si1000,isotonic,0.000978343416037264,0.014783575668292389
basis,d5_at_q8_7/Z/r01,d5_at_q8_7/X/r01,5,X,1,q8_7,si1000,platt,0.0008829992071681851,0.012777420686695228
basis,d5_at_q8_7/Z/r01,d5_at_q8_7/X/r01,5,X,1,q8_7,si1000,isotonic,0.0008979377797948911,0.013787915964218128
patch,d5_at_q4_7/X/r01,d5_at_q8_7/X/r01,5,X,1,q8_7,si1000,platt,0.0009075923975800689,0.012024779618246495
patch,d5_at_q4_7/X/r01,d5_at_q8_7/X/r01,5,X,1,q8_7,si1000,isotonic,0.0006742907933865498,0.013315157941387372
patch,d5_at_q6_5/X/r01,d5_at_q8_7/X/r01,5,X,1,q8_7,si1000,platt,0.0005975876560365941,0.01223049178510333
patch,d5_at_q6_5/X/r01,d5_at_q8_7/X/r01,5,X,1,q8_7,si1000,isotonic,0.00044471551958224077,0.012379241369389267
patch,d5_at_q6_9/X/r01,d5_at_q8_7/X/r01,5,X,1,q8_7,si1000,platt,0.0007098987278377081,0.012132828231243243
patch,d5_at_q6_9/X/r01,d5_at_q8_7/X/r01,5,X,1,q8_7,si1000,isotonic,0.0003239468315016608,0.013015935284278256
pooled,pool:d5/X/r1 without q8_7 (3 patches),d5_at_q8_7/X/r01,5,X,1,q8_7,si1000,platt,0.0007487150363879434,0.012105252523379281
pooled,pool:d5/X/r1 without q8_7 (3 patches),d5_at_q8_7/X/r01,5,X,1,q8_7,si1000,isotonic,0.0005641235072592817,0.01234894646328973
same,d5_at_q8_7/X/r10,d5_at_q8_7/X/r10,5,X,10,q8_7,si1000,platt,0.004810136039215971,0.16057926705938425
same,d5_at_q8_7/X/r10,d5_at_q8_7/X/r10,5,X,10,q8_7,si1000,isotonic,0.005092534011062125,0.16115042706921898
sim,sim:d5_at_q8_7/X/r10,d5_at_q8_7/X/r10,5,X,10,q8_7,si1000,platt,0.028218235759895054,0.18304526150399278
sim,sim:d5_at_q8_7/X/r10,d5_at_q8_7/X/r10,5,X,10,q8_7,si1000,isotonic,0.02578866616598745,0.21002902384320635
basis,d5_at_q8_7/Z/r10,d5_at_q8_7/X/r10,5,X,10,q8_7,si1000,platt,0.006266801031264488,0.16127319407189789
basis,d5_at_q8_7/Z/r10,d5_at_q8_7/X/r10,5,X,10,q8_7,si1000,isotonic,0.007319219150271906,0.1616613858616909
patch,d5_at_q4_7/X/r10,d5_at_q8_7/X/r10,5,X,10,q8_7,si1000,platt,0.0039017435989435055,0.16074377062855505
patch,d5_at_q4_7/X/r10,d5_at_q8_7/X/r10,5,X,10,q8_7,si1000,isotonic,0.0030867411421566697,0.16137777691979857
patch,d5_at_q6_5/X/r10,d5_at_q8_7/X/r10,5,X,10,q8_7,si1000,platt,0.00451945325203658,0.16075440631354448
patch,d5_at_q6_5/X/r10,d5_at_q8_7/X/r10,5,X,10,q8_7,si1000,isotonic,0.0043670986551162805,0.16091647785605973
patch,d5_at_q6_9/X/r10,d5_at_q8_7/X/r10,5,X,10,q8_7,si1000,platt,0.004814345990038305,0.16078016813868753
patch,d5_at_q6_9/X/r10,d5_at_q8_7/X/r10,5,X,10,q8_7,si1000,isotonic,0.0060901111606756556,0.16180044997702459
pooled,pool:d5/X/r10 without q8_7 (3 patches),d5_at_q8_7/X/r10,5,X,10,q8_7,si1000,platt,0.0044345225771708074,0.16074696921220172
pooled,pool:d5/X/r10 without q8_7 (3 patches),d5_at_q8_7/X/r10,5,X,10,q8_7,si1000,isotonic,0.004375277815721243,0.1609879094205447
same,d5_at_q8_7/X/r30,d5_at_q8_7/X/r30,5,X,30,q8_7,si1000,platt,0.010498131330479814,0.42443984164945303
same,d5_at_q8_7/X/r30,d5_at_q8_7/X/r30,5,X,30,q8_7,si1000,isotonic,0.00950130542389737,0.4238772928811156
sim,sim:d5_at_q8_7/X/r30,d5_at_q8_7/X/r30,5,X,30,q8_7,si1000,platt,0.10640578042102761,0.5179730727262095
sim,sim:d5_at_q8_7/X/r30,d5_at_q8_7/X/r30,5,X,30,q8_7,si1000,isotonic,0.10141105750733036,0.5401353829188098
basis,d5_at_q8_7/Z/r30,d5_at_q8_7/X/r30,5,X,30,q8_7,si1000,platt,0.019862581244967814,0.42593970715981755
basis,d5_at_q8_7/Z/r30,d5_at_q8_7/X/r30,5,X,30,q8_7,si1000,isotonic,0.02037690665835732,0.4263045754101238
patch,d5_at_q4_7/X/r30,d5_at_q8_7/X/r30,5,X,30,q8_7,si1000,platt,0.015975035309083344,0.4251146270729976
patch,d5_at_q4_7/X/r30,d5_at_q8_7/X/r30,5,X,30,q8_7,si1000,isotonic,0.012617633062466894,0.4252104226809738
patch,d5_at_q6_5/X/r30,d5_at_q8_7/X/r30,5,X,30,q8_7,si1000,platt,0.014635927155429607,0.42490206220418647
patch,d5_at_q6_5/X/r30,d5_at_q8_7/X/r30,5,X,30,q8_7,si1000,isotonic,0.012093881322268532,0.42441196514420154
patch,d5_at_q6_9/X/r30,d5_at_q8_7/X/r30,5,X,30,q8_7,si1000,platt,0.013362941018875828,0.424760594247532
patch,d5_at_q6_9/X/r30,d5_at_q8_7/X/r30,5,X,30,q8_7,si1000,isotonic,0.013881080161487652,0.42516452630785123
pooled,pool:d5/X/r30 without q8_7 (3 patches),d5_at_q8_7/X/r30,5,X,30,q8_7,si1000,platt,0.014375761895124918,0.42487796268164185
pooled,pool:d5/X/r30 without q8_7 (3 patches),d5_at_q8_7/X/r30,5,X,30,q8_7,si1000,isotonic,0.011948445160833229,0.42454163697909825
same,d5_at_q8_7/X/r50,d5_at_q8_7/X/r50,5,X,50,q8_7,si1000,platt,0.010362674966123638,0.49711863419333924
same,d5_at_q8_7/X/r50,d5_at_q8_7/X/r50,5,X,50,q8_7,si1000,isotonic,0.010963209688188258,0.497099525143948
sim,sim:d5_at_q8_7/X/r50,d5_at_q8_7/X/r50,5,X,50,q8_7,si1000,platt,0.1179716984962982,0.5846153987099106
sim,sim:d5_at_q8_7/X/r50,d5_at_q8_7/X/r50,5,X,50,q8_7,si1000,isotonic,0.11736339636935059,0.590243626005363
basis,d5_at_q8_7/Z/r50,d5_at_q8_7/X/r50,5,X,50,q8_7,si1000,platt,0.021378910945731817,0.4981266265399105
basis,d5_at_q8_7/Z/r50,d5_at_q8_7/X/r50,5,X,50,q8_7,si1000,isotonic,0.019880178631683888,0.49968171485898355
patch,d5_at_q4_7/X/r50,d5_at_q8_7/X/r50,5,X,50,q8_7,si1000,platt,0.01725479087488093,0.49778263120827576
patch,d5_at_q4_7/X/r50,d5_at_q8_7/X/r50,5,X,50,q8_7,si1000,isotonic,0.016146607502133516,0.49849362770672206
patch,d5_at_q6_5/X/r50,d5_at_q8_7/X/r50,5,X,50,q8_7,si1000,platt,0.016124760657582175,0.4974435517877759
patch,d5_at_q6_5/X/r50,d5_at_q8_7/X/r50,5,X,50,q8_7,si1000,isotonic,0.014461793984789527,0.49819737623885313
patch,d5_at_q6_9/X/r50,d5_at_q8_7/X/r50,5,X,50,q8_7,si1000,platt,0.010021878385509162,0.4970445614332628
patch,d5_at_q6_9/X/r50,d5_at_q8_7/X/r50,5,X,50,q8_7,si1000,isotonic,0.008595282676954046,0.500681974117874
pooled,pool:d5/X/r50 without q8_7 (3 patches),d5_at_q8_7/X/r50,5,X,50,q8_7,si1000,platt,0.013825098113033025,0.4973222503555604
pooled,pool:d5/X/r50 without q8_7 (3 patches),d5_at_q8_7/X/r50,5,X,50,q8_7,si1000,isotonic,0.011556281788575394,0.49761731851513685
same,d5_at_q8_7/Z/r01,d5_at_q8_7/Z/r01,5,Z,1,q8_7,si1000,platt,0.00010443403992553694,0.0057369081137015445
same,d5_at_q8_7/Z/r01,d5_at_q8_7/Z/r01,5,Z,1,q8_7,si1000,isotonic,0.0002599817735049527,0.006067307553182383
sim,sim:d5_at_q8_7/Z/r01,d5_at_q8_7/Z/r01,5,Z,1,q8_7,si1000,platt,0.0006960811171747248,0.00602264666776294
sim,sim:d5_at_q8_7/Z/r01,d5_at_q8_7/Z/r01,5,Z,1,q8_7,si1000,isotonic,0.0013228478322164037,0.01310062452179036
basis,d5_at_q8_7/X/r01,d5_at_q8_7/Z/r01,5,Z,1,q8_7,si1000,platt,0.0003267783366306201,0.005731123200277509
basis,d5_at_q8_7/X/r01,d5_at_q8_7/Z/r01,5,Z,1,q8_7,si1000,isotonic,0.0005187325960116623,0.005942056915850884
patch,d5_at_q4_7/Z/r01,d5_at_q8_7/Z/r01,5,Z,1,q8_7,si1000,platt,0.00029816591624588177,0.005699593817054178
patch,d5_at_q4_7/Z/r01,d5_at_q8_7/Z/r01,5,Z,1,q8_7,si1000,isotonic,0.0002669291019512921,0.006009951781357229
patch,d5_at_q6_5/Z/r01,d5_at_q8_7/Z/r01,5,Z,1,q8_7,si1000,platt,0.0005315570180706073,0.005927102108668804
patch,d5_at_q6_5/Z/r01,d5_at_q8_7/Z/r01,5,Z,1,q8_7,si1000,isotonic,0.0006288526103938678,0.006430541952325874
patch,d5_at_q6_9/Z/r01,d5_at_q8_7/Z/r01,5,Z,1,q8_7,si1000,platt,0.0007666779800788277,0.005950554894026046
patch,d5_at_q6_9/Z/r01,d5_at_q8_7/Z/r01,5,Z,1,q8_7,si1000,isotonic,0.0007698113686886083,0.006279577929780249
pooled,pool:d5/Z/r1 without q8_7 (3 patches),d5_at_q8_7/Z/r01,5,Z,1,q8_7,si1000,platt,0.000542937884669973,0.005808980474326064
pooled,pool:d5/Z/r1 without q8_7 (3 patches),d5_at_q8_7/Z/r01,5,Z,1,q8_7,si1000,isotonic,0.0005589976122340142,0.006277425414893249
same,d5_at_q8_7/Z/r10,d5_at_q8_7/Z/r10,5,Z,10,q8_7,si1000,platt,0.004192650436971906,0.14518570033226808
same,d5_at_q8_7/Z/r10,d5_at_q8_7/Z/r10,5,Z,10,q8_7,si1000,isotonic,0.004457962022091104,0.1455607735349216
sim,sim:d5_at_q8_7/Z/r10,d5_at_q8_7/Z/r10,5,Z,10,q8_7,si1000,platt,0.02329353745295348,0.1616010146590293
sim,sim:d5_at_q8_7/Z/r10,d5_at_q8_7/Z/r10,5,Z,10,q8_7,si1000,isotonic,0.022748710656379494,0.16737981474111407
basis,d5_at_q8_7/X/r10,d5_at_q8_7/Z/r10,5,Z,10,q8_7,si1000,platt,0.005714547328783926,0.14567937550161975
basis,d5_at_q8_7/X/r10,d5_at_q8_7/Z/r10,5,Z,10,q8_7,si1000,isotonic,0.006186662128221115,0.1465399331778974
patch,d5_at_q4_7/Z/r10,d5_at_q8_7/Z/r10,5,Z,10,q8_7,si1000,platt,0.006042183456605492,0.1457160915747694
patch,d5_at_q4_7/Z/r10,d5_at_q8_7/Z/r10,5,Z,10,q8_7,si1000,isotonic,0.006397592603654904,0.14682193373335925
patch,d5_at_q6_5/Z/r10,d5_at_q8_7/Z/r10,5,Z,10,q8_7,si1000,platt,0.006003651753103696,0.14563750906676162
patch,d5_at_q6_5/Z/r10,d5_at_q8_7/Z/r10,5,Z,10,q8_7,si1000,isotonic,0.006255179990647014,0.14713456304197084
patch,d5_at_q6_9/Z/r10,d5_at_q8_7/Z/r10,5,Z,10,q8_7,si1000,platt,0.005530521603504445,0.14542631052808938
patch,d5_at_q6_9/Z/r10,d5_at_q8_7/Z/r10,5,Z,10,q8_7,si1000,isotonic,0.005152444659667297,0.1462330661856623
pooled,pool:d5/Z/r10 without q8_7 (3 patches),d5_at_q8_7/Z/r10,5,Z,10,q8_7,si1000,platt,0.005128172921272085,0.14553436917097617
pooled,pool:d5/Z/r10 without q8_7 (3 patches),d5_at_q8_7/Z/r10,5,Z,10,q8_7,si1000,isotonic,0.005282743001260381,0.1460049735450893
same,d5_at_q8_7/Z/r30,d5_at_q8_7/Z/r30,5,Z,30,q8_7,si1000,platt,0.007487100136297373,0.3869130205679488
same,d5_at_q8_7/Z/r30,d5_at_q8_7/Z/r30,5,Z,30,q8_7,si1000,isotonic,0.005818898991743266,0.38824655421187904
sim,sim:d5_at_q8_7/Z/r30,d5_at_q8_7/Z/r30,5,Z,30,q8_7,si1000,platt,0.08449962455077945,0.446115933319759
sim,sim:d5_at_q8_7/Z/r30,d5_at_q8_7/Z/r30,5,Z,30,q8_7,si1000,isotonic,0.08134245997618904,0.4535576928767601
basis,d5_at_q8_7/X/r30,d5_at_q8_7/Z/r30,5,Z,30,q8_7,si1000,platt,0.01336452643644809,0.388003348594881
basis,d5_at_q8_7/X/r30,d5_at_q8_7/Z/r30,5,Z,30,q8_7,si1000,isotonic,0.015313625362601321,0.38872411221851083
patch,d5_at_q4_7/Z/r30,d5_at_q8_7/Z/r30,5,Z,30,q8_7,si1000,platt,0.01383214722696292,0.38767249473598897
patch,d5_at_q4_7/Z/r30,d5_at_q8_7/Z/r30,5,Z,30,q8_7,si1000,isotonic,0.014986669444661488,0.38841374997283906
patch,d5_at_q6_5/Z/r30,d5_at_q8_7/Z/r30,5,Z,30,q8_7,si1000,platt,0.008562586303838327,0.38706216434857305
patch,d5_at_q6_5/Z/r30,d5_at_q8_7/Z/r30,5,Z,30,q8_7,si1000,isotonic,0.0066383859533214115,0.38746226349661894
patch,d5_at_q6_9/Z/r30,d5_at_q8_7/Z/r30,5,Z,30,q8_7,si1000,platt,0.006597712905635482,0.3869195007967982
patch,d5_at_q6_9/Z/r30,d5_at_q8_7/Z/r30,5,Z,30,q8_7,si1000,isotonic,0.009242994342731129,0.3877274082522186
pooled,pool:d5/Z/r30 without q8_7 (3 patches),d5_at_q8_7/Z/r30,5,Z,30,q8_7,si1000,platt,0.008089679548155464,0.3870022732831941
pooled,pool:d5/Z/r30 without q8_7 (3 patches),d5_at_q8_7/Z/r30,5,Z,30,q8_7,si1000,isotonic,0.006879970980273998,0.38719169872793074
same,d5_at_q8_7/Z/r50,d5_at_q8_7/Z/r50,5,Z,50,q8_7,si1000,platt,0.0066861286741839495,0.4724655884971231
same,d5_at_q8_7/Z/r50,d5_at_q8_7/Z/r50,5,Z,50,q8_7,si1000,isotonic,0.012565579285698155,0.47347276008305333
sim,sim:d5_at_q8_7/Z/r50,d5_at_q8_7/Z/r50,5,Z,50,q8_7,si1000,platt,0.09948358599376093,0.541215704914071
sim,sim:d5_at_q8_7/Z/r50,d5_at_q8_7/Z/r50,5,Z,50,q8_7,si1000,isotonic,0.10237171590264631,0.5489806751430321
basis,d5_at_q8_7/X/r50,d5_at_q8_7/Z/r50,5,Z,50,q8_7,si1000,platt,0.019058380202776243,0.47396631364049663
basis,d5_at_q8_7/X/r50,d5_at_q8_7/Z/r50,5,Z,50,q8_7,si1000,isotonic,0.018962860457406347,0.4744858181570397
patch,d5_at_q4_7/Z/r50,d5_at_q8_7/Z/r50,5,Z,50,q8_7,si1000,platt,0.016081008034028038,0.4737494990307731
patch,d5_at_q4_7/Z/r50,d5_at_q8_7/Z/r50,5,Z,50,q8_7,si1000,isotonic,0.015516828151382464,0.4743037922171547
patch,d5_at_q6_5/Z/r50,d5_at_q8_7/Z/r50,5,Z,50,q8_7,si1000,platt,0.017553531400649934,0.4736344761519206
patch,d5_at_q6_5/Z/r50,d5_at_q8_7/Z/r50,5,Z,50,q8_7,si1000,isotonic,0.018304092493373024,0.4742747191931943
patch,d5_at_q6_9/Z/r50,d5_at_q8_7/Z/r50,5,Z,50,q8_7,si1000,platt,0.005269855454151487,0.47248246066105365
patch,d5_at_q6_9/Z/r50,d5_at_q8_7/Z/r50,5,Z,50,q8_7,si1000,isotonic,0.009805122479663779,0.47518876931680293
pooled,pool:d5/Z/r50 without q8_7 (3 patches),d5_at_q8_7/Z/r50,5,Z,50,q8_7,si1000,platt,0.010255545801341664,0.47287960211342833
pooled,pool:d5/Z/r50 without q8_7 (3 patches),d5_at_q8_7/Z/r50,5,Z,50,q8_7,si1000,isotonic,0.010250492846499802,0.47299454451057854
same,d7_at_q6_7/X/r01,d7_at_q6_7/X/r01,7,X,1,q6_7,si1000,platt,5.388776829742482e-05,0.0024205747595004564
same,d7_at_q6_7/X/r01,d7_at_q6_7/X/r01,7,X,1,q6_7,si1000,isotonic,5.4810410071067535e-05,0.002553048293414787
sim,sim:d7_at_q6_7/X/r01,d7_at_q6_7/X/r01,7,X,1,q6_7,si1000,platt,0.00082068065129666,0.0028003563032586174
sim,sim:d7_at_q6_7/X/r01,d7_at_q6_7/X/r01,7,X,1,q6_7,si1000,isotonic,7.244400118166651e-05,0.002838536691378654
basis,d7_at_q6_7/Z/r01,d7_at_q6_7/X/r01,7,X,1,q6_7,si1000,platt,0.00018192904147314103,0.0023831696654229226
basis,d7_at_q6_7/Z/r01,d7_at_q6_7/X/r01,7,X,1,q6_7,si1000,isotonic,0.000223426403500513,0.002508786934596205
same,d7_at_q6_7/X/r10,d7_at_q6_7/X/r10,7,X,10,q6_7,si1000,platt,0.001547882779058885,0.08468624278162781
same,d7_at_q6_7/X/r10,d7_at_q6_7/X/r10,7,X,10,q6_7,si1000,isotonic,0.002276952662393751,0.08606242474866543
sim,sim:d7_at_q6_7/X/r10,d7_at_q6_7/X/r10,7,X,10,q6_7,si1000,platt,0.01569344368065383,0.0996998022264094
sim,sim:d7_at_q6_7/X/r10,d7_at_q6_7/X/r10,7,X,10,q6_7,si1000,isotonic,0.01747898017147426,0.12012770770539245
basis,d7_at_q6_7/Z/r10,d7_at_q6_7/X/r10,7,X,10,q6_7,si1000,platt,0.004958350996526191,0.08522440140722584
basis,d7_at_q6_7/Z/r10,d7_at_q6_7/X/r10,7,X,10,q6_7,si1000,isotonic,0.005006912962601334,0.0855122953923639
same,d7_at_q6_7/X/r30,d7_at_q6_7/X/r30,7,X,30,q6_7,si1000,platt,0.00606176963390967,0.27667853052518004
same,d7_at_q6_7/X/r30,d7_at_q6_7/X/r30,7,X,30,q6_7,si1000,isotonic,0.005690469404108177,0.2776194873131625
sim,sim:d7_at_q6_7/X/r30,d7_at_q6_7/X/r30,7,X,30,q6_7,si1000,platt,0.04359309476961162,0.31748477708169076
sim,sim:d7_at_q6_7/X/r30,d7_at_q6_7/X/r30,7,X,30,q6_7,si1000,isotonic,0.052137797760624105,0.34836978375119043
basis,d7_at_q6_7/Z/r30,d7_at_q6_7/X/r30,7,X,30,q6_7,si1000,platt,0.004864784161617746,0.2767882686079481
basis,d7_at_q6_7/Z/r30,d7_at_q6_7/X/r30,7,X,30,q6_7,si1000,isotonic,0.004955050083511383,0.277479204369512
same,d7_at_q6_7/X/r50,d7_at_q6_7/X/r50,7,X,50,q6_7,si1000,platt,0.008511652359572639,0.3763354530244024
same,d7_at_q6_7/X/r50,d7_at_q6_7/X/r50,7,X,50,q6_7,si1000,isotonic,0.007764019178243542,0.37782438891849635
sim,sim:d7_at_q6_7/X/r50,d7_at_q6_7/X/r50,7,X,50,q6_7,si1000,platt,0.07140981674593008,0.4493872853281453
sim,sim:d7_at_q6_7/X/r50,d7_at_q6_7/X/r50,7,X,50,q6_7,si1000,isotonic,0.07844076474920161,0.4952016427240542
basis,d7_at_q6_7/Z/r50,d7_at_q6_7/X/r50,7,X,50,q6_7,si1000,platt,0.015431411962441868,0.37785362560836533
basis,d7_at_q6_7/Z/r50,d7_at_q6_7/X/r50,7,X,50,q6_7,si1000,isotonic,0.016864603832553136,0.3794192836907651
same,d7_at_q6_7/Z/r01,d7_at_q6_7/Z/r01,7,Z,1,q6_7,si1000,platt,0.0002741865827626077,0.0020575412222855623
same,d7_at_q6_7/Z/r01,d7_at_q6_7/Z/r01,7,Z,1,q6_7,si1000,isotonic,0.0002931721252608452,0.0024729671564321827
sim,sim:d7_at_q6_7/Z/r01,d7_at_q6_7/Z/r01,7,Z,1,q6_7,si1000,platt,0.0006729158436589474,0.00398606385023858
sim,sim:d7_at_q6_7/Z/r01,d7_at_q6_7/Z/r01,7,Z,1,q6_7,si1000,isotonic,0.0007850007499625019,0.008502326848763316
basis,d7_at_q6_7/X/r01,d7_at_q6_7/Z/r01,7,Z,1,q6_7,si1000,platt,0.00018057418183005313,0.0021271842857781336
basis,d7_at_q6_7/X/r01,d7_at_q6_7/Z/r01,7,Z,1,q6_7,si1000,isotonic,0.00019970634056091564,0.002120682988369791
same,d7_at_q6_7/Z/r10,d7_at_q6_7/Z/r10,7,Z,10,q6_7,si1000,platt,0.0030100366560447725,0.08106598662907047
same,d7_at_q6_7/Z/r10,d7_at_q6_7/Z/r10,7,Z,10,q6_7,si1000,isotonic,0.0030240176770419147,0.08169212926919639
sim,sim:d7_at_q6_7/Z/r10,d7_at_q6_7/Z/r10,7,Z,10,q6_7,si1000,platt,0.007154061023170955,0.09013445860046294
sim,sim:d7_at_q6_7/Z/r10,d7_at_q6_7/Z/r10,7,Z,10,q6_7,si1000,isotonic,0.008348306756770663,0.10922890511200724
basis,d7_at_q6_7/X/r10,d7_at_q6_7/Z/r10,7,Z,10,q6_7,si1000,platt,0.0032792973494559525,0.08090854655391962
basis,d7_at_q6_7/X/r10,d7_at_q6_7/Z/r10,7,Z,10,q6_7,si1000,isotonic,0.004375255336096661,0.0819539982776346
same,d7_at_q6_7/Z/r30,d7_at_q6_7/Z/r30,7,Z,30,q6_7,si1000,platt,0.004226877833701545,0.2651622930361547
same,d7_at_q6_7/Z/r30,d7_at_q6_7/Z/r30,7,Z,30,q6_7,si1000,isotonic,0.003775052372532298,0.26546166100763713
sim,sim:d7_at_q6_7/Z/r30,d7_at_q6_7/Z/r30,7,Z,30,q6_7,si1000,platt,0.052188990377081336,0.29624360908985753
sim,sim:d7_at_q6_7/Z/r30,d7_at_q6_7/Z/r30,7,Z,30,q6_7,si1000,isotonic,0.050710564741123516,0.3039782875883631
basis,d7_at_q6_7/X/r30,d7_at_q6_7/Z/r30,7,Z,30,q6_7,si1000,platt,0.005884646701761872,0.2653105050581743
basis,d7_at_q6_7/X/r30,d7_at_q6_7/Z/r30,7,Z,30,q6_7,si1000,isotonic,0.007295925211934404,0.2660218719086717
same,d7_at_q6_7/Z/r50,d7_at_q6_7/Z/r50,7,Z,50,q6_7,si1000,platt,0.008549767726180232,0.3445721570804278
same,d7_at_q6_7/Z/r50,d7_at_q6_7/Z/r50,7,Z,50,q6_7,si1000,isotonic,0.00961580022949046,0.3451619948540158
sim,sim:d7_at_q6_7/Z/r50,d7_at_q6_7/Z/r50,7,Z,50,q6_7,si1000,platt,0.0492653642519453,0.3732144502437688
sim,sim:d7_at_q6_7/Z/r50,d7_at_q6_7/Z/r50,7,Z,50,q6_7,si1000,isotonic,0.0571612176947109,0.39138877286370716
basis,d7_at_q6_7/X/r50,d7_at_q6_7/Z/r50,7,Z,50,q6_7,si1000,platt,0.007931079198615812,0.3448127715061661
basis,d7_at_q6_7/X/r50,d7_at_q6_7/Z/r50,7,Z,50,q6_7,si1000,isotonic,0.009058194785827492,0.34528024319639405
same,d3_at_q10_7/X/r01,d3_at_q10_7/X/r01,3,X,1,q10_7,rl,platt,0.0009969229980173802,0.017595790682018202
same,d3_at_q10_7/X/r01,d3_at_q10_7/X/r01,3,X,1,q10_7,rl,isotonic,0.0008101010106408537,0.017736243865250086
sim,sim:d3_at_q10_7/X/r01,d3_at_q10_7/X/r01,3,X,1,q10_7,rl,platt,0.0019263430451987376,0.017961874730548777
sim,sim:d3_at_q10_7/X/r01,d3_at_q10_7/X/r01,3,X,1,q10_7,rl,isotonic,0.0020652687105915087,0.018988613527984175
basis,d3_at_q10_7/Z/r01,d3_at_q10_7/X/r01,3,X,1,q10_7,rl,platt,0.00024544366403101363,0.017497657354642714
basis,d3_at_q10_7/Z/r01,d3_at_q10_7/X/r01,3,X,1,q10_7,rl,isotonic,0.00019383599268096705,0.018444951229161816
patch,d3_at_q2_7/X/r01,d3_at_q10_7/X/r01,3,X,1,q10_7,rl,platt,0.002034240948660253,0.01817290799860547
patch,d3_at_q2_7/X/r01,d3_at_q10_7/X/r01,3,X,1,q10_7,rl,isotonic,0.002016691192681846,0.018318877286387234
patch,d3_at_q4_5/X/r01,d3_at_q10_7/X/r01,3,X,1,q10_7,rl,platt,0.0015281138384128157,0.017735643460063056
patch,d3_at_q4_5/X/r01,d3_at_q10_7/X/r01,3,X,1,q10_7,rl,isotonic,0.0016252377093501735,0.018234747042468382
patch,d3_at_q4_9/X/r01,d3_at_q10_7/X/r01,3,X,1,q10_7,rl,platt,0.0011182378074660456,0.017799546060558637
patch,d3_at_q4_9/X/r01,d3_at_q10_7/X/r01,3,X,1,q10_7,rl,isotonic,0.001007891101298678,0.018366608053735096
patch,d3_at_q6_11/X/r01,d3_at_q10_7/X/r01,3,X,1,q10_7,rl,platt,0.0009210480267540126,0.017474104799023067
patch,d3_at_q6_11/X/r01,d3_at_q10_7/X/r01,3,X,1,q10_7,rl,isotonic,0.0005519371417647751,0.01795979347803794
patch,d3_at_q6_3/X/r01,d3_at_q10_7/X/r01,3,X,1,q10_7,rl,platt,0.0007395480690745213,0.017950077586882652
patch,d3_at_q6_3/X/r01,d3_at_q10_7/X/r01,3,X,1,q10_7,rl,isotonic,0.0002914869933051821,0.01786254517297965
patch,d3_at_q6_7/X/r01,d3_at_q10_7/X/r01,3,X,1,q10_7,rl,platt,0.004002045799043337,0.018691088917555762
patch,d3_at_q6_7/X/r01,d3_at_q10_7/X/r01,3,X,1,q10_7,rl,isotonic,0.001428453515034394,0.018126706158931347
patch,d3_at_q8_5/X/r01,d3_at_q10_7/X/r01,3,X,1,q10_7,rl,platt,0.000749423553574648,0.018190040759640275
patch,d3_at_q8_5/X/r01,d3_at_q10_7/X/r01,3,X,1,q10_7,rl,isotonic,0.0009742623595045424,0.018102807882836323
patch,d3_at_q8_9/X/r01,d3_at_q10_7/X/r01,3,X,1,q10_7,rl,platt,0.0075602045153765965,0.021892054700201675
patch,d3_at_q8_9/X/r01,d3_at_q10_7/X/r01,3,X,1,q10_7,rl,isotonic,0.008618533922394901,0.02280528307006561
pooled,pool:d3/X/r1 without q10_7 (8 patches),d3_at_q10_7/X/r01,3,X,1,q10_7,rl,platt,0.0014066645164919189,0.018028382902693794
pooled,pool:d3/X/r1 without q10_7 (8 patches),d3_at_q10_7/X/r01,3,X,1,q10_7,rl,isotonic,0.0015847337801171203,0.018234646712739486
same,d3_at_q10_7/X/r10,d3_at_q10_7/X/r10,3,X,10,q10_7,rl,platt,0.006832089490692319,0.17217014882868922
same,d3_at_q10_7/X/r10,d3_at_q10_7/X/r10,3,X,10,q10_7,rl,isotonic,0.006372358380079361,0.17056908756370556
sim,sim:d3_at_q10_7/X/r10,d3_at_q10_7/X/r10,3,X,10,q10_7,rl,platt,0.006429815629823715,0.17203704031281578
sim,sim:d3_at_q10_7/X/r10,d3_at_q10_7/X/r10,3,X,10,q10_7,rl,isotonic,0.006231433315757619,0.17289605460539934
basis,d3_at_q10_7/Z/r10,d3_at_q10_7/X/r10,3,X,10,q10_7,rl,platt,0.009087030613325586,0.17263085772408465
basis,d3_at_q10_7/Z/r10,d3_at_q10_7/X/r10,3,X,10,q10_7,rl,isotonic,0.016383466614553876,0.17640776893595603
patch,d3_at_q2_7/X/r10,d3_at_q10_7/X/r10,3,X,10,q10_7,rl,platt,0.012697343415990702,0.17311152784378228
patch,d3_at_q2_7/X/r10,d3_at_q10_7/X/r10,3,X,10,q10_7,rl,isotonic,0.005398337761390217,0.172527418255356
patch,d3_at_q4_5/X/r10,d3_at_q10_7/X/r10,3,X,10,q10_7,rl,platt,0.011140865202769697,0.17283581732718353
patch,d3_at_q4_5/X/r10,d3_at_q10_7/X/r10,3,X,10,q10_7,rl,isotonic,0.011014446923913988,0.1732518796830973
patch,d3_at_q4_9/X/r10,d3_at_q10_7/X/r10,3,X,10,q10_7,rl,platt,0.010303589221842841,0.17304232432534505
patch,d3_at_q4_9/X/r10,d3_at_q10_7/X/r10,3,X,10,q10_7,rl,isotonic,0.011935974398624032,0.17466638237943044
patch,d3_at_q6_11/X/r10,d3_at_q10_7/X/r10,3,X,10,q10_7,rl,platt,0.007816298536562434,0.17188765338601564
patch,d3_at_q6_11/X/r10,d3_at_q10_7/X/r10,3,X,10,q10_7,rl,isotonic,0.00400018734953101,0.17536227153278602
patch,d3_at_q6_3/X/r10,d3_at_q10_7/X/r10,3,X,10,q10_7,rl,platt,0.005964899616965757,0.1721370352723365
patch,d3_at_q6_3/X/r10,d3_at_q10_7/X/r10,3,X,10,q10_7,rl,isotonic,0.007238089189704925,0.17622791836614252
patch,d3_at_q6_7/X/r10,d3_at_q10_7/X/r10,3,X,10,q10_7,rl,platt,0.01773072109076698,0.17486166125445143
patch,d3_at_q6_7/X/r10,d3_at_q10_7/X/r10,3,X,10,q10_7,rl,isotonic,0.01991644989971212,0.17591084418516237
patch,d3_at_q8_5/X/r10,d3_at_q10_7/X/r10,3,X,10,q10_7,rl,platt,0.010521719248882767,0.17294781972956536
patch,d3_at_q8_5/X/r10,d3_at_q10_7/X/r10,3,X,10,q10_7,rl,isotonic,0.012259452287822747,0.1741095871478949
patch,d3_at_q8_9/X/r10,d3_at_q10_7/X/r10,3,X,10,q10_7,rl,platt,0.02415867978485217,0.17776672332790663
patch,d3_at_q8_9/X/r10,d3_at_q10_7/X/r10,3,X,10,q10_7,rl,isotonic,0.02406377472330141,0.17868593400511842
pooled,pool:d3/X/r10 without q10_7 (8 patches),d3_at_q10_7/X/r10,3,X,10,q10_7,rl,platt,0.01049984770990575,0.17306934045468592
pooled,pool:d3/X/r10 without q10_7 (8 patches),d3_at_q10_7/X/r10,3,X,10,q10_7,rl,isotonic,0.012635974556384254,0.17391165363613914
same,d3_at_q10_7/X/r30,d3_at_q10_7/X/r30,3,X,30,q10_7,rl,platt,0.016136042761238856,0.46674449368534404
same,d3_at_q10_7/X/r30,d3_at_q10_7/X/r30,3,X,30,q10_7,rl,isotonic,0.008918623232681978,0.46341406034247046
sim,sim:d3_at_q10_7/X/r30,d3_at_q10_7/X/r30,3,X,30,q10_7,rl,platt,0.0345969687624324,0.47175313245472705
sim,sim:d3_at_q10_7/X/r30,d3_at_q10_7/X/r30,3,X,30,q10_7,rl,isotonic,0.03429835336434676,0.47125597401142527
basis,d3_at_q10_7/Z/r30,d3_at_q10_7/X/r30,3,X,30,q10_7,rl,platt,0.022894855859413313,0.46838883965999384
basis,d3_at_q10_7/Z/r30,d3_at_q10_7/X/r30,3,X,30,q10_7,rl,isotonic,0.02200752129055845,0.47080230228238423
patch,d3_at_q2_7/X/r30,d3_at_q10_7/X/r30,3,X,30,q10_7,rl,platt,0.017167115836086346,0.46690456234850025
patch,d3_at_q2_7/X/r30,d3_at_q10_7/X/r30,3,X,30,q10_7,rl,isotonic,0.01634572996024682,0.4693776670519822
patch,d3_at_q4_5/X/r30,d3_at_q10_7/X/r30,3,X,30,q10_7,rl,platt,0.026545156344737662,0.4682664516974174
patch,d3_at_q4_5/X/r30,d3_at_q10_7/X/r30,3,X,30,q10_7,rl,isotonic,0.03222050393389279,0.46980010112332043
patch,d3_at_q4_9/X/r30,d3_at_q10_7/X/r30,3,X,30,q10_7,rl,platt,0.016145719226574068,0.46673803493870447
patch,d3_at_q4_9/X/r30,d3_at_q10_7/X/r30,3,X,30,q10_7,rl,isotonic,0.017706669180442572,0.4689531867857768
patch,d3_at_q6_11/X/r30,d3_at_q10_7/X/r30,3,X,30,q10_7,rl,platt,0.02342384156551221,0.4683609458337445
patch,d3_at_q6_11/X/r30,d3_at_q10_7/X/r30,3,X,30,q10_7,rl,isotonic,0.019207148655365,0.4694406665239214
patch,d3_at_q6_3/X/r30,d3_at_q10_7/X/r30,3,X,30,q10_7,rl,platt,0.019952977358619894,0.46763773184587937
patch,d3_at_q6_3/X/r30,d3_at_q10_7/X/r30,3,X,30,q10_7,rl,isotonic,0.026851855056533994,0.47265322932311415
patch,d3_at_q6_7/X/r30,d3_at_q10_7/X/r30,3,X,30,q10_7,rl,platt,0.024747807088325992,0.46853229230111404
patch,d3_at_q6_7/X/r30,d3_at_q10_7/X/r30,3,X,30,q10_7,rl,isotonic,0.02440293557886102,0.4813318953036904
patch,d3_at_q8_5/X/r30,d3_at_q10_7/X/r30,3,X,30,q10_7,rl,platt,0.02388277783358211,0.4676973261113904
patch,d3_at_q8_5/X/r30,d3_at_q10_7/X/r30,3,X,30,q10_7,rl,isotonic,0.029206198669228994,0.5268129757533219
patch,d3_at_q8_9/X/r30,d3_at_q10_7/X/r30,3,X,30,q10_7,rl,platt,0.044122662501989734,0.47381866215875135
patch,d3_at_q8_9/X/r30,d3_at_q10_7/X/r30,3,X,30,q10_7,rl,isotonic,0.03845335080911847,0.47185282929844236
pooled,pool:d3/X/r30 without q10_7 (8 patches),d3_at_q10_7/X/r30,3,X,30,q10_7,rl,platt,0.016237182980886986,0.4667554438950653
pooled,pool:d3/X/r30 without q10_7 (8 patches),d3_at_q10_7/X/r30,3,X,30,q10_7,rl,isotonic,0.01900976275491255,0.46872658443383264
same,d3_at_q10_7/X/r50,d3_at_q10_7/X/r50,3,X,50,q10_7,rl,platt,0.02616186683738085,0.5381767423113897
same,d3_at_q10_7/X/r50,d3_at_q10_7/X/r50,3,X,50,q10_7,rl,isotonic,0.009664531317875175,0.5356182202730645
sim,sim:d3_at_q10_7/X/r50,d3_at_q10_7/X/r50,3,X,50,q10_7,rl,platt,0.02831351350897436,0.5387677272506449
sim,sim:d3_at_q10_7/X/r50,d3_at_q10_7/X/r50,3,X,50,q10_7,rl,isotonic,0.021306776280656612,0.5373684236531839
basis,d3_at_q10_7/Z/r50,d3_at_q10_7/X/r50,3,X,50,q10_7,rl,platt,0.029515122224551694,0.538926231927615
basis,d3_at_q10_7/Z/r50,d3_at_q10_7/X/r50,3,X,50,q10_7,rl,isotonic,0.02538089451342199,0.5392388951898629
patch,d3_at_q2_7/X/r50,d3_at_q10_7/X/r50,3,X,50,q10_7,rl,platt,0.03286718747702089,0.5397609252317768
patch,d3_at_q2_7/X/r50,d3_at_q10_7/X/r50,3,X,50,q10_7,rl,isotonic,0.030269553241362997,0.5398331110885136
patch,d3_at_q4_5/X/r50,d3_at_q10_7/X/r50,3,X,50,q10_7,rl,platt,0.03146346202287658,0.5394591420682946
patch,d3_at_q4_5/X/r50,d3_at_q10_7/X/r50,3,X,50,q10_7,rl,isotonic,0.03357396385306045,0.5428558145625815
patch,d3_at_q4_9/X/r50,d3_at_q10_7/X/r50,3,X,50,q10_7,rl,platt,0.03732150703994481,0.5409506224239253
patch,d3_at_q4_9/X/r50,d3_at_q10_7/X/r50,3,X,50,q10_7,rl,isotonic,0.042305862394903346,0.5534303629847994
patch,d3_at_q6_11/X/r50,d3_at_q10_7/X/r50,3,X,50,q10_7,rl,platt,0.02891095493948526,0.5388829815079351
patch,d3_at_q6_11/X/r50,d3_at_q10_7/X/r50,3,X,50,q10_7,rl,isotonic,0.03191740985379309,0.5410439846704322
patch,d3_at_q6_3/X/r50,d3_at_q10_7/X/r50,3,X,50,q10_7,rl,platt,0.04793774217954157,0.5442872136676098
patch,d3_at_q6_3/X/r50,d3_at_q10_7/X/r50,3,X,50,q10_7,rl,isotonic,0.0481956831850709,0.5463078669649318
patch,d3_at_q6_7/X/r50,d3_at_q10_7/X/r50,3,X,50,q10_7,rl,platt,0.055973261151351206,0.5461420771885275
patch,d3_at_q6_7/X/r50,d3_at_q10_7/X/r50,3,X,50,q10_7,rl,isotonic,0.04737541316519661,0.5444532396203046
patch,d3_at_q8_5/X/r50,d3_at_q10_7/X/r50,3,X,50,q10_7,rl,platt,0.036202457370080564,0.5407455791779139
patch,d3_at_q8_5/X/r50,d3_at_q10_7/X/r50,3,X,50,q10_7,rl,isotonic,0.03733457921837522,0.543543526879463
patch,d3_at_q8_9/X/r50,d3_at_q10_7/X/r50,3,X,50,q10_7,rl,platt,0.06468459309028146,0.5491741521864176
patch,d3_at_q8_9/X/r50,d3_at_q10_7/X/r50,3,X,50,q10_7,rl,isotonic,0.06510356709306486,0.5525263955212276
pooled,pool:d3/X/r50 without q10_7 (8 patches),d3_at_q10_7/X/r50,3,X,50,q10_7,rl,platt,0.035778775176740815,0.5405507014285745
pooled,pool:d3/X/r50 without q10_7 (8 patches),d3_at_q10_7/X/r50,3,X,50,q10_7,rl,isotonic,0.03201766546311857,0.5399615338144009
same,d3_at_q10_7/Z/r01,d3_at_q10_7/Z/r01,3,Z,1,q10_7,rl,platt,0.0004576407468449498,0.01761866895848678
same,d3_at_q10_7/Z/r01,d3_at_q10_7/Z/r01,3,Z,1,q10_7,rl,isotonic,0.00029770448614219473,0.01731257181690972
sim,sim:d3_at_q10_7/Z/r01,d3_at_q10_7/Z/r01,3,Z,1,q10_7,rl,platt,0.0019434099083471823,0.018927199561976915
sim,sim:d3_at_q10_7/Z/r01,d3_at_q10_7/Z/r01,3,Z,1,q10_7,rl,isotonic,0.0020832371675065394,0.019001275316040598
basis,d3_at_q10_7/X/r01,d3_at_q10_7/Z/r01,3,Z,1,q10_7,rl,platt,0.0005356836031194113,0.017629379118996463
basis,d3_at_q10_7/X/r01,d3_at_q10_7/Z/r01,3,Z,1,q10_7,rl,isotonic,0.0005030272564555195,0.018109107435838913
patch,d3_at_q2_7/Z/r01,d3_at_q10_7/Z/r01,3,Z,1,q10_7,rl,platt,0.0002699208561473063,0.01760855602399237
patch,d3_at_q2_7/Z/r01,d3_at_q10_7/Z/r01,3,Z,1,q10_7,rl,isotonic,0.0010352229546002256,0.018024339809071064
patch,d3_at_q4_5/Z/r01,d3_at_q10_7/Z/r01,3,Z,1,q10_7,rl,platt,0.0011497014440709768,0.018072742082661887
patch,d3_at_q4_5/Z/r01,d3_at_q10_7/Z/r01,3,Z,1,q10_7,rl,isotonic,0.001107414594435098,0.01885097429962065
patch,d3_at_q4_9/Z/r01,d3_at_q10_7/Z/r01,3,Z,1,q10_7,rl,platt,0.0005855453778193803,0.017626306630180055
patch,d3_at_q4_9/Z/r01,d3_at_q10_7/Z/r01,3,Z,1,q10_7,rl,isotonic,0.0006051315453579294,0.01779863252742322
patch,d3_at_q6_11/Z/r01,d3_at_q10_7/Z/r01,3,Z,1,q10_7,rl,platt,0.0009418341287244568,0.01772223364484311
patch,d3_at_q6_11/Z/r01,d3_at_q10_7/Z/r01,3,Z,1,q10_7,rl,isotonic,0.0007490024323419702,0.018144346263258507
patch,d3_at_q6_3/Z/r01,d3_at_q10_7/Z/r01,3,Z,1,q10_7,rl,platt,0.0018413120364756835,0.018100016364217562
patch,d3_at_q6_3/Z/r01,d3_at_q10_7/Z/r01,3,Z,1,q10_7,rl,isotonic,0.0019722732230216277,0.018322136751299792
patch,d3_at_q6_7/Z/r01,d3_at_q10_7/Z/r01,3,Z,1,q10_7,rl,platt,0.00037102608290785674,0.017602305928659762
patch,d3_at_q6_7/Z/r01,d3_at_q10_7/Z/r01,3,Z,1,q10_7,rl,isotonic,0.00038329530869346616,0.017445168313163655
patch,d3_at_q8_5/Z/r01,d3_at_q10_7/Z/r01,3,Z,1,q10_7,rl,platt,0.001714679067912441,0.018016898704225973
patch,d3_at_q8_5/Z/r01,d3_at_q10_7/Z/r01,3,Z,1,q10_7,rl,isotonic,0.001230751760410238,0.01811382109343895
patch,d3_at_q8_9/Z/r01,d3_at_q10_7/Z/r01,3,Z,1,q10_7,rl,platt,0.0012129717928205596,0.017814929671414487
patch,d3_at_q8_9/Z/r01,d3_at_q10_7/Z/r01,3,Z,1,q10_7,rl,isotonic,0.0012441515262506242,0.01785245831887324
pooled,pool:d3/Z/r1 without q10_7 (8 patches),d3_at_q10_7/Z/r01,3,Z,1,q10_7,rl,platt,0.0009419018502360173,0.017709059943263182
pooled,pool:d3/Z/r1 without q10_7 (8 patches),d3_at_q10_7/Z/r01,3,Z,1,q10_7,rl,isotonic,0.0009411124907594545,0.01776848818753507
same,d3_at_q10_7/Z/r10,d3_at_q10_7/Z/r10,3,Z,10,q10_7,rl,platt,0.005973058139309476,0.19355901625792207
same,d3_at_q10_7/Z/r10,d3_at_q10_7/Z/r10,3,Z,10,q10_7,rl,isotonic,0.004937304987024723,0.19165381670940781
sim,sim:d3_at_q10_7/Z/r10,d3_at_q10_7/Z/r10,3,Z,10,q10_7,rl,platt,0.008001855481802884,0.19422521859317834
sim,sim:d3_at_q10_7/Z/r10,d3_at_q10_7/Z/r10,3,Z,10,q10_7,rl,isotonic,0.00910985287382428,0.19600965320974365
basis,d3_at_q10_7/X/r10,d3_at_q10_7/Z/r10,3,Z,10,q10_7,rl,platt,0.0044200482560981975,0.19339621748467506
basis,d3_at_q10_7/X/r10,d3_at_q10_7/Z/r10,3,Z,10,q10_7,rl,isotonic,0.009653588472678477,0.19457034759101505
patch,d3_at_q2_7/Z/r10,d3_at_q10_7/Z/r10,3,Z,10,q10_7,rl,platt,0.004711963302538189,0.1935766767902629
patch,d3_at_q2_7/Z/r10,d3_at_q10_7/Z/r10,3,Z,10,q10_7,rl,isotonic,0.008922489274836964,0.19486600876710825
patch,d3_at_q4_5/Z/r10,d3_at_q10_7/Z/r10,3,Z,10,q10_7,rl,platt,0.007210541116117798,0.19371719315362335
patch,d3_at_q4_5/Z/r10,d3_at_q10_7/Z/r10,3,Z,10,q10_7,rl,isotonic,0.008765360369113823,0.19372903603406855
patch,d3_at_q4_9/Z/r10,d3_at_q10_7/Z/r10,3,Z,10,q10_7,rl,platt,0.004052652195692706,0.1933871781814395
patch,d3_at_q4_9/Z/r10,d3_at_q10_7/Z/r10,3,Z,10,q10_7,rl,isotonic,0.009034341498799359,0.20780117346027438
patch,d3_at_q6_11/Z/r10,d3_at_q10_7/Z/r10,3,Z,10,q10_7,rl,platt,0.006994580748577869,0.19378751365307267
patch,d3_at_q6_11/Z/r10,d3_at_q10_7/Z/r10,3,Z,10,q10_7,rl,isotonic,0.007307581334730448,0.195391317260457
patch,d3_at_q6_3/Z/r10,d3_at_q10_7/Z/r10,3,Z,10,q10_7,rl,platt,0.01844989367583346,0.1969685786135339
patch,d3_at_q6_3/Z/r10,d3_at_q10_7/Z/r10,3,Z,10,q10_7,rl,isotonic,0.013996387598334829,0.19891306732826342
patch,d3_at_q6_7/Z/r10,d3_at_q10_7/Z/r10,3,Z,10,q10_7,rl,platt,0.005996021406353505,0.19369208591329182
patch,d3_at_q6_7/Z/r10,d3_at_q10_7/Z/r10,3,Z,10,q10_7,rl,isotonic,0.005033377126115469,0.1940745258195618
patch,d3_at_q8_5/Z/r10,d3_at_q10_7/Z/r10,3,Z,10,q10_7,rl,platt,0.0036583534200549384,0.19364753608727342
patch,d3_at_q8_5/Z/r10,d3_at_q10_7/Z/r10,3,Z,10,q10_7,rl,isotonic,0.005669958761842296,0.19427498884829245
patch,d3_at_q8_9/Z/r10,d3_at_q10_7/Z/r10,3,Z,10,q10_7,rl,platt,0.01019637293438505,0.19445816212528655
patch,d3_at_q8_9/Z/r10,d3_at_q10_7/Z/r10,3,Z,10,q10_7,rl,isotonic,0.012126425085437051,0.19679562738254014
pooled,pool:d3/Z/r10 without q10_7 (8 patches),d3_at_q10_7/Z/r10,3,Z,10,q10_7,rl,platt,0.0057100796757370035,0.19352377631434645
pooled,pool:d3/Z/r10 without q10_7 (8 patches),d3_at_q10_7/Z/r10,3,Z,10,q10_7,rl,isotonic,0.005894882810839316,0.19358466636773064
same,d3_at_q10_7/Z/r30,d3_at_q10_7/Z/r30,3,Z,30,q10_7,rl,platt,0.01799884186833511,0.43009593046169325
same,d3_at_q10_7/Z/r30,d3_at_q10_7/Z/r30,3,Z,30,q10_7,rl,isotonic,0.012211671308854243,0.4286483005713944
sim,sim:d3_at_q10_7/Z/r30,d3_at_q10_7/Z/r30,3,Z,30,q10_7,rl,platt,0.030983760523100805,0.43320102865557064
sim,sim:d3_at_q10_7/Z/r30,d3_at_q10_7/Z/r30,3,Z,30,q10_7,rl,isotonic,0.03158601015874674,0.43373538622788893
basis,d3_at_q10_7/X/r30,d3_at_q10_7/Z/r30,3,Z,30,q10_7,rl,platt,0.023833128194622723,0.4307501438666021
basis,d3_at_q10_7/X/r30,d3_at_q10_7/Z/r30,3,Z,30,q10_7,rl,isotonic,0.028012392181229407,0.4323184556925662
patch,d3_at_q2_7/Z/r30,d3_at_q10_7/Z/r30,3,Z,30,q10_7,rl,platt,0.019609240845301367,0.43018994495632895
patch,d3_at_q2_7/Z/r30,d3_at_q10_7/Z/r30,3,Z,30,q10_7,rl,isotonic,0.011904387024022417,0.4301945525334801
patch,d3_at_q4_5/Z/r30,d3_at_q10_7/Z/r30,3,Z,30,q10_7,rl,platt,0.019284277549948298,0.4302638458607512
patch,d3_at_q4_5/Z/r30,d3_at_q10_7/Z/r30,3,Z,30,q10_7,rl,isotonic,0.017161400302332087,0.4308369375467292
patch,d3_at_q4_9/Z/r30,d3_at_q10_7/Z/r30,3,Z,30,q10_7,rl,platt,0.01702201652793363,0.4299204447482013
patch,d3_at_q4_9/Z/r30,d3_at_q10_7/Z/r30,3,Z,30,q10_7,rl,isotonic,0.017960882574958925,0.4318869692235095
patch,d3_at_q6_11/Z/r30,d3_at_q10_7/Z/r30,3,Z,30,q10_7,rl,platt,0.015372845995324054,0.43006350287859785
patch,d3_at_q6_11/Z/r30,d3_at_q10_7/Z/r30,3,Z,30,q10_7,rl,isotonic,0.020295980495611383,0.4314203853658632
patch,d3_at_q6_3/Z/r30,d3_at_q10_7/Z/r30,3,Z,30,q10_7,rl,platt,0.03321753734225193,0.4348734904481199
patch,d3_at_q6_3/Z/r30,d3_at_q10_7/Z/r30,3,Z,30,q10_7,rl,isotonic,0.02166875995280166,0.43203973226207243
patch,d3_at_q6_7/Z/r30,d3_at_q10_7/Z/r30,3,Z,30,q10_7,rl,platt,0.021769534233227562,0.43048771310150413
patch,d3_at_q6_7/Z/r30,d3_at_q10_7/Z/r30,3,Z,30,q10_7,rl,isotonic,0.02602146147824782,0.43180488659485966
patch,d3_at_q8_5/Z/r30,d3_at_q10_7/Z/r30,3,Z,30,q10_7,rl,platt,0.05715811291785396,0.44112491933024367
patch,d3_at_q8_5/Z/r30,d3_at_q10_7/Z/r30,3,Z,30,q10_7,rl,isotonic,0.06241898486688816,0.44513322573623215
patch,d3_at_q8_9/Z/r30,d3_at_q10_7/Z/r30,3,Z,30,q10_7,rl,platt,0.01809559513686008,0.4305344048751158
patch,d3_at_q8_9/Z/r30,d3_at_q10_7/Z/r30,3,Z,30,q10_7,rl,isotonic,0.022519777643912164,0.43044434308848384
pooled,pool:d3/Z/r30 without q10_7 (8 patches),d3_at_q10_7/Z/r30,3,Z,30,q10_7,rl,platt,0.01555419099492348,0.42999673162409563
pooled,pool:d3/Z/r30 without q10_7 (8 patches),d3_at_q10_7/Z/r30,3,Z,30,q10_7,rl,isotonic,0.015811979837289256,0.4303419306175877
same,d3_at_q10_7/Z/r50,d3_at_q10_7/Z/r50,3,Z,50,q10_7,rl,platt,0.02021320271100867,0.5414672390072802
same,d3_at_q10_7/Z/r50,d3_at_q10_7/Z/r50,3,Z,50,q10_7,rl,isotonic,0.013305612617711808,0.5392840454125336
sim,sim:d3_at_q10_7/Z/r50,d3_at_q10_7/Z/r50,3,Z,50,q10_7,rl,platt,0.02362175162583349,0.5419651707855264
sim,sim:d3_at_q10_7/Z/r50,d3_at_q10_7/Z/r50,3,Z,50,q10_7,rl,isotonic,0.021668994412509128,0.5425529335215591
basis,d3_at_q10_7/X/r50,d3_at_q10_7/Z/r50,3,Z,50,q10_7,rl,platt,0.022468257334271383,0.5415368695599075
basis,d3_at_q10_7/X/r50,d3_at_q10_7/Z/r50,3,Z,50,q10_7,rl,isotonic,0.030522395424837364,0.5461130435917159
patch,d3_at_q2_7/Z/r50,d3_at_q10_7/Z/r50,3,Z,50,q10_7,rl,platt,0.021910933280008833,0.542231022568466
patch,d3_at_q2_7/Z/r50,d3_at_q10_7/Z/r50,3,Z,50,q10_7,rl,isotonic,0.018427770562182325,0.5443769424410688
patch,d3_at_q4_5/Z/r50,d3_at_q10_7/Z/r50,3,Z,50,q10_7,rl,platt,0.021470464232235604,0.5421607378262571
patch,d3_at_q4_5/Z/r50,d3_at_q10_7/Z/r50,3,Z,50,q10_7,rl,isotonic,0.020439104933002643,0.5424273374312472
patch,d3_at_q4_9/Z/r50,d3_at_q10_7/Z/r50,3,Z,50,q10_7,rl,platt,0.01873290267967612,0.5415631516251743
patch,d3_at_q4_9/Z/r50,d3_at_q10_7/Z/r50,3,Z,50,q10_7,rl,isotonic,0.027752399842765643,0.5447411682968235
patch,d3_at_q6_11/Z/r50,d3_at_q10_7/Z/r50,3,Z,50,q10_7,rl,platt,0.02065800043935391,0.5413421587849423
patch,d3_at_q6_11/Z/r50,d3_at_q10_7/Z/r50,3,Z,50,q10_7,rl,isotonic,0.015230085184856286,0.5432451928186348
patch,d3_at_q6_3/Z/r50,d3_at_q10_7/Z/r50,3,Z,50,q10_7,rl,platt,0.046368071205523956,0.547839576193723
patch,d3_at_q6_3/Z/r50,d3_at_q10_7/Z/r50,3,Z,50,q10_7,rl,isotonic,0.02467836437617914,0.5446787258750824
patch,d3_at_q6_7/Z/r50,d3_at_q10_7/Z/r50,3,Z,50,q10_7,rl,platt,0.028547089093196476,0.5433324002310739
patch,d3_at_q6_7/Z/r50,d3_at_q10_7/Z/r50,3,Z,50,q10_7,rl,isotonic,0.03136635467492837,0.5457139638247999
patch,d3_at_q8_5/Z/r50,d3_at_q10_7/Z/r50,3,Z,50,q10_7,rl,platt,0.0227222111072962,0.5421231264029569
patch,d3_at_q8_5/Z/r50,d3_at_q10_7/Z/r50,3,Z,50,q10_7,rl,isotonic,0.02715556404840548,0.5465479138159455
patch,d3_at_q8_9/Z/r50,d3_at_q10_7/Z/r50,3,Z,50,q10_7,rl,platt,0.022336022352247888,0.5415347528100383
patch,d3_at_q8_9/Z/r50,d3_at_q10_7/Z/r50,3,Z,50,q10_7,rl,isotonic,0.026139858038427288,0.5469419673686682
pooled,pool:d3/Z/r50 without q10_7 (8 patches),d3_at_q10_7/Z/r50,3,Z,50,q10_7,rl,platt,0.02018352380472386,0.5412973997384669
pooled,pool:d3/Z/r50 without q10_7 (8 patches),d3_at_q10_7/Z/r50,3,Z,50,q10_7,rl,isotonic,0.011398552753253953,0.541503681034183
same,d3_at_q2_7/X/r01,d3_at_q2_7/X/r01,3,X,1,q2_7,rl,platt,0.0015653760668881385,0.021001928962814612
same,d3_at_q2_7/X/r01,d3_at_q2_7/X/r01,3,X,1,q2_7,rl,isotonic,0.0014351706573739178,0.020266802311372213
sim,sim:d3_at_q2_7/X/r01,d3_at_q2_7/X/r01,3,X,1,q2_7,rl,platt,0.0013417454054136578,0.02097971657079045
sim,sim:d3_at_q2_7/X/r01,d3_at_q2_7/X/r01,3,X,1,q2_7,rl,isotonic,0.001135327625199967,0.020695679740577816
basis,d3_at_q2_7/Z/r01,d3_at_q2_7/X/r01,3,X,1,q2_7,rl,platt,0.0009091388088667447,0.020781850503986173
basis,d3_at_q2_7/Z/r01,d3_at_q2_7/X/r01,3,X,1,q2_7,rl,isotonic,0.0012601154505606307,0.022484236108843283
patch,d3_at_q10_7/X/r01,d3_at_q2_7/X/r01,3,X,1,q2_7,rl,platt,0.0005158431923745917,0.02074864151140501
patch,d3_at_q10_7/X/r01,d3_at_q2_7/X/r01,3,X,1,q2_7,rl,isotonic,0.0017826186241511968,0.02089574141883826
patch,d3_at_q4_5/X/r01,d3_at_q2_7/X/r01,3,X,1,q2_7,rl,platt,0.0006557166277533007,0.020812563055588207
patch,d3_at_q4_5/X/r01,d3_at_q2_7/X/r01,3,X,1,q2_7,rl,isotonic,0.0007183500764872075,0.021827297442729463
patch,d3_at_q4_9/X/r01,d3_at_q2_7/X/r01,3,X,1,q2_7,rl,platt,0.00018434082365804502,0.02077416700288164
patch,d3_at_q4_9/X/r01,d3_at_q2_7/X/r01,3,X,1,q2_7,rl,isotonic,0.0022558850768708027,0.02390300437954395
patch,d3_at_q6_11/X/r01,d3_at_q2_7/X/r01,3,X,1,q2_7,rl,platt,0.0008717358740453062,0.02085217007610232
patch,d3_at_q6_11/X/r01,d3_at_q2_7/X/r01,3,X,1,q2_7,rl,isotonic,0.0017214940002406635,0.02346922120416707
patch,d3_at_q6_3/X/r01,d3_at_q2_7/X/r01,3,X,1,q2_7,rl,platt,0.0006721857982809618,0.02090218306942626
patch,d3_at_q6_3/X/r01,d3_at_q2_7/X/r01,3,X,1,q2_7,rl,isotonic,0.004051652270169863,0.023403264724119428
patch,d3_at_q6_7/X/r01,d3_at_q2_7/X/r01,3,X,1,q2_7,rl,platt,0.007246781851392712,0.023961237760267786
patch,d3_at_q6_7/X/r01,d3_at_q2_7/X/r01,3,X,1,q2_7,rl,isotonic,0.006667482897231587,0.025188229430195105
patch,d3_at_q8_5/X/r01,d3_at_q2_7/X/r01,3,X,1,q2_7,rl,platt,0.001533129288938389,0.021155499240416892
patch,d3_at_q8_5/X/r01,d3_at_q2_7/X/r01,3,X,1,q2_7,rl,isotonic,0.0015369682619434228,0.021541356294668832
patch,d3_at_q8_9/X/r01,d3_at_q2_7/X/r01,3,X,1,q2_7,rl,platt,0.00909485625830376,0.025454166729682114
patch,d3_at_q8_9/X/r01,d3_at_q2_7/X/r01,3,X,1,q2_7,rl,isotonic,0.004607824057128139,0.022257524217844327
pooled,pool:d3/X/r1 without q2_7 (8 patches),d3_at_q2_7/X/r01,3,X,1,q2_7,rl,platt,0.0029761556242611075,0.021440599500424574
pooled,pool:d3/X/r1 without q2_7 (8 patches),d3_at_q2_7/X/r01,3,X,1,q2_7,rl,isotonic,0.00247652339133036,0.022066640942469656
same,d3_at_q2_7/X/r10,d3_at_q2_7/X/r10,3,X,10,q2_7,rl,platt,0.011854844429032509,0.18885520784178383
same,d3_at_q2_7/X/r10,d3_at_q2_7/X/r10,3,X,10,q2_7,rl,isotonic,0.002742366256570351,0.18698861007751297
sim,sim:d3_at_q2_7/X/r10,d3_at_q2_7/X/r10,3,X,10,q2_7,rl,platt,0.015494558190453731,0.19378675433714082
sim,sim:d3_at_q2_7/X/r10,d3_at_q2_7/X/r10,3,X,10,q2_7,rl,isotonic,0.016242311805489993,0.1955843692310161
basis,d3_at_q2_7/Z/r10,d3_at_q2_7/X/r10,3,X,10,q2_7,rl,platt,0.01007469023732328,0.19067398899758692
basis,d3_at_q2_7/Z/r10,d3_at_q2_7/X/r10,3,X,10,q2_7,rl,isotonic,0.011062805836422808,0.19198231344744823
patch,d3_at_q10_7/X/r10,d3_at_q2_7/X/r10,3,X,10,q2_7,rl,platt,0.009682129941397978,0.18956943976681484
patch,d3_at_q10_7/X/r10,d3_at_q2_7/X/r10,3,X,10,q2_7,rl,isotonic,0.009476986857334025,0.1896798892471545
patch,d3_at_q4_5/X/r10,d3_at_q2_7/X/r10,3,X,10,q2_7,rl,platt,0.011245570801703563,0.18894259244957376
patch,d3_at_q4_5/X/r10,d3_at_q2_7/X/r10,3,X,10,q2_7,rl,isotonic,0.011393304363105358,0.1898818684633794
patch,d3_at_q4_9/X/r10,d3_at_q2_7/X/r10,3,X,10,q2_7,rl,platt,0.010247404671023315,0.1891199238728974
patch,d3_at_q4_9/X/r10,d3_at_q2_7/X/r10,3,X,10,q2_7,rl,isotonic,0.00593027607819751,0.1891564366262913
patch,d3_at_q6_11/X/r10,d3_at_q2_7/X/r10,3,X,10,q2_7,rl,platt,0.011839887568403177,0.1902648624579994
patch,d3_at_q6_11/X/r10,d3_at_q2_7/X/r10,3,X,10,q2_7,rl,isotonic,0.007548164945944037,0.19285432163829663
patch,d3_at_q6_3/X/r10,d3_at_q2_7/X/r10,3,X,10,q2_7,rl,platt,0.009358988963622911,0.19230055688018616
patch,d3_at_q6_3/X/r10,d3_at_q2_7/X/r10,3,X,10,q2_7,rl,isotonic,0.011593389918781729,0.19454960315329997
patch,d3_at_q6_7/X/r10,d3_at_q2_7/X/r10,3,X,10,q2_7,rl,platt,0.01361528955633048,0.18967849591283392
patch,d3_at_q6_7/X/r10,d3_at_q2_7/X/r10,3,X,10,q2_7,rl,isotonic,0.014878155419089989,0.19009897539220183
patch,d3_at_q8_5/X/r10,d3_at_q2_7/X/r10,3,X,10,q2_7,rl,platt,0.009893010442757541,0.18933251876717502
patch,d3_at_q8_5/X/r10,d3_at_q2_7/X/r10,3,X,10,q2_7,rl,isotonic,0.009942723849087997,0.189913438701378
patch,d3_at_q8_9/X/r10,d3_at_q2_7/X/r10,3,X,10,q2_7,rl,platt,0.015234798157557494,0.1905756528507183
patch,d3_at_q8_9/X/r10,d3_at_q2_7/X/r10,3,X,10,q2_7,rl,isotonic,0.01438997927548266,0.19149206247260875
pooled,pool:d3/X/r10 without q2_7 (8 patches),d3_at_q2_7/X/r10,3,X,10,q2_7,rl,platt,0.009941987440708455,0.18921013696953662
pooled,pool:d3/X/r10 without q2_7 (8 patches),d3_at_q2_7/X/r10,3,X,10,q2_7,rl,isotonic,0.00775208243360717,0.18894277899119807
same,d3_at_q2_7/X/r30,d3_at_q2_7/X/r30,3,X,30,q2_7,rl,platt,0.015508077428541748,0.42303636703528136
same,d3_at_q2_7/X/r30,d3_at_q2_7/X/r30,3,X,30,q2_7,rl,isotonic,0.010676074748729078,0.4223940912188611
sim,sim:d3_at_q2_7/X/r30,d3_at_q2_7/X/r30,3,X,30,q2_7,rl,platt,0.03869571757061101,0.43108139566733306
sim,sim:d3_at_q2_7/X/r30,d3_at_q2_7/X/r30,3,X,30,q2_7,rl,isotonic,0.036276976760489396,0.43186554455116083
basis,d3_at_q2_7/Z/r30,d3_at_q2_7/X/r30,3,X,30,q2_7,rl,platt,0.01976372114020539,0.4241775836117231
basis,d3_at_q2_7/Z/r30,d3_at_q2_7/X/r30,3,X,30,q2_7,rl,isotonic,0.027316654659429153,0.42660540493837606
patch,d3_at_q10_7/X/r30,d3_at_q2_7/X/r30,3,X,30,q2_7,rl,platt,0.01920793931052445,0.4233657086150222
patch,d3_at_q10_7/X/r30,d3_at_q2_7/X/r30,3,X,30,q2_7,rl,isotonic,0.021037020950612623,0.4252020213222392
patch,d3_at_q4_5/X/r30,d3_at_q2_7/X/r30,3,X,30,q2_7,rl,platt,0.016939129171261412,0.4236692138883803
patch,d3_at_q4_5/X/r30,d3_at_q2_7/X/r30,3,X,30,q2_7,rl,isotonic,0.029965288059591536,0.4273795572661594
patch,d3_at_q4_9/X/r30,d3_at_q2_7/X/r30,3,X,30,q2_7,rl,platt,0.016660192613203218,0.42311424723616814
patch,d3_at_q4_9/X/r30,d3_at_q2_7/X/r30,3,X,30,q2_7,rl,isotonic,0.01685626592159104,0.4248737467598854
patch,d3_at_q6_11/X/r30,d3_at_q2_7/X/r30,3,X,30,q2_7,rl,platt,0.016586385469304243,0.4235636573127683
patch,d3_at_q6_11/X/r30,d3_at_q2_7/X/r30,3,X,30,q2_7,rl,isotonic,0.01209032384063624,0.424093439941074
patch,d3_at_q6_3/X/r30,d3_at_q2_7/X/r30,3,X,30,q2_7,rl,platt,0.016016280252406662,0.4233702950884409
patch,d3_at_q6_3/X/r30,d3_at_q2_7/X/r30,3,X,30,q2_7,rl,isotonic,0.018097741596071085,0.426225774457958
patch,d3_at_q6_7/X/r30,d3_at_q2_7/X/r30,3,X,30,q2_7,rl,platt,0.03280076848524808,0.42623084148220103
patch,d3_at_q6_7/X/r30,d3_at_q2_7/X/r30,3,X,30,q2_7,rl,isotonic,0.028860425205819478,0.43649299448665707
patch,d3_at_q8_5/X/r30,d3_at_q2_7/X/r30,3,X,30,q2_7,rl,platt,0.026724616619460153,0.4248710990735097
patch,d3_at_q8_5/X/r30,d3_at_q2_7/X/r30,3,X,30,q2_7,rl,isotonic,0.02480069232792251,0.4393491184130311
patch,d3_at_q8_9/X/r30,d3_at_q2_7/X/r30,3,X,30,q2_7,rl,platt,0.05160834361362216,0.4327205285528483
patch,d3_at_q8_9/X/r30,d3_at_q2_7/X/r30,3,X,30,q2_7,rl,isotonic,0.05107379776884174,0.4348900793854899
pooled,pool:d3/X/r30 without q2_7 (8 patches),d3_at_q2_7/X/r30,3,X,30,q2_7,rl,platt,0.020555367154082852,0.423540179025557
pooled,pool:d3/X/r30 without q2_7 (8 patches),d3_at_q2_7/X/r30,3,X,30,q2_7,rl,isotonic,0.02051955110908003,0.4242116932320858
same,d3_at_q2_7/X/r50,d3_at_q2_7/X/r50,3,X,50,q2_7,rl,platt,0.020704024997045368,0.5456609323934759
same,d3_at_q2_7/X/r50,d3_at_q2_7/X/r50,3,X,50,q2_7,rl,isotonic,0.01039256941916358,0.5443177752924698
sim,sim:d3_at_q2_7/X/r50,d3_at_q2_7/X/r50,3,X,50,q2_7,rl,platt,0.06405298591753057,0.5594873179725126
sim,sim:d3_at_q2_7/X/r50,d3_at_q2_7/X/r50,3,X,50,q2_7,rl,isotonic,0.06240747229876057,0.5595711476599139
basis,d3_at_q2_7/Z/r50,d3_at_q2_7/X/r50,3,X,50,q2_7,rl,platt,0.034284332581101286,0.5484901545702734
basis,d3_at_q2_7/Z/r50,d3_at_q2_7/X/r50,3,X,50,q2_7,rl,isotonic,0.037627755851601115,0.5511259510180894
patch,d3_at_q10_7/X/r50,d3_at_q2_7/X/r50,3,X,50,q2_7,rl,platt,0.023135114213695813,0.5470798812405286
patch,d3_at_q10_7/X/r50,d3_at_q2_7/X/r50,3,X,50,q2_7,rl,isotonic,0.025995640414810013,0.5519153873083449
patch,d3_at_q4_5/X/r50,d3_at_q2_7/X/r50,3,X,50,q2_7,rl,platt,0.027113669479647395,0.5469141278637406
patch,d3_at_q4_5/X/r50,d3_at_q2_7/X/r50,3,X,50,q2_7,rl,isotonic,0.029251583153283044,0.5639215689216461
patch,d3_at_q4_9/X/r50,d3_at_q2_7/X/r50,3,X,50,q2_7,rl,platt,0.02437555625959392,0.545724793313252
patch,d3_at_q4_9/X/r50,d3_at_q2_7/X/r50,3,X,50,q2_7,rl,isotonic,0.01929809987115333,0.5611531460843109
patch,d3_at_q6_11/X/r50,d3_at_q2_7/X/r50,3,X,50,q2_7,rl,platt,0.02536182858524613,0.5467957740184267
patch,d3_at_q6_11/X/r50,d3_at_q2_7/X/r50,3,X,50,q2_7,rl,isotonic,0.019432192837975315,0.5484607306824313
patch,d3_at_q6_3/X/r50,d3_at_q2_7/X/r50,3,X,50,q2_7,rl,platt,0.03979124531259544,0.5499244269661119
patch,d3_at_q6_3/X/r50,d3_at_q2_7/X/r50,3,X,50,q2_7,rl,isotonic,0.03737850478525565,0.5495940978779855
patch,d3_at_q6_7/X/r50,d3_at_q2_7/X/r50,3,X,50,q2_7,rl,platt,0.04119816765340412,0.5486433130941208
patch,d3_at_q6_7/X/r50,d3_at_q2_7/X/r50,3,X,50,q2_7,rl,isotonic,0.023382909601344887,0.5474540945385428
patch,d3_at_q8_5/X/r50,d3_at_q2_7/X/r50,3,X,50,q2_7,rl,platt,0.02224063166974829,0.5455866070042227
patch,d3_at_q8_5/X/r50,d3_at_q2_7/X/r50,3,X,50,q2_7,rl,isotonic,0.019868337304055517,0.5466275493406817
patch,d3_at_q8_9/X/r50,d3_at_q2_7/X/r50,3,X,50,q2_7,rl,platt,0.051718246295391006,0.5517647975716088
patch,d3_at_q8_9/X/r50,d3_at_q2_7/X/r50,3,X,50,q2_7,rl,isotonic,0.039654330039058217,0.56602175970582
pooled,pool:d3/X/r50 without q2_7 (8 patches),d3_at_q2_7/X/r50,3,X,50,q2_7,rl,platt,0.021195948502533205,0.545586707316542
pooled,pool:d3/X/r50 without q2_7 (8 patches),d3_at_q2_7/X/r50,3,X,50,q2_7,rl,isotonic,0.020860010280781008,0.5467784287618945
same,d3_at_q2_7/Z/r01,d3_at_q2_7/Z/r01,3,Z,1,q2_7,rl,platt,0.0005721558426736251,0.020826346461857957
same,d3_at_q2_7/Z/r01,d3_at_q2_7/Z/r01,3,Z,1,q2_7,rl,isotonic,0.000292202095167324,0.018720242062727734
sim,sim:d3_at_q2_7/Z/r01,d3_at_q2_7/Z/r01,3,Z,1,q2_7,rl,platt,0.002668246721980398,0.021635593927939126
sim,sim:d3_at_q2_7/Z/r01,d3_at_q2_7/Z/r01,3,Z,1,q2_7,rl,isotonic,0.0025359006383828516,0.022251195193163327
basis,d3_at_q2_7/X/r01,d3_at_q2_7/Z/r01,3,Z,1,q2_7,rl,platt,0.002460541376647396,0.021469230974550505
basis,d3_at_q2_7/X/r01,d3_at_q2_7/Z/r01,3,Z,1,q2_7,rl,isotonic,0.00253809233488747,0.021155716663375384
patch,d3_at_q10_7/Z/r01,d3_at_q2_7/Z/r01,3,Z,1,q2_7,rl,platt,0.00047662607350199265,0.020833369518033995
patch,d3_at_q10_7/Z/r01,d3_at_q2_7/Z/r01,3,Z,1,q2_7,rl,isotonic,0.0005397312300702276,0.02271505863433509
patch,d3_at_q4_5/Z/r01,d3_at_q2_7/Z/r01,3,Z,1,q2_7,rl,platt,0.0013545939652657261,0.021053812260352696
patch,d3_at_q4_5/Z/r01,d3_at_q2_7/Z/r01,3,Z,1,q2_7,rl,isotonic,7.107429917896608e-05,0.01970191941685323
patch,d3_at_q4_9/Z/r01,d3_at_q2_7/Z/r01,3,Z,1,q2_7,rl,platt,0.0011691871349640707,0.020960212815047258
patch,d3_at_q4_9/Z/r01,d3_at_q2_7/Z/r01,3,Z,1,q2_7,rl,isotonic,0.0020111075721607917,0.02336476471332733
patch,d3_at_q6_11/Z/r01,d3_at_q2_7/Z/r01,3,Z,1,q2_7,rl,platt,0.001401535379664985,0.020963916459144596
patch,d3_at_q6_11/Z/r01,d3_at_q2_7/Z/r01,3,Z,1,q2_7,rl,isotonic,0.0018235885761717936,0.02432940425305982
patch,d3_at_q6_3/Z/r01,d3_at_q2_7/Z/r01,3,Z,1,q2_7,rl,platt,0.0026432486016565995,0.021592353091024096
patch,d3_at_q6_3/Z/r01,d3_at_q2_7/Z/r01,3,Z,1,q2_7,rl,isotonic,0.0018590887968949206,0.02185849263518933
patch,d3_at_q6_7/Z/r01,d3_at_q2_7/Z/r01,3,Z,1,q2_7,rl,platt,0.0009037326262195825,0.020918574345663136
patch,d3_at_q6_7/Z/r01,d3_at_q2_7/Z/r01,3,Z,1,q2_7,rl,isotonic,0.0015004617517477828,0.022051516459527944
patch,d3_at_q8_5/Z/r01,d3_at_q2_7/Z/r01,3,Z,1,q2_7,rl,platt,0.002516248235256615,0.02150460578650068
patch,d3_at_q8_5/Z/r01,d3_at_q2_7/Z/r01,3,Z,1,q2_7,rl,isotonic,0.003413954792624381,0.024786735049247294
patch,d3_at_q8_9/Z/r01,d3_at_q2_7/Z/r01,3,Z,1,q2_7,rl,platt,0.001733886106513115,0.021076877136757707
patch,d3_at_q8_9/Z/r01,d3_at_q2_7/Z/r01,3,Z,1,q2_7,rl,isotonic,0.0015322380210321654,0.020620301436234775
pooled,pool:d3/Z/r1 without q2_7 (8 patches),d3_at_q2_7/Z/r01,3,Z,1,q2_7,rl,platt,0.0013941692521455384,0.02096738242450048
pooled,pool:d3/Z/r1 without q2_7 (8 patches),d3_at_q2_7/Z/r01,3,Z,1,q2_7,rl,isotonic,0.001400062239626241,0.020711200475778256
same,d3_at_q2_7/Z/r10,d3_at_q2_7/Z/r10,3,Z,10,q2_7,rl,platt,0.0052094293305281055,0.1841786548211845
same,d3_at_q2_7/Z/r10,d3_at_q2_7/Z/r10,3,Z,10,q2_7,rl,isotonic,0.006198241741713958,0.18150930753809608
sim,sim:d3_at_q2_7/Z/r10,d3_at_q2_7/Z/r10,3,Z,10,q2_7,rl,platt,0.00779916820784977,0.18476722746269286
sim,sim:d3_at_q2_7/Z/r10,d3_at_q2_7/Z/r10,3,Z,10,q2_7,rl,isotonic,0.008217101174125283,0.18470343373794093
basis,d3_at_q2_7/X/r10,d3_at_q2_7/Z/r10,3,Z,10,q2_7,rl,platt,0.00936342582585645,0.18478941683726374
basis,d3_at_q2_7/X/r10,d3_at_q2_7/Z/r10,3,Z,10,q2_7,rl,isotonic,0.010393667317857657,0.1871762091677013
patch,d3_at_q10_7/Z/r10,d3_at_q2_7/Z/r10,3,Z,10,q2_7,rl,platt,0.006938348433222963,0.1843734876112314
patch,d3_at_q10_7/Z/r10,d3_at_q2_7/Z/r10,3,Z,10,q2_7,rl,isotonic,0.009113929536739677,0.18588063004663902
patch,d3_at_q4_5/Z/r10,d3_at_q2_7/Z/r10,3,Z,10,q2_7,rl,platt,0.008728597858733042,0.18454424710915124
patch,d3_at_q4_5/Z/r10,d3_at_q2_7/Z/r10,3,Z,10,q2_7,rl,isotonic,0.013550096637694416,0.1865719456707381
patch,d3_at_q4_9/Z/r10,d3_at_q2_7/Z/r10,3,Z,10,q2_7,rl,platt,0.004643054152472726,0.18407309602402858
patch,d3_at_q4_9/Z/r10,d3_at_q2_7/Z/r10,3,Z,10,q2_7,rl,isotonic,0.00645194414805105,0.18554918611477542
patch,d3_at_q6_11/Z/r10,d3_at_q2_7/Z/r10,3,Z,10,q2_7,rl,platt,0.006306109597459281,0.184217249647875
patch,d3_at_q6_11/Z/r10,d3_at_q2_7/Z/r10,3,Z,10,q2_7,rl,isotonic,0.00565854282307057,0.18294095940260477
patch,d3_at_q6_3/Z/r10,d3_at_q2_7/Z/r10,3,Z,10,q2_7,rl,platt,0.01566241972712434,0.1867714928126549
patch,d3_at_q6_3/Z/r10,d3_at_q2_7/Z/r10,3,Z,10,q2_7,rl,isotonic,0.009487655213850988,0.18663142775869151
patch,d3_at_q6_7/Z/r10,d3_at_q2_7/Z/r10,3,Z,10,q2_7,rl,platt,0.007632064530702263,0.18459612612778875
patch,d3_at_q6_7/Z/r10,d3_at_q2_7/Z/r10,3,Z,10,q2_7,rl,isotonic,0.01085587929389964,0.1857919459345766
patch,d3_at_q8_5/Z/r10,d3_at_q2_7/Z/r10,3,Z,10,q2_7,rl,platt,0.004419142966855736,0.18414920309754462
patch,d3_at_q8_5/Z/r10,d3_at_q2_7/Z/r10,3,Z,10,q2_7,rl,isotonic,0.008729693775602126,0.18623992830077446
patch,d3_at_q8_9/Z/r10,d3_at_q2_7/Z/r10,3,Z,10,q2_7,rl,platt,0.008772427907274895,0.1848507037571376
patch,d3_at_q8_9/Z/r10,d3_at_q2_7/Z/r10,3,Z,10,q2_7,rl,isotonic,0.013945783603276448,0.18587904158685628
pooled,pool:d3/Z/r10 without q2_7 (8 patches),d3_at_q2_7/Z/r10,3,Z,10,q2_7,rl,platt,0.005750413967485223,0.18411586120448264
pooled,pool:d3/Z/r10 without q2_7 (8 patches),d3_at_q2_7/Z/r10,3,Z,10,q2_7,rl,isotonic,0.008996064534054125,0.18341250552126828
same,d3_at_q2_7/Z/r30,d3_at_q2_7/Z/r30,3,Z,30,q2_7,rl,platt,0.01608320933858625,0.41189095045543167
same,d3_at_q2_7/Z/r30,d3_at_q2_7/Z/r30,3,Z,30,q2_7,rl,isotonic,0.006988779503839659,0.4078053235303692
sim,sim:d3_at_q2_7/Z/r30,d3_at_q2_7/Z/r30,3,Z,30,q2_7,rl,platt,0.0236859973364725,0.41260772242296073
sim,sim:d3_at_q2_7/Z/r30,d3_at_q2_7/Z/r30,3,Z,30,q2_7,rl,isotonic,0.021097369488671174,0.4139886088491482
basis,d3_at_q2_7/X/r30,d3_at_q2_7/Z/r30,3,Z,30,q2_7,rl,platt,0.024595432365113447,0.4134371097959704
basis,d3_at_q2_7/X/r30,d3_at_q2_7/Z/r30,3,Z,30,q2_7,rl,isotonic,0.028373874902279977,0.416593753710444
patch,d3_at_q10_7/Z/r30,d3_at_q2_7/Z/r30,3,Z,30,q2_7,rl,platt,0.016186903382079267,0.4121214077482346
patch,d3_at_q10_7/Z/r30,d3_at_q2_7/Z/r30,3,Z,30,q2_7,rl,isotonic,0.016793474731660936,0.4122285783753725
patch,d3_at_q4_5/Z/r30,d3_at_q2_7/Z/r30,3,Z,30,q2_7,rl,platt,0.01944125566551149,0.41243914318533326
patch,d3_at_q4_5/Z/r30,d3_at_q2_7/Z/r30,3,Z,30,q2_7,rl,isotonic,0.02457206084712431,0.4151772220941062
patch,d3_at_q4_9/Z/r30,d3_at_q2_7/Z/r30,3,Z,30,q2_7,rl,platt,0.018714020657466825,0.4123337857704021
patch,d3_at_q4_9/Z/r30,d3_at_q2_7/Z/r30,3,Z,30,q2_7,rl,isotonic,0.028049760364165215,0.417571373298951
patch,d3_at_q6_11/Z/r30,d3_at_q2_7/Z/r30,3,Z,30,q2_7,rl,platt,0.01858232272069421,0.41269186439694544
patch,d3_at_q6_11/Z/r30,d3_at_q2_7/Z/r30,3,Z,30,q2_7,rl,isotonic,0.03195476432393737,0.41691591129602545
patch,d3_at_q6_3/Z/r30,d3_at_q2_7/Z/r30,3,Z,30,q2_7,rl,platt,0.033326685056756504,0.4159922558375295
patch,d3_at_q6_3/Z/r30,d3_at_q2_7/Z/r30,3,Z,30,q2_7,rl,isotonic,0.024310956498234948,0.41432213087879693
patch,d3_at_q6_7/Z/r30,d3_at_q2_7/Z/r30,3,Z,30,q2_7,rl,platt,0.02840486460421521,0.4143032390757046
patch,d3_at_q6_7/Z/r30,d3_at_q2_7/Z/r30,3,Z,30,q2_7,rl,isotonic,0.03312365098035617,0.4175044519157702
patch,d3_at_q8_5/Z/r30,d3_at_q2_7/Z/r30,3,Z,30,q2_7,rl,platt,0.06944474943563675,0.4288817445104133
patch,d3_at_q8_5/Z/r30,d3_at_q2_7/Z/r30,3,Z,30,q2_7,rl,isotonic,0.07844400127786903,0.43666440499248343
patch,d3_at_q8_9/Z/r30,d3_at_q2_7/Z/r30,3,Z,30,q2_7,rl,platt,0.01729293164351141,0.41247262668034335
patch,d3_at_q8_9/Z/r30,d3_at_q2_7/Z/r30,3,Z,30,q2_7,rl,isotonic,0.02871492312495063,0.41318997053759754
pooled,pool:d3/Z/r30 without q2_7 (8 patches),d3_at_q2_7/Z/r30,3,Z,30,q2_7,rl,platt,0.021048547477957823,0.41294431001634485
pooled,pool:d3/Z/r30 without q2_7 (8 patches),d3_at_q2_7/Z/r30,3,Z,30,q2_7,rl,isotonic,0.026263302508684548,0.4125251177270715
same,d3_at_q2_7/Z/r50,d3_at_q2_7/Z/r50,3,Z,50,q2_7,rl,platt,0.03201631944856544,0.5212156825533744
same,d3_at_q2_7/Z/r50,d3_at_q2_7/Z/r50,3,Z,50,q2_7,rl,isotonic,0.012551755363835832,0.517509247586998
sim,sim:d3_at_q2_7/Z/r50,d3_at_q2_7/Z/r50,3,Z,50,q2_7,rl,platt,0.030601968807845947,0.5217708363387563
sim,sim:d3_at_q2_7/Z/r50,d3_at_q2_7/Z/r50,3,Z,50,q2_7,rl,isotonic,0.022447597239658734,0.5224284575982802
basis,d3_at_q2_7/X/r50,d3_at_q2_7/Z/r50,3,Z,50,q2_7,rl,platt,0.048730720631690747,0.5245461082048053
basis,d3_at_q2_7/X/r50,d3_at_q2_7/Z/r50,3,Z,50,q2_7,rl,isotonic,0.03966918402923375,0.5299427163820438
patch,d3_at_q10_7/Z/r50,d3_at_q2_7/Z/r50,3,Z,50,q2_7,rl,platt,0.040671160996246146,0.5225243868760672
patch,d3_at_q10_7/Z/r50,d3_at_q2_7/Z/r50,3,Z,50,q2_7,rl,isotonic,0.04502354304208722,0.5267650319527878
patch,d3_at_q4_5/Z/r50,d3_at_q2_7/Z/r50,3,Z,50,q2_7,rl,platt,0.03696838667023556,0.5216991708403768
patch,d3_at_q4_5/Z/r50,d3_at_q2_7/Z/r50,3,Z,50,q2_7,rl,isotonic,0.03382430896681373,0.526261522225389
patch,d3_at_q4_9/Z/r50,d3_at_q2_7/Z/r50,3,Z,50,q2_7,rl,platt,0.03974356955622682,0.5221367622590931
patch,d3_at_q4_9/Z/r50,d3_at_q2_7/Z/r50,3,Z,50,q2_7,rl,isotonic,0.03822573747627234,0.5253327130233125
patch,d3_at_q6_11/Z/r50,d3_at_q2_7/Z/r50,3,Z,50,q2_7,rl,platt,0.037631073010231074,0.5223178817192213
patch,d3_at_q6_11/Z/r50,d3_at_q2_7/Z/r50,3,Z,50,q2_7,rl,isotonic,0.028946701410175614,0.52558058389441
patch,d3_at_q6_3/Z/r50,d3_at_q2_7/Z/r50,3,Z,50,q2_7,rl,platt,0.044625269795426734,0.526419291909156
patch,d3_at_q6_3/Z/r50,d3_at_q2_7/Z/r50,3,Z,50,q2_7,rl,isotonic,0.025126541942080163,0.5244877337399384
patch,d3_at_q6_7/Z/r50,d3_at_q2_7/Z/r50,3,Z,50,q2_7,rl,platt,0.05180655014160466,0.5260636096981838
patch,d3_at_q6_7/Z/r50,d3_at_q2_7/Z/r50,3,Z,50,q2_7,rl,isotonic,0.04498193983773446,0.5321102577355334
patch,d3_at_q8_5/Z/r50,d3_at_q2_7/Z/r50,3,Z,50,q2_7,rl,platt,0.046324951606627245,0.5238944712426278
patch,d3_at_q8_5/Z/r50,d3_at_q2_7/Z/r50,3,Z,50,q2_7,rl,isotonic,0.036521525449462924,0.5274609306424258
patch,d3_at_q8_9/Z/r50,d3_at_q2_7/Z/r50,3,Z,50,q2_7,rl,platt,0.04061713848233545,0.5229414782820504
patch,d3_at_q8_9/Z/r50,d3_at_q2_7/Z/r50,3,Z,50,q2_7,rl,isotonic,0.041847304155716206,0.5268285595795974
pooled,pool:d3/Z/r50 without q2_7 (8 patches),d3_at_q2_7/Z/r50,3,Z,50,q2_7,rl,platt,0.03792232401115082,0.5223248342322656
pooled,pool:d3/Z/r50 without q2_7 (8 patches),d3_at_q2_7/Z/r50,3,Z,50,q2_7,rl,isotonic,0.029646486574320518,0.5218393538711964
same,d3_at_q4_5/X/r01,d3_at_q4_5/X/r01,3,X,1,q4_5,rl,platt,0.0009090251666436112,0.02128315176649935
same,d3_at_q4_5/X/r01,d3_at_q4_5/X/r01,3,X,1,q4_5,rl,isotonic,0.0009974552627742238,0.021276938070474313
sim,sim:d3_at_q4_5/X/r01,d3_at_q4_5/X/r01,3,X,1,q4_5,rl,platt,0.0020873987155530798,0.021836360273246598
sim,sim:d3_at_q4_5/X/r01,d3_at_q4_5/X/r01,3,X,1,q4_5,rl,isotonic,0.0019623578689889664,0.022228379053189577
basis,d3_at_q4_5/Z/r01,d3_at_q4_5/X/r01,3,X,1,q4_5,rl,platt,0.0005654982556907646,0.021469097099790006
basis,d3_at_q4_5/Z/r01,d3_at_q4_5/X/r01,3,X,1,q4_5,rl,isotonic,0.0021227097303211906,0.022954292809814484
patch,d3_at_q10_7/X/r01,d3_at_q4_5/X/r01,3,X,1,q4_5,rl,platt,0.0002110834382559616,0.02117078358125975
patch,d3_at_q10_7/X/r01,d3_at_q4_5/X/r01,3,X,1,q4_5,rl,isotonic,0.0015465759227833767,0.02246809115539102
patch,d3_at_q2_7/X/r01,d3_at_q4_5/X/r01,3,X,1,q4_5,rl,platt,0.0019184742822360183,0.021560026894021544
patch,d3_at_q2_7/X/r01,d3_at_q4_5/X/r01,3,X,1,q4_5,rl,isotonic,0.001326882333655864,0.021661763638584366
patch,d3_at_q4_9/X/r01,d3_at_q4_5/X/r01,3,X,1,q4_5,rl,platt,0.0007108615638908396,0.021236973713510708
patch,d3_at_q4_9/X/r01,d3_at_q4_5/X/r01,3,X,1,q4_5,rl,isotonic,0.001869545582906497,0.02280121479024793
patch,d3_at_q6_11/X/r01,d3_at_q4_5/X/r01,3,X,1,q4_5,rl,platt,0.00036605137507644424,0.021295288254291646
patch,d3_at_q6_11/X/r01,d3_at_q4_5/X/r01,3,X,1,q4_5,rl,isotonic,0.0003599426992694894,0.02236895858574109
patch,d3_at_q6_3/X/r01,d3_at_q4_5/X/r01,3,X,1,q4_5,rl,platt,0.00045413646197793996,0.02136777275406819
patch,d3_at_q6_3/X/r01,d3_at_q4_5/X/r01,3,X,1,q4_5,rl,isotonic,0.0006466964061069784,0.021529646328150444
patch,d3_at_q6_7/X/r01,d3_at_q4_5/X/r01,3,X,1,q4_5,rl,platt,0.006629842605883368,0.024060903757554684
patch,d3_at_q6_7/X/r01,d3_at_q4_5/X/r01,3,X,1,q4_5,rl,isotonic,0.005708758696523158,0.025318985756470958
patch,d3_at_q8_5/X/r01,d3_at_q4_5/X/r01,3,X,1,q4_5,rl,platt,0.0011539939420346452,0.021616830628576812
patch,d3_at_q8_5/X/r01,d3_at_q4_5/X/r01,3,X,1,q4_5,rl,isotonic,0.001569393817295575,0.022575822457757445
patch,d3_at_q8_9/X/r01,d3_at_q4_5/X/r01,3,X,1,q4_5,rl,platt,0.008801405213968137,0.025812102667121393
patch,d3_at_q8_9/X/r01,d3_at_q4_5/X/r01,3,X,1,q4_5,rl,isotonic,0.005941097488244756,0.02356978754827941
pooled,pool:d3/X/r1 without q4_5 (8 patches),d3_at_q4_5/X/r01,3,X,1,q4_5,rl,platt,0.0024025820880351164,0.021712214274319436
pooled,pool:d3/X/r1 without q4_5 (8 patches),d3_at_q4_5/X/r01,3,X,1,q4_5,rl,isotonic,0.0028740788825842656,0.022417940197886146
same,d3_at_q4_5/X/r10,d3_at_q4_5/X/r10,3,X,10,q4_5,rl,platt,0.0059663111865488295,0.2061693931669805
same,d3_at_q4_5/X/r10,d3_at_q4_5/X/r10,3,X,10,q4_5,rl,isotonic,0.0047977579573577345,0.206019258584139
sim,sim:d3_at_q4_5/X/r10,d3_at_q4_5/X/r10,3,X,10,q4_5,rl,platt,0.014504830983999942,0.20888581058370323
sim,sim:d3_at_q4_5/X/r10,d3_at_q4_5/X/r10,3,X,10,q4_5,rl,isotonic,0.013793261102523638,0.20835940310412762
basis,d3_at_q4_5/Z/r10,d3_at_q4_5/X/r10,3,X,10,q4_5,rl,platt,0.009536508369046194,0.2068625866275653
basis,d3_at_q4_5/Z/r10,d3_at_q4_5/X/r10,3,X,10,q4_5,rl,isotonic,0.010452992230133696,0.20669573274974432
patch,d3_at_q10_7/X/r10,d3_at_q4_5/X/r10,3,X,10,q4_5,rl,platt,0.006900286058706249,0.2064645572878459
patch,d3_at_q10_7/X/r10,d3_at_q4_5/X/r10,3,X,10,q4_5,rl,isotonic,0.010263981034575754,0.2083357351484131
patch,d3_at_q2_7/X/r10,d3_at_q4_5/X/r10,3,X,10,q4_5,rl,platt,0.007338771157114233,0.2062301775314624
patch,d3_at_q2_7/X/r10,d3_at_q4_5/X/r10,3,X,10,q4_5,rl,isotonic,0.005312964858149035,0.2070858263221729
patch,d3_at_q4_9/X/r10,d3_at_q4_5/X/r10,3,X,10,q4_5,rl,platt,0.006712564384522941,0.20618846915888758
patch,d3_at_q4_9/X/r10,d3_at_q4_5/X/r10,3,X,10,q4_5,rl,isotonic,0.00955497948529127,0.20811685772859956
patch,d3_at_q6_11/X/r10,d3_at_q4_5/X/r10,3,X,10,q4_5,rl,platt,0.010210790564754298,0.20728337705149316
patch,d3_at_q6_11/X/r10,d3_at_q4_5/X/r10,3,X,10,q4_5,rl,isotonic,0.013559873791550854,0.21069194155534096
patch,d3_at_q6_3/X/r10,d3_at_q4_5/X/r10,3,X,10,q4_5,rl,platt,0.014854743571694856,0.2088664500619277
patch,d3_at_q6_3/X/r10,d3_at_q4_5/X/r10,3,X,10,q4_5,rl,isotonic,0.01865773824701401,0.21316796179754816
patch,d3_at_q6_7/X/r10,d3_at_q4_5/X/r10,3,X,10,q4_5,rl,platt,0.012490656657754926,0.20683725838697822
patch,d3_at_q6_7/X/r10,d3_at_q4_5/X/r10,3,X,10,q4_5,rl,isotonic,0.011881510219573427,0.20748397220718723
patch,d3_at_q8_5/X/r10,d3_at_q4_5/X/r10,3,X,10,q4_5,rl,platt,0.007258605597992355,0.2062947114774993
patch,d3_at_q8_5/X/r10,d3_at_q4_5/X/r10,3,X,10,q4_5,rl,isotonic,0.013442330381566916,0.20799661124861735
patch,d3_at_q8_9/X/r10,d3_at_q4_5/X/r10,3,X,10,q4_5,rl,platt,0.016383822554365955,0.20824518315786594
patch,d3_at_q8_9/X/r10,d3_at_q4_5/X/r10,3,X,10,q4_5,rl,isotonic,0.013063164561363123,0.20798389244681056
pooled,pool:d3/X/r10 without q4_5 (8 patches),d3_at_q4_5/X/r10,3,X,10,q4_5,rl,platt,0.006878786205286154,0.2062216034900059
pooled,pool:d3/X/r10 without q4_5 (8 patches),d3_at_q4_5/X/r10,3,X,10,q4_5,rl,isotonic,0.009082850983477072,0.20667704426953018
same,d3_at_q4_5/X/r30,d3_at_q4_5/X/r30,3,X,30,q4_5,rl,platt,0.01535084093465756,0.4357824815259028
same,d3_at_q4_5/X/r30,d3_at_q4_5/X/r30,3,X,30,q4_5,rl,isotonic,0.009455356889127194,0.4354041742636126
sim,sim:d3_at_q4_5/X/r30,d3_at_q4_5/X/r30,3,X,30,q4_5,rl,platt,0.02632764118843443,0.4382929691862931
sim,sim:d3_at_q4_5/X/r30,d3_at_q4_5/X/r30,3,X,30,q4_5,rl,isotonic,0.023413509863233224,0.4376316020950183
basis,d3_at_q4_5/Z/r30,d3_at_q4_5/X/r30,3,X,30,q4_5,rl,platt,0.029614779733545735,0.43886709022049314
basis,d3_at_q4_5/Z/r30,d3_at_q4_5/X/r30,3,X,30,q4_5,rl,isotonic,0.028224876061396623,0.4386796628322047
patch,d3_at_q10_7/X/r30,d3_at_q4_5/X/r30,3,X,30,q4_5,rl,platt,0.02024287533958608,0.43668182665653466
patch,d3_at_q10_7/X/r30,d3_at_q4_5/X/r30,3,X,30,q4_5,rl,isotonic,0.024364580467874604,0.43869860838886743
patch,d3_at_q2_7/X/r30,d3_at_q4_5/X/r30,3,X,30,q4_5,rl,platt,0.018468278577736114,0.43634469273299364
patch,d3_at_q2_7/X/r30,d3_at_q4_5/X/r30,3,X,30,q4_5,rl,isotonic,0.01971207948725242,0.43790307261403444
patch,d3_at_q4_9/X/r30,d3_at_q4_5/X/r30,3,X,30,q4_5,rl,platt,0.01703821848066932,0.4361431144793773
patch,d3_at_q4_9/X/r30,d3_at_q4_5/X/r30,3,X,30,q4_5,rl,isotonic,0.016486569331572835,0.4362449746547538
patch,d3_at_q6_11/X/r30,d3_at_q4_5/X/r30,3,X,30,q4_5,rl,platt,0.019962486859957784,0.43682539030583506
patch,d3_at_q6_11/X/r30,d3_at_q4_5/X/r30,3,X,30,q4_5,rl,isotonic,0.03424973367720006,0.4444832577576081
patch,d3_at_q6_3/X/r30,d3_at_q4_5/X/r30,3,X,30,q4_5,rl,platt,0.02185402380541469,0.4371107327086208
patch,d3_at_q6_3/X/r30,d3_at_q4_5/X/r30,3,X,30,q4_5,rl,isotonic,0.011641273553194699,0.4379485146385408
patch,d3_at_q6_7/X/r30,d3_at_q4_5/X/r30,3,X,30,q4_5,rl,platt,0.02956226051368968,0.43862153463863823
patch,d3_at_q6_7/X/r30,d3_at_q4_5/X/r30,3,X,30,q4_5,rl,isotonic,0.027763925990046068,0.44345376754138965
patch,d3_at_q8_5/X/r30,d3_at_q4_5/X/r30,3,X,30,q4_5,rl,platt,0.028212524622640813,0.43877020814101997
patch,d3_at_q8_5/X/r30,d3_at_q4_5/X/r30,3,X,30,q4_5,rl,isotonic,0.030260747574505455,0.4506537735235149
patch,d3_at_q8_9/X/r30,d3_at_q4_5/X/r30,3,X,30,q4_5,rl,platt,0.05085621149878102,0.4442402722825267
patch,d3_at_q8_9/X/r30,d3_at_q4_5/X/r30,3,X,30,q4_5,rl,isotonic,0.030525048651045175,0.4425237717784561
pooled,pool:d3/X/r30 without q4_5 (8 patches),d3_at_q4_5/X/r30,3,X,30,q4_5,rl,platt,0.019592677327908942,0.4367219830685568
pooled,pool:d3/X/r30 without q4_5 (8 patches),d3_at_q4_5/X/r30,3,X,30,q4_5,rl,isotonic,0.02305944404728119,0.4379278932656004
same,d3_at_q4_5/X/r50,d3_at_q4_5/X/r50,3,X,50,q4_5,rl,platt,0.015919007732091366,0.5593233002984822
same,d3_at_q4_5/X/r50,d3_at_q4_5/X/r50,3,X,50,q4_5,rl,isotonic,0.010169011064906204,0.5588947659928083
sim,sim:d3_at_q4_5/X/r50,d3_at_q4_5/X/r50,3,X,50,q4_5,rl,platt,0.0365951422830607,0.5640941426156801
sim,sim:d3_at_q4_5/X/r50,d3_at_q4_5/X/r50,3,X,50,q4_5,rl,isotonic,0.036971470984409546,0.563670762169132
basis,d3_at_q4_5/Z/r50,d3_at_q4_5/X/r50,3,X,50,q4_5,rl,platt,0.045495578667639376,0.5663811290212997
basis,d3_at_q4_5/Z/r50,d3_at_q4_5/X/r50,3,X,50,q4_5,rl,isotonic,0.03993136072453771,0.5670445613423015
patch,d3_at_q10_7/X/r50,d3_at_q4_5/X/r50,3,X,50,q4_5,rl,platt,0.02733369359507675,0.5614797260994041
patch,d3_at_q10_7/X/r50,d3_at_q4_5/X/r50,3,X,50,q4_5,rl,isotonic,0.029877306478352215,0.5650189440689563
patch,d3_at_q2_7/X/r50,d3_at_q4_5/X/r50,3,X,50,q4_5,rl,platt,0.02322734398428847,0.5605838632347073
patch,d3_at_q2_7/X/r50,d3_at_q4_5/X/r50,3,X,50,q4_5,rl,isotonic,0.026249394551402246,0.5613070085804485
patch,d3_at_q4_9/X/r50,d3_at_q4_5/X/r50,3,X,50,q4_5,rl,platt,0.025136918070554456,0.5608431129436212
patch,d3_at_q4_9/X/r50,d3_at_q4_5/X/r50,3,X,50,q4_5,rl,isotonic,0.03813203922146693,0.5744607116182998
patch,d3_at_q6_11/X/r50,d3_at_q4_5/X/r50,3,X,50,q4_5,rl,platt,0.034011221944596784,0.5631183821374187
patch,d3_at_q6_11/X/r50,d3_at_q4_5/X/r50,3,X,50,q4_5,rl,isotonic,0.04944422447611099,0.5701835817515957
patch,d3_at_q6_3/X/r50,d3_at_q4_5/X/r50,3,X,50,q4_5,rl,platt,0.05983332391373311,0.5728391571275899
patch,d3_at_q6_3/X/r50,d3_at_q4_5/X/r50,3,X,50,q4_5,rl,isotonic,0.05522881392448883,0.5719601897377303
patch,d3_at_q6_7/X/r50,d3_at_q4_5/X/r50,3,X,50,q4_5,rl,platt,0.03372346170054898,0.5621980444277768
patch,d3_at_q6_7/X/r50,d3_at_q4_5/X/r50,3,X,50,q4_5,rl,isotonic,0.04144746235576843,0.5656484823121013
patch,d3_at_q8_5/X/r50,d3_at_q4_5/X/r50,3,X,50,q4_5,rl,platt,0.026377876965254662,0.5611414865818772
patch,d3_at_q8_5/X/r50,d3_at_q4_5/X/r50,3,X,50,q4_5,rl,isotonic,0.02975813279871392,0.5612996898512854
patch,d3_at_q8_9/X/r50,d3_at_q4_5/X/r50,3,X,50,q4_5,rl,platt,0.04007078429535546,0.5633326575028167
patch,d3_at_q8_9/X/r50,d3_at_q4_5/X/r50,3,X,50,q4_5,rl,isotonic,0.03292023366919538,0.562268969432512
pooled,pool:d3/X/r50 without q4_5 (8 patches),d3_at_q4_5/X/r50,3,X,50,q4_5,rl,platt,0.026871758290449424,0.5613107864319002
pooled,pool:d3/X/r50 without q4_5 (8 patches),d3_at_q4_5/X/r50,3,X,50,q4_5,rl,isotonic,0.032279632993654196,0.5639759180136
same,d3_at_q4_5/Z/r01,d3_at_q4_5/Z/r01,3,Z,1,q4_5,rl,platt,0.00022087621956279848,0.01506379456182353
same,d3_at_q4_5/Z/r01,d3_at_q4_5/Z/r01,3,Z,1,q4_5,rl,isotonic,0.00033884583929307135,0.014763216062838284
sim,sim:d3_at_q4_5/Z/r01,d3_at_q4_5/Z/r01,3,Z,1,q4_5,rl,platt,0.0003053056452636524,0.015094295184280555
sim,sim:d3_at_q4_5/Z/r01,d3_at_q4_5/Z/r01,3,Z,1,q4_5,rl,isotonic,0.00045568188037307174,0.015318325802476015
basis,d3_at_q4_5/X/r01,d3_at_q4_5/Z/r01,3,Z,1,q4_5,rl,platt,0.0002748397339825,0.015021745995056327
basis,d3_at_q4_5/X/r01,d3_at_q4_5/Z/r01,3,Z,1,q4_5,rl,isotonic,0.0006853610539673485,0.014960333774294022
patch,d3_at_q10_7/Z/r01,d3_at_q4_5/Z/r01,3,Z,1,q4_5,rl,platt,0.0020042824568336543,0.015412684025371628
patch,d3_at_q10_7/Z/r01,d3_at_q4_5/Z/r01,3,Z,1,q4_5,rl,isotonic,0.0016687595669044376,0.016884684281474552
patch,d3_at_q2_7/Z/r01,d3_at_q4_5/Z/r01,3,Z,1,q4_5,rl,platt,0.0013409043640633335,0.015201817464472621
patch,d3_at_q2_7/Z/r01,d3_at_q4_5/Z/r01,3,Z,1,q4_5,rl,isotonic,0.0003641298096010813,0.014783518814990744
patch,d3_at_q4_9/Z/r01,d3_at_q4_5/Z/r01,3,Z,1,q4_5,rl,platt,0.0010062293850435192,0.015160811210377772
patch,d3_at_q4_9/Z/r01,d3_at_q4_5/Z/r01,3,Z,1,q4_5,rl,isotonic,0.0007008132841643666,0.015840985697025668
patch,d3_at_q6_11/Z/r01,d3_at_q4_5/Z/r01,3,Z,1,q4_5,rl,platt,0.0005508742677006872,0.015048167673887584
patch,d3_at_q6_11/Z/r01,d3_at_q4_5/Z/r01,3,Z,1,q4_5,rl,isotonic,0.0005607364114227807,0.015948359013178367
patch,d3_at_q6_3/Z/r01,d3_at_q4_5/Z/r01,3,Z,1,q4_5,rl,platt,0.0007195426402538367,0.0151043754221237
patch,d3_at_q6_3/Z/r01,d3_at_q4_5/Z/r01,3,Z,1,q4_5,rl,isotonic,0.000637811706719069,0.015243729595347253
patch,d3_at_q6_7/Z/r01,d3_at_q4_5/Z/r01,3,Z,1,q4_5,rl,platt,0.0012539248050610914,0.01521484853783762
patch,d3_at_q6_7/Z/r01,d3_at_q4_5/Z/r01,3,Z,1,q4_5,rl,isotonic,0.0013523673805028557,0.015472285597961776
patch,d3_at_q8_5/Z/r01,d3_at_q4_5/Z/r01,3,Z,1,q4_5,rl,platt,0.0005947628444561149,0.0150896842931497
patch,d3_at_q8_5/Z/r01,d3_at_q4_5/Z/r01,3,Z,1,q4_5,rl,isotonic,0.0012856823732910504,0.016028479076998944
patch,d3_at_q8_9/Z/r01,d3_at_q4_5/Z/r01,3,Z,1,q4_5,rl,platt,0.0002334798401579962,0.015024766744227109
patch,d3_at_q8_9/Z/r01,d3_at_q4_5/Z/r01,3,Z,1,q4_5,rl,isotonic,0.00029140334494065734,0.014698746577758243
pooled,pool:d3/Z/r1 without q4_5 (8 patches),d3_at_q4_5/Z/r01,3,Z,1,q4_5,rl,platt,0.0007833946031742592,0.01509139091238081
pooled,pool:d3/Z/r1 without q4_5 (8 patches),d3_at_q4_5/Z/r01,3,Z,1,q4_5,rl,isotonic,0.00033525690244245337,0.014740612760520227
same,d3_at_q4_5/Z/r10,d3_at_q4_5/Z/r10,3,Z,10,q4_5,rl,platt,0.008183224310062302,0.18639566738280622
same,d3_at_q4_5/Z/r10,d3_at_q4_5/Z/r10,3,Z,10,q4_5,rl,isotonic,0.004309186550618117,0.18463166601827213
sim,sim:d3_at_q4_5/Z/r10,d3_at_q4_5/Z/r10,3,Z,10,q4_5,rl,platt,0.01549663442075592,0.18902035189832458
sim,sim:d3_at_q4_5/Z/r10,d3_at_q4_5/Z/r10,3,Z,10,q4_5,rl,isotonic,0.015572009582804648,0.18857438786216285
basis,d3_at_q4_5/X/r10,d3_at_q4_5/Z/r10,3,Z,10,q4_5,rl,platt,0.011668344219557942,0.18681360745330378
basis,d3_at_q4_5/X/r10,d3_at_q4_5/Z/r10,3,Z,10,q4_5,rl,isotonic,0.010426276714734615,0.1871908605778243
patch,d3_at_q10_7/Z/r10,d3_at_q4_5/Z/r10,3,Z,10,q4_5,rl,platt,0.010636275368318642,0.18653414853605857
patch,d3_at_q10_7/Z/r10,d3_at_q4_5/Z/r10,3,Z,10,q4_5,rl,isotonic,0.01463166680789529,0.18692722373738824
patch,d3_at_q2_7/Z/r10,d3_at_q4_5/Z/r10,3,Z,10,q4_5,rl,platt,0.007592041297421249,0.18657266999530273
patch,d3_at_q2_7/Z/r10,d3_at_q4_5/Z/r10,3,Z,10,q4_5,rl,isotonic,0.0030329617756861002,0.1865587458369572
patch,d3_at_q4_9/Z/r10,d3_at_q4_5/Z/r10,3,Z,10,q4_5,rl,platt,0.009424863816249695,0.18650608384909423
patch,d3_at_q4_9/Z/r10,d3_at_q4_5/Z/r10,3,Z,10,q4_5,rl,isotonic,0.006778118903915356,0.20003844206169263
patch,d3_at_q6_11/Z/r10,d3_at_q4_5/Z/r10,3,Z,10,q4_5,rl,platt,0.011106275427612899,0.18727519479378157
patch,d3_at_q6_11/Z/r10,d3_at_q4_5/Z/r10,3,Z,10,q4_5,rl,isotonic,0.007178326836738329,0.1874394147602729
patch,d3_at_q6_3/Z/r10,d3_at_q4_5/Z/r10,3,Z,10,q4_5,rl,platt,0.020779604679864117,0.1911717550459535
patch,d3_at_q6_3/Z/r10,d3_at_q4_5/Z/r10,3,Z,10,q4_5,rl,isotonic,0.01415583187286694,0.19158003710885227
patch,d3_at_q6_7/Z/r10,d3_at_q4_5/Z/r10,3,Z,10,q4_5,rl,platt,0.01042878402305005,0.1865019222524731
patch,d3_at_q6_7/Z/r10,d3_at_q4_5/Z/r10,3,Z,10,q4_5,rl,isotonic,0.00907251652549645,0.18708503430347045
patch,d3_at_q8_5/Z/r10,d3_at_q4_5/Z/r10,3,Z,10,q4_5,rl,platt,0.00818642847875285,0.18684699035311436
patch,d3_at_q8_5/Z/r10,d3_at_q4_5/Z/r10,3,Z,10,q4_5,rl,isotonic,0.010823261756718917,0.18719623961359594
patch,d3_at_q8_9/Z/r10,d3_at_q4_5/Z/r10,3,Z,10,q4_5,rl,platt,0.014530757018775332,0.18792565903990066
patch,d3_at_q8_9/Z/r10,d3_at_q4_5/Z/r10,3,Z,10,q4_5,rl,isotonic,0.012878258150225872,0.1911826307986104
pooled,pool:d3/Z/r10 without q4_5 (8 patches),d3_at_q4_5/Z/r10,3,Z,10,q4_5,rl,platt,0.011071203557294127,0.1869201102075705
pooled,pool:d3/Z/r10 without q4_5 (8 patches),d3_at_q4_5/Z/r10,3,Z,10,q4_5,rl,isotonic,0.008838658935938565,0.18690675978501164
same,d3_at_q4_5/Z/r30,d3_at_q4_5/Z/r30,3,Z,30,q4_5,rl,platt,0.016719637225259234,0.41467320327665064
same,d3_at_q4_5/Z/r30,d3_at_q4_5/Z/r30,3,Z,30,q4_5,rl,isotonic,0.009289731164890937,0.41221959889134363
sim,sim:d3_at_q4_5/Z/r30,d3_at_q4_5/Z/r30,3,Z,30,q4_5,rl,platt,0.03475983355576211,0.41974921578460284
sim,sim:d3_at_q4_5/Z/r30,d3_at_q4_5/Z/r30,3,Z,30,q4_5,rl,isotonic,0.034599219011636616,0.4189122739897975
basis,d3_at_q4_5/X/r30,d3_at_q4_5/Z/r30,3,Z,30,q4_5,rl,platt,0.030180100224162267,0.4179356330122762
basis,d3_at_q4_5/X/r30,d3_at_q4_5/Z/r30,3,Z,30,q4_5,rl,isotonic,0.023921459826824913,0.41782282332151904
patch,d3_at_q10_7/Z/r30,d3_at_q4_5/Z/r30,3,Z,30,q4_5,rl,platt,0.017986371474287017,0.41538710507063115
patch,d3_at_q10_7/Z/r30,d3_at_q4_5/Z/r30,3,Z,30,q4_5,rl,isotonic,0.019048149414408348,0.4158432210807605
patch,d3_at_q2_7/Z/r30,d3_at_q4_5/Z/r30,3,Z,30,q4_5,rl,platt,0.01812748458962828,0.4150996730922618
patch,d3_at_q2_7/Z/r30,d3_at_q4_5/Z/r30,3,Z,30,q4_5,rl,isotonic,0.009263655313818881,0.4157415596706019
patch,d3_at_q4_9/Z/r30,d3_at_q4_5/Z/r30,3,Z,30,q4_5,rl,platt,0.017291013861406395,0.4149108067210896
patch,d3_at_q4_9/Z/r30,d3_at_q4_5/Z/r30,3,Z,30,q4_5,rl,isotonic,0.018513812396036538,0.41924022738035044
patch,d3_at_q6_11/Z/r30,d3_at_q4_5/Z/r30,3,Z,30,q4_5,rl,platt,0.019082426139369696,0.4155994204071166
patch,d3_at_q6_11/Z/r30,d3_at_q4_5/Z/r30,3,Z,30,q4_5,rl,isotonic,0.020853836143445905,0.4172172540186031
patch,d3_at_q6_3/Z/r30,d3_at_q4_5/Z/r30,3,Z,30,q4_5,rl,platt,0.04014594660200604,0.4217102722095562
patch,d3_at_q6_3/Z/r30,d3_at_q4_5/Z/r30,3,Z,30,q4_5,rl,isotonic,0.03420541530905015,0.42139359938866755
patch,d3_at_q6_7/Z/r30,d3_at_q4_5/Z/r30,3,Z,30,q4_5,rl,platt,0.02067217388918094,0.41583362566237225
patch,d3_at_q6_7/Z/r30,d3_at_q4_5/Z/r30,3,Z,30,q4_5,rl,isotonic,0.023525974948308576,0.4165682758124351
patch,d3_at_q8_5/Z/r30,d3_at_q4_5/Z/r30,3,Z,30,q4_5,rl,platt,0.053616011898486846,0.42610690110968547
patch,d3_at_q8_5/Z/r30,d3_at_q4_5/Z/r30,3,Z,30,q4_5,rl,isotonic,0.05538889665977501,0.42632830724062803
patch,d3_at_q8_9/Z/r30,d3_at_q4_5/Z/r30,3,Z,30,q4_5,rl,platt,0.022986228528561803,0.41623730276607046
patch,d3_at_q8_9/Z/r30,d3_at_q4_5/Z/r30,3,Z,30,q4_5,rl,isotonic,0.02815796769421676,0.41986778679910136
pooled,pool:d3/Z/r30 without q4_5 (8 patches),d3_at_q4_5/Z/r30,3,Z,30,q4_5,rl,platt,0.01855164296654097,0.41552571413073164
pooled,pool:d3/Z/r30 without q4_5 (8 patches),d3_at_q4_5/Z/r30,3,Z,30,q4_5,rl,isotonic,0.022933998232700373,0.4172985437820789
same,d3_at_q4_5/Z/r50,d3_at_q4_5/Z/r50,3,Z,50,q4_5,rl,platt,0.031748073236400665,0.538316881855307
same,d3_at_q4_5/Z/r50,d3_at_q4_5/Z/r50,3,Z,50,q4_5,rl,isotonic,0.01515273208456371,0.5360364557021277
sim,sim:d3_at_q4_5/Z/r50,d3_at_q4_5/Z/r50,3,Z,50,q4_5,rl,platt,0.04311990230682779,0.5423152605665742
sim,sim:d3_at_q4_5/Z/r50,d3_at_q4_5/Z/r50,3,Z,50,q4_5,rl,isotonic,0.0342938442143352,0.5416010588033315
basis,d3_at_q4_5/X/r50,d3_at_q4_5/Z/r50,3,Z,50,q4_5,rl,platt,0.03412088069061762,0.5401443762302457
basis,d3_at_q4_5/X/r50,d3_at_q4_5/Z/r50,3,Z,50,q4_5,rl,isotonic,0.035176940063437044,0.5475681309804893
patch,d3_at_q10_7/Z/r50,d3_at_q4_5/Z/r50,3,Z,50,q4_5,rl,platt,0.02933453607369184,0.5380536472505609
patch,d3_at_q10_7/Z/r50,d3_at_q4_5/Z/r50,3,Z,50,q4_5,rl,isotonic,0.023689927252219606,0.5379383974334022
patch,d3_at_q2_7/Z/r50,d3_at_q4_5/Z/r50,3,Z,50,q4_5,rl,platt,0.033991133906524244,0.5387840130277669
patch,d3_at_q2_7/Z/r50,d3_at_q4_5/Z/r50,3,Z,50,q4_5,rl,isotonic,0.024920810596763553,0.5472806207522706
patch,d3_at_q4_9/Z/r50,d3_at_q4_5/Z/r50,3,Z,50,q4_5,rl,platt,0.029538153243256676,0.5379727297301595
patch,d3_at_q4_9/Z/r50,d3_at_q4_5/Z/r50,3,Z,50,q4_5,rl,isotonic,0.03109247927727443,0.54263770171979
patch,d3_at_q6_11/Z/r50,d3_at_q4_5/Z/r50,3,Z,50,q4_5,rl,platt,0.030739516232165923,0.5382172212413493
patch,d3_at_q6_11/Z/r50,d3_at_q4_5/Z/r50,3,Z,50,q4_5,rl,isotonic,0.028128047428714064,0.5459237106656094
patch,d3_at_q6_3/Z/r50,d3_at_q4_5/Z/r50,3,Z,50,q4_5,rl,platt,0.05274316142876304,0.5464405303375397
patch,d3_at_q6_3/Z/r50,d3_at_q4_5/Z/r50,3,Z,50,q4_5,rl,isotonic,0.03304567900105894,0.5444754735189936
patch,d3_at_q6_7/Z/r50,d3_at_q4_5/Z/r50,3,Z,50,q4_5,rl,platt,0.03199963757450917,0.5397805604196898
patch,d3_at_q6_7/Z/r50,d3_at_q4_5/Z/r50,3,Z,50,q4_5,rl,isotonic,0.03003290328411854,0.5457369952190516
patch,d3_at_q8_5/Z/r50,d3_at_q4_5/Z/r50,3,Z,50,q4_5,rl,platt,0.03018708985957647,0.5385256368744324
patch,d3_at_q8_5/Z/r50,d3_at_q4_5/Z/r50,3,Z,50,q4_5,rl,isotonic,0.023181591765819645,0.5428486311586109
patch,d3_at_q8_9/Z/r50,d3_at_q4_5/Z/r50,3,Z,50,q4_5,rl,platt,0.03124204459232606,0.5383401072209413
patch,d3_at_q8_9/Z/r50,d3_at_q4_5/Z/r50,3,Z,50,q4_5,rl,isotonic,0.028350099373706774,0.5426648408179005
pooled,pool:d3/Z/r50 without q4_5 (8 patches),d3_at_q4_5/Z/r50,3,Z,50,q4_5,rl,platt,0.03070959973902843,0.538221311567701
pooled,pool:d3/Z/r50 without q4_5 (8 patches),d3_at_q4_5/Z/r50,3,Z,50,q4_5,rl,isotonic,0.024540501196307917,0.5383085029784372
same,d3_at_q4_9/X/r01,d3_at_q4_9/X/r01,3,X,1,q4_9,rl,platt,0.0012099904870657193,0.02095081082706367
same,d3_at_q4_9/X/r01,d3_at_q4_9/X/r01,3,X,1,q4_9,rl,isotonic,0.0013816901638662362,0.02022081829494488
sim,sim:d3_at_q4_9/X/r01,d3_at_q4_9/X/r01,3,X,1,q4_9,rl,platt,0.0022169935604122414,0.022534463644306
sim,sim:d3_at_q4_9/X/r01,d3_at_q4_9/X/r01,3,X,1,q4_9,rl,isotonic,0.0020062691524854845,0.02427528364346059
basis,d3_at_q4_9/Z/r01,d3_at_q4_9/X/r01,3,X,1,q4_9,rl,platt,0.0011602667485195715,0.0210029788411816
basis,d3_at_q4_9/Z/r01,d3_at_q4_9/X/r01,3,X,1,q4_9,rl,isotonic,0.00021800062208852922,0.02201358568883802
patch,d3_at_q10_7/X/r01,d3_at_q4_9/X/r01,3,X,1,q4_9,rl,platt,0.0010306694295078413,0.021137345896545732
patch,d3_at_q10_7/X/r01,d3_at_q4_9/X/r01,3,X,1,q4_9,rl,isotonic,0.0013251090406961878,0.022242804105174346
patch,d3_at_q2_7/X/r01,d3_at_q4_9/X/r01,3,X,1,q4_9,rl,platt,0.002239958226414384,0.02146994204329417
patch,d3_at_q2_7/X/r01,d3_at_q4_9/X/r01,3,X,1,q4_9,rl,isotonic,0.0016153942377163284,0.02167660436009883
patch,d3_at_q4_5/X/r01,d3_at_q4_9/X/r01,3,X,1,q4_9,rl,platt,0.0016060284818584722,0.021522673738461017
patch,d3_at_q4_5/X/r01,d3_at_q4_9/X/r01,3,X,1,q4_9,rl,isotonic,0.0007397251402819229,0.021892732077040365
patch,d3_at_q6_11/X/r01,d3_at_q4_9/X/r01,3,X,1,q4_9,rl,platt,0.0008798639377647895,0.021540986046547635
patch,d3_at_q6_11/X/r01,d3_at_q4_9/X/r01,3,X,1,q4_9,rl,isotonic,0.00018988697516129167,0.021808313606009565
patch,d3_at_q6_3/X/r01,d3_at_q4_9/X/r01,3,X,1,q4_9,rl,platt,0.0008023193114147255,0.020810799221505673
patch,d3_at_q6_3/X/r01,d3_at_q4_9/X/r01,3,X,1,q4_9,rl,isotonic,0.0003552636840415341,0.020902364707131263
patch,d3_at_q6_7/X/r01,d3_at_q4_9/X/r01,3,X,1,q4_9,rl,platt,0.00429571317949539,0.022755138780153016
patch,d3_at_q6_7/X/r01,d3_at_q4_9/X/r01,3,X,1,q4_9,rl,isotonic,0.0009826387137234153,0.022524440938319155
patch,d3_at_q8_5/X/r01,d3_at_q4_9/X/r01,3,X,1,q4_9,rl,platt,0.0006020399280387146,0.020825389187291824
patch,d3_at_q8_5/X/r01,d3_at_q4_9/X/r01,3,X,1,q4_9,rl,isotonic,0.0013017118220255129,0.020672198629475832
patch,d3_at_q8_9/X/r01,d3_at_q4_9/X/r01,3,X,1,q4_9,rl,platt,0.006871882598004344,0.023697949684293514
patch,d3_at_q8_9/X/r01,d3_at_q4_9/X/r01,3,X,1,q4_9,rl,isotonic,0.006871401386625732,0.023570919911712146
pooled,pool:d3/X/r1 without q4_9 (8 patches),d3_at_q4_9/X/r01,3,X,1,q4_9,rl,platt,0.0013732265604344518,0.02098171397399401
pooled,pool:d3/X/r1 without q4_9 (8 patches),d3_at_q4_9/X/r01,3,X,1,q4_9,rl,isotonic,0.0007980298752255843,0.02048875512609091
same,d3_at_q4_9/X/r10,d3_at_q4_9/X/r10,3,X,10,q4_9,rl,platt,0.012352645079375467,0.23155013949499262
same,d3_at_q4_9/X/r10,d3_at_q4_9/X/r10,3,X,10,q4_9,rl,isotonic,0.0041239388987256214,0.22843495199535624
sim,sim:d3_at_q4_9/X/r10,d3_at_q4_9/X/r10,3,X,10,q4_9,rl,platt,0.01788455066947913,0.23519099138060726
sim,sim:d3_at_q4_9/X/r10,d3_at_q4_9/X/r10,3,X,10,q4_9,rl,isotonic,0.017826678206210294,0.23422102116020696
basis,d3_at_q4_9/Z/r10,d3_at_q4_9/X/r10,3,X,10,q4_9,rl,platt,0.012062601867223612,0.23257554119884077
basis,d3_at_q4_9/Z/r10,d3_at_q4_9/X/r10,3,X,10,q4_9,rl,isotonic,0.010787889138574659,0.27535768217457507
patch,d3_at_q10_7/X/r10,d3_at_q4_9/X/r10,3,X,10,q4_9,rl,platt,0.012037402237666,0.2323901905632744
patch,d3_at_q10_7/X/r10,d3_at_q4_9/X/r10,3,X,10,q4_9,rl,isotonic,0.010208529418544362,0.23392684624491417
patch,d3_at_q2_7/X/r10,d3_at_q4_9/X/r10,3,X,10,q4_9,rl,platt,0.01403616448343494,0.23174071269647611
patch,d3_at_q2_7/X/r10,d3_at_q4_9/X/r10,3,X,10,q4_9,rl,isotonic,0.010028909451164025,0.23216480749437363
patch,d3_at_q4_5/X/r10,d3_at_q4_9/X/r10,3,X,10,q4_9,rl,platt,0.01340452842172454,0.23174811191523925
patch,d3_at_q4_5/X/r10,d3_at_q4_9/X/r10,3,X,10,q4_9,rl,isotonic,0.01273602981516171,0.232583566517276
patch,d3_at_q6_11/X/r10,d3_at_q4_9/X/r10,3,X,10,q4_9,rl,platt,0.01659826874875509,0.23399102963861096
patch,d3_at_q6_11/X/r10,d3_at_q4_9/X/r10,3,X,10,q4_9,rl,isotonic,0.016313631010787113,0.23319287156158996
patch,d3_at_q6_3/X/r10,d3_at_q4_9/X/r10,3,X,10,q4_9,rl,platt,0.013919089183712792,0.23554823505597192
patch,d3_at_q6_3/X/r10,d3_at_q4_9/X/r10,3,X,10,q4_9,rl,isotonic,0.014973298344907219,0.23637899267774243
patch,d3_at_q6_7/X/r10,d3_at_q4_9/X/r10,3,X,10,q4_9,rl,platt,0.012937887536596705,0.23150999672740835
patch,d3_at_q6_7/X/r10,d3_at_q4_9/X/r10,3,X,10,q4_9,rl,isotonic,0.013748170677637178,0.23199470769672245
patch,d3_at_q8_5/X/r10,d3_at_q4_9/X/r10,3,X,10,q4_9,rl,platt,0.01171081523303657,0.23169437167403953
patch,d3_at_q8_5/X/r10,d3_at_q4_9/X/r10,3,X,10,q4_9,rl,isotonic,0.009504187464450004,0.23635597494198615
patch,d3_at_q8_9/X/r10,d3_at_q4_9/X/r10,3,X,10,q4_9,rl,platt,0.019281874858725536,0.2321215391324278
patch,d3_at_q8_9/X/r10,d3_at_q4_9/X/r10,3,X,10,q4_9,rl,isotonic,0.011529325143463654,0.2308979703234547
pooled,pool:d3/X/r10 without q4_9 (8 patches),d3_at_q4_9/X/r10,3,X,10,q4_9,rl,platt,0.012205325842652994,0.23161253662461484
pooled,pool:d3/X/r10 without q4_9 (8 patches),d3_at_q4_9/X/r10,3,X,10,q4_9,rl,isotonic,0.007276612947589892,0.2315624697814508
same,d3_at_q4_9/X/r30,d3_at_q4_9/X/r30,3,X,30,q4_9,rl,platt,0.0199271575019264,0.4724128173004182
same,d3_at_q4_9/X/r30,d3_at_q4_9/X/r30,3,X,30,q4_9,rl,isotonic,0.014365455571492816,0.4702301503602863
sim,sim:d3_at_q4_9/X/r30,d3_at_q4_9/X/r30,3,X,30,q4_9,rl,platt,0.03064018474247918,0.4768147619718975
sim,sim:d3_at_q4_9/X/r30,d3_at_q4_9/X/r30,3,X,30,q4_9,rl,isotonic,0.02998057482607403,0.47818745982519484
basis,d3_at_q4_9/Z/r30,d3_at_q4_9/X/r30,3,X,30,q4_9,rl,platt,0.0200059216514861,0.47316288874280643
basis,d3_at_q4_9/Z/r30,d3_at_q4_9/X/r30,3,X,30,q4_9,rl,isotonic,0.028199192421110696,0.48755006931752337
patch,d3_at_q10_7/X/r30,d3_at_q4_9/X/r30,3,X,30,q4_9,rl,platt,0.020164792485441424,0.47258504391510875
patch,d3_at_q10_7/X/r30,d3_at_q4_9/X/r30,3,X,30,q4_9,rl,isotonic,0.024253663653352745,0.4767284133217209
patch,d3_at_q2_7/X/r30,d3_at_q4_9/X/r30,3,X,30,q4_9,rl,platt,0.019746422589643355,0.47250263607079435
patch,d3_at_q2_7/X/r30,d3_at_q4_9/X/r30,3,X,30,q4_9,rl,isotonic,0.02018652256311604,0.47610333561304763
patch,d3_at_q4_5/X/r30,d3_at_q4_9/X/r30,3,X,30,q4_9,rl,platt,0.026768906366578925,0.4735189071922934
patch,d3_at_q4_5/X/r30,d3_at_q4_9/X/r30,3,X,30,q4_9,rl,isotonic,0.030268660042566824,0.47776381510795085
patch,d3_at_q6_11/X/r30,d3_at_q4_9/X/r30,3,X,30,q4_9,rl,platt,0.020941068164452653,0.47357928767608626
patch,d3_at_q6_11/X/r30,d3_at_q4_9/X/r30,3,X,30,q4_9,rl,isotonic,0.01683658358452029,0.4768303646961898
patch,d3_at_q6_3/X/r30,d3_at_q4_9/X/r30,3,X,30,q4_9,rl,platt,0.019641559744039055,0.47307562298753664
patch,d3_at_q6_3/X/r30,d3_at_q4_9/X/r30,3,X,30,q4_9,rl,isotonic,0.02214262865216621,0.47585396855596995
patch,d3_at_q6_7/X/r30,d3_at_q4_9/X/r30,3,X,30,q4_9,rl,platt,0.030003512339525924,0.47466862153402023
patch,d3_at_q6_7/X/r30,d3_at_q4_9/X/r30,3,X,30,q4_9,rl,isotonic,0.02653609951463798,0.47476869063242594
patch,d3_at_q8_5/X/r30,d3_at_q4_9/X/r30,3,X,30,q4_9,rl,platt,0.027082431151459984,0.4740309048577563
patch,d3_at_q8_5/X/r30,d3_at_q4_9/X/r30,3,X,30,q4_9,rl,isotonic,0.050917185244955816,0.6576389312754876
patch,d3_at_q8_9/X/r30,d3_at_q4_9/X/r30,3,X,30,q4_9,rl,platt,0.04755392951500753,0.4800831317922686
patch,d3_at_q8_9/X/r30,d3_at_q4_9/X/r30,3,X,30,q4_9,rl,isotonic,0.04750128864524514,0.4814268402559649
pooled,pool:d3/X/r30 without q4_9 (8 patches),d3_at_q4_9/X/r30,3,X,30,q4_9,rl,platt,0.020845453815844302,0.47259822176567906
pooled,pool:d3/X/r30 without q4_9 (8 patches),d3_at_q4_9/X/r30,3,X,30,q4_9,rl,isotonic,0.020679793471130272,0.4744509617551477
same,d3_at_q4_9/X/r50,d3_at_q4_9/X/r50,3,X,50,q4_9,rl,platt,0.011736065616878098,0.5907969548097112
same,d3_at_q4_9/X/r50,d3_at_q4_9/X/r50,3,X,50,q4_9,rl,isotonic,0.010716125700141008,0.5901351536313997
sim,sim:d3_at_q4_9/X/r50,d3_at_q4_9/X/r50,3,X,50,q4_9,rl,platt,0.043539271086177285,0.5961578047971736
sim,sim:d3_at_q4_9/X/r50,d3_at_q4_9/X/r50,3,X,50,q4_9,rl,isotonic,0.04390547350017822,0.5969005384827765
basis,d3_at_q4_9/Z/r50,d3_at_q4_9/X/r50,3,X,50,q4_9,rl,platt,0.026446525129327516,0.5923319262218227
basis,d3_at_q4_9/Z/r50,d3_at_q4_9/X/r50,3,X,50,q4_9,rl,isotonic,0.029321264557671856,0.5963788859249974
patch,d3_at_q10_7/X/r50,d3_at_q4_9/X/r50,3,X,50,q4_9,rl,platt,0.03416677209113618,0.5937562691214368
patch,d3_at_q10_7/X/r50,d3_at_q4_9/X/r50,3,X,50,q4_9,rl,isotonic,0.032431443969613824,0.596278561551244
patch,d3_at_q2_7/X/r50,d3_at_q4_9/X/r50,3,X,50,q4_9,rl,platt,0.01589685388050574,0.5911238800800656
patch,d3_at_q2_7/X/r50,d3_at_q4_9/X/r50,3,X,50,q4_9,rl,isotonic,0.021202876761324565,0.59209626313785
patch,d3_at_q4_5/X/r50,d3_at_q4_9/X/r50,3,X,50,q4_9,rl,platt,0.02372136579241619,0.592229727603288
patch,d3_at_q4_5/X/r50,d3_at_q4_9/X/r50,3,X,50,q4_9,rl,isotonic,0.02181816295331753,0.6040320394713786
patch,d3_at_q6_11/X/r50,d3_at_q4_9/X/r50,3,X,50,q4_9,rl,platt,0.032007201556417716,0.5933434581540358
patch,d3_at_q6_11/X/r50,d3_at_q4_9/X/r50,3,X,50,q4_9,rl,isotonic,0.028067274696626753,0.5961834819863487
patch,d3_at_q6_3/X/r50,d3_at_q4_9/X/r50,3,X,50,q4_9,rl,platt,0.039743378197095953,0.5964546847256936
patch,d3_at_q6_3/X/r50,d3_at_q4_9/X/r50,3,X,50,q4_9,rl,isotonic,0.029595723739155335,0.5942477570038662
patch,d3_at_q6_7/X/r50,d3_at_q4_9/X/r50,3,X,50,q4_9,rl,platt,0.020828899307470734,0.5919856481780036
patch,d3_at_q6_7/X/r50,d3_at_q4_9/X/r50,3,X,50,q4_9,rl,isotonic,0.0249677436123126,0.5963944313086279
patch,d3_at_q8_5/X/r50,d3_at_q4_9/X/r50,3,X,50,q4_9,rl,platt,0.012218390768885808,0.5908368797366124
patch,d3_at_q8_5/X/r50,d3_at_q4_9/X/r50,3,X,50,q4_9,rl,isotonic,0.021238051247158992,0.5950321559072148
patch,d3_at_q8_9/X/r50,d3_at_q4_9/X/r50,3,X,50,q4_9,rl,platt,0.029466544784376963,0.5937135067527224
patch,d3_at_q8_9/X/r50,d3_at_q4_9/X/r50,3,X,50,q4_9,rl,isotonic,0.02789522073594027,0.604832166133753
pooled,pool:d3/X/r50 without q4_9 (8 patches),d3_at_q4_9/X/r50,3,X,50,q4_9,rl,platt,0.014653893584324592,0.5910039488770317
pooled,pool:d3/X/r50 without q4_9 (8 patches),d3_at_q4_9/X/r50,3,X,50,q4_9,rl,isotonic,0.009177574469659614,0.5906898823143271
same,d3_at_q4_9/Z/r01,d3_at_q4_9/Z/r01,3,Z,1,q4_9,rl,platt,0.0016963489506443843,0.013502702374653872
same,d3_at_q4_9/Z/r01,d3_at_q4_9/Z/r01,3,Z,1,q4_9,rl,isotonic,0.0014565155288890918,0.013189258237800731
sim,sim:d3_at_q4_9/Z/r01,d3_at_q4_9/Z/r01,3,Z,1,q4_9,rl,platt,0.0004567515975146014,0.013515153551575562
sim,sim:d3_at_q4_9/Z/r01,d3_at_q4_9/Z/r01,3,Z,1,q4_9,rl,isotonic,0.0005504874692333188,0.01349733731213544
basis,d3_at_q4_9/X/r01,d3_at_q4_9/Z/r01,3,Z,1,q4_9,rl,platt,0.0016709240630675285,0.013500798285635827
basis,d3_at_q4_9/X/r01,d3_at_q4_9/Z/r01,3,Z,1,q4_9,rl,isotonic,0.001620009093994438,0.015134968265051028
patch,d3_at_q10_7/Z/r01,d3_at_q4_9/Z/r01,3,Z,1,q4_9,rl,platt,0.002625869216278857,0.013895419135609152
patch,d3_at_q10_7/Z/r01,d3_at_q4_9/Z/r01,3,Z,1,q4_9,rl,isotonic,0.0027610060333934194,0.016239448725092136
patch,d3_at_q2_7/Z/r01,d3_at_q4_9/Z/r01,3,Z,1,q4_9,rl,platt,0.002059411503835087,0.013647622597042617
patch,d3_at_q2_7/Z/r01,d3_at_q4_9/Z/r01,3,Z,1,q4_9,rl,isotonic,0.00225807211971222,0.014510669354735417
patch,d3_at_q4_5/Z/r01,d3_at_q4_9/Z/r01,3,Z,1,q4_9,rl,platt,0.001281106772289285,0.013673040367820832
patch,d3_at_q4_5/Z/r01,d3_at_q4_9/Z/r01,3,Z,1,q4_9,rl,isotonic,0.0019309688242199045,0.014730412761621407
patch,d3_at_q6_11/Z/r01,d3_at_q4_9/Z/r01,3,Z,1,q4_9,rl,platt,0.0013915670228725342,0.01345024755088677
patch,d3_at_q6_11/Z/r01,d3_at_q4_9/Z/r01,3,Z,1,q4_9,rl,isotonic,0.0010518177790010865,0.016314911382694367
patch,d3_at_q6_3/Z/r01,d3_at_q4_9/Z/r01,3,Z,1,q4_9,rl,platt,0.0004566347188386776,0.013340995862967681
patch,d3_at_q6_3/Z/r01,d3_at_q4_9/Z/r01,3,Z,1,q4_9,rl,isotonic,0.0005996081298287525,0.015370174933821566
patch,d3_at_q6_7/Z/r01,d3_at_q4_9/Z/r01,3,Z,1,q4_9,rl,platt,0.0019104759457710648,0.01357217712423595
patch,d3_at_q6_7/Z/r01,d3_at_q4_9/Z/r01,3,Z,1,q4_9,rl,isotonic,0.0017627204396686144,0.01320272114733195
patch,d3_at_q8_5/Z/r01,d3_at_q4_9/Z/r01,3,Z,1,q4_9,rl,platt,0.0005765341959072223,0.01333198908669406
patch,d3_at_q8_5/Z/r01,d3_at_q4_9/Z/r01,3,Z,1,q4_9,rl,isotonic,0.0005599956530413299,0.013104064633725366
patch,d3_at_q8_9/Z/r01,d3_at_q4_9/Z/r01,3,Z,1,q4_9,rl,platt,0.0011223779840437412,0.013404195984387099
patch,d3_at_q8_9/Z/r01,d3_at_q4_9/Z/r01,3,Z,1,q4_9,rl,isotonic,0.0010616731840976596,0.01334549004959501
pooled,pool:d3/Z/r1 without q4_9 (8 patches),d3_at_q4_9/Z/r01,3,Z,1,q4_9,rl,platt,0.0014851948215689882,0.013464726979192113
pooled,pool:d3/Z/r1 without q4_9 (8 patches),d3_at_q4_9/Z/r01,3,Z,1,q4_9,rl,isotonic,0.0012675874609691796,0.01335032735811585
same,d3_at_q4_9/Z/r10,d3_at_q4_9/Z/r10,3,Z,10,q4_9,rl,platt,0.005290830059585056,0.20038345104628522
same,d3_at_q4_9/Z/r10,d3_at_q4_9/Z/r10,3,Z,10,q4_9,rl,isotonic,0.005138796705467511,0.199204861344428
sim,sim:d3_at_q4_9/Z/r10,d3_at_q4_9/Z/r10,3,Z,10,q4_9,rl,platt,0.007959001287721632,0.20133632148391545
sim,sim:d3_at_q4_9/Z/r10,d3_at_q4_9/Z/r10,3,Z,10,q4_9,rl,isotonic,0.007766393205703839,0.20160436502409781
basis,d3_at_q4_9/X/r10,d3_at_q4_9/Z/r10,3,Z,10,q4_9,rl,platt,0.006299584076713728,0.20062216563329607
basis,d3_at_q4_9/X/r10,d3_at_q4_9/Z/r10,3,Z,10,q4_9,rl,isotonic,0.011648022497338184,0.20207986567234765
patch,d3_at_q10_7/Z/r10,d3_at_q4_9/Z/r10,3,Z,10,q4_9,rl,platt,0.005845935368065207,0.20045745250522512
patch,d3_at_q10_7/Z/r10,d3_at_q4_9/Z/r10,3,Z,10,q4_9,rl,isotonic,0.010994630770988357,0.20319540265525202
patch,d3_at_q2_7/Z/r10,d3_at_q4_9/Z/r10,3,Z,10,q4_9,rl,platt,0.007075727291489594,0.20068311780774806
patch,d3_at_q2_7/Z/r10,d3_at_q4_9/Z/r10,3,Z,10,q4_9,rl,isotonic,0.011409767005825078,0.20230412947453372
patch,d3_at_q4_5/Z/r10,d3_at_q4_9/Z/r10,3,Z,10,q4_9,rl,platt,0.008983733919725493,0.2007645460095784
patch,d3_at_q4_5/Z/r10,d3_at_q4_9/Z/r10,3,Z,10,q4_9,rl,isotonic,0.008043542960774962,0.20113080510800954
patch,d3_at_q6_11/Z/r10,d3_at_q4_9/Z/r10,3,Z,10,q4_9,rl,platt,0.008011575051427999,0.20086006496316308
patch,d3_at_q6_11/Z/r10,d3_at_q4_9/Z/r10,3,Z,10,q4_9,rl,isotonic,0.009503464392636655,0.20142939208891125
patch,d3_at_q6_3/Z/r10,d3_at_q4_9/Z/r10,3,Z,10,q4_9,rl,platt,0.018907039880828532,0.20402535372729838
patch,d3_at_q6_3/Z/r10,d3_at_q4_9/Z/r10,3,Z,10,q4_9,rl,isotonic,0.012134914134972148,0.20520036654882745
patch,d3_at_q6_7/Z/r10,d3_at_q4_9/Z/r10,3,Z,10,q4_9,rl,platt,0.006340241827943487,0.20060445199500404
patch,d3_at_q6_7/Z/r10,d3_at_q4_9/Z/r10,3,Z,10,q4_9,rl,isotonic,0.0086476699405211,0.20132496343446254
patch,d3_at_q8_5/Z/r10,d3_at_q4_9/Z/r10,3,Z,10,q4_9,rl,platt,0.005950095642344471,0.20077453962873215
patch,d3_at_q8_5/Z/r10,d3_at_q4_9/Z/r10,3,Z,10,q4_9,rl,isotonic,0.008815480724493624,0.20165519616764688
patch,d3_at_q8_9/Z/r10,d3_at_q4_9/Z/r10,3,Z,10,q4_9,rl,platt,0.00985320005944491,0.20115113023971892
patch,d3_at_q8_9/Z/r10,d3_at_q4_9/Z/r10,3,Z,10,q4_9,rl,isotonic,0.00784294920874288,0.20103216294905543
pooled,pool:d3/Z/r10 without q4_9 (8 patches),d3_at_q4_9/Z/r10,3,Z,10,q4_9,rl,platt,0.006792303643302853,0.20047502840848508
pooled,pool:d3/Z/r10 without q4_9 (8 patches),d3_at_q4_9/Z/r10,3,Z,10,q4_9,rl,isotonic,0.006399768586148437,0.20060837390368885
same,d3_at_q4_9/Z/r30,d3_at_q4_9/Z/r30,3,Z,30,q4_9,rl,platt,0.010816739963831616,0.4384684705584077
same,d3_at_q4_9/Z/r30,d3_at_q4_9/Z/r30,3,Z,30,q4_9,rl,isotonic,0.00924447070669634,0.4376615102465981
sim,sim:d3_at_q4_9/Z/r30,d3_at_q4_9/Z/r30,3,Z,30,q4_9,rl,platt,0.019932498743336767,0.4402626474154645
sim,sim:d3_at_q4_9/Z/r30,d3_at_q4_9/Z/r30,3,Z,30,q4_9,rl,isotonic,0.019146092992043263,0.4403834653490062
basis,d3_at_q4_9/X/r30,d3_at_q4_9/Z/r30,3,Z,30,q4_9,rl,platt,0.014234284350589816,0.43917468808189103
basis,d3_at_q4_9/X/r30,d3_at_q4_9/Z/r30,3,Z,30,q4_9,rl,isotonic,0.019171489906275794,0.4404254981864768
patch,d3_at_q10_7/Z/r30,d3_at_q4_9/Z/r30,3,Z,30,q4_9,rl,platt,0.009395194527293408,0.4385236663255814
patch,d3_at_q10_7/Z/r30,d3_at_q4_9/Z/r30,3,Z,30,q4_9,rl,isotonic,0.016776272463576616,0.4399502159396218
patch,d3_at_q2_7/Z/r30,d3_at_q4_9/Z/r30,3,Z,30,q4_9,rl,platt,0.011311474419198074,0.43864995628740605
patch,d3_at_q2_7/Z/r30,d3_at_q4_9/Z/r30,3,Z,30,q4_9,rl,isotonic,0.01470042297190463,0.43998462750763584
patch,d3_at_q4_5/Z/r30,d3_at_q4_9/Z/r30,3,Z,30,q4_9,rl,platt,0.013376046643027101,0.4388823128597059
patch,d3_at_q4_5/Z/r30,d3_at_q4_9/Z/r30,3,Z,30,q4_9,rl,isotonic,0.021136313436778898,0.44054925969439496
patch,d3_at_q6_11/Z/r30,d3_at_q4_9/Z/r30,3,Z,30,q4_9,rl,platt,0.009427547821285975,0.4385117141147354
patch,d3_at_q6_11/Z/r30,d3_at_q4_9/Z/r30,3,Z,30,q4_9,rl,isotonic,0.013169365696917887,0.4392964197906765
patch,d3_at_q6_3/Z/r30,d3_at_q4_9/Z/r30,3,Z,30,q4_9,rl,platt,0.02986983513351037,0.4426546885225525
patch,d3_at_q6_3/Z/r30,d3_at_q4_9/Z/r30,3,Z,30,q4_9,rl,isotonic,0.02715254366329827,0.44408678955915765
patch,d3_at_q6_7/Z/r30,d3_at_q4_9/Z/r30,3,Z,30,q4_9,rl,platt,0.014194504329360957,0.4391613896197119
patch,d3_at_q6_7/Z/r30,d3_at_q4_9/Z/r30,3,Z,30,q4_9,rl,isotonic,0.012437881947996028,0.43903897576886647
patch,d3_at_q8_5/Z/r30,d3_at_q4_9/Z/r30,3,Z,30,q4_9,rl,platt,0.06092469247574374,0.45061847142863093
patch,d3_at_q8_5/Z/r30,d3_at_q4_9/Z/r30,3,Z,30,q4_9,rl,isotonic,0.05729359694797697,0.45019149710064205
patch,d3_at_q8_9/Z/r30,d3_at_q4_9/Z/r30,3,Z,30,q4_9,rl,platt,0.012575266218077774,0.4388482296718709
patch,d3_at_q8_9/Z/r30,d3_at_q4_9/Z/r30,3,Z,30,q4_9,rl,isotonic,0.017106575275279957,0.4399622581815248
pooled,pool:d3/Z/r30 without q4_9 (8 patches),d3_at_q4_9/Z/r30,3,Z,30,q4_9,rl,platt,0.009882545947927056,0.438500456359597
pooled,pool:d3/Z/r30 without q4_9 (8 patches),d3_at_q4_9/Z/r30,3,Z,30,q4_9,rl,isotonic,0.017129923067146485,0.43995148473456863
same,d3_at_q4_9/Z/r50,d3_at_q4_9/Z/r50,3,Z,50,q4_9,rl,platt,0.02026934110067985,0.5551658979868933
same,d3_at_q4_9/Z/r50,d3_at_q4_9/Z/r50,3,Z,50,q4_9,rl,isotonic,0.009430927411380071,0.5533638399978983
sim,sim:d3_at_q4_9/Z/r50,d3_at_q4_9/Z/r50,3,Z,50,q4_9,rl,platt,0.035716497171520145,0.558889817287755
sim,sim:d3_at_q4_9/Z/r50,d3_at_q4_9/Z/r50,3,Z,50,q4_9,rl,isotonic,0.03351022468511867,0.559201046385362
basis,d3_at_q4_9/X/r50,d3_at_q4_9/Z/r50,3,Z,50,q4_9,rl,platt,0.026677985051460296,0.5561657075080125
basis,d3_at_q4_9/X/r50,d3_at_q4_9/Z/r50,3,Z,50,q4_9,rl,isotonic,0.027295399601909135,0.5597193331560677
patch,d3_at_q10_7/Z/r50,d3_at_q4_9/Z/r50,3,Z,50,q4_9,rl,platt,0.01924567976084648,0.5551662916122448
patch,d3_at_q10_7/Z/r50,d3_at_q4_9/Z/r50,3,Z,50,q4_9,rl,isotonic,0.01817139142780386,0.5557138185045257
patch,d3_at_q2_7/Z/r50,d3_at_q4_9/Z/r50,3,Z,50,q4_9,rl,platt,0.027903062260035374,0.5563416779181386
patch,d3_at_q2_7/Z/r50,d3_at_q4_9/Z/r50,3,Z,50,q4_9,rl,isotonic,0.0179245927127027,0.5554840173969224
patch,d3_at_q4_5/Z/r50,d3_at_q4_9/Z/r50,3,Z,50,q4_9,rl,platt,0.024114562285104613,0.5556833161980623
patch,d3_at_q4_5/Z/r50,d3_at_q4_9/Z/r50,3,Z,50,q4_9,rl,isotonic,0.01645317840901696,0.5568705776764412
patch,d3_at_q6_11/Z/r50,d3_at_q4_9/Z/r50,3,Z,50,q4_9,rl,platt,0.0211576213291618,0.5554323240422343
patch,d3_at_q6_11/Z/r50,d3_at_q4_9/Z/r50,3,Z,50,q4_9,rl,isotonic,0.012303000485972009,0.5553186718731763
patch,d3_at_q6_3/Z/r50,d3_at_q4_9/Z/r50,3,Z,50,q4_9,rl,platt,0.05737201217370983,0.5648876967300208
patch,d3_at_q6_3/Z/r50,d3_at_q4_9/Z/r50,3,Z,50,q4_9,rl,isotonic,0.03066321675955101,0.5624099982955081
patch,d3_at_q6_7/Z/r50,d3_at_q4_9/Z/r50,3,Z,50,q4_9,rl,platt,0.024775975440486875,0.5563144339489602
patch,d3_at_q6_7/Z/r50,d3_at_q4_9/Z/r50,3,Z,50,q4_9,rl,isotonic,0.024734376294248475,0.5573215601210356
patch,d3_at_q8_5/Z/r50,d3_at_q4_9/Z/r50,3,Z,50,q4_9,rl,platt,0.019995230946866026,0.5553857210691105
patch,d3_at_q8_5/Z/r50,d3_at_q4_9/Z/r50,3,Z,50,q4_9,rl,isotonic,0.029039250150911917,0.559120946073224
patch,d3_at_q8_9/Z/r50,d3_at_q4_9/Z/r50,3,Z,50,q4_9,rl,platt,0.020576323269372202,0.5554125048855464
patch,d3_at_q8_9/Z/r50,d3_at_q4_9/Z/r50,3,Z,50,q4_9,rl,isotonic,0.0220239707768245,0.5559948021754383
pooled,pool:d3/Z/r50 without q4_9 (8 patches),d3_at_q4_9/Z/r50,3,Z,50,q4_9,rl,platt,0.021231230160936906,0.5554561209616937
pooled,pool:d3/Z/r50 without q4_9 (8 patches),d3_at_q4_9/Z/r50,3,Z,50,q4_9,rl,isotonic,0.024161388617150694,0.5565434432135946
same,d3_at_q6_11/X/r01,d3_at_q6_11/X/r01,3,X,1,q6_11,rl,platt,0.000907732457931217,0.012747015712110909
same,d3_at_q6_11/X/r01,d3_at_q6_11/X/r01,3,X,1,q6_11,rl,isotonic,0.0010489196951252685,0.012741597679796986
sim,sim:d3_at_q6_11/X/r01,d3_at_q6_11/X/r01,3,X,1,q6_11,rl,platt,0.001035626819458401,0.012843403091693599
sim,sim:d3_at_q6_11/X/r01,d3_at_q6_11/X/r01,3,X,1,q6_11,rl,isotonic,0.001090950230496757,0.012800618066855687
basis,d3_at_q6_11/Z/r01,d3_at_q6_11/X/r01,3,X,1,q6_11,rl,platt,0.0004583962542103653,0.012664031068494785
basis,d3_at_q6_11/Z/r01,d3_at_q6_11/X/r01,3,X,1,q6_11,rl,isotonic,0.00024402644060313825,0.013617478595049423
patch,d3_at_q10_7/X/r01,d3_at_q6_11/X/r01,3,X,1,q6_11,rl,platt,0.000850252188121997,0.012742970012864717
patch,d3_at_q10_7/X/r01,d3_at_q6_11/X/r01,3,X,1,q6_11,rl,isotonic,0.0003294827956086671,0.012833193329150583
patch,d3_at_q2_7/X/r01,d3_at_q6_11/X/r01,3,X,1,q6_11,rl,platt,0.0003505674821175612,0.0127094420585925
patch,d3_at_q2_7/X/r01,d3_at_q6_11/X/r01,3,X,1,q6_11,rl,isotonic,5.966659419940499e-05,0.012339138695116257
patch,d3_at_q4_5/X/r01,d3_at_q6_11/X/r01,3,X,1,q6_11,rl,platt,0.00025459834912187895,0.01263421441112248
patch,d3_at_q4_5/X/r01,d3_at_q6_11/X/r01,3,X,1,q6_11,rl,isotonic,0.0006659044217217348,0.013038254222362301
patch,d3_at_q4_9/X/r01,d3_at_q6_11/X/r01,3,X,1,q6_11,rl,platt,0.0007898703236728576,0.012817905333022213
patch,d3_at_q4_9/X/r01,d3_at_q6_11/X/r01,3,X,1,q6_11,rl,isotonic,0.0008240464438787734,0.012643798186183561
patch,d3_at_q6_3/X/r01,d3_at_q6_11/X/r01,3,X,1,q6_11,rl,platt,0.0013673268518539677,0.013077693512265088
patch,d3_at_q6_3/X/r01,d3_at_q6_11/X/r01,3,X,1,q6_11,rl,isotonic,0.0022501889015091553,0.013921560264653401
patch,d3_at_q6_7/X/r01,d3_at_q6_11/X/r01,3,X,1,q6_11,rl,platt,0.005393445162092611,0.015341146429398171
patch,d3_at_q6_7/X/r01,d3_at_q6_11/X/r01,3,X,1,q6_11,rl,isotonic,0.002313058877041468,0.01399299672659538
patch,d3_at_q8_5/X/r01,d3_at_q6_11/X/r01,3,X,1,q6_11,rl,platt,0.002080939506710536,0.013443189305533638
patch,d3_at_q8_5/X/r01,d3_at_q6_11/X/r01,3,X,1,q6_11,rl,isotonic,0.0021569799369566566,0.013583555527651935
patch,d3_at_q8_9/X/r01,d3_at_q6_11/X/r01,3,X,1,q6_11,rl,platt,0.008194014260533655,0.017756958744632106
patch,d3_at_q8_9/X/r01,d3_at_q6_11/X/r01,3,X,1,q6_11,rl,isotonic,0.0076246330374754884,0.017157348914429233
pooled,pool:d3/X/r1 without q6_11 (8 patches),d3_at_q6_11/X/r01,3,X,1,q6_11,rl,platt,0.002734121407472488,0.013605055836861097
pooled,pool:d3/X/r1 without q6_11 (8 patches),d3_at_q6_11/X/r01,3,X,1,q6_11,rl,isotonic,0.0022542007706789153,0.013352744451712448
same,d3_at_q6_11/X/r10,d3_at_q6_11/X/r10,3,X,10,q6_11,rl,platt,0.0105771167777655,0.21813249484238645
same,d3_at_q6_11/X/r10,d3_at_q6_11/X/r10,3,X,10,q6_11,rl,isotonic,0.004748679539360639,0.21601786061474137
sim,sim:d3_at_q6_11/X/r10,d3_at_q6_11/X/r10,3,X,10,q6_11,rl,platt,0.008552200091584923,0.21846712015402459
sim,sim:d3_at_q6_11/X/r10,d3_at_q6_11/X/r10,3,X,10,q6_11,rl,isotonic,0.008231106402967718,0.21862362335258173
basis,d3_at_q6_11/Z/r10,d3_at_q6_11/X/r10,3,X,10,q6_11,rl,platt,0.00917230140541036,0.21808418047766945
basis,d3_at_q6_11/Z/r10,d3_at_q6_11/X/r10,3,X,10,q6_11,rl,isotonic,0.009807228063619902,0.21889252155594496
patch,d3_at_q10_7/X/r10,d3_at_q6_11/X/r10,3,X,10,q6_11,rl,platt,0.011026925322089647,0.21818208385532406
patch,d3_at_q10_7/X/r10,d3_at_q6_11/X/r10,3,X,10,q6_11,rl,isotonic,0.014941762221136105,0.22141347977510717
patch,d3_at_q2_7/X/r10,d3_at_q6_11/X/r10,3,X,10,q6_11,rl,platt,0.01588370187253963,0.21877142143501707
patch,d3_at_q2_7/X/r10,d3_at_q6_11/X/r10,3,X,10,q6_11,rl,isotonic,0.016763979774250527,0.22118166104186696
patch,d3_at_q4_5/X/r10,d3_at_q6_11/X/r10,3,X,10,q6_11,rl,platt,0.014740358991052915,0.21857015721387227
patch,d3_at_q4_5/X/r10,d3_at_q6_11/X/r10,3,X,10,q6_11,rl,isotonic,0.017109744168583074,0.21924748495238972
patch,d3_at_q4_9/X/r10,d3_at_q6_11/X/r10,3,X,10,q6_11,rl,platt,0.014424374540800675,0.21883117057244278
patch,d3_at_q4_9/X/r10,d3_at_q6_11/X/r10,3,X,10,q6_11,rl,isotonic,0.010092468525167148,0.2186562283995538
patch,d3_at_q6_3/X/r10,d3_at_q6_11/X/r10,3,X,10,q6_11,rl,platt,0.007885921866767516,0.21867751828888674
patch,d3_at_q6_3/X/r10,d3_at_q6_11/X/r10,3,X,10,q6_11,rl,isotonic,0.01046620351419532,0.2201224129199411
patch,d3_at_q6_7/X/r10,d3_at_q6_11/X/r10,3,X,10,q6_11,rl,platt,0.020086282553962477,0.22066138421424786
patch,d3_at_q6_7/X/r10,d3_at_q6_11/X/r10,3,X,10,q6_11,rl,isotonic,0.01882881988551104,0.22037837620247935
patch,d3_at_q8_5/X/r10,d3_at_q6_11/X/r10,3,X,10,q6_11,rl,platt,0.013383738330778815,0.21884979193852996
patch,d3_at_q8_5/X/r10,d3_at_q6_11/X/r10,3,X,10,q6_11,rl,isotonic,0.011292329232414083,0.21932871856334918
patch,d3_at_q8_9/X/r10,d3_at_q6_11/X/r10,3,X,10,q6_11,rl,platt,0.025179691024035052,0.22309859472514493
patch,d3_at_q8_9/X/r10,d3_at_q6_11/X/r10,3,X,10,q6_11,rl,isotonic,0.02228405342608122,0.222084742946026
pooled,pool:d3/X/r10 without q6_11 (8 patches),d3_at_q6_11/X/r10,3,X,10,q6_11,rl,platt,0.014622013917627567,0.21903730542345462
pooled,pool:d3/X/r10 without q6_11 (8 patches),d3_at_q6_11/X/r10,3,X,10,q6_11,rl,isotonic,0.010922104859779942,0.21855325938581804
same,d3_at_q6_11/X/r30,d3_at_q6_11/X/r30,3,X,30,q6_11,rl,platt,0.03680884333106223,0.4702376335816772
same,d3_at_q6_11/X/r30,d3_at_q6_11/X/r30,3,X,30,q6_11,rl,isotonic,0.006176571408917298,0.4645580311774395
sim,sim:d3_at_q6_11/X/r30,d3_at_q6_11/X/r30,3,X,30,q6_11,rl,platt,0.034809806458105406,0.47050302365654184
sim,sim:d3_at_q6_11/X/r30,d3_at_q6_11/X/r30,3,X,30,q6_11,rl,isotonic,0.027014765226241945,0.4699210159302693
basis,d3_at_q6_11/Z/r30,d3_at_q6_11/X/r30,3,X,30,q6_11,rl,platt,0.03822999553700955,0.4703921949572997
basis,d3_at_q6_11/Z/r30,d3_at_q6_11/X/r30,3,X,30,q6_11,rl,isotonic,0.030702751452288127,0.4709086720252903
patch,d3_at_q10_7/X/r30,d3_at_q6_11/X/r30,3,X,30,q6_11,rl,platt,0.042059261125331746,0.4725365731491707
patch,d3_at_q10_7/X/r30,d3_at_q6_11/X/r30,3,X,30,q6_11,rl,isotonic,0.04727761387028243,0.47780807049895774
patch,d3_at_q2_7/X/r30,d3_at_q6_11/X/r30,3,X,30,q6_11,rl,platt,0.03996063296189583,0.47119157660016037
patch,d3_at_q2_7/X/r30,d3_at_q6_11/X/r30,3,X,30,q6_11,rl,isotonic,0.04897664927858339,0.4745441978442443
patch,d3_at_q4_5/X/r30,d3_at_q6_11/X/r30,3,X,30,q6_11,rl,platt,0.04344045604282399,0.4714156083487714
patch,d3_at_q4_5/X/r30,d3_at_q6_11/X/r30,3,X,30,q6_11,rl,isotonic,0.03727725686805863,0.4737312854413616
patch,d3_at_q4_9/X/r30,d3_at_q6_11/X/r30,3,X,30,q6_11,rl,platt,0.04203854454995493,0.47177710538080936
patch,d3_at_q4_9/X/r30,d3_at_q6_11/X/r30,3,X,30,q6_11,rl,isotonic,0.041245969619805416,0.4744307020654787
patch,d3_at_q6_3/X/r30,d3_at_q6_11/X/r30,3,X,30,q6_11,rl,platt,0.036811086739823244,0.4705937248588971
patch,d3_at_q6_3/X/r30,d3_at_q6_11/X/r30,3,X,30,q6_11,rl,isotonic,0.029799018582427738,0.4715967832814554
patch,d3_at_q6_7/X/r30,d3_at_q6_11/X/r30,3,X,30,q6_11,rl,platt,0.05421597614827118,0.47736534429780453
patch,d3_at_q6_7/X/r30,d3_at_q6_11/X/r30,3,X,30,q6_11,rl,isotonic,0.04882872631261568,0.4757397874190334
patch,d3_at_q8_5/X/r30,d3_at_q6_11/X/r30,3,X,30,q6_11,rl,platt,0.04780273256552714,0.4758482958199596
patch,d3_at_q8_5/X/r30,d3_at_q6_11/X/r30,3,X,30,q6_11,rl,isotonic,0.05366783315059203,0.48120445169291803
patch,d3_at_q8_9/X/r30,d3_at_q6_11/X/r30,3,X,30,q6_11,rl,platt,0.06974048398103462,0.48520770310031003
patch,d3_at_q8_9/X/r30,d3_at_q6_11/X/r30,3,X,30,q6_11,rl,isotonic,0.06454396283393901,0.4841423096221234
pooled,pool:d3/X/r30 without q6_11 (8 patches),d3_at_q6_11/X/r30,3,X,30,q6_11,rl,platt,0.04424296463339337,0.4733213328754654
pooled,pool:d3/X/r30 without q6_11 (8 patches),d3_at_q6_11/X/r30,3,X,30,q6_11,rl,isotonic,0.041306280158029,0.47341765882230086
same,d3_at_q6_11/X/r50,d3_at_q6_11/X/r50,3,X,50,q6_11,rl,platt,0.03622588556794211,0.5770701447720534
same,d3_at_q6_11/X/r50,d3_at_q6_11/X/r50,3,X,50,q6_11,rl,isotonic,0.005106336861786787,0.5727580551778517
sim,sim:d3_at_q6_11/X/r50,d3_at_q6_11/X/r50,3,X,50,q6_11,rl,platt,0.03655909108550104,0.577149362526822
sim,sim:d3_at_q6_11/X/r50,d3_at_q6_11/X/r50,3,X,50,q6_11,rl,isotonic,0.03033152394008392,0.5764037207861181
basis,d3_at_q6_11/Z/r50,d3_at_q6_11/X/r50,3,X,50,q6_11,rl,platt,0.036389448639152805,0.5771059325023333
basis,d3_at_q6_11/Z/r50,d3_at_q6_11/X/r50,3,X,50,q6_11,rl,isotonic,0.023231480437212033,0.5780265612330915
patch,d3_at_q10_7/X/r50,d3_at_q6_11/X/r50,3,X,50,q6_11,rl,platt,0.038418222285311915,0.5772741338376176
patch,d3_at_q10_7/X/r50,d3_at_q6_11/X/r50,3,X,50,q6_11,rl,isotonic,0.03834830209154461,0.5790891795437465
patch,d3_at_q2_7/X/r50,d3_at_q6_11/X/r50,3,X,50,q6_11,rl,platt,0.04267522185757894,0.578402495102124
patch,d3_at_q2_7/X/r50,d3_at_q6_11/X/r50,3,X,50,q6_11,rl,isotonic,0.038917852574772115,0.5795609596228225
patch,d3_at_q4_5/X/r50,d3_at_q6_11/X/r50,3,X,50,q6_11,rl,platt,0.044472079154522,0.578841610881318
patch,d3_at_q4_5/X/r50,d3_at_q6_11/X/r50,3,X,50,q6_11,rl,isotonic,0.048145064475007306,0.5861153526176806
patch,d3_at_q4_9/X/r50,d3_at_q6_11/X/r50,3,X,50,q6_11,rl,platt,0.04560136699748103,0.5794947088709682
patch,d3_at_q4_9/X/r50,d3_at_q6_11/X/r50,3,X,50,q6_11,rl,isotonic,0.03992108741961203,0.5801791298605813
patch,d3_at_q6_3/X/r50,d3_at_q6_11/X/r50,3,X,50,q6_11,rl,platt,0.03795803019631263,0.5795480404865342
patch,d3_at_q6_3/X/r50,d3_at_q6_11/X/r50,3,X,50,q6_11,rl,isotonic,0.027741576054202743,0.5776756233934079
patch,d3_at_q6_7/X/r50,d3_at_q6_11/X/r50,3,X,50,q6_11,rl,platt,0.060318956480648625,0.5845479410611272
patch,d3_at_q6_7/X/r50,d3_at_q6_11/X/r50,3,X,50,q6_11,rl,isotonic,0.055165096998872815,0.5845418990475651
patch,d3_at_q8_5/X/r50,d3_at_q6_11/X/r50,3,X,50,q6_11,rl,platt,0.044757799748266415,0.5792076542054799
patch,d3_at_q8_5/X/r50,d3_at_q6_11/X/r50,3,X,50,q6_11,rl,isotonic,0.03509851228891483,0.5788427533744116
patch,d3_at_q8_9/X/r50,d3_at_q6_11/X/r50,3,X,50,q6_11,rl,platt,0.06626416013618378,0.5871296501385521
patch,d3_at_q8_9/X/r50,d3_at_q6_11/X/r50,3,X,50,q6_11,rl,isotonic,0.06467779503967085,0.592302207930493
pooled,pool:d3/X/r50 without q6_11 (8 patches),d3_at_q6_11/X/r50,3,X,50,q6_11,rl,platt,0.04450743054205383,0.5790599208920989
pooled,pool:d3/X/r50 without q6_11 (8 patches),d3_at_q6_11/X/r50,3,X,50,q6_11,rl,isotonic,0.0381151238559975,0.5788551246957051
same,d3_at_q6_11/Z/r01,d3_at_q6_11/Z/r01,3,Z,1,q6_11,rl,platt,0.0004330322212766943,0.012048087352955402
same,d3_at_q6_11/Z/r01,d3_at_q6_11/Z/r01,3,Z,1,q6_11,rl,isotonic,0.0004565165177565333,0.011719848741971663
sim,sim:d3_at_q6_11/Z/r01,d3_at_q6_11/Z/r01,3,Z,1,q6_11,rl,platt,4.668416968215312e-05,0.012108878356665185
sim,sim:d3_at_q6_11/Z/r01,d3_at_q6_11/Z/r01,3,Z,1,q6_11,rl,isotonic,0.0004533363826108765,0.012547075260625082
basis,d3_at_q6_11/X/r01,d3_at_q6_11/Z/r01,3,Z,1,q6_11,rl,platt,0.0009011418771664584,0.012190037245306562
basis,d3_at_q6_11/X/r01,d3_at_q6_11/Z/r01,3,Z,1,q6_11,rl,isotonic,0.00149305898173233,0.013817268717208583
patch,d3_at_q10_7/Z/r01,d3_at_q6_11/Z/r01,3,Z,1,q6_11,rl,platt,0.0016043016173391648,0.012372873631345158
patch,d3_at_q10_7/Z/r01,d3_at_q6_11/Z/r01,3,Z,1,q6_11,rl,isotonic,0.001762245488190288,0.014483053719872026
patch,d3_at_q2_7/Z/r01,d3_at_q6_11/Z/r01,3,Z,1,q6_11,rl,platt,0.001068473282841291,0.012186414625191466
patch,d3_at_q2_7/Z/r01,d3_at_q6_11/Z/r01,3,Z,1,q6_11,rl,isotonic,0.0005455314934527207,0.012185353307880568
patch,d3_at_q4_5/Z/r01,d3_at_q6_11/Z/r01,3,Z,1,q6_11,rl,platt,0.000331005313346124,0.012153180976545025
patch,d3_at_q4_5/Z/r01,d3_at_q6_11/Z/r01,3,Z,1,q6_11,rl,isotonic,0.0010568003867518969,0.012856526617835035
patch,d3_at_q4_9/Z/r01,d3_at_q6_11/Z/r01,3,Z,1,q6_11,rl,platt,0.0007438817007326119,0.01212725253163982
patch,d3_at_q4_9/Z/r01,d3_at_q6_11/Z/r01,3,Z,1,q6_11,rl,isotonic,0.0010706985476746482,0.012892435301084934
patch,d3_at_q6_3/Z/r01,d3_at_q6_11/Z/r01,3,Z,1,q6_11,rl,platt,0.0005385166452582099,0.012070490035412024
patch,d3_at_q6_3/Z/r01,d3_at_q6_11/Z/r01,3,Z,1,q6_11,rl,isotonic,0.0006679708345030972,0.013600603978884901
patch,d3_at_q6_7/Z/r01,d3_at_q6_11/Z/r01,3,Z,1,q6_11,rl,platt,0.0009471304549211426,0.012173173660954528
patch,d3_at_q6_7/Z/r01,d3_at_q6_11/Z/r01,3,Z,1,q6_11,rl,isotonic,0.0013381836605908545,0.013032874392192643
patch,d3_at_q8_5/Z/r01,d3_at_q6_11/Z/r01,3,Z,1,q6_11,rl,platt,0.00043374018729630423,0.012061201394840243
patch,d3_at_q8_5/Z/r01,d3_at_q6_11/Z/r01,3,Z,1,q6_11,rl,isotonic,0.0006193515151221323,0.012599511492238813
patch,d3_at_q8_9/Z/r01,d3_at_q6_11/Z/r01,3,Z,1,q6_11,rl,platt,0.0001765406185058163,0.012022982103590365
patch,d3_at_q8_9/Z/r01,d3_at_q6_11/Z/r01,3,Z,1,q6_11,rl,isotonic,0.00045845499707626613,0.012661782994083288
pooled,pool:d3/Z/r1 without q6_11 (8 patches),d3_at_q6_11/Z/r01,3,Z,1,q6_11,rl,platt,0.0005607295064856469,0.012068951483775679
pooled,pool:d3/Z/r1 without q6_11 (8 patches),d3_at_q6_11/Z/r01,3,Z,1,q6_11,rl,isotonic,0.0005317555770880299,0.01189220246459637
same,d3_at_q6_11/Z/r10,d3_at_q6_11/Z/r10,3,Z,10,q6_11,rl,platt,0.008025953777048764,0.20722822877865157
same,d3_at_q6_11/Z/r10,d3_at_q6_11/Z/r10,3,Z,10,q6_11,rl,isotonic,0.0033024168229688487,0.20524263437188855
sim,sim:d3_at_q6_11/Z/r10,d3_at_q6_11/Z/r10,3,Z,10,q6_11,rl,platt,0.008997023982759094,0.2075239255935944
sim,sim:d3_at_q6_11/Z/r10,d3_at_q6_11/Z/r10,3,Z,10,q6_11,rl,isotonic,0.009351399545926248,0.20854023467960972
basis,d3_at_q6_11/X/r10,d3_at_q6_11/Z/r10,3,Z,10,q6_11,rl,platt,0.009480709816380528,0.20735961830720687
basis,d3_at_q6_11/X/r10,d3_at_q6_11/Z/r10,3,Z,10,q6_11,rl,isotonic,0.006051644191022208,0.20948969412817356
patch,d3_at_q10_7/Z/r10,d3_at_q6_11/Z/r10,3,Z,10,q6_11,rl,platt,0.011479723296611169,0.20777895708519814
patch,d3_at_q10_7/Z/r10,d3_at_q6_11/Z/r10,3,Z,10,q6_11,rl,isotonic,0.01338747109483955,0.20971284416768995
patch,d3_at_q2_7/Z/r10,d3_at_q6_11/Z/r10,3,Z,10,q6_11,rl,platt,0.010881263688753858,0.2076088698106423
patch,d3_at_q2_7/Z/r10,d3_at_q6_11/Z/r10,3,Z,10,q6_11,rl,isotonic,0.01135024354739063,0.2089593934043345
patch,d3_at_q4_5/Z/r10,d3_at_q6_11/Z/r10,3,Z,10,q6_11,rl,platt,0.014721007263895426,0.2082681405520391
patch,d3_at_q4_5/Z/r10,d3_at_q6_11/Z/r10,3,Z,10,q6_11,rl,isotonic,0.01863096318382373,0.21047599176351603
patch,d3_at_q4_9/Z/r10,d3_at_q6_11/Z/r10,3,Z,10,q6_11,rl,platt,0.009157702916469935,0.2073602734123525
patch,d3_at_q4_9/Z/r10,d3_at_q6_11/Z/r10,3,Z,10,q6_11,rl,isotonic,0.015775135480688648,0.21865122524573072
patch,d3_at_q6_3/Z/r10,d3_at_q6_11/Z/r10,3,Z,10,q6_11,rl,platt,0.01852926520870534,0.20983144733419434
patch,d3_at_q6_3/Z/r10,d3_at_q6_11/Z/r10,3,Z,10,q6_11,rl,isotonic,0.011874261827470436,0.21022760831997803
patch,d3_at_q6_7/Z/r10,d3_at_q6_11/Z/r10,3,Z,10,q6_11,rl,platt,0.011865320781928571,0.20811642048040155
patch,d3_at_q6_7/Z/r10,d3_at_q6_11/Z/r10,3,Z,10,q6_11,rl,isotonic,0.013861095266541352,0.2094989358353625
patch,d3_at_q8_5/Z/r10,d3_at_q6_11/Z/r10,3,Z,10,q6_11,rl,platt,0.008083517172761887,0.2073746490511046
patch,d3_at_q8_5/Z/r10,d3_at_q6_11/Z/r10,3,Z,10,q6_11,rl,isotonic,0.011536350985096738,0.20882502803098682
patch,d3_at_q8_9/Z/r10,d3_at_q6_11/Z/r10,3,Z,10,q6_11,rl,platt,0.013284018888088885,0.20829648367600687
patch,d3_at_q8_9/Z/r10,d3_at_q6_11/Z/r10,3,Z,10,q6_11,rl,isotonic,0.01299410823370063,0.20985124612037304
pooled,pool:d3/Z/r10 without q6_11 (8 patches),d3_at_q6_11/Z/r10,3,Z,10,q6_11,rl,platt,0.00991935061551794,0.20729979442638383
pooled,pool:d3/Z/r10 without q6_11 (8 patches),d3_at_q6_11/Z/r10,3,Z,10,q6_11,rl,isotonic,0.00812462091568586,0.20754317942040604
same,d3_at_q6_11/Z/r30,d3_at_q6_11/Z/r30,3,Z,30,q6_11,rl,platt,0.02496362187594924,0.4780300416246349
same,d3_at_q6_11/Z/r30,d3_at_q6_11/Z/r30,3,Z,30,q6_11,rl,isotonic,0.007901877027929124,0.4760352490162034
sim,sim:d3_at_q6_11/Z/r30,d3_at_q6_11/Z/r30,3,Z,30,q6_11,rl,platt,0.029488603494052284,0.47920284311763967
sim,sim:d3_at_q6_11/Z/r30,d3_at_q6_11/Z/r30,3,Z,30,q6_11,rl,isotonic,0.024122009474946075,0.4787458914779353
basis,d3_at_q6_11/X/r30,d3_at_q6_11/Z/r30,3,Z,30,q6_11,rl,platt,0.024938410660588845,0.4780525373507416
basis,d3_at_q6_11/X/r30,d3_at_q6_11/Z/r30,3,Z,30,q6_11,rl,isotonic,0.026464942026310535,0.4820394632742629
patch,d3_at_q10_7/Z/r30,d3_at_q6_11/Z/r30,3,Z,30,q6_11,rl,platt,0.02501883634290926,0.4782174400776605
patch,d3_at_q10_7/Z/r30,d3_at_q6_11/Z/r30,3,Z,30,q6_11,rl,isotonic,0.025247225630338835,0.4803397091075748
patch,d3_at_q2_7/Z/r30,d3_at_q6_11/Z/r30,3,Z,30,q6_11,rl,platt,0.026112795821772884,0.4787151680645715
patch,d3_at_q2_7/Z/r30,d3_at_q6_11/Z/r30,3,Z,30,q6_11,rl,isotonic,0.017725329683636035,0.4780532477443835
patch,d3_at_q4_5/Z/r30,d3_at_q6_11/Z/r30,3,Z,30,q6_11,rl,platt,0.025540887659608956,0.4798175406074516
patch,d3_at_q4_5/Z/r30,d3_at_q6_11/Z/r30,3,Z,30,q6_11,rl,isotonic,0.020047290265081005,0.48157422863520055
patch,d3_at_q4_9/Z/r30,d3_at_q6_11/Z/r30,3,Z,30,q6_11,rl,platt,0.024497182500816696,0.478603341283439
patch,d3_at_q4_9/Z/r30,d3_at_q6_11/Z/r30,3,Z,30,q6_11,rl,isotonic,0.03945409444756248,0.49460544967931974
patch,d3_at_q6_3/Z/r30,d3_at_q6_11/Z/r30,3,Z,30,q6_11,rl,platt,0.03208158811635858,0.48190748476375067
patch,d3_at_q6_3/Z/r30,d3_at_q6_11/Z/r30,3,Z,30,q6_11,rl,isotonic,0.01737213038147733,0.48063198504313054
patch,d3_at_q6_7/Z/r30,d3_at_q6_11/Z/r30,3,Z,30,q6_11,rl,platt,0.02664073976179927,0.4790199494769769
patch,d3_at_q6_7/Z/r30,d3_at_q6_11/Z/r30,3,Z,30,q6_11,rl,isotonic,0.03349107318131948,0.4821144185731813
patch,d3_at_q8_5/Z/r30,d3_at_q6_11/Z/r30,3,Z,30,q6_11,rl,platt,0.06725588300149328,0.4910938590221735
patch,d3_at_q8_5/Z/r30,d3_at_q6_11/Z/r30,3,Z,30,q6_11,rl,isotonic,0.07892944390983901,0.5000593919794105
patch,d3_at_q8_9/Z/r30,d3_at_q6_11/Z/r30,3,Z,30,q6_11,rl,platt,0.025045067198589427,0.4781561525359053
patch,d3_at_q8_9/Z/r30,d3_at_q6_11/Z/r30,3,Z,30,q6_11,rl,isotonic,0.022698198872881457,0.47925107310159304
pooled,pool:d3/Z/r30 without q6_11 (8 patches),d3_at_q6_11/Z/r30,3,Z,30,q6_11,rl,platt,0.024847979987131997,0.4781894792933621
pooled,pool:d3/Z/r30 without q6_11 (8 patches),d3_at_q6_11/Z/r30,3,Z,30,q6_11,rl,isotonic,0.020467772773795787,0.47992832353550885
same,d3_at_q6_11/Z/r50,d3_at_q6_11/Z/r50,3,Z,50,q6_11,rl,platt,0.02089866385310159,0.5971299368884562
same,d3_at_q6_11/Z/r50,d3_at_q6_11/Z/r50,3,Z,50,q6_11,rl,isotonic,0.016675156842837092,0.5956607579626635
sim,sim:d3_at_q6_11/Z/r50,d3_at_q6_11/Z/r50,3,Z,50,q6_11,rl,platt,0.03119044297056729,0.5987618463607676
sim,sim:d3_at_q6_11/Z/r50,d3_at_q6_11/Z/r50,3,Z,50,q6_11,rl,isotonic,0.028114677637594922,0.5988373335783256
basis,d3_at_q6_11/X/r50,d3_at_q6_11/Z/r50,3,Z,50,q6_11,rl,platt,0.021923679768805594,0.5971410107441734
basis,d3_at_q6_11/X/r50,d3_at_q6_11/Z/r50,3,Z,50,q6_11,rl,isotonic,0.03782745598347957,0.6051089002751782
patch,d3_at_q10_7/Z/r50,d3_at_q6_11/Z/r50,3,Z,50,q6_11,rl,platt,0.020866711687965948,0.596775449173566
patch,d3_at_q10_7/Z/r50,d3_at_q6_11/Z/r50,3,Z,50,q6_11,rl,isotonic,0.027141020347968895,0.5996395103628417
patch,d3_at_q2_7/Z/r50,d3_at_q6_11/Z/r50,3,Z,50,q6_11,rl,platt,0.030481047941492725,0.5984741733844892
patch,d3_at_q2_7/Z/r50,d3_at_q6_11/Z/r50,3,Z,50,q6_11,rl,isotonic,0.021189286848171115,0.5975156110169685
patch,d3_at_q4_5/Z/r50,d3_at_q6_11/Z/r50,3,Z,50,q6_11,rl,platt,0.028318753469413475,0.5979174727311328
patch,d3_at_q4_5/Z/r50,d3_at_q6_11/Z/r50,3,Z,50,q6_11,rl,isotonic,0.01968982222072901,0.5994333520467395
patch,d3_at_q4_9/Z/r50,d3_at_q6_11/Z/r50,3,Z,50,q6_11,rl,platt,0.0233233478398855,0.5969605544068637
patch,d3_at_q4_9/Z/r50,d3_at_q6_11/Z/r50,3,Z,50,q6_11,rl,isotonic,0.036579392216148456,0.6023913063867937
patch,d3_at_q6_3/Z/r50,d3_at_q6_11/Z/r50,3,Z,50,q6_11,rl,platt,0.06299778604370342,0.6075789846018264
patch,d3_at_q6_3/Z/r50,d3_at_q6_11/Z/r50,3,Z,50,q6_11,rl,isotonic,0.02796826007558454,0.6002938691875869
patch,d3_at_q6_7/Z/r50,d3_at_q6_11/Z/r50,3,Z,50,q6_11,rl,platt,0.025771907241757822,0.5970360864160172
patch,d3_at_q6_7/Z/r50,d3_at_q6_11/Z/r50,3,Z,50,q6_11,rl,isotonic,0.029031739703244137,0.6015951989134117
patch,d3_at_q8_5/Z/r50,d3_at_q6_11/Z/r50,3,Z,50,q6_11,rl,platt,0.023171330746922274,0.5966642891183903
patch,d3_at_q8_5/Z/r50,d3_at_q6_11/Z/r50,3,Z,50,q6_11,rl,isotonic,0.03559695720908922,0.5999850920696483
patch,d3_at_q8_9/Z/r50,d3_at_q6_11/Z/r50,3,Z,50,q6_11,rl,platt,0.02068601858861607,0.5969558164025288
patch,d3_at_q8_9/Z/r50,d3_at_q6_11/Z/r50,3,Z,50,q6_11,rl,isotonic,0.024551979471338196,0.5988142628049432
pooled,pool:d3/Z/r50 without q6_11 (8 patches),d3_at_q6_11/Z/r50,3,Z,50,q6_11,rl,platt,0.021335522321457072,0.5971339725958998
pooled,pool:d3/Z/r50 without q6_11 (8 patches),d3_at_q6_11/Z/r50,3,Z,50,q6_11,rl,isotonic,0.01684665690582664,0.5969966174458962
same,d3_at_q6_3/X/r01,d3_at_q6_3/X/r01,3,X,1,q6_3,rl,platt,9.700021698926052e-05,0.015153365442650654
same,d3_at_q6_3/X/r01,d3_at_q6_3/X/r01,3,X,1,q6_3,rl,isotonic,0.00029191538404509224,0.015141673140934172
sim,sim:d3_at_q6_3/X/r01,d3_at_q6_3/X/r01,3,X,1,q6_3,rl,platt,0.0012939927224227478,0.016555622398661
sim,sim:d3_at_q6_3/X/r01,d3_at_q6_3/X/r01,3,X,1,q6_3,rl,isotonic,0.001373869208578993,0.016829166925280272
basis,d3_at_q6_3/Z/r01,d3_at_q6_3/X/r01,3,X,1,q6_3,rl,platt,0.0015387552621231352,0.015657878732847443
basis,d3_at_q6_3/Z/r01,d3_at_q6_3/X/r01,3,X,1,q6_3,rl,isotonic,0.0015628695248494692,0.015795438135435262
patch,d3_at_q10_7/X/r01,d3_at_q6_3/X/r01,3,X,1,q6_3,rl,platt,0.0005057569045143016,0.015300170146434937
patch,d3_at_q10_7/X/r01,d3_at_q6_3/X/r01,3,X,1,q6_3,rl,isotonic,0.0010318212460432212,0.01568559544002881
patch,d3_at_q2_7/X/r01,d3_at_q6_3/X/r01,3,X,1,q6_3,rl,platt,0.0013925166743339195,0.015540018284133397
patch,d3_at_q2_7/X/r01,d3_at_q6_3/X/r01,3,X,1,q6_3,rl,isotonic,0.0011837184367322242,0.015953788790467983
patch,d3_at_q4_5/X/r01,d3_at_q6_3/X/r01,3,X,1,q6_3,rl,platt,0.0010068975317956658,0.015550600791507656
patch,d3_at_q4_5/X/r01,d3_at_q6_3/X/r01,3,X,1,q6_3,rl,isotonic,0.00040302180069666456,0.015532538504355979
patch,d3_at_q4_9/X/r01,d3_at_q6_3/X/r01,3,X,1,q6_3,rl,platt,0.0005355036310946498,0.01520359378840252
patch,d3_at_q4_9/X/r01,d3_at_q6_3/X/r01,3,X,1,q6_3,rl,isotonic,0.00011865939293530317,0.015299168597336824
patch,d3_at_q6_11/X/r01,d3_at_q6_3/X/r01,3,X,1,q6_3,rl,platt,0.0004959963859596432,0.015548592157980433
patch,d3_at_q6_11/X/r01,d3_at_q6_3/X/r01,3,X,1,q6_3,rl,isotonic,0.0004448349916324468,0.01574028557700451
patch,d3_at_q6_7/X/r01,d3_at_q6_3/X/r01,3,X,1,q6_3,rl,platt,0.003139165692904067,0.016471333774958564
patch,d3_at_q6_7/X/r01,d3_at_q6_3/X/r01,3,X,1,q6_3,rl,isotonic,0.0003280713151108981,0.01704775587671175
patch,d3_at_q8_5/X/r01,d3_at_q6_3/X/r01,3,X,1,q6_3,rl,platt,0.0005853497982772656,0.015220847488442378
patch,d3_at_q8_5/X/r01,d3_at_q6_3/X/r01,3,X,1,q6_3,rl,isotonic,0.0002152100646519091,0.014936049306643119
patch,d3_at_q8_9/X/r01,d3_at_q6_3/X/r01,3,X,1,q6_3,rl,platt,0.005633749343438368,0.017746413411734836
patch,d3_at_q8_9/X/r01,d3_at_q6_3/X/r01,3,X,1,q6_3,rl,isotonic,0.0053012590636692,0.017671104622385136
pooled,pool:d3/X/r1 without q6_3 (8 patches),d3_at_q6_3/X/r01,3,X,1,q6_3,rl,platt,0.0010165418992101444,0.015279497426691912
pooled,pool:d3/X/r1 without q6_3 (8 patches),d3_at_q6_3/X/r01,3,X,1,q6_3,rl,isotonic,0.0011034854987905967,0.0153083136169542
same,d3_at_q6_3/X/r10,d3_at_q6_3/X/r10,3,X,10,q6_3,rl,platt,0.009708980869094786,0.18918638669920387
same,d3_at_q6_3/X/r10,d3_at_q6_3/X/r10,3,X,10,q6_3,rl,isotonic,0.006034962882944726,0.1866207799278062
sim,sim:d3_at_q6_3/X/r10,d3_at_q6_3/X/r10,3,X,10,q6_3,rl,platt,0.014894346205753558,0.19138667664697048
sim,sim:d3_at_q6_3/X/r10,d3_at_q6_3/X/r10,3,X,10,q6_3,rl,isotonic,0.014953504382042132,0.19147241406845297
basis,d3_at_q6_3/Z/r10,d3_at_q6_3/X/r10,3,X,10,q6_3,rl,platt,0.020562467262680278,0.1935199072418137
basis,d3_at_q6_3/Z/r10,d3_at_q6_3/X/r10,3,X,10,q6_3,rl,isotonic,0.017112373290995155,0.19126501712808094
patch,d3_at_q10_7/X/r10,d3_at_q6_3/X/r10,3,X,10,q6_3,rl,platt,0.013031669929523855,0.18942154003201722
patch,d3_at_q10_7/X/r10,d3_at_q6_3/X/r10,3,X,10,q6_3,rl,isotonic,0.012214542339800964,0.19342893941206737
patch,d3_at_q2_7/X/r10,d3_at_q6_3/X/r10,3,X,10,q6_3,rl,platt,0.0168528282882746,0.19076896746921668
patch,d3_at_q2_7/X/r10,d3_at_q6_3/X/r10,3,X,10,q6_3,rl,isotonic,0.015650932402234027,0.19307017381303668
patch,d3_at_q4_5/X/r10,d3_at_q6_3/X/r10,3,X,10,q6_3,rl,platt,0.01576148656369099,0.190324929062886
patch,d3_at_q4_5/X/r10,d3_at_q6_3/X/r10,3,X,10,q6_3,rl,isotonic,0.019852599459719886,0.19157474648815062
patch,d3_at_q4_9/X/r10,d3_at_q6_3/X/r10,3,X,10,q6_3,rl,platt,0.01503917777289532,0.189997790770266
patch,d3_at_q4_9/X/r10,d3_at_q6_3/X/r10,3,X,10,q6_3,rl,isotonic,0.011360737550269215,0.18793077349568754
patch,d3_at_q6_11/X/r10,d3_at_q6_3/X/r10,3,X,10,q6_3,rl,platt,0.013325863851066502,0.19010314340269122
patch,d3_at_q6_11/X/r10,d3_at_q6_3/X/r10,3,X,10,q6_3,rl,isotonic,0.008516883871181987,0.19063846776439053
patch,d3_at_q6_7/X/r10,d3_at_q6_3/X/r10,3,X,10,q6_3,rl,platt,0.016945577103618145,0.1910427338627469
patch,d3_at_q6_7/X/r10,d3_at_q6_3/X/r10,3,X,10,q6_3,rl,isotonic,0.012827161216633489,0.1910887293116925
patch,d3_at_q8_5/X/r10,d3_at_q6_3/X/r10,3,X,10,q6_3,rl,platt,0.014011488593840535,0.1897354022323705
patch,d3_at_q8_5/X/r10,d3_at_q6_3/X/r10,3,X,10,q6_3,rl,isotonic,0.006366562759027963,0.1890708242349785
patch,d3_at_q8_9/X/r10,d3_at_q6_3/X/r10,3,X,10,q6_3,rl,platt,0.023337143791332865,0.1936927608558411
patch,d3_at_q8_9/X/r10,d3_at_q6_3/X/r10,3,X,10,q6_3,rl,isotonic,0.020359155240529343,0.1920471819911515
pooled,pool:d3/X/r10 without q6_3 (8 patches),d3_at_q6_3/X/r10,3,X,10,q6_3,rl,platt,0.015622358508175895,0.1901788672229065
pooled,pool:d3/X/r10 without q6_3 (8 patches),d3_at_q6_3/X/r10,3,X,10,q6_3,rl,isotonic,0.013528003863113829,0.19028123616465856
same,d3_at_q6_3/X/r30,d3_at_q6_3/X/r30,3,X,30,q6_3,rl,platt,0.019207235982395453,0.4697542247731059
same,d3_at_q6_3/X/r30,d3_at_q6_3/X/r30,3,X,30,q6_3,rl,isotonic,0.016368715606857372,0.4674646070443244
sim,sim:d3_at_q6_3/X/r30,d3_at_q6_3/X/r30,3,X,30,q6_3,rl,platt,0.03555613017338279,0.4745198417678437
sim,sim:d3_at_q6_3/X/r30,d3_at_q6_3/X/r30,3,X,30,q6_3,rl,isotonic,0.03770901993916041,0.4753343738789217
basis,d3_at_q6_3/Z/r30,d3_at_q6_3/X/r30,3,X,30,q6_3,rl,platt,0.05236102255403684,0.47943932567428127
basis,d3_at_q6_3/Z/r30,d3_at_q6_3/X/r30,3,X,30,q6_3,rl,isotonic,0.03750208850163521,0.4787093834408005
patch,d3_at_q10_7/X/r30,d3_at_q6_3/X/r30,3,X,30,q6_3,rl,platt,0.01565853967344226,0.4696647122541233
patch,d3_at_q10_7/X/r30,d3_at_q6_3/X/r30,3,X,30,q6_3,rl,isotonic,0.01467448468205111,0.4697188802266361
patch,d3_at_q2_7/X/r30,d3_at_q6_3/X/r30,3,X,30,q6_3,rl,platt,0.016257323593124855,0.46965807476516275
patch,d3_at_q2_7/X/r30,d3_at_q6_3/X/r30,3,X,30,q6_3,rl,isotonic,0.02169651786933461,0.4710738491886315
patch,d3_at_q4_5/X/r30,d3_at_q6_3/X/r30,3,X,30,q6_3,rl,platt,0.033593703844578604,0.47271000050346507
patch,d3_at_q4_5/X/r30,d3_at_q6_3/X/r30,3,X,30,q6_3,rl,isotonic,0.03327284533711959,0.47361365915135634
patch,d3_at_q4_9/X/r30,d3_at_q6_3/X/r30,3,X,30,q6_3,rl,platt,0.016911242248297154,0.46986965997004226
patch,d3_at_q4_9/X/r30,d3_at_q6_3/X/r30,3,X,30,q6_3,rl,isotonic,0.011475868864436077,0.46957153322517226
patch,d3_at_q6_11/X/r30,d3_at_q6_3/X/r30,3,X,30,q6_3,rl,platt,0.027426276227417112,0.4709429233346383
patch,d3_at_q6_11/X/r30,d3_at_q6_3/X/r30,3,X,30,q6_3,rl,isotonic,0.014869484003990642,0.4728521440089239
patch,d3_at_q6_7/X/r30,d3_at_q6_3/X/r30,3,X,30,q6_3,rl,platt,0.02474249645772223,0.4725655404234078
patch,d3_at_q6_7/X/r30,d3_at_q6_3/X/r30,3,X,30,q6_3,rl,isotonic,0.02516390963524776,0.4722887529919511
patch,d3_at_q8_5/X/r30,d3_at_q6_3/X/r30,3,X,30,q6_3,rl,platt,0.02065200217723985,0.47050263842808987
patch,d3_at_q8_5/X/r30,d3_at_q6_3/X/r30,3,X,30,q6_3,rl,isotonic,0.021233551785687067,0.4776376860451953
patch,d3_at_q8_9/X/r30,d3_at_q6_3/X/r30,3,X,30,q6_3,rl,platt,0.04478984351352872,0.478606840998646
patch,d3_at_q8_9/X/r30,d3_at_q6_3/X/r30,3,X,30,q6_3,rl,isotonic,0.037237861345687656,0.47625612531746897
pooled,pool:d3/X/r30 without q6_3 (8 patches),d3_at_q6_3/X/r30,3,X,30,q6_3,rl,platt,0.016245345850947626,0.47015338122073597
pooled,pool:d3/X/r30 without q6_3 (8 patches),d3_at_q6_3/X/r30,3,X,30,q6_3,rl,isotonic,0.016501054876134257,0.4704468279097366
same,d3_at_q6_3/X/r50,d3_at_q6_3/X/r50,3,X,50,q6_3,rl,platt,0.019049142162951345,0.5394406619104325
same,d3_at_q6_3/X/r50,d3_at_q6_3/X/r50,3,X,50,q6_3,rl,isotonic,0.008367995794036652,0.5364976179145874
sim,sim:d3_at_q6_3/X/r50,d3_at_q6_3/X/r50,3,X,50,q6_3,rl,platt,0.03301573541021161,0.5413995413301977
sim,sim:d3_at_q6_3/X/r50,d3_at_q6_3/X/r50,3,X,50,q6_3,rl,isotonic,0.025073712541076605,0.5403727260526434
basis,d3_at_q6_3/Z/r50,d3_at_q6_3/X/r50,3,X,50,q6_3,rl,platt,0.05425495620531936,0.5482459231772375
basis,d3_at_q6_3/Z/r50,d3_at_q6_3/X/r50,3,X,50,q6_3,rl,isotonic,0.03580814196504914,0.5432423227433196
patch,d3_at_q10_7/X/r50,d3_at_q6_3/X/r50,3,X,50,q6_3,rl,platt,0.0436804746427002,0.5435192745245798
patch,d3_at_q10_7/X/r50,d3_at_q6_3/X/r50,3,X,50,q6_3,rl,isotonic,0.052443901684926506,0.547857505024863
patch,d3_at_q2_7/X/r50,d3_at_q6_3/X/r50,3,X,50,q6_3,rl,platt,0.04344896004569725,0.5440844407981424
patch,d3_at_q2_7/X/r50,d3_at_q6_3/X/r50,3,X,50,q6_3,rl,isotonic,0.04461419736903491,0.5462756724321753
patch,d3_at_q4_5/X/r50,d3_at_q6_3/X/r50,3,X,50,q6_3,rl,platt,0.055254425090051074,0.5470300022088223
patch,d3_at_q4_5/X/r50,d3_at_q6_3/X/r50,3,X,50,q6_3,rl,isotonic,0.05712572139678748,0.5729352501181482
patch,d3_at_q4_9/X/r50,d3_at_q6_3/X/r50,3,X,50,q6_3,rl,platt,0.04348672924519395,0.5449374624726243
patch,d3_at_q4_9/X/r50,d3_at_q6_3/X/r50,3,X,50,q6_3,rl,isotonic,0.040827604777424566,0.5448050685644896
patch,d3_at_q6_11/X/r50,d3_at_q6_3/X/r50,3,X,50,q6_3,rl,platt,0.03541781310221062,0.5416533824490946
patch,d3_at_q6_11/X/r50,d3_at_q6_3/X/r50,3,X,50,q6_3,rl,isotonic,0.04519589851728246,0.5486152975344007
patch,d3_at_q6_7/X/r50,d3_at_q6_3/X/r50,3,X,50,q6_3,rl,platt,0.0581765979877447,0.551286363760337
patch,d3_at_q6_7/X/r50,d3_at_q6_3/X/r50,3,X,50,q6_3,rl,isotonic,0.058221109841313054,0.5528123455588895
patch,d3_at_q8_5/X/r50,d3_at_q6_3/X/r50,3,X,50,q6_3,rl,platt,0.04138407521665182,0.544274650713975
patch,d3_at_q8_5/X/r50,d3_at_q6_3/X/r50,3,X,50,q6_3,rl,isotonic,0.03937728999899175,0.5440432540789719
patch,d3_at_q8_9/X/r50,d3_at_q6_3/X/r50,3,X,50,q6_3,rl,platt,0.07005871193618783,0.5560273931558023
patch,d3_at_q8_9/X/r50,d3_at_q6_3/X/r50,3,X,50,q6_3,rl,isotonic,0.06677762098222959,0.578459564024819
pooled,pool:d3/X/r50 without q6_3 (8 patches),d3_at_q6_3/X/r50,3,X,50,q6_3,rl,platt,0.04575706196594683,0.5450769618103607
pooled,pool:d3/X/r50 without q6_3 (8 patches),d3_at_q6_3/X/r50,3,X,50,q6_3,rl,isotonic,0.050495967128602104,0.5465815394313325
same,d3_at_q6_3/Z/r01,d3_at_q6_3/Z/r01,3,Z,1,q6_3,rl,platt,0.0002082215190571572,0.00940629750020344
same,d3_at_q6_3/Z/r01,d3_at_q6_3/Z/r01,3,Z,1,q6_3,rl,isotonic,0.0002990117679114049,0.00930454968263025
sim,sim:d3_at_q6_3/Z/r01,d3_at_q6_3/Z/r01,3,Z,1,q6_3,rl,platt,0.0002231854922577943,0.0094738976150605
sim,sim:d3_at_q6_3/Z/r01,d3_at_q6_3/Z/r01,3,Z,1,q6_3,rl,isotonic,0.00018547555292880124,0.00923246556657899
basis,d3_at_q6_3/X/r01,d3_at_q6_3/Z/r01,3,Z,1,q6_3,rl,platt,0.001759955522503343,0.009948565240633608
basis,d3_at_q6_3/X/r01,d3_at_q6_3/Z/r01,3,Z,1,q6_3,rl,isotonic,0.002749487748481701,0.010564464237557372
patch,d3_at_q10_7/Z/r01,d3_at_q6_3/Z/r01,3,Z,1,q6_3,rl,platt,0.0019912252525805868,0.010058242058506486
patch,d3_at_q10_7/Z/r01,d3_at_q6_3/Z/r01,3,Z,1,q6_3,rl,isotonic,0.0017462476643700265,0.010573002376569548
patch,d3_at_q2_7/Z/r01,d3_at_q6_3/Z/r01,3,Z,1,q6_3,rl,platt,0.0015208429839787883,0.009812054956447045
patch,d3_at_q2_7/Z/r01,d3_at_q6_3/Z/r01,3,Z,1,q6_3,rl,isotonic,0.0014522971739944972,0.009758538452874213
patch,d3_at_q4_5/Z/r01,d3_at_q6_3/Z/r01,3,Z,1,q6_3,rl,platt,0.0007977198539165724,0.00968707166372118
patch,d3_at_q4_5/Z/r01,d3_at_q6_3/Z/r01,3,Z,1,q6_3,rl,isotonic,0.0012740225134436692,0.009904612935038073
patch,d3_at_q4_9/Z/r01,d3_at_q6_3/Z/r01,3,Z,1,q6_3,rl,platt,0.0012675969510969514,0.009688594218598079
patch,d3_at_q4_9/Z/r01,d3_at_q6_3/Z/r01,3,Z,1,q6_3,rl,isotonic,0.0012307244120358088,0.009740929760844614
patch,d3_at_q6_11/Z/r01,d3_at_q6_3/Z/r01,3,Z,1,q6_3,rl,platt,0.0009573244323525453,0.009584173058045098
patch,d3_at_q6_11/Z/r01,d3_at_q6_3/Z/r01,3,Z,1,q6_3,rl,isotonic,0.001092326734741619,0.009804936714506959
patch,d3_at_q6_7/Z/r01,d3_at_q6_3/Z/r01,3,Z,1,q6_3,rl,platt,0.00144714624784579,0.0097645015896676
patch,d3_at_q6_7/Z/r01,d3_at_q6_3/Z/r01,3,Z,1,q6_3,rl,isotonic,0.002024524258414103,0.010020774176051033
patch,d3_at_q8_5/Z/r01,d3_at_q6_3/Z/r01,3,Z,1,q6_3,rl,platt,0.0003170868254110599,0.009420414045289097
patch,d3_at_q8_5/Z/r01,d3_at_q6_3/Z/r01,3,Z,1,q6_3,rl,isotonic,0.000523013721899122,0.009487956208965708
patch,d3_at_q8_9/Z/r01,d3_at_q6_3/Z/r01,3,Z,1,q6_3,rl,platt,0.0007297993966455899,0.009515354438807026
patch,d3_at_q8_9/Z/r01,d3_at_q6_3/Z/r01,3,Z,1,q6_3,rl,isotonic,0.0006595468375992115,0.009415919447666394
pooled,pool:d3/Z/r1 without q6_3 (8 patches),d3_at_q6_3/Z/r01,3,Z,1,q6_3,rl,platt,0.001133933281608476,0.009642433217651755
pooled,pool:d3/Z/r1 without q6_3 (8 patches),d3_at_q6_3/Z/r01,3,Z,1,q6_3,rl,isotonic,0.001123746434576423,0.009460610043619104
same,d3_at_q6_3/Z/r10,d3_at_q6_3/Z/r10,3,Z,10,q6_3,rl,platt,0.012799352996454039,0.17863909522541518
same,d3_at_q6_3/Z/r10,d3_at_q6_3/Z/r10,3,Z,10,q6_3,rl,isotonic,0.00549790815004531,0.17503917051141016
sim,sim:d3_at_q6_3/Z/r10,d3_at_q6_3/Z/r10,3,Z,10,q6_3,rl,platt,0.014984356571483476,0.17942461077166028
sim,sim:d3_at_q6_3/Z/r10,d3_at_q6_3/Z/r10,3,Z,10,q6_3,rl,isotonic,0.0145254349940577,0.1810963452755727
basis,d3_at_q6_3/X/r10,d3_at_q6_3/Z/r10,3,Z,10,q6_3,rl,platt,0.02085467737844341,0.18177472023619315
basis,d3_at_q6_3/X/r10,d3_at_q6_3/Z/r10,3,Z,10,q6_3,rl,isotonic,0.020813705940501706,0.19263796631038063
patch,d3_at_q10_7/Z/r10,d3_at_q6_3/Z/r10,3,Z,10,q6_3,rl,platt,0.019402965720582626,0.18167415041186644
patch,d3_at_q10_7/Z/r10,d3_at_q6_3/Z/r10,3,Z,10,q6_3,rl,isotonic,0.022445660712189532,0.18368128368405434
patch,d3_at_q2_7/Z/r10,d3_at_q6_3/Z/r10,3,Z,10,q6_3,rl,platt,0.021503721690690727,0.18237208962210824
patch,d3_at_q2_7/Z/r10,d3_at_q6_3/Z/r10,3,Z,10,q6_3,rl,isotonic,0.03482226697193001,0.19300434680277784
patch,d3_at_q4_5/Z/r10,d3_at_q6_3/Z/r10,3,Z,10,q6_3,rl,platt,0.024661805396725613,0.1838848112686742
patch,d3_at_q4_5/Z/r10,d3_at_q6_3/Z/r10,3,Z,10,q6_3,rl,isotonic,0.029412798811186257,0.18657180078596283
patch,d3_at_q4_9/Z/r10,d3_at_q6_3/Z/r10,3,Z,10,q6_3,rl,platt,0.017648238971642354,0.1812289915044557
patch,d3_at_q4_9/Z/r10,d3_at_q6_3/Z/r10,3,Z,10,q6_3,rl,isotonic,0.024648546806362432,0.19686239060269758
patch,d3_at_q6_11/Z/r10,d3_at_q6_3/Z/r10,3,Z,10,q6_3,rl,platt,0.015167627394267073,0.1799034428945463
patch,d3_at_q6_11/Z/r10,d3_at_q6_3/Z/r10,3,Z,10,q6_3,rl,isotonic,0.013293677486556923,0.178484940077587
patch,d3_at_q6_7/Z/r10,d3_at_q6_3/Z/r10,3,Z,10,q6_3,rl,platt,0.02219891956010192,0.182605903272335
patch,d3_at_q6_7/Z/r10,d3_at_q6_3/Z/r10,3,Z,10,q6_3,rl,isotonic,0.02197999786945534,0.18250346632529976
patch,d3_at_q8_5/Z/r10,d3_at_q6_3/Z/r10,3,Z,10,q6_3,rl,platt,0.01922586678087535,0.1814205637320355
patch,d3_at_q8_5/Z/r10,d3_at_q6_3/Z/r10,3,Z,10,q6_3,rl,isotonic,0.021697521445658178,0.1811613286396306
patch,d3_at_q8_9/Z/r10,d3_at_q6_3/Z/r10,3,Z,10,q6_3,rl,platt,0.010046139908206039,0.17936385899950819
patch,d3_at_q8_9/Z/r10,d3_at_q6_3/Z/r10,3,Z,10,q6_3,rl,isotonic,0.014075596670700997,0.18008511287181878
pooled,pool:d3/Z/r10 without q6_3 (8 patches),d3_at_q6_3/Z/r10,3,Z,10,q6_3,rl,platt,0.016321616157309902,0.18082527777748308
pooled,pool:d3/Z/r10 without q6_3 (8 patches),d3_at_q6_3/Z/r10,3,Z,10,q6_3,rl,isotonic,0.017564834497307228,0.18056092308711127
same,d3_at_q6_3/Z/r30,d3_at_q6_3/Z/r30,3,Z,30,q6_3,rl,platt,0.06041113417051765,0.5167985465175025
same,d3_at_q6_3/Z/r30,d3_at_q6_3/Z/r30,3,Z,30,q6_3,rl,isotonic,0.009584356287449467,0.49838392415260657
sim,sim:d3_at_q6_3/Z/r30,d3_at_q6_3/Z/r30,3,Z,30,q6_3,rl,platt,0.06371376397300814,0.5208586535836135
sim,sim:d3_at_q6_3/Z/r30,d3_at_q6_3/Z/r30,3,Z,30,q6_3,rl,isotonic,0.06983953982662812,0.5277710682729632
basis,d3_at_q6_3/X/r30,d3_at_q6_3/Z/r30,3,Z,30,q6_3,rl,platt,0.06547639666260102,0.5234177125248874
basis,d3_at_q6_3/X/r30,d3_at_q6_3/Z/r30,3,Z,30,q6_3,rl,isotonic,0.06810752804764932,0.5249008149729119
patch,d3_at_q10_7/Z/r30,d3_at_q6_3/Z/r30,3,Z,30,q6_3,rl,platt,0.06359063664175799,0.5214453398642458
patch,d3_at_q10_7/Z/r30,d3_at_q6_3/Z/r30,3,Z,30,q6_3,rl,isotonic,0.0918841402187432,0.5451351227453015
patch,d3_at_q2_7/Z/r30,d3_at_q6_3/Z/r30,3,Z,30,q6_3,rl,platt,0.06584435421524136,0.5228415162713824
patch,d3_at_q2_7/Z/r30,d3_at_q6_3/Z/r30,3,Z,30,q6_3,rl,isotonic,0.07225237446507561,0.5308755457025286
patch,d3_at_q4_5/Z/r30,d3_at_q6_3/Z/r30,3,Z,30,q6_3,rl,platt,0.07219596497794416,0.5271411666550995
patch,d3_at_q4_5/Z/r30,d3_at_q6_3/Z/r30,3,Z,30,q6_3,rl,isotonic,0.10410823647029971,0.5397577323754605
patch,d3_at_q4_9/Z/r30,d3_at_q6_3/Z/r30,3,Z,30,q6_3,rl,platt,0.06619710052689236,0.5239450634886488
patch,d3_at_q4_9/Z/r30,d3_at_q6_3/Z/r30,3,Z,30,q6_3,rl,isotonic,0.07350546467016504,0.533856458739616
patch,d3_at_q6_11/Z/r30,d3_at_q6_3/Z/r30,3,Z,30,q6_3,rl,platt,0.06255667889819333,0.5214181557662912
patch,d3_at_q6_11/Z/r30,d3_at_q6_3/Z/r30,3,Z,30,q6_3,rl,isotonic,0.054858939793521286,0.5163770202870288
patch,d3_at_q6_7/Z/r30,d3_at_q6_3/Z/r30,3,Z,30,q6_3,rl,platt,0.06565750390466778,0.5256211041510482
patch,d3_at_q6_7/Z/r30,d3_at_q6_3/Z/r30,3,Z,30,q6_3,rl,isotonic,0.05712362830671753,0.5226906832938729
patch,d3_at_q8_5/Z/r30,d3_at_q6_3/Z/r30,3,Z,30,q6_3,rl,platt,0.1081166310700364,0.5468051791352359
patch,d3_at_q8_5/Z/r30,d3_at_q6_3/Z/r30,3,Z,30,q6_3,rl,isotonic,0.09628433577242848,0.5403115151405667
patch,d3_at_q8_9/Z/r30,d3_at_q6_3/Z/r30,3,Z,30,q6_3,rl,platt,0.060440359886921625,0.5194592954265866
patch,d3_at_q8_9/Z/r30,d3_at_q6_3/Z/r30,3,Z,30,q6_3,rl,isotonic,0.04959188919246674,0.5142697498960578
pooled,pool:d3/Z/r30 without q6_3 (8 patches),d3_at_q6_3/Z/r30,3,Z,30,q6_3,rl,platt,0.06594460450696096,0.5246240727059687
pooled,pool:d3/Z/r30 without q6_3 (8 patches),d3_at_q6_3/Z/r30,3,Z,30,q6_3,rl,isotonic,0.05568277008931791,0.5183529107114733
same,d3_at_q6_3/Z/r50,d3_at_q6_3/Z/r50,3,Z,50,q6_3,rl,platt,0.0414991023965743,0.5498893893914941
same,d3_at_q6_3/Z/r50,d3_at_q6_3/Z/r50,3,Z,50,q6_3,rl,isotonic,0.00790650560442048,0.540493505329828
sim,sim:d3_at_q6_3/Z/r50,d3_at_q6_3/Z/r50,3,Z,50,q6_3,rl,platt,0.04554086206534916,0.5526728528398148
sim,sim:d3_at_q6_3/Z/r50,d3_at_q6_3/Z/r50,3,Z,50,q6_3,rl,isotonic,0.05754838472869859,0.5568941356394498
basis,d3_at_q6_3/X/r50,d3_at_q6_3/Z/r50,3,Z,50,q6_3,rl,platt,0.07101601257947784,0.5602545609977362
basis,d3_at_q6_3/X/r50,d3_at_q6_3/Z/r50,3,Z,50,q6_3,rl,isotonic,0.08245672938715325,0.5642587504570051
patch,d3_at_q10_7/Z/r50,d3_at_q6_3/Z/r50,3,Z,50,q6_3,rl,platt,0.05926792325850242,0.558069190769141
patch,d3_at_q10_7/Z/r50,d3_at_q6_3/Z/r50,3,Z,50,q6_3,rl,isotonic,0.07760464166562209,0.5696708575710713
patch,d3_at_q2_7/Z/r50,d3_at_q6_3/Z/r50,3,Z,50,q6_3,rl,platt,0.0593081121953823,0.5569999737688923
patch,d3_at_q2_7/Z/r50,d3_at_q6_3/Z/r50,3,Z,50,q6_3,rl,isotonic,0.07125660726381045,0.5656315955670408
patch,d3_at_q4_5/Z/r50,d3_at_q6_3/Z/r50,3,Z,50,q6_3,rl,platt,0.06790449560317041,0.5600326417398824
patch,d3_at_q4_5/Z/r50,d3_at_q6_3/Z/r50,3,Z,50,q6_3,rl,isotonic,0.09061205186923088,0.5765039508597561
patch,d3_at_q4_9/Z/r50,d3_at_q6_3/Z/r50,3,Z,50,q6_3,rl,platt,0.06319697766752524,0.5589318940352151
patch,d3_at_q4_9/Z/r50,d3_at_q6_3/Z/r50,3,Z,50,q6_3,rl,isotonic,0.06531109795717595,0.5596459097291804
patch,d3_at_q6_11/Z/r50,d3_at_q6_3/Z/r50,3,Z,50,q6_3,rl,platt,0.05234131462380845,0.5559913936108061
patch,d3_at_q6_11/Z/r50,d3_at_q6_3/Z/r50,3,Z,50,q6_3,rl,isotonic,0.05911436167660645,0.5620953994830452
patch,d3_at_q6_7/Z/r50,d3_at_q6_3/Z/r50,3,Z,50,q6_3,rl,platt,0.06652110599285066,0.5616116802849879
patch,d3_at_q6_7/Z/r50,d3_at_q6_3/Z/r50,3,Z,50,q6_3,rl,isotonic,0.08082201244626842,0.5726199261952469
patch,d3_at_q8_5/Z/r50,d3_at_q6_3/Z/r50,3,Z,50,q6_3,rl,platt,0.06450923180103396,0.5603712641711005
patch,d3_at_q8_5/Z/r50,d3_at_q6_3/Z/r50,3,Z,50,q6_3,rl,isotonic,0.06972273080883311,0.5630557011402035
patch,d3_at_q8_9/Z/r50,d3_at_q6_3/Z/r50,3,Z,50,q6_3,rl,platt,0.053872042231429655,0.5568697905517982
patch,d3_at_q8_9/Z/r50,d3_at_q6_3/Z/r50,3,Z,50,q6_3,rl,isotonic,0.05716464643201749,0.5546722600813568
pooled,pool:d3/Z/r50 without q6_3 (8 patches),d3_at_q6_3/Z/r50,3,Z,50,q6_3,rl,platt,0.058856017911667675,0.5578440077160959
pooled,pool:d3/Z/r50 without q6_3 (8 patches),d3_at_q6_3/Z/r50,3,Z,50,q6_3,rl,isotonic,0.055202923103866285,0.5569432066953542
same,d3_at_q6_7/X/r01,d3_at_q6_7/X/r01,3,X,1,q6_7,rl,platt,0.001169473512202771,0.049611245839724934
same,d3_at_q6_7/X/r01,d3_at_q6_7/X/r01,3,X,1,q6_7,rl,isotonic,0.001334143252122158,0.04511091914493494
sim,sim:d3_at_q6_7/X/r01,d3_at_q6_7/X/r01,3,X,1,q6_7,rl,platt,0.013492247975396674,0.06365938759819333
sim,sim:d3_at_q6_7/X/r01,d3_at_q6_7/X/r01,3,X,1,q6_7,rl,isotonic,0.013171083360906052,0.060765234493292075
basis,d3_at_q6_7/Z/r01,d3_at_q6_7/X/r01,3,X,1,q6_7,rl,platt,0.00922291660026669,0.05376823367890641
basis,d3_at_q6_7/Z/r01,d3_at_q6_7/X/r01,3,X,1,q6_7,rl,isotonic,0.009134992489331657,0.056643845409287255
patch,d3_at_q10_7/X/r01,d3_at_q6_7/X/r01,3,X,1,q6_7,rl,platt,0.009357969638573813,0.05397030982857613
patch,d3_at_q10_7/X/r01,d3_at_q6_7/X/r01,3,X,1,q6_7,rl,isotonic,0.011240688938073147,0.06333288611890343
patch,d3_at_q2_7/X/r01,d3_at_q6_7/X/r01,3,X,1,q6_7,rl,platt,0.011933329405177957,0.05785214320623316
patch,d3_at_q2_7/X/r01,d3_at_q6_7/X/r01,3,X,1,q6_7,rl,isotonic,0.012066906740922008,0.060941842906252
patch,d3_at_q4_5/X/r01,d3_at_q6_7/X/r01,3,X,1,q6_7,rl,platt,0.01051261128163633,0.05571015333579756
patch,d3_at_q4_5/X/r01,d3_at_q6_7/X/r01,3,X,1,q6_7,rl,isotonic,0.010756532487693727,0.06011055813052817
patch,d3_at_q4_9/X/r01,d3_at_q6_7/X/r01,3,X,1,q6_7,rl,platt,0.009796886859794482,0.054472621845325954
patch,d3_at_q4_9/X/r01,d3_at_q6_7/X/r01,3,X,1,q6_7,rl,isotonic,0.011809188605436675,0.06522347658324841
patch,d3_at_q6_11/X/r01,d3_at_q6_7/X/r01,3,X,1,q6_7,rl,platt,0.008888783668859718,0.05381657667909372
patch,d3_at_q6_11/X/r01,d3_at_q6_7/X/r01,3,X,1,q6_7,rl,isotonic,0.009721923792477776,0.06349978533980104
patch,d3_at_q6_3/X/r01,d3_at_q6_7/X/r01,3,X,1,q6_7,rl,platt,0.009169443132313847,0.05367110926167205
patch,d3_at_q6_3/X/r01,d3_at_q6_7/X/r01,3,X,1,q6_7,rl,isotonic,0.0062892565062714805,0.051278812922195424
patch,d3_at_q8_5/X/r01,d3_at_q6_7/X/r01,3,X,1,q6_7,rl,platt,0.008762110050939664,0.05290751753205153
patch,d3_at_q8_5/X/r01,d3_at_q6_7/X/r01,3,X,1,q6_7,rl,isotonic,0.011212846480099056,0.05894101541963867
patch,d3_at_q8_9/X/r01,d3_at_q6_7/X/r01,3,X,1,q6_7,rl,platt,0.005127568369989139,0.05201199894362676
patch,d3_at_q8_9/X/r01,d3_at_q6_7/X/r01,3,X,1,q6_7,rl,isotonic,0.005199975148990269,0.055718751965413066
pooled,pool:d3/X/r1 without q6_7 (8 patches),d3_at_q6_7/X/r01,3,X,1,q6_7,rl,platt,0.008572571761675094,0.052794343864395354
pooled,pool:d3/X/r1 without q6_7 (8 patches),d3_at_q6_7/X/r01,3,X,1,q6_7,rl,isotonic,0.009805086597579952,0.059469800367788414
same,d3_at_q6_7/X/r10,d3_at_q6_7/X/r10,3,X,10,q6_7,rl,platt,0.00565726742719454,0.30120847998392697
same,d3_at_q6_7/X/r10,d3_at_q6_7/X/r10,3,X,10,q6_7,rl,isotonic,0.007018494915677243,0.30002337264841966
sim,sim:d3_at_q6_7/X/r10,d3_at_q6_7/X/r10,3,X,10,q6_7,rl,platt,0.0249955152408972,0.305780110302974
sim,sim:d3_at_q6_7/X/r10,d3_at_q6_7/X/r10,3,X,10,q6_7,rl,isotonic,0.02449000553959551,0.30687368086886335
basis,d3_at_q6_7/Z/r10,d3_at_q6_7/X/r10,3,X,10,q6_7,rl,platt,0.013079183068700345,0.30206261541012774
basis,d3_at_q6_7/Z/r10,d3_at_q6_7/X/r10,3,X,10,q6_7,rl,isotonic,0.009234868167241983,0.30306246514518376
patch,d3_at_q10_7/X/r10,d3_at_q6_7/X/r10,3,X,10,q6_7,rl,platt,0.018274864459775903,0.3034153438660568
patch,d3_at_q10_7/X/r10,d3_at_q6_7/X/r10,3,X,10,q6_7,rl,isotonic,0.018863718926242407,0.30367390425360974
patch,d3_at_q2_7/X/r10,d3_at_q6_7/X/r10,3,X,10,q6_7,rl,platt,0.019242294267980492,0.30298193645353616
patch,d3_at_q2_7/X/r10,d3_at_q6_7/X/r10,3,X,10,q6_7,rl,isotonic,0.013375795594841103,0.30523827683784344
patch,d3_at_q4_5/X/r10,d3_at_q6_7/X/r10,3,X,10,q6_7,rl,platt,0.018372192470628382,0.30285593364772284
patch,d3_at_q4_5/X/r10,d3_at_q6_7/X/r10,3,X,10,q6_7,rl,isotonic,0.01823653272240119,0.3041125311746604
patch,d3_at_q4_9/X/r10,d3_at_q6_7/X/r10,3,X,10,q6_7,rl,platt,0.013614392317207685,0.3020742399446261
patch,d3_at_q4_9/X/r10,d3_at_q6_7/X/r10,3,X,10,q6_7,rl,isotonic,0.015936586612461407,0.3023212801529441
patch,d3_at_q6_11/X/r10,d3_at_q6_7/X/r10,3,X,10,q6_7,rl,platt,0.02811928136922686,0.30641916472936026
patch,d3_at_q6_11/X/r10,d3_at_q6_7/X/r10,3,X,10,q6_7,rl,isotonic,0.028895907324771968,0.3090817941348087
patch,d3_at_q6_3/X/r10,d3_at_q6_7/X/r10,3,X,10,q6_7,rl,platt,0.022616922568474248,0.30683734254676714
patch,d3_at_q6_3/X/r10,d3_at_q6_7/X/r10,3,X,10,q6_7,rl,isotonic,0.02611152306982077,0.3070190399753081
patch,d3_at_q8_5/X/r10,d3_at_q6_7/X/r10,3,X,10,q6_7,rl,platt,0.01241598483094264,0.30207203855523573
patch,d3_at_q8_5/X/r10,d3_at_q6_7/X/r10,3,X,10,q6_7,rl,isotonic,0.017081394227822705,0.3044798514285754
patch,d3_at_q8_9/X/r10,d3_at_q6_7/X/r10,3,X,10,q6_7,rl,platt,0.009754516605503314,0.30156314023422764
patch,d3_at_q8_9/X/r10,d3_at_q6_7/X/r10,3,X,10,q6_7,rl,isotonic,0.00994189240577359,0.301327546442922
pooled,pool:d3/X/r10 without q6_7 (8 patches),d3_at_q6_7/X/r10,3,X,10,q6_7,rl,platt,0.015442060233033919,0.30243939570838474
pooled,pool:d3/X/r10 without q6_7 (8 patches),d3_at_q6_7/X/r10,3,X,10,q6_7,rl,isotonic,0.01528796376381818,0.30281592187092904
same,d3_at_q6_7/X/r30,d3_at_q6_7/X/r30,3,X,30,q6_7,rl,platt,0.025285325284721622,0.574634356983672
same,d3_at_q6_7/X/r30,d3_at_q6_7/X/r30,3,X,30,q6_7,rl,isotonic,0.009854258109428346,0.5721156790607735
sim,sim:d3_at_q6_7/X/r30,d3_at_q6_7/X/r30,3,X,30,q6_7,rl,platt,0.05029617540495105,0.5821615282642678
sim,sim:d3_at_q6_7/X/r30,d3_at_q6_7/X/r30,3,X,30,q6_7,rl,isotonic,0.04926469312628116,0.5828903531234692
basis,d3_at_q6_7/Z/r30,d3_at_q6_7/X/r30,3,X,30,q6_7,rl,platt,0.036422392482014294,0.5778336469943002
basis,d3_at_q6_7/Z/r30,d3_at_q6_7/X/r30,3,X,30,q6_7,rl,isotonic,0.03902652477872474,0.5772307865291219
patch,d3_at_q10_7/X/r30,d3_at_q6_7/X/r30,3,X,30,q6_7,rl,platt,0.033442735208562314,0.5769828354190806
patch,d3_at_q10_7/X/r30,d3_at_q6_7/X/r30,3,X,30,q6_7,rl,isotonic,0.03955595233732625,0.578308349812951
patch,d3_at_q2_7/X/r30,d3_at_q6_7/X/r30,3,X,30,q6_7,rl,platt,0.04086407309204537,0.5789945969747593
patch,d3_at_q2_7/X/r30,d3_at_q6_7/X/r30,3,X,30,q6_7,rl,isotonic,0.03694740827737148,0.5775045596912334
patch,d3_at_q4_5/X/r30,d3_at_q6_7/X/r30,3,X,30,q6_7,rl,platt,0.054330650554862546,0.5826303541154693
patch,d3_at_q4_5/X/r30,d3_at_q6_7/X/r30,3,X,30,q6_7,rl,isotonic,0.05638375661799466,0.5845762473807226
patch,d3_at_q4_9/X/r30,d3_at_q6_7/X/r30,3,X,30,q6_7,rl,platt,0.036594062277234905,0.577911399550629
patch,d3_at_q4_9/X/r30,d3_at_q6_7/X/r30,3,X,30,q6_7,rl,isotonic,0.03152101625159525,0.5765970674452982
patch,d3_at_q6_11/X/r30,d3_at_q6_7/X/r30,3,X,30,q6_7,rl,platt,0.056361608785351625,0.5838215298234434
patch,d3_at_q6_11/X/r30,d3_at_q6_7/X/r30,3,X,30,q6_7,rl,isotonic,0.050912151212754636,0.5841479719170894
patch,d3_at_q6_3/X/r30,d3_at_q6_7/X/r30,3,X,30,q6_7,rl,platt,0.04785904094088498,0.5811986950910265
patch,d3_at_q6_3/X/r30,d3_at_q6_7/X/r30,3,X,30,q6_7,rl,isotonic,0.043257503469244604,0.5791680252238117
patch,d3_at_q8_5/X/r30,d3_at_q6_7/X/r30,3,X,30,q6_7,rl,platt,0.02878528633839833,0.575599565201439
patch,d3_at_q8_5/X/r30,d3_at_q6_7/X/r30,3,X,30,q6_7,rl,isotonic,0.02217963873489852,0.5816792654160307
patch,d3_at_q8_9/X/r30,d3_at_q6_7/X/r30,3,X,30,q6_7,rl,platt,0.026554977560777904,0.5752211512591118
patch,d3_at_q8_9/X/r30,d3_at_q6_7/X/r30,3,X,30,q6_7,rl,isotonic,0.027333406932647825,0.5759254986562453
pooled,pool:d3/X/r30 without q6_7 (8 patches),d3_at_q6_7/X/r30,3,X,30,q6_7,rl,platt,0.03429432894899115,0.5772128958307355
pooled,pool:d3/X/r30 without q6_7 (8 patches),d3_at_q6_7/X/r30,3,X,30,q6_7,rl,isotonic,0.029621102757988082,0.5756317391002402
same,d3_at_q6_7/X/r50,d3_at_q6_7/X/r50,3,X,50,q6_7,rl,platt,0.03289177344623318,0.633451202328296
same,d3_at_q6_7/X/r50,d3_at_q6_7/X/r50,3,X,50,q6_7,rl,isotonic,0.005411520490525801,0.6307439284524823
sim,sim:d3_at_q6_7/X/r50,d3_at_q6_7/X/r50,3,X,50,q6_7,rl,platt,0.043922763510537685,0.6367821657778971
sim,sim:d3_at_q6_7/X/r50,d3_at_q6_7/X/r50,3,X,50,q6_7,rl,isotonic,0.03662615408214776,0.6356937299215402
basis,d3_at_q6_7/Z/r50,d3_at_q6_7/X/r50,3,X,50,q6_7,rl,platt,0.04073728630611251,0.6357293815291076
basis,d3_at_q6_7/Z/r50,d3_at_q6_7/X/r50,3,X,50,q6_7,rl,isotonic,0.03516070393728542,0.6350445541851402
patch,d3_at_q10_7/X/r50,d3_at_q6_7/X/r50,3,X,50,q6_7,rl,platt,0.0531563594492839,0.6402175748806327
patch,d3_at_q10_7/X/r50,d3_at_q6_7/X/r50,3,X,50,q6_7,rl,isotonic,0.044343275555131054,0.6378796977815284
patch,d3_at_q2_7/X/r50,d3_at_q6_7/X/r50,3,X,50,q6_7,rl,platt,0.041274922110016564,0.6355228459636817
patch,d3_at_q2_7/X/r50,d3_at_q6_7/X/r50,3,X,50,q6_7,rl,isotonic,0.02735971433878965,0.6342479378378872
patch,d3_at_q4_5/X/r50,d3_at_q6_7/X/r50,3,X,50,q6_7,rl,platt,0.045219990438095437,0.6369591647596364
patch,d3_at_q4_5/X/r50,d3_at_q6_7/X/r50,3,X,50,q6_7,rl,isotonic,0.02867557677834723,0.6396947896567319
patch,d3_at_q4_9/X/r50,d3_at_q6_7/X/r50,3,X,50,q6_7,rl,platt,0.03839773737353855,0.6344814610759907
patch,d3_at_q4_9/X/r50,d3_at_q6_7/X/r50,3,X,50,q6_7,rl,isotonic,0.030770310599571884,0.6345700901696955
patch,d3_at_q6_11/X/r50,d3_at_q6_7/X/r50,3,X,50,q6_7,rl,platt,0.051993676227040875,0.6393406135244833
patch,d3_at_q6_11/X/r50,d3_at_q6_7/X/r50,3,X,50,q6_7,rl,isotonic,0.034952520784423034,0.6379317990576454
patch,d3_at_q6_3/X/r50,d3_at_q6_7/X/r50,3,X,50,q6_7,rl,platt,0.05949282286037971,0.6411563394146268
patch,d3_at_q6_3/X/r50,d3_at_q6_7/X/r50,3,X,50,q6_7,rl,isotonic,0.04354925483228379,0.6386394263129136
patch,d3_at_q8_5/X/r50,d3_at_q6_7/X/r50,3,X,50,q6_7,rl,platt,0.039141980460739495,0.6346883673845362
patch,d3_at_q8_5/X/r50,d3_at_q6_7/X/r50,3,X,50,q6_7,rl,isotonic,0.028799215626976304,0.633890014987991
patch,d3_at_q8_9/X/r50,d3_at_q6_7/X/r50,3,X,50,q6_7,rl,platt,0.03181757228146564,0.6339545136788737
patch,d3_at_q8_9/X/r50,d3_at_q6_7/X/r50,3,X,50,q6_7,rl,isotonic,0.018830293198438604,0.6382414353011644
pooled,pool:d3/X/r50 without q6_7 (8 patches),d3_at_q6_7/X/r50,3,X,50,q6_7,rl,platt,0.04191983153747501,0.6356343328773798
pooled,pool:d3/X/r50 without q6_7 (8 patches),d3_at_q6_7/X/r50,3,X,50,q6_7,rl,isotonic,0.03205361925284934,0.6341620404390113
same,d3_at_q6_7/Z/r01,d3_at_q6_7/Z/r01,3,Z,1,q6_7,rl,platt,0.0010284702432045655,0.021093799264832205
same,d3_at_q6_7/Z/r01,d3_at_q6_7/Z/r01,3,Z,1,q6_7,rl,isotonic,0.0006715052708272325,0.02060297044652906
sim,sim:d3_at_q6_7/Z/r01,d3_at_q6_7/Z/r01,3,Z,1,q6_7,rl,platt,0.0011119247589327444,0.02114180187888891
sim,sim:d3_at_q6_7/Z/r01,d3_at_q6_7/Z/r01,3,Z,1,q6_7,rl,isotonic,0.0006960372420759962,0.020928227273191338
basis,d3_at_q6_7/X/r01,d3_at_q6_7/Z/r01,3,Z,1,q6_7,rl,platt,0.007421375181134832,0.024283591328034336
basis,d3_at_q6_7/X/r01,d3_at_q6_7/Z/r01,3,Z,1,q6_7,rl,isotonic,0.00485222708276955,0.024663263670304022
patch,d3_at_q10_7/Z/r01,d3_at_q6_7/Z/r01,3,Z,1,q6_7,rl,platt,0.0021897644078021855,0.021206363991062054
patch,d3_at_q10_7/Z/r01,d3_at_q6_7/Z/r01,3,Z,1,q6_7,rl,isotonic,0.0023270452308842087,0.02746869613521636
patch,d3_at_q2_7/Z/r01,d3_at_q6_7/Z/r01,3,Z,1,q6_7,rl,platt,0.001413615149386198,0.021046904570364573
patch,d3_at_q2_7/Z/r01,d3_at_q6_7/Z/r01,3,Z,1,q6_7,rl,isotonic,0.0008532512511549625,0.021919436565048852
patch,d3_at_q4_5/Z/r01,d3_at_q6_7/Z/r01,3,Z,1,q6_7,rl,platt,0.0007204464407839246,0.021091772201577253
patch,d3_at_q4_5/Z/r01,d3_at_q6_7/Z/r01,3,Z,1,q6_7,rl,isotonic,0.0016766982104022385,0.02130369335993824
patch,d3_at_q4_9/Z/r01,d3_at_q6_7/Z/r01,3,Z,1,q6_7,rl,platt,0.0007430446800024747,0.021081279234264373
patch,d3_at_q4_9/Z/r01,d3_at_q6_7/Z/r01,3,Z,1,q6_7,rl,isotonic,0.00016863614244433503,0.021064333678734344
patch,d3_at_q6_11/Z/r01,d3_at_q6_7/Z/r01,3,Z,1,q6_7,rl,platt,0.0005324391241142678,0.021004932456829162
patch,d3_at_q6_11/Z/r01,d3_at_q6_7/Z/r01,3,Z,1,q6_7,rl,isotonic,0.000649631836975495,0.02306437457922406
patch,d3_at_q6_3/Z/r01,d3_at_q6_7/Z/r01,3,Z,1,q6_7,rl,platt,0.0017942614203302035,0.021392636222470188
patch,d3_at_q6_3/Z/r01,d3_at_q6_7/Z/r01,3,Z,1,q6_7,rl,isotonic,0.0019819968142779257,0.021391593606912094
patch,d3_at_q8_5/Z/r01,d3_at_q6_7/Z/r01,3,Z,1,q6_7,rl,platt,0.0016207665578283862,0.021339852011661
patch,d3_at_q8_5/Z/r01,d3_at_q6_7/Z/r01,3,Z,1,q6_7,rl,isotonic,0.002280789375218165,0.021287592235715486
patch,d3_at_q8_9/Z/r01,d3_at_q6_7/Z/r01,3,Z,1,q6_7,rl,platt,0.0007355711753263217,0.021044074369096194
patch,d3_at_q8_9/Z/r01,d3_at_q6_7/Z/r01,3,Z,1,q6_7,rl,isotonic,0.0006565660921878632,0.020902588346529565
pooled,pool:d3/Z/r1 without q6_7 (8 patches),d3_at_q6_7/Z/r01,3,Z,1,q6_7,rl,platt,0.0005875918282737049,0.02100620384693897
pooled,pool:d3/Z/r1 without q6_7 (8 patches),d3_at_q6_7/Z/r01,3,Z,1,q6_7,rl,isotonic,0.0005246498590688947,0.02071455429994193
same,d3_at_q6_7/Z/r10,d3_at_q6_7/Z/r10,3,Z,10,q6_7,rl,platt,0.004731227117802914,0.23865470352383286
same,d3_at_q6_7/Z/r10,d3_at_q6_7/Z/r10,3,Z,10,q6_7,rl,isotonic,0.0030467158294553063,0.23782603034865069
sim,sim:d3_at_q6_7/Z/r10,d3_at_q6_7/Z/r10,3,Z,10,q6_7,rl,platt,0.01473028336683323,0.24058215545740447
sim,sim:d3_at_q6_7/Z/r10,d3_at_q6_7/Z/r10,3,Z,10,q6_7,rl,isotonic,0.014452686910710456,0.24357660482388366
basis,d3_at_q6_7/X/r10,d3_at_q6_7/Z/r10,3,Z,10,q6_7,rl,platt,0.008444393670445102,0.23912577182227016
basis,d3_at_q6_7/X/r10,d3_at_q6_7/Z/r10,3,Z,10,q6_7,rl,isotonic,0.011360342978708865,0.24035784622118603
patch,d3_at_q10_7/Z/r10,d3_at_q6_7/Z/r10,3,Z,10,q6_7,rl,platt,0.0067149381230118925,0.23875463548055886
patch,d3_at_q10_7/Z/r10,d3_at_q6_7/Z/r10,3,Z,10,q6_7,rl,isotonic,0.006302748439358968,0.23943256209191746
patch,d3_at_q2_7/Z/r10,d3_at_q6_7/Z/r10,3,Z,10,q6_7,rl,platt,0.008244779473329866,0.2394825906078772
patch,d3_at_q2_7/Z/r10,d3_at_q6_7/Z/r10,3,Z,10,q6_7,rl,isotonic,0.00982445883395774,0.2421574983676596
patch,d3_at_q4_5/Z/r10,d3_at_q6_7/Z/r10,3,Z,10,q6_7,rl,platt,0.006884678236428236,0.23895892915074352
patch,d3_at_q4_5/Z/r10,d3_at_q6_7/Z/r10,3,Z,10,q6_7,rl,isotonic,0.010794320593332097,0.2399099210687975
patch,d3_at_q4_9/Z/r10,d3_at_q6_7/Z/r10,3,Z,10,q6_7,rl,platt,0.008409984246361045,0.23905262296045351
patch,d3_at_q4_9/Z/r10,d3_at_q6_7/Z/r10,3,Z,10,q6_7,rl,isotonic,0.010245183866512218,0.24950278094846906
patch,d3_at_q6_11/Z/r10,d3_at_q6_7/Z/r10,3,Z,10,q6_7,rl,platt,0.013942469459193559,0.240316263329634
patch,d3_at_q6_11/Z/r10,d3_at_q6_7/Z/r10,3,Z,10,q6_7,rl,isotonic,0.010390356996571695,0.24129650085405666
patch,d3_at_q6_3/Z/r10,d3_at_q6_7/Z/r10,3,Z,10,q6_7,rl,platt,0.028067802541092125,0.2454926909857096
patch,d3_at_q6_3/Z/r10,d3_at_q6_7/Z/r10,3,Z,10,q6_7,rl,isotonic,0.019288918212041917,0.24425245613032154
patch,d3_at_q8_5/Z/r10,d3_at_q6_7/Z/r10,3,Z,10,q6_7,rl,platt,0.009293323966707179,0.23990074677505022
patch,d3_at_q8_5/Z/r10,d3_at_q6_7/Z/r10,3,Z,10,q6_7,rl,isotonic,0.009800222696699973,0.24026417806496375
patch,d3_at_q8_9/Z/r10,d3_at_q6_7/Z/r10,3,Z,10,q6_7,rl,platt,0.016222431499976618,0.24049677137953634
patch,d3_at_q8_9/Z/r10,d3_at_q6_7/Z/r10,3,Z,10,q6_7,rl,isotonic,0.008129376951761948,0.23973531585458677
pooled,pool:d3/Z/r10 without q6_7 (8 patches),d3_at_q6_7/Z/r10,3,Z,10,q6_7,rl,platt,0.012482405504713854,0.2396216700522932
pooled,pool:d3/Z/r10 without q6_7 (8 patches),d3_at_q6_7/Z/r10,3,Z,10,q6_7,rl,isotonic,0.010655152518302097,0.24029465156552166
same,d3_at_q6_7/Z/r30,d3_at_q6_7/Z/r30,3,Z,30,q6_7,rl,platt,0.012041071060057067,0.5025721443374921
same,d3_at_q6_7/Z/r30,d3_at_q6_7/Z/r30,3,Z,30,q6_7,rl,isotonic,0.008979644075139268,0.5018847640492878
sim,sim:d3_at_q6_7/Z/r30,d3_at_q6_7/Z/r30,3,Z,30,q6_7,rl,platt,0.029892402224646515,0.5068151079263553
sim,sim:d3_at_q6_7/Z/r30,d3_at_q6_7/Z/r30,3,Z,30,q6_7,rl,isotonic,0.03024467519995515,0.5081570911909459
basis,d3_at_q6_7/X/r30,d3_at_q6_7/Z/r30,3,Z,30,q6_7,rl,platt,0.024401102478455693,0.5040901653554322
basis,d3_at_q6_7/X/r30,d3_at_q6_7/Z/r30,3,Z,30,q6_7,rl,isotonic,0.027078085705332385,0.5066906190153219
patch,d3_at_q10_7/Z/r30,d3_at_q6_7/Z/r30,3,Z,30,q6_7,rl,platt,0.018885585208456738,0.5042726399515417
patch,d3_at_q10_7/Z/r30,d3_at_q6_7/Z/r30,3,Z,30,q6_7,rl,isotonic,0.019005597650759213,0.5057565045021346
patch,d3_at_q2_7/Z/r30,d3_at_q6_7/Z/r30,3,Z,30,q6_7,rl,platt,0.023557887750769817,0.5048967683305995
patch,d3_at_q2_7/Z/r30,d3_at_q6_7/Z/r30,3,Z,30,q6_7,rl,isotonic,0.03136249481234779,0.5083845788633591
patch,d3_at_q4_5/Z/r30,d3_at_q6_7/Z/r30,3,Z,30,q6_7,rl,platt,0.026986609257337257,0.5048007914219308
patch,d3_at_q4_5/Z/r30,d3_at_q6_7/Z/r30,3,Z,30,q6_7,rl,isotonic,0.019691475888771136,0.5060661356004276
patch,d3_at_q4_9/Z/r30,d3_at_q6_7/Z/r30,3,Z,30,q6_7,rl,platt,0.020130220887759842,0.5038254436829794
patch,d3_at_q4_9/Z/r30,d3_at_q6_7/Z/r30,3,Z,30,q6_7,rl,isotonic,0.02515587997151464,0.5086814774000548
patch,d3_at_q6_11/Z/r30,d3_at_q6_7/Z/r30,3,Z,30,q6_7,rl,platt,0.015579635443238347,0.5034121934296657
patch,d3_at_q6_11/Z/r30,d3_at_q6_7/Z/r30,3,Z,30,q6_7,rl,isotonic,0.016819212263518075,0.5040298973196766
patch,d3_at_q6_3/Z/r30,d3_at_q6_7/Z/r30,3,Z,30,q6_7,rl,platt,0.04714239518998565,0.5100810062528914
patch,d3_at_q6_3/Z/r30,d3_at_q6_7/Z/r30,3,Z,30,q6_7,rl,isotonic,0.03731418985407832,0.5096620684295919
patch,d3_at_q8_5/Z/r30,d3_at_q6_7/Z/r30,3,Z,30,q6_7,rl,platt,0.04920803309199142,0.5091772133918882
patch,d3_at_q8_5/Z/r30,d3_at_q6_7/Z/r30,3,Z,30,q6_7,rl,isotonic,0.054877760446303984,0.5119198921906942
patch,d3_at_q8_9/Z/r30,d3_at_q6_7/Z/r30,3,Z,30,q6_7,rl,platt,0.025219855455711444,0.5046652043439549
patch,d3_at_q8_9/Z/r30,d3_at_q6_7/Z/r30,3,Z,30,q6_7,rl,isotonic,0.02327083420444272,0.5059018971311374
pooled,pool:d3/Z/r30 without q6_7 (8 patches),d3_at_q6_7/Z/r30,3,Z,30,q6_7,rl,platt,0.014753490985543228,0.503384388012369
pooled,pool:d3/Z/r30 without q6_7 (8 patches),d3_at_q6_7/Z/r30,3,Z,30,q6_7,rl,isotonic,0.02467268020999387,0.5051170310990736
same,d3_at_q6_7/Z/r50,d3_at_q6_7/Z/r50,3,Z,50,q6_7,rl,platt,0.009541879495961176,0.5904611630621397
same,d3_at_q6_7/Z/r50,d3_at_q6_7/Z/r50,3,Z,50,q6_7,rl,isotonic,0.008719457166430125,0.5900298137267624
sim,sim:d3_at_q6_7/Z/r50,d3_at_q6_7/Z/r50,3,Z,50,q6_7,rl,platt,0.02052826858414105,0.5919597812410338
sim,sim:d3_at_q6_7/Z/r50,d3_at_q6_7/Z/r50,3,Z,50,q6_7,rl,isotonic,0.02411095366637765,0.5922174002876862
basis,d3_at_q6_7/X/r50,d3_at_q6_7/Z/r50,3,Z,50,q6_7,rl,platt,0.03282466769208688,0.5930455803299531
basis,d3_at_q6_7/X/r50,d3_at_q6_7/Z/r50,3,Z,50,q6_7,rl,isotonic,0.04440926210823683,0.5979816951615218
patch,d3_at_q10_7/Z/r50,d3_at_q6_7/Z/r50,3,Z,50,q6_7,rl,platt,0.014242090332020086,0.5910226880059902
patch,d3_at_q10_7/Z/r50,d3_at_q6_7/Z/r50,3,Z,50,q6_7,rl,isotonic,0.017869210481668642,0.5915803938842558
patch,d3_at_q2_7/Z/r50,d3_at_q6_7/Z/r50,3,Z,50,q6_7,rl,platt,0.03228198486016193,0.5939865664302192
patch,d3_at_q2_7/Z/r50,d3_at_q6_7/Z/r50,3,Z,50,q6_7,rl,isotonic,0.027900007004368167,0.5944888959093407
patch,d3_at_q4_5/Z/r50,d3_at_q6_7/Z/r50,3,Z,50,q6_7,rl,platt,0.029747426627700208,0.5929175374548964
patch,d3_at_q4_5/Z/r50,d3_at_q6_7/Z/r50,3,Z,50,q6_7,rl,isotonic,0.02229623028872651,0.5929098975589213
patch,d3_at_q4_9/Z/r50,d3_at_q6_7/Z/r50,3,Z,50,q6_7,rl,platt,0.01957860915235011,0.5914546892563872
patch,d3_at_q4_9/Z/r50,d3_at_q6_7/Z/r50,3,Z,50,q6_7,rl,isotonic,0.019724912778259995,0.5935436631732203
patch,d3_at_q6_11/Z/r50,d3_at_q6_7/Z/r50,3,Z,50,q6_7,rl,platt,0.018021778446200752,0.591419579800475
patch,d3_at_q6_11/Z/r50,d3_at_q6_7/Z/r50,3,Z,50,q6_7,rl,isotonic,0.017159127364288103,0.5918439426734163
patch,d3_at_q6_3/Z/r50,d3_at_q6_7/Z/r50,3,Z,50,q6_7,rl,platt,0.06553077829324279,0.6033688275170817
patch,d3_at_q6_3/Z/r50,d3_at_q6_7/Z/r50,3,Z,50,q6_7,rl,isotonic,0.035168954711060726,0.596332229618081
patch,d3_at_q8_5/Z/r50,d3_at_q6_7/Z/r50,3,Z,50,q6_7,rl,platt,0.009070979734338265,0.5905287973327216
patch,d3_at_q8_5/Z/r50,d3_at_q6_7/Z/r50,3,Z,50,q6_7,rl,isotonic,0.024608223339723817,0.5922269622783091
patch,d3_at_q8_9/Z/r50,d3_at_q6_7/Z/r50,3,Z,50,q6_7,rl,platt,0.014630490436513247,0.5909916116897156
patch,d3_at_q8_9/Z/r50,d3_at_q6_7/Z/r50,3,Z,50,q6_7,rl,isotonic,0.01668594434195153,0.5915286536362284
pooled,pool:d3/Z/r50 without q6_7 (8 patches),d3_at_q6_7/Z/r50,3,Z,50,q6_7,rl,platt,0.020528307317494145,0.5919203549839076
pooled,pool:d3/Z/r50 without q6_7 (8 patches),d3_at_q6_7/Z/r50,3,Z,50,q6_7,rl,isotonic,0.019257629590326404,0.5919161053524747
same,d3_at_q8_5/X/r01,d3_at_q8_5/X/r01,3,X,1,q8_5,rl,platt,0.0003159702980666986,0.019566760294040295
same,d3_at_q8_5/X/r01,d3_at_q8_5/X/r01,3,X,1,q8_5,rl,isotonic,0.0002469450940005331,0.019611059228422746
sim,sim:d3_at_q8_5/X/r01,d3_at_q8_5/X/r01,3,X,1,q8_5,rl,platt,0.0019803829854169574,0.021610981400286437
sim,sim:d3_at_q8_5/X/r01,d3_at_q8_5/X/r01,3,X,1,q8_5,rl,isotonic,0.0018906962332594314,0.021468950712691334
basis,d3_at_q8_5/Z/r01,d3_at_q8_5/X/r01,3,X,1,q8_5,rl,platt,0.002114659314793262,0.020401346748928084
basis,d3_at_q8_5/Z/r01,d3_at_q8_5/X/r01,3,X,1,q8_5,rl,isotonic,0.0021996663920623044,0.020673687600649245
patch,d3_at_q10_7/X/r01,d3_at_q8_5/X/r01,3,X,1,q8_5,rl,platt,0.0009924935157367694,0.019990411769958416
patch,d3_at_q10_7/X/r01,d3_at_q8_5/X/r01,3,X,1,q8_5,rl,isotonic,0.0014515103769943735,0.020843669351272204
patch,d3_at_q2_7/X/r01,d3_at_q8_5/X/r01,3,X,1,q8_5,rl,platt,0.002063968483142548,0.02035133913592156
patch,d3_at_q2_7/X/r01,d3_at_q8_5/X/r01,3,X,1,q8_5,rl,isotonic,0.001874420259416773,0.020786753148815545
patch,d3_at_q4_5/X/r01,d3_at_q8_5/X/r01,3,X,1,q8_5,rl,platt,0.0015738152182199598,0.02042062535749347
patch,d3_at_q4_5/X/r01,d3_at_q8_5/X/r01,3,X,1,q8_5,rl,isotonic,0.001016232169651849,0.02060593739829184
patch,d3_at_q4_9/X/r01,d3_at_q8_5/X/r01,3,X,1,q8_5,rl,platt,0.00105511647127581,0.019787471824847094
patch,d3_at_q4_9/X/r01,d3_at_q8_5/X/r01,3,X,1,q8_5,rl,isotonic,0.0009103806714519949,0.019506936915025534
patch,d3_at_q6_11/X/r01,d3_at_q8_5/X/r01,3,X,1,q8_5,rl,platt,0.0009541164956102597,0.02040920044733758
patch,d3_at_q6_11/X/r01,d3_at_q8_5/X/r01,3,X,1,q8_5,rl,isotonic,0.0004346445692919983,0.02044453111096274
patch,d3_at_q6_3/X/r01,d3_at_q8_5/X/r01,3,X,1,q8_5,rl,platt,0.0006146273919815926,0.019602903416236862
patch,d3_at_q6_3/X/r01,d3_at_q8_5/X/r01,3,X,1,q8_5,rl,isotonic,0.00021494404195546602,0.019905161898823562
patch,d3_at_q6_7/X/r01,d3_at_q8_5/X/r01,3,X,1,q8_5,rl,platt,0.00339913399668962,0.02113141887026523
patch,d3_at_q6_7/X/r01,d3_at_q8_5/X/r01,3,X,1,q8_5,rl,isotonic,0.0005911990504133359,0.02154196394521028
patch,d3_at_q8_9/X/r01,d3_at_q8_5/X/r01,3,X,1,q8_5,rl,platt,0.005974215064632738,0.021953605111470396
patch,d3_at_q8_9/X/r01,d3_at_q8_5/X/r01,3,X,1,q8_5,rl,isotonic,0.0059781195836226,0.021948480481346924
pooled,pool:d3/X/r1 without q8_5 (8 patches),d3_at_q8_5/X/r01,3,X,1,q8_5,rl,platt,0.0008131585290496842,0.01968006317042851
pooled,pool:d3/X/r1 without q8_5 (8 patches),d3_at_q8_5/X/r01,3,X,1,q8_5,rl,isotonic,0.00048038744506499206,0.019397027123241848
same,d3_at_q8_5/X/r10,d3_at_q8_5/X/r10,3,X,10,q8_5,rl,platt,0.009100948370514183,0.20635407729705185
same,d3_at_q8_5/X/r10,d3_at_q8_5/X/r10,3,X,10,q8_5,rl,isotonic,0.004251758310846237,0.20469112219823551
sim,sim:d3_at_q8_5/X/r10,d3_at_q8_5/X/r10,3,X,10,q8_5,rl,platt,0.013024471055407012,0.20872751861766464
sim,sim:d3_at_q8_5/X/r10,d3_at_q8_5/X/r10,3,X,10,q8_5,rl,isotonic,0.01289165355958891,0.2084933683825661
basis,d3_at_q8_5/Z/r10,d3_at_q8_5/X/r10,3,X,10,q8_5,rl,platt,0.009647126836541916,0.20734050042142393
basis,d3_at_q8_5/Z/r10,d3_at_q8_5/X/r10,3,X,10,q8_5,rl,isotonic,0.01089461474725864,0.20832345131644325
patch,d3_at_q10_7/X/r10,d3_at_q8_5/X/r10,3,X,10,q8_5,rl,platt,0.009138947351065482,0.2065470912996414
patch,d3_at_q10_7/X/r10,d3_at_q8_5/X/r10,3,X,10,q8_5,rl,isotonic,0.00837524402433956,0.2098862153409275
patch,d3_at_q2_7/X/r10,d3_at_q8_5/X/r10,3,X,10,q8_5,rl,platt,0.011135047068440406,0.2066735415430166
patch,d3_at_q2_7/X/r10,d3_at_q8_5/X/r10,3,X,10,q8_5,rl,isotonic,0.003637493900076179,0.2069363046861329
patch,d3_at_q4_5/X/r10,d3_at_q8_5/X/r10,3,X,10,q8_5,rl,platt,0.010592601226439933,0.2065228020076244
patch,d3_at_q4_5/X/r10,d3_at_q8_5/X/r10,3,X,10,q8_5,rl,isotonic,0.01401946884802469,0.2083850403751868
patch,d3_at_q4_9/X/r10,d3_at_q8_5/X/r10,3,X,10,q8_5,rl,platt,0.009692265160816222,0.20636362532872457
patch,d3_at_q4_9/X/r10,d3_at_q8_5/X/r10,3,X,10,q8_5,rl,isotonic,0.004251813072820714,0.20603082857783514
patch,d3_at_q6_11/X/r10,d3_at_q8_5/X/r10,3,X,10,q8_5,rl,platt,0.01249271247697955,0.20758022298502724
patch,d3_at_q6_11/X/r10,d3_at_q8_5/X/r10,3,X,10,q8_5,rl,isotonic,0.008989922404321065,0.20766099052426074
patch,d3_at_q6_3/X/r10,d3_at_q8_5/X/r10,3,X,10,q8_5,rl,platt,0.010495876737412348,0.20829663958784625
patch,d3_at_q6_3/X/r10,d3_at_q8_5/X/r10,3,X,10,q8_5,rl,isotonic,0.012240007507586744,0.2085260871319824
patch,d3_at_q6_7/X/r10,d3_at_q8_5/X/r10,3,X,10,q8_5,rl,platt,0.009906291631894222,0.20690486300788952
patch,d3_at_q6_7/X/r10,d3_at_q8_5/X/r10,3,X,10,q8_5,rl,isotonic,0.010353247474191096,0.2064415702522337
patch,d3_at_q8_9/X/r10,d3_at_q8_5/X/r10,3,X,10,q8_5,rl,platt,0.01526641705808527,0.20849061489253698
patch,d3_at_q8_9/X/r10,d3_at_q8_5/X/r10,3,X,10,q8_5,rl,isotonic,0.014121567295364281,0.20841462855498252
pooled,pool:d3/X/r10 without q8_5 (8 patches),d3_at_q8_5/X/r10,3,X,10,q8_5,rl,platt,0.009632556056198513,0.20635703261356111
pooled,pool:d3/X/r10 without q8_5 (8 patches),d3_at_q8_5/X/r10,3,X,10,q8_5,rl,isotonic,0.0046138286293100125,0.20595262904319442
same,d3_at_q8_5/X/r30,d3_at_q8_5/X/r30,3,X,30,q8_5,rl,platt,0.021841169262542377,0.5206980701646827
same,d3_at_q8_5/X/r30,d3_at_q8_5/X/r30,3,X,30,q8_5,rl,isotonic,0.007668339569923856,0.5189269332274079
sim,sim:d3_at_q8_5/X/r30,d3_at_q8_5/X/r30,3,X,30,q8_5,rl,platt,0.05030837991208372,0.5293370606539055
sim,sim:d3_at_q8_5/X/r30,d3_at_q8_5/X/r30,3,X,30,q8_5,rl,isotonic,0.05099664684099409,0.5296080675081007
basis,d3_at_q8_5/Z/r30,d3_at_q8_5/X/r30,3,X,30,q8_5,rl,platt,0.032902395542557326,0.5238401838234539
basis,d3_at_q8_5/Z/r30,d3_at_q8_5/X/r30,3,X,30,q8_5,rl,isotonic,0.029898419695757215,0.523971920315477
patch,d3_at_q10_7/X/r30,d3_at_q8_5/X/r30,3,X,30,q8_5,rl,platt,0.02136922030324338,0.5211197857913863
patch,d3_at_q10_7/X/r30,d3_at_q8_5/X/r30,3,X,30,q8_5,rl,isotonic,0.030044927652222303,0.5241681360708809
patch,d3_at_q2_7/X/r30,d3_at_q8_5/X/r30,3,X,30,q8_5,rl,platt,0.026571600424727084,0.522230070328321
patch,d3_at_q2_7/X/r30,d3_at_q8_5/X/r30,3,X,30,q8_5,rl,isotonic,0.026648474162869768,0.522847171973398
patch,d3_at_q4_5/X/r30,d3_at_q8_5/X/r30,3,X,30,q8_5,rl,platt,0.0407672963994271,0.5252210397097573
patch,d3_at_q4_5/X/r30,d3_at_q8_5/X/r30,3,X,30,q8_5,rl,isotonic,0.0442931170955016,0.5271217825603239
patch,d3_at_q4_9/X/r30,d3_at_q8_5/X/r30,3,X,30,q8_5,rl,platt,0.025824727722713468,0.5216877559144578
patch,d3_at_q4_9/X/r30,d3_at_q8_5/X/r30,3,X,30,q8_5,rl,isotonic,0.019105816985175834,0.5214550505043991
patch,d3_at_q6_11/X/r30,d3_at_q8_5/X/r30,3,X,30,q8_5,rl,platt,0.03954599869278673,0.5254307177257309
patch,d3_at_q6_11/X/r30,d3_at_q8_5/X/r30,3,X,30,q8_5,rl,isotonic,0.037576588418295316,0.5265287199726897
patch,d3_at_q6_3/X/r30,d3_at_q8_5/X/r30,3,X,30,q8_5,rl,platt,0.030633544185611674,0.5235792258176487
patch,d3_at_q6_3/X/r30,d3_at_q8_5/X/r30,3,X,30,q8_5,rl,isotonic,0.02806614935111541,0.5244801087935704
patch,d3_at_q6_7/X/r30,d3_at_q8_5/X/r30,3,X,30,q8_5,rl,platt,0.024110733533783693,0.5211123742505834
patch,d3_at_q6_7/X/r30,d3_at_q8_5/X/r30,3,X,30,q8_5,rl,isotonic,0.01599054336337494,0.5201494683319414
patch,d3_at_q8_9/X/r30,d3_at_q8_5/X/r30,3,X,30,q8_5,rl,platt,0.03218751168715729,0.5243295746177215
patch,d3_at_q8_9/X/r30,d3_at_q8_5/X/r30,3,X,30,q8_5,rl,isotonic,0.04149601789761959,0.5299618813711723
pooled,pool:d3/X/r30 without q8_5 (8 patches),d3_at_q8_5/X/r30,3,X,30,q8_5,rl,platt,0.024244837385885426,0.5212944053947797
pooled,pool:d3/X/r30 without q8_5 (8 patches),d3_at_q8_5/X/r30,3,X,30,q8_5,rl,isotonic,0.02507365975913028,0.5214341969169033
same,d3_at_q8_5/X/r50,d3_at_q8_5/X/r50,3,X,50,q8_5,rl,platt,0.018493559241111533,0.5673601358216925
same,d3_at_q8_5/X/r50,d3_at_q8_5/X/r50,3,X,50,q8_5,rl,isotonic,0.009970740825349477,0.5661447689253515
sim,sim:d3_at_q8_5/X/r50,d3_at_q8_5/X/r50,3,X,50,q8_5,rl,platt,0.036823419047619155,0.5704579590771129
sim,sim:d3_at_q8_5/X/r50,d3_at_q8_5/X/r50,3,X,50,q8_5,rl,isotonic,0.039308319066041666,0.5707997392143702
basis,d3_at_q8_5/Z/r50,d3_at_q8_5/X/r50,3,X,50,q8_5,rl,platt,0.01942997326254857,0.5676388881446774
basis,d3_at_q8_5/Z/r50,d3_at_q8_5/X/r50,3,X,50,q8_5,rl,isotonic,0.030727927361356874,0.571069430728344
patch,d3_at_q10_7/X/r50,d3_at_q8_5/X/r50,3,X,50,q8_5,rl,platt,0.03070462542728521,0.5693539018047483
patch,d3_at_q10_7/X/r50,d3_at_q8_5/X/r50,3,X,50,q8_5,rl,isotonic,0.03721985402104025,0.5727805535387984
patch,d3_at_q2_7/X/r50,d3_at_q8_5/X/r50,3,X,50,q8_5,rl,platt,0.01833755520927979,0.5675261533412078
patch,d3_at_q2_7/X/r50,d3_at_q8_5/X/r50,3,X,50,q8_5,rl,isotonic,0.017789491608819433,0.5704206319853286
patch,d3_at_q4_5/X/r50,d3_at_q8_5/X/r50,3,X,50,q8_5,rl,platt,0.02776188665452107,0.5688588801083229
patch,d3_at_q4_5/X/r50,d3_at_q8_5/X/r50,3,X,50,q8_5,rl,isotonic,0.030681030816340514,0.5807096758976569
patch,d3_at_q4_9/X/r50,d3_at_q8_5/X/r50,3,X,50,q8_5,rl,platt,0.019311951395543835,0.5674700615320638
patch,d3_at_q4_9/X/r50,d3_at_q8_5/X/r50,3,X,50,q8_5,rl,isotonic,0.015467698005345833,0.5687835233036427
patch,d3_at_q6_11/X/r50,d3_at_q8_5/X/r50,3,X,50,q8_5,rl,platt,0.02930028881711,0.5688617506058327
patch,d3_at_q6_11/X/r50,d3_at_q8_5/X/r50,3,X,50,q8_5,rl,isotonic,0.034608946542133805,0.5712543170020392
patch,d3_at_q6_3/X/r50,d3_at_q8_5/X/r50,3,X,50,q8_5,rl,platt,0.038616065434328606,0.5713173647458926
patch,d3_at_q6_3/X/r50,d3_at_q8_5/X/r50,3,X,50,q8_5,rl,isotonic,0.04105928887531527,0.5731493029106854
patch,d3_at_q6_7/X/r50,d3_at_q8_5/X/r50,3,X,50,q8_5,rl,platt,0.03309847975994413,0.5699276132776635
patch,d3_at_q6_7/X/r50,d3_at_q8_5/X/r50,3,X,50,q8_5,rl,isotonic,0.02625741441538554,0.5707343712187586
patch,d3_at_q8_9/X/r50,d3_at_q8_5/X/r50,3,X,50,q8_5,rl,platt,0.042975878115348205,0.572579509253617
patch,d3_at_q8_9/X/r50,d3_at_q8_5/X/r50,3,X,50,q8_5,rl,isotonic,0.04128687122065072,0.5829428783421667
pooled,pool:d3/X/r50 without q8_5 (8 patches),d3_at_q8_5/X/r50,3,X,50,q8_5,rl,platt,0.01825875341624803,0.5674242459370551
pooled,pool:d3/X/r50 without q8_5 (8 patches),d3_at_q8_5/X/r50,3,X,50,q8_5,rl,isotonic,0.020388836671038392,0.568167860403813
same,d3_at_q8_5/Z/r01,d3_at_q8_5/Z/r01,3,Z,1,q8_5,rl,platt,0.0005418568383541615,0.013459785334788709
same,d3_at_q8_5/Z/r01,d3_at_q8_5/Z/r01,3,Z,1,q8_5,rl,isotonic,0.0004932363206840403,0.013360861852948184
sim,sim:d3_at_q8_5/Z/r01,d3_at_q8_5/Z/r01,3,Z,1,q8_5,rl,platt,0.0008286068744014751,0.0137145739145017
sim,sim:d3_at_q8_5/Z/r01,d3_at_q8_5/Z/r01,3,Z,1,q8_5,rl,isotonic,0.000651210678313339,0.01627256856625699
basis,d3_at_q8_5/X/r01,d3_at_q8_5/Z/r01,3,Z,1,q8_5,rl,platt,0.0018384759813464097,0.014015355832232665
basis,d3_at_q8_5/X/r01,d3_at_q8_5/Z/r01,3,Z,1,q8_5,rl,isotonic,0.002056152478826668,0.014154007254156957
patch,d3_at_q10_7/Z/r01,d3_at_q8_5/Z/r01,3,Z,1,q8_5,rl,platt,0.0015974470434867605,0.013702962507298513
patch,d3_at_q10_7/Z/r01,d3_at_q8_5/Z/r01,3,Z,1,q8_5,rl,isotonic,0.0024284164495792576,0.016239261454878216
patch,d3_at_q2_7/Z/r01,d3_at_q8_5/Z/r01,3,Z,1,q8_5,rl,platt,0.0010620675340274812,0.013529877788955202
patch,d3_at_q2_7/Z/r01,d3_at_q8_5/Z/r01,3,Z,1,q8_5,rl,isotonic,0.000428488197561255,0.013508484601787295
patch,d3_at_q4_5/Z/r01,d3_at_q8_5/Z/r01,3,Z,1,q8_5,rl,platt,0.0003684538513631229,0.013595216657286285
patch,d3_at_q4_5/Z/r01,d3_at_q8_5/Z/r01,3,Z,1,q8_5,rl,isotonic,0.0003819473025755495,0.013816616230941202
patch,d3_at_q4_9/Z/r01,d3_at_q8_5/Z/r01,3,Z,1,q8_5,rl,platt,0.0007029316336601393,0.013472721226401302
patch,d3_at_q4_9/Z/r01,d3_at_q8_5/Z/r01,3,Z,1,q8_5,rl,isotonic,0.0011888433811272862,0.013922337577681333
patch,d3_at_q6_11/Z/r01,d3_at_q8_5/Z/r01,3,Z,1,q8_5,rl,platt,0.00042953980464864166,0.013416695409966657
patch,d3_at_q6_11/Z/r01,d3_at_q8_5/Z/r01,3,Z,1,q8_5,rl,isotonic,0.0010380257071612724,0.0230891557141695
patch,d3_at_q6_3/Z/r01,d3_at_q8_5/Z/r01,3,Z,1,q8_5,rl,platt,0.000660760590473971,0.01347865511076625
patch,d3_at_q6_3/Z/r01,d3_at_q8_5/Z/r01,3,Z,1,q8_5,rl,isotonic,0.0006383788568510025,0.013305687309724566
patch,d3_at_q6_7/Z/r01,d3_at_q8_5/Z/r01,3,Z,1,q8_5,rl,platt,0.0009079676351242116,0.013512284597508133
patch,d3_at_q6_7/Z/r01,d3_at_q8_5/Z/r01,3,Z,1,q8_5,rl,isotonic,0.001254348537701634,0.014098624222950334
patch,d3_at_q8_9/Z/r01,d3_at_q8_5/Z/r01,3,Z,1,q8_5,rl,platt,0.00017395795939563518,0.01340501350743746
patch,d3_at_q8_9/Z/r01,d3_at_q8_5/Z/r01,3,Z,1,q8_5,rl,isotonic,0.0005987568745829238,0.013561618772257871
pooled,pool:d3/Z/r1 without q8_5 (8 patches),d3_at_q8_5/Z/r01,3,Z,1,q8_5,rl,platt,0.0006324853065201654,0.013439972245349766
pooled,pool:d3/Z/r1 without q8_5 (8 patches),d3_at_q8_5/Z/r01,3,Z,1,q8_5,rl,isotonic,0.000969048004937149,0.013515057234377995
same,d3_at_q8_5/Z/r10,d3_at_q8_5/Z/r10,3,Z,10,q8_5,rl,platt,0.00723847569603919,0.18233773498904984
same,d3_at_q8_5/Z/r10,d3_at_q8_5/Z/r10,3,Z,10,q8_5,rl,isotonic,0.005697560346423693,0.18088491149083802
sim,sim:d3_at_q8_5/Z/r10,d3_at_q8_5/Z/r10,3,Z,10,q8_5,rl,platt,0.013790729319515109,0.18353183047628352
sim,sim:d3_at_q8_5/Z/r10,d3_at_q8_5/Z/r10,3,Z,10,q8_5,rl,isotonic,0.01123827235813075,0.18337904660674922
basis,d3_at_q8_5/X/r10,d3_at_q8_5/Z/r10,3,Z,10,q8_5,rl,platt,0.007102573427901527,0.1827069694433468
basis,d3_at_q8_5/X/r10,d3_at_q8_5/Z/r10,3,Z,10,q8_5,rl,isotonic,0.010773517698175188,0.18321848957159118
patch,d3_at_q10_7/Z/r10,d3_at_q8_5/Z/r10,3,Z,10,q8_5,rl,platt,0.008754167389667881,0.1826556704718491
patch,d3_at_q10_7/Z/r10,d3_at_q8_5/Z/r10,3,Z,10,q8_5,rl,isotonic,0.006590100688448851,0.18251177867128418
patch,d3_at_q2_7/Z/r10,d3_at_q8_5/Z/r10,3,Z,10,q8_5,rl,platt,0.006277792303319475,0.18228649842994424
patch,d3_at_q2_7/Z/r10,d3_at_q8_5/Z/r10,3,Z,10,q8_5,rl,isotonic,0.009947306640595177,0.18326109002797222
patch,d3_at_q4_5/Z/r10,d3_at_q8_5/Z/r10,3,Z,10,q8_5,rl,platt,0.007349036748584507,0.1825490627604436
patch,d3_at_q4_5/Z/r10,d3_at_q8_5/Z/r10,3,Z,10,q8_5,rl,isotonic,0.00755706501781858,0.18185251785139897
patch,d3_at_q4_9/Z/r10,d3_at_q8_5/Z/r10,3,Z,10,q8_5,rl,platt,0.00824446624558579,0.18232397831529354
patch,d3_at_q4_9/Z/r10,d3_at_q8_5/Z/r10,3,Z,10,q8_5,rl,isotonic,0.008339806570540962,0.18183765176670375
patch,d3_at_q6_11/Z/r10,d3_at_q8_5/Z/r10,3,Z,10,q8_5,rl,platt,0.010203873350224914,0.1825940349477978
patch,d3_at_q6_11/Z/r10,d3_at_q8_5/Z/r10,3,Z,10,q8_5,rl,isotonic,0.0041928867652722135,0.1828844475545169
patch,d3_at_q6_3/Z/r10,d3_at_q8_5/Z/r10,3,Z,10,q8_5,rl,platt,0.018697318563008578,0.18567343635883599
patch,d3_at_q6_3/Z/r10,d3_at_q8_5/Z/r10,3,Z,10,q8_5,rl,isotonic,0.012664954584306592,0.1858308278034103
patch,d3_at_q6_7/Z/r10,d3_at_q8_5/Z/r10,3,Z,10,q8_5,rl,platt,0.007931327501398659,0.18278541238882884
patch,d3_at_q6_7/Z/r10,d3_at_q8_5/Z/r10,3,Z,10,q8_5,rl,isotonic,0.007143641349116439,0.1819294402191657
patch,d3_at_q8_9/Z/r10,d3_at_q8_5/Z/r10,3,Z,10,q8_5,rl,platt,0.014576933384841183,0.18365852722225093
patch,d3_at_q8_9/Z/r10,d3_at_q8_5/Z/r10,3,Z,10,q8_5,rl,isotonic,0.0111847217893714,0.18338823958285205
pooled,pool:d3/Z/r10 without q8_5 (8 patches),d3_at_q8_5/Z/r10,3,Z,10,q8_5,rl,platt,0.01030717281906573,0.1825238329558284
pooled,pool:d3/Z/r10 without q8_5 (8 patches),d3_at_q8_5/Z/r10,3,Z,10,q8_5,rl,isotonic,0.007249768362402892,0.18114724007273278
same,d3_at_q8_5/Z/r30,d3_at_q8_5/Z/r30,3,Z,30,q8_5,rl,platt,0.025734220340085604,0.585716293640161
same,d3_at_q8_5/Z/r30,d3_at_q8_5/Z/r30,3,Z,30,q8_5,rl,isotonic,0.00949916601851607,0.5825094037775004
sim,sim:d3_at_q8_5/Z/r30,d3_at_q8_5/Z/r30,3,Z,30,q8_5,rl,platt,0.0913805837031421,0.6143858921863459
sim,sim:d3_at_q8_5/Z/r30,d3_at_q8_5/Z/r30,3,Z,30,q8_5,rl,isotonic,0.09234276633108741,0.6184954663082038
basis,d3_at_q8_5/X/r30,d3_at_q8_5/Z/r30,3,Z,30,q8_5,rl,platt,0.037526987733607006,0.5894653184687738
basis,d3_at_q8_5/X/r30,d3_at_q8_5/Z/r30,3,Z,30,q8_5,rl,isotonic,0.03494087307189231,0.5954799983912861
patch,d3_at_q10_7/Z/r30,d3_at_q8_5/Z/r30,3,Z,30,q8_5,rl,platt,0.07402243086064253,0.6022748904206657
patch,d3_at_q10_7/Z/r30,d3_at_q8_5/Z/r30,3,Z,30,q8_5,rl,isotonic,0.08104895786090394,0.6073251089113063
patch,d3_at_q2_7/Z/r30,d3_at_q8_5/Z/r30,3,Z,30,q8_5,rl,platt,0.0706411377804373,0.6020818137555315
patch,d3_at_q2_7/Z/r30,d3_at_q8_5/Z/r30,3,Z,30,q8_5,rl,isotonic,0.07349775635727963,0.6046624948962108
patch,d3_at_q4_5/Z/r30,d3_at_q8_5/Z/r30,3,Z,30,q8_5,rl,platt,0.05999176710228176,0.5978199134817325
patch,d3_at_q4_5/Z/r30,d3_at_q8_5/Z/r30,3,Z,30,q8_5,rl,isotonic,0.06430777833375595,0.6035080145114001
patch,d3_at_q4_9/Z/r30,d3_at_q8_5/Z/r30,3,Z,30,q8_5,rl,platt,0.06421949437954877,0.598858774372646
patch,d3_at_q4_9/Z/r30,d3_at_q8_5/Z/r30,3,Z,30,q8_5,rl,isotonic,0.07310785823552281,0.6050761802715255
patch,d3_at_q6_11/Z/r30,d3_at_q8_5/Z/r30,3,Z,30,q8_5,rl,platt,0.0715773146687011,0.6004097632188964
patch,d3_at_q6_11/Z/r30,d3_at_q8_5/Z/r30,3,Z,30,q8_5,rl,isotonic,0.05941662904262947,0.5961042479593694
patch,d3_at_q6_3/Z/r30,d3_at_q8_5/Z/r30,3,Z,30,q8_5,rl,platt,0.1111107673273386,0.6206540617811221
patch,d3_at_q6_3/Z/r30,d3_at_q8_5/Z/r30,3,Z,30,q8_5,rl,isotonic,0.08400862475284375,0.6121520070755563
patch,d3_at_q6_7/Z/r30,d3_at_q8_5/Z/r30,3,Z,30,q8_5,rl,platt,0.05465289076225378,0.594238519451903
patch,d3_at_q6_7/Z/r30,d3_at_q8_5/Z/r30,3,Z,30,q8_5,rl,isotonic,0.05471131000532202,0.5986555769210881
patch,d3_at_q8_9/Z/r30,d3_at_q8_5/Z/r30,3,Z,30,q8_5,rl,platt,0.0824472363709664,0.6052254352110665
patch,d3_at_q8_9/Z/r30,d3_at_q8_5/Z/r30,3,Z,30,q8_5,rl,isotonic,0.06548434060492613,0.5978269752568093
pooled,pool:d3/Z/r30 without q8_5 (8 patches),d3_at_q8_5/Z/r30,3,Z,30,q8_5,rl,platt,0.07661850803213358,0.6028014652981037
pooled,pool:d3/Z/r30 without q8_5 (8 patches),d3_at_q8_5/Z/r30,3,Z,30,q8_5,rl,isotonic,0.07363260517472375,0.6039544797926538
same,d3_at_q8_5/Z/r50,d3_at_q8_5/Z/r50,3,Z,50,q8_5,rl,platt,0.032724683695007833,0.5614680125125656
same,d3_at_q8_5/Z/r50,d3_at_q8_5/Z/r50,3,Z,50,q8_5,rl,isotonic,0.01012361384718727,0.5565943061026368
sim,sim:d3_at_q8_5/Z/r50,d3_at_q8_5/Z/r50,3,Z,50,q8_5,rl,platt,0.04498443649364247,0.567980626265073
sim,sim:d3_at_q8_5/Z/r50,d3_at_q8_5/Z/r50,3,Z,50,q8_5,rl,isotonic,0.04558885960107826,0.568196427896807
basis,d3_at_q8_5/X/r50,d3_at_q8_5/Z/r50,3,Z,50,q8_5,rl,platt,0.03766387828005344,0.5617214470589939
basis,d3_at_q8_5/X/r50,d3_at_q8_5/Z/r50,3,Z,50,q8_5,rl,isotonic,0.034927822286038614,0.5647276597433799
patch,d3_at_q10_7/Z/r50,d3_at_q8_5/Z/r50,3,Z,50,q8_5,rl,platt,0.03141031300849593,0.5616951657079333
patch,d3_at_q10_7/Z/r50,d3_at_q8_5/Z/r50,3,Z,50,q8_5,rl,isotonic,0.029461238705924906,0.5624156960256718
patch,d3_at_q2_7/Z/r50,d3_at_q8_5/Z/r50,3,Z,50,q8_5,rl,platt,0.034915999311794885,0.5639749904293756
patch,d3_at_q2_7/Z/r50,d3_at_q8_5/Z/r50,3,Z,50,q8_5,rl,isotonic,0.03606719968894983,0.5651572824968202
patch,d3_at_q4_5/Z/r50,d3_at_q8_5/Z/r50,3,Z,50,q8_5,rl,platt,0.0375673791549986,0.5628628085348816
patch,d3_at_q4_5/Z/r50,d3_at_q8_5/Z/r50,3,Z,50,q8_5,rl,isotonic,0.04455364186127995,0.5669784685960685
patch,d3_at_q4_9/Z/r50,d3_at_q8_5/Z/r50,3,Z,50,q8_5,rl,platt,0.0337288131598257,0.5618860172972936
patch,d3_at_q4_9/Z/r50,d3_at_q8_5/Z/r50,3,Z,50,q8_5,rl,isotonic,0.020822887829689576,0.560570178885856
patch,d3_at_q6_11/Z/r50,d3_at_q8_5/Z/r50,3,Z,50,q8_5,rl,platt,0.032726397720224065,0.5621111509241954
patch,d3_at_q6_11/Z/r50,d3_at_q8_5/Z/r50,3,Z,50,q8_5,rl,isotonic,0.026005497729995837,0.5628726704116813
patch,d3_at_q6_3/Z/r50,d3_at_q8_5/Z/r50,3,Z,50,q8_5,rl,platt,0.06280090020383286,0.5734684899293012
patch,d3_at_q6_3/Z/r50,d3_at_q8_5/Z/r50,3,Z,50,q8_5,rl,isotonic,0.037916743496103904,0.5694408589772841
patch,d3_at_q6_7/Z/r50,d3_at_q8_5/Z/r50,3,Z,50,q8_5,rl,platt,0.032257073168601665,0.5619155173973113
patch,d3_at_q6_7/Z/r50,d3_at_q8_5/Z/r50,3,Z,50,q8_5,rl,isotonic,0.020400238262669207,0.5593420584602751
patch,d3_at_q8_9/Z/r50,d3_at_q8_5/Z/r50,3,Z,50,q8_5,rl,platt,0.03238715310253352,0.5618366338620923
patch,d3_at_q8_9/Z/r50,d3_at_q8_5/Z/r50,3,Z,50,q8_5,rl,isotonic,0.012553017745486615,0.5617662646612014
pooled,pool:d3/Z/r50 without q8_5 (8 patches),d3_at_q8_5/Z/r50,3,Z,50,q8_5,rl,platt,0.03262431056238067,0.5623880995146607
pooled,pool:d3/Z/r50 without q8_5 (8 patches),d3_at_q8_5/Z/r50,3,Z,50,q8_5,rl,isotonic,0.02992684733524295,0.5622807496911315
same,d3_at_q8_9/X/r01,d3_at_q8_9/X/r01,3,X,1,q8_9,rl,platt,0.0023902459639498982,0.055170000072005176
same,d3_at_q8_9/X/r01,d3_at_q8_9/X/r01,3,X,1,q8_9,rl,isotonic,0.001391904401383888,0.05123352411366521
sim,sim:d3_at_q8_9/X/r01,d3_at_q8_9/X/r01,3,X,1,q8_9,rl,platt,0.014021034360222243,0.07495952072995599
sim,sim:d3_at_q8_9/X/r01,d3_at_q8_9/X/r01,3,X,1,q8_9,rl,isotonic,0.014047640453738791,0.08852657478579998
basis,d3_at_q8_9/Z/r01,d3_at_q8_9/X/r01,3,X,1,q8_9,rl,platt,0.012031767938477909,0.06764446596236585
basis,d3_at_q8_9/Z/r01,d3_at_q8_9/X/r01,3,X,1,q8_9,rl,isotonic,0.011679526157125765,0.06835824993277771
patch,d3_at_q10_7/X/r01,d3_at_q8_9/X/r01,3,X,1,q8_9,rl,platt,0.011057592663594558,0.06501735373146927
patch,d3_at_q10_7/X/r01,d3_at_q8_9/X/r01,3,X,1,q8_9,rl,isotonic,0.01166739933076313,0.06531366181804105
patch,d3_at_q2_7/X/r01,d3_at_q8_9/X/r01,3,X,1,q8_9,rl,platt,0.012769134395562627,0.06826038929327306
patch,d3_at_q2_7/X/r01,d3_at_q8_9/X/r01,3,X,1,q8_9,rl,isotonic,0.012468529208600445,0.07133138922632387
patch,d3_at_q4_5/X/r01,d3_at_q8_9/X/r01,3,X,1,q8_9,rl,platt,0.011916018030385299,0.06803837103599857
patch,d3_at_q4_5/X/r01,d3_at_q8_9/X/r01,3,X,1,q8_9,rl,isotonic,0.011455380563838746,0.06766430132950156
patch,d3_at_q4_9/X/r01,d3_at_q8_9/X/r01,3,X,1,q8_9,rl,platt,0.011238881983806664,0.06400581605663481
patch,d3_at_q4_9/X/r01,d3_at_q8_9/X/r01,3,X,1,q8_9,rl,isotonic,0.011068924851738443,0.06193604258384948
patch,d3_at_q6_11/X/r01,d3_at_q8_9/X/r01,3,X,1,q8_9,rl,platt,0.010888925894385178,0.06681432209179247
patch,d3_at_q6_11/X/r01,d3_at_q8_9/X/r01,3,X,1,q8_9,rl,isotonic,0.010606624662452394,0.0650165378232121
patch,d3_at_q6_3/X/r01,d3_at_q8_9/X/r01,3,X,1,q8_9,rl,platt,0.010544217144427508,0.061905012655962974
patch,d3_at_q6_3/X/r01,d3_at_q8_9/X/r01,3,X,1,q8_9,rl,isotonic,0.009796113540010766,0.060197624099775325
patch,d3_at_q6_7/X/r01,d3_at_q8_9/X/r01,3,X,1,q8_9,rl,platt,0.004407546268295352,0.05907235123139014
patch,d3_at_q6_7/X/r01,d3_at_q8_9/X/r01,3,X,1,q8_9,rl,isotonic,0.00838839994372815,0.06508589220801413
patch,d3_at_q8_5/X/r01,d3_at_q8_9/X/r01,3,X,1,q8_9,rl,platt,0.009677964086703714,0.060124104606849735
patch,d3_at_q8_5/X/r01,d3_at_q8_9/X/r01,3,X,1,q8_9,rl,isotonic,0.008747300343245524,0.06046315128106
pooled,pool:d3/X/r1 without q8_9 (8 patches),d3_at_q8_9/X/r01,3,X,1,q8_9,rl,platt,0.009827064590299235,0.0623271342581823
pooled,pool:d3/X/r1 without q8_9 (8 patches),d3_at_q8_9/X/r01,3,X,1,q8_9,rl,isotonic,0.010048428230133395,0.06192133819015243
same,d3_at_q8_9/X/r10,d3_at_q8_9/X/r10,3,X,10,q8_9,rl,platt,0.017574439499887948,0.3090601299587764
same,d3_at_q8_9/X/r10,d3_at_q8_9/X/r10,3,X,10,q8_9,rl,isotonic,0.006959453234624585,0.30610956736474426
sim,sim:d3_at_q8_9/X/r10,d3_at_q8_9/X/r10,3,X,10,q8_9,rl,platt,0.026029657969949237,0.3138224231295484
sim,sim:d3_at_q8_9/X/r10,d3_at_q8_9/X/r10,3,X,10,q8_9,rl,isotonic,0.02542226255435511,0.31633472354561576
basis,d3_at_q8_9/Z/r10,d3_at_q8_9/X/r10,3,X,10,q8_9,rl,platt,0.03345125475867758,0.31559281411433066
basis,d3_at_q8_9/Z/r10,d3_at_q8_9/X/r10,3,X,10,q8_9,rl,isotonic,0.023642561736979314,0.3124536361142212
patch,d3_at_q10_7/X/r10,d3_at_q8_9/X/r10,3,X,10,q8_9,rl,platt,0.023760622958931,0.3122096682646314
patch,d3_at_q10_7/X/r10,d3_at_q8_9/X/r10,3,X,10,q8_9,rl,isotonic,0.031086590596690764,0.31634798573899253
patch,d3_at_q2_7/X/r10,d3_at_q8_9/X/r10,3,X,10,q8_9,rl,platt,0.024186896889067232,0.3118192738437476
patch,d3_at_q2_7/X/r10,d3_at_q8_9/X/r10,3,X,10,q8_9,rl,isotonic,0.019873602557696685,0.3170380898011898
patch,d3_at_q4_5/X/r10,d3_at_q8_9/X/r10,3,X,10,q8_9,rl,platt,0.023315101612817163,0.31163164483999295
patch,d3_at_q4_5/X/r10,d3_at_q8_9/X/r10,3,X,10,q8_9,rl,isotonic,0.024039369655369416,0.3126504812602863
patch,d3_at_q4_9/X/r10,d3_at_q8_9/X/r10,3,X,10,q8_9,rl,platt,0.020918760677013423,0.31050943633980477
patch,d3_at_q4_9/X/r10,d3_at_q8_9/X/r10,3,X,10,q8_9,rl,isotonic,0.018561156544059598,0.31189915609471963
patch,d3_at_q6_11/X/r10,d3_at_q8_9/X/r10,3,X,10,q8_9,rl,platt,0.03347270726241891,0.31593104821151413
patch,d3_at_q6_11/X/r10,d3_at_q8_9/X/r10,3,X,10,q8_9,rl,isotonic,0.03500087149468113,0.3215604327556793
patch,d3_at_q6_3/X/r10,d3_at_q8_9/X/r10,3,X,10,q8_9,rl,platt,0.02811330484532434,0.31600156270118746
patch,d3_at_q6_3/X/r10,d3_at_q8_9/X/r10,3,X,10,q8_9,rl,isotonic,0.030690791642177733,0.32361353293956246
patch,d3_at_q6_7/X/r10,d3_at_q8_9/X/r10,3,X,10,q8_9,rl,platt,0.016130643182173252,0.30898057503786713
patch,d3_at_q6_7/X/r10,d3_at_q8_9/X/r10,3,X,10,q8_9,rl,isotonic,0.013028913917918461,0.31057141645930386
patch,d3_at_q8_5/X/r10,d3_at_q8_9/X/r10,3,X,10,q8_9,rl,platt,0.020559624418869438,0.31042976413846773
patch,d3_at_q8_5/X/r10,d3_at_q8_9/X/r10,3,X,10,q8_9,rl,isotonic,0.017570149279307293,0.3111208162407975
pooled,pool:d3/X/r10 without q8_9 (8 patches),d3_at_q8_9/X/r10,3,X,10,q8_9,rl,platt,0.022371761959878448,0.3113119018262119
pooled,pool:d3/X/r10 without q8_9 (8 patches),d3_at_q8_9/X/r10,3,X,10,q8_9,rl,isotonic,0.023582280381015636,0.31226812004390253
same,d3_at_q8_9/X/r30,d3_at_q8_9/X/r30,3,X,30,q8_9,rl,platt,0.017377017900953265,0.5841461070831998
same,d3_at_q8_9/X/r30,d3_at_q8_9/X/r30,3,X,30,q8_9,rl,isotonic,0.012242255198570863,0.583171804506422
sim,sim:d3_at_q8_9/X/r30,d3_at_q8_9/X/r30,3,X,30,q8_9,rl,platt,0.04751749747775144,0.5912271355318259
sim,sim:d3_at_q8_9/X/r30,d3_at_q8_9/X/r30,3,X,30,q8_9,rl,isotonic,0.04881738290599953,0.5943711807811597
basis,d3_at_q8_9/Z/r30,d3_at_q8_9/X/r30,3,X,30,q8_9,rl,platt,0.06709116078060015,0.5987384720956435
basis,d3_at_q8_9/Z/r30,d3_at_q8_9/X/r30,3,X,30,q8_9,rl,isotonic,0.054609312137924845,0.598167686687357
patch,d3_at_q10_7/X/r30,d3_at_q8_9/X/r30,3,X,30,q8_9,rl,platt,0.04002180802192225,0.5892890770828773
patch,d3_at_q10_7/X/r30,d3_at_q8_9/X/r30,3,X,30,q8_9,rl,isotonic,0.036768915270941324,0.5895158008794776
patch,d3_at_q2_7/X/r30,d3_at_q8_9/X/r30,3,X,30,q8_9,rl,platt,0.047843592506455895,0.5916649733660714
patch,d3_at_q2_7/X/r30,d3_at_q8_9/X/r30,3,X,30,q8_9,rl,isotonic,0.04084387227601983,0.5921984049935868
patch,d3_at_q4_5/X/r30,d3_at_q8_9/X/r30,3,X,30,q8_9,rl,platt,0.06047102032694733,0.5942542074284217
patch,d3_at_q4_5/X/r30,d3_at_q8_9/X/r30,3,X,30,q8_9,rl,isotonic,0.05025049599018962,0.5915171336064551
patch,d3_at_q4_9/X/r30,d3_at_q8_9/X/r30,3,X,30,q8_9,rl,platt,0.04363087273421735,0.5901124617135242
patch,d3_at_q4_9/X/r30,d3_at_q8_9/X/r30,3,X,30,q8_9,rl,isotonic,0.03698342592635298,0.5903285911842663
patch,d3_at_q6_11/X/r30,d3_at_q8_9/X/r30,3,X,30,q8_9,rl,platt,0.061844386964136126,0.5970483383217241
patch,d3_at_q6_11/X/r30,d3_at_q8_9/X/r30,3,X,30,q8_9,rl,isotonic,0.04857134122051821,0.5963104052964394
patch,d3_at_q6_3/X/r30,d3_at_q8_9/X/r30,3,X,30,q8_9,rl,platt,0.05473616787339629,0.5946179783273877
patch,d3_at_q6_3/X/r30,d3_at_q8_9/X/r30,3,X,30,q8_9,rl,isotonic,0.052573754385707494,0.5965063290586733
patch,d3_at_q6_7/X/r30,d3_at_q8_9/X/r30,3,X,30,q8_9,rl,platt,0.024591511993415697,0.5852188454999103
patch,d3_at_q6_7/X/r30,d3_at_q8_9/X/r30,3,X,30,q8_9,rl,isotonic,0.02266602627265014,0.5946524731977291
patch,d3_at_q8_5/X/r30,d3_at_q8_9/X/r30,3,X,30,q8_9,rl,platt,0.03295373061580063,0.5878965311222645
patch,d3_at_q8_5/X/r30,d3_at_q8_9/X/r30,3,X,30,q8_9,rl,isotonic,0.03584147244864033,0.6014314181531438
pooled,pool:d3/X/r30 without q8_9 (8 patches),d3_at_q8_9/X/r30,3,X,30,q8_9,rl,platt,0.043134219540497766,0.5900099842733597
pooled,pool:d3/X/r30 without q8_9 (8 patches),d3_at_q8_9/X/r30,3,X,30,q8_9,rl,isotonic,0.03621411348689137,0.5902469810105694
same,d3_at_q8_9/X/r50,d3_at_q8_9/X/r50,3,X,50,q8_9,rl,platt,0.012823621850763944,0.6480879562179233
same,d3_at_q8_9/X/r50,d3_at_q8_9/X/r50,3,X,50,q8_9,rl,isotonic,0.010566322309058268,0.6482514918218173
sim,sim:d3_at_q8_9/X/r50,d3_at_q8_9/X/r50,3,X,50,q8_9,rl,platt,0.034353513114260145,0.6508569385725116
sim,sim:d3_at_q8_9/X/r50,d3_at_q8_9/X/r50,3,X,50,q8_9,rl,isotonic,0.03237217774738555,0.650957953859717
basis,d3_at_q8_9/Z/r50,d3_at_q8_9/X/r50,3,X,50,q8_9,rl,platt,0.05920447856263728,0.6578800159551526
basis,d3_at_q8_9/Z/r50,d3_at_q8_9/X/r50,3,X,50,q8_9,rl,isotonic,0.040987768015584576,0.6530605526039557
patch,d3_at_q10_7/X/r50,d3_at_q8_9/X/r50,3,X,50,q8_9,rl,platt,0.06617348353750226,0.6598418002273322
patch,d3_at_q10_7/X/r50,d3_at_q8_9/X/r50,3,X,50,q8_9,rl,isotonic,0.05453307746475618,0.6580855136500324
patch,d3_at_q2_7/X/r50,d3_at_q8_9/X/r50,3,X,50,q8_9,rl,platt,0.045233293569703056,0.6537189795707384
patch,d3_at_q2_7/X/r50,d3_at_q8_9/X/r50,3,X,50,q8_9,rl,isotonic,0.04333586504970284,0.654087768758245
patch,d3_at_q4_5/X/r50,d3_at_q8_9/X/r50,3,X,50,q8_9,rl,platt,0.0517900426658398,0.6544244542773179
patch,d3_at_q4_5/X/r50,d3_at_q8_9/X/r50,3,X,50,q8_9,rl,isotonic,0.04230898977336754,0.6528686967652534
patch,d3_at_q4_9/X/r50,d3_at_q8_9/X/r50,3,X,50,q8_9,rl,platt,0.038344100285627104,0.6521483306139052
patch,d3_at_q4_9/X/r50,d3_at_q8_9/X/r50,3,X,50,q8_9,rl,isotonic,0.032134857015715,0.6619314953470834
patch,d3_at_q6_11/X/r50,d3_at_q8_9/X/r50,3,X,50,q8_9,rl,platt,0.06149069491928197,0.6595597226662473
patch,d3_at_q6_11/X/r50,d3_at_q8_9/X/r50,3,X,50,q8_9,rl,isotonic,0.04743215659265145,0.6612773593213063
patch,d3_at_q6_3/X/r50,d3_at_q8_9/X/r50,3,X,50,q8_9,rl,platt,0.06317351782534847,0.6636389569682356
patch,d3_at_q6_3/X/r50,d3_at_q8_9/X/r50,3,X,50,q8_9,rl,isotonic,0.04869158828284609,0.6635803043745883
patch,d3_at_q6_7/X/r50,d3_at_q8_9/X/r50,3,X,50,q8_9,rl,platt,0.019341164604561065,0.6488545802969927
patch,d3_at_q6_7/X/r50,d3_at_q8_9/X/r50,3,X,50,q8_9,rl,isotonic,0.028184945036097492,0.6540114010912242
patch,d3_at_q8_5/X/r50,d3_at_q8_9/X/r50,3,X,50,q8_9,rl,platt,0.039914763816964176,0.6526576617317875
patch,d3_at_q8_5/X/r50,d3_at_q8_9/X/r50,3,X,50,q8_9,rl,isotonic,0.036712688413560235,0.6525122763249749
pooled,pool:d3/X/r50 without q8_9 (8 patches),d3_at_q8_9/X/r50,3,X,50,q8_9,rl,platt,0.046412793266051404,0.6542122746025162
pooled,pool:d3/X/r50 without q8_9 (8 patches),d3_at_q8_9/X/r50,3,X,50,q8_9,rl,isotonic,0.04008624679768904,0.653990542492686
same,d3_at_q8_9/Z/r01,d3_at_q8_9/Z/r01,3,Z,1,q8_9,rl,platt,0.0007622178465407562,0.02229495472086675
same,d3_at_q8_9/Z/r01,d3_at_q8_9/Z/r01,3,Z,1,q8_9,rl,isotonic,0.0007332608944005028,0.022099431556651665
sim,sim:d3_at_q8_9/Z/r01,d3_at_q8_9/Z/r01,3,Z,1,q8_9,rl,platt,0.0014177174645377277,0.022655469579600098
sim,sim:d3_at_q8_9/Z/r01,d3_at_q8_9/Z/r01,3,Z,1,q8_9,rl,isotonic,0.0013206351026559975,0.022663903746501273
basis,d3_at_q8_9/X/r01,d3_at_q8_9/Z/r01,3,Z,1,q8_9,rl,platt,0.01043810637571756,0.02792064760812925
basis,d3_at_q8_9/X/r01,d3_at_q8_9/Z/r01,3,Z,1,q8_9,rl,isotonic,0.009935651717099273,0.027562505375308563
patch,d3_at_q10_7/Z/r01,d3_at_q8_9/Z/r01,3,Z,1,q8_9,rl,platt,0.0017483439300924094,0.022445173527898616
patch,d3_at_q10_7/Z/r01,d3_at_q8_9/Z/r01,3,Z,1,q8_9,rl,isotonic,0.0012596521279765417,0.023241883410406432
patch,d3_at_q2_7/Z/r01,d3_at_q8_9/Z/r01,3,Z,1,q8_9,rl,platt,0.0010934430426782905,0.02228392206451984
patch,d3_at_q2_7/Z/r01,d3_at_q8_9/Z/r01,3,Z,1,q8_9,rl,isotonic,0.00012567329595252608,0.02322897901310724
patch,d3_at_q4_5/Z/r01,d3_at_q8_9/Z/r01,3,Z,1,q8_9,rl,platt,0.0006373888679284118,0.022501343442695464
patch,d3_at_q4_5/Z/r01,d3_at_q8_9/Z/r01,3,Z,1,q8_9,rl,isotonic,0.0005773041357670511,0.023372563982243813
patch,d3_at_q4_9/Z/r01,d3_at_q8_9/Z/r01,3,Z,1,q8_9,rl,platt,0.0004808780559704786,0.02227474629037686
patch,d3_at_q4_9/Z/r01,d3_at_q8_9/Z/r01,3,Z,1,q8_9,rl,isotonic,0.000242745691786215,0.022508293434096188
patch,d3_at_q6_11/Z/r01,d3_at_q8_9/Z/r01,3,Z,1,q8_9,rl,platt,0.000352704417975051,0.022250093749281954
patch,d3_at_q6_11/Z/r01,d3_at_q8_9/Z/r01,3,Z,1,q8_9,rl,isotonic,0.0005919473436455611,0.02961715794800574
patch,d3_at_q6_3/Z/r01,d3_at_q8_9/Z/r01,3,Z,1,q8_9,rl,platt,0.001810757554192624,0.022594861220672332
patch,d3_at_q6_3/Z/r01,d3_at_q8_9/Z/r01,3,Z,1,q8_9,rl,isotonic,0.0015564626740384468,0.022499354854940364
patch,d3_at_q6_7/Z/r01,d3_at_q8_9/Z/r01,3,Z,1,q8_9,rl,platt,0.0007243828740262256,0.02229013471888162
patch,d3_at_q6_7/Z/r01,d3_at_q8_9/Z/r01,3,Z,1,q8_9,rl,isotonic,0.0002246407003048752,0.022496287589259215
patch,d3_at_q8_5/Z/r01,d3_at_q8_9/Z/r01,3,Z,1,q8_9,rl,platt,0.0016320819379405317,0.022532014505938038
patch,d3_at_q8_5/Z/r01,d3_at_q8_9/Z/r01,3,Z,1,q8_9,rl,isotonic,0.0013489471468586187,0.022414552453060843
pooled,pool:d3/Z/r1 without q8_9 (8 patches),d3_at_q8_9/Z/r01,3,Z,1,q8_9,rl,platt,0.0005042305812012065,0.022240021575831118
pooled,pool:d3/Z/r1 without q8_9 (8 patches),d3_at_q8_9/Z/r01,3,Z,1,q8_9,rl,isotonic,0.00010047585845544225,0.02248574676408607
same,d3_at_q8_9/Z/r10,d3_at_q8_9/Z/r10,3,Z,10,q8_9,rl,platt,0.02119283606253679,0.282181196917333
same,d3_at_q8_9/Z/r10,d3_at_q8_9/Z/r10,3,Z,10,q8_9,rl,isotonic,0.009821254038035236,0.278983650869622
sim,sim:d3_at_q8_9/Z/r10,d3_at_q8_9/Z/r10,3,Z,10,q8_9,rl,platt,0.022615995114255296,0.2835752733142664
sim,sim:d3_at_q8_9/Z/r10,d3_at_q8_9/Z/r10,3,Z,10,q8_9,rl,isotonic,0.019098325124247764,0.28582573897825814
basis,d3_at_q8_9/X/r10,d3_at_q8_9/Z/r10,3,Z,10,q8_9,rl,platt,0.03724407589849796,0.2891961372889042
basis,d3_at_q8_9/X/r10,d3_at_q8_9/Z/r10,3,Z,10,q8_9,rl,isotonic,0.03156817747256221,0.2856288569201868
patch,d3_at_q10_7/Z/r10,d3_at_q8_9/Z/r10,3,Z,10,q8_9,rl,platt,0.0235907612686693,0.28399460599546256
patch,d3_at_q10_7/Z/r10,d3_at_q8_9/Z/r10,3,Z,10,q8_9,rl,isotonic,0.032948368482828484,0.29180847839765656
patch,d3_at_q2_7/Z/r10,d3_at_q8_9/Z/r10,3,Z,10,q8_9,rl,platt,0.030902768400162126,0.2858964300628815
patch,d3_at_q2_7/Z/r10,d3_at_q8_9/Z/r10,3,Z,10,q8_9,rl,isotonic,0.0386246795946736,0.2909960830925571
patch,d3_at_q4_5/Z/r10,d3_at_q8_9/Z/r10,3,Z,10,q8_9,rl,platt,0.033639617036476874,0.2870290610677301
patch,d3_at_q4_5/Z/r10,d3_at_q8_9/Z/r10,3,Z,10,q8_9,rl,isotonic,0.050386921085091324,0.29896111797561925
patch,d3_at_q4_9/Z/r10,d3_at_q8_9/Z/r10,3,Z,10,q8_9,rl,platt,0.024515290492883608,0.2840947506632727
patch,d3_at_q4_9/Z/r10,d3_at_q8_9/Z/r10,3,Z,10,q8_9,rl,isotonic,0.02645082094564999,0.2987298210693556
patch,d3_at_q6_11/Z/r10,d3_at_q8_9/Z/r10,3,Z,10,q8_9,rl,platt,0.02232144351247185,0.28347025606936305
patch,d3_at_q6_11/Z/r10,d3_at_q8_9/Z/r10,3,Z,10,q8_9,rl,isotonic,0.014291030054614047,0.2817344470429456
patch,d3_at_q6_3/Z/r10,d3_at_q8_9/Z/r10,3,Z,10,q8_9,rl,platt,0.02295359035335921,0.2845192154835722
patch,d3_at_q6_3/Z/r10,d3_at_q8_9/Z/r10,3,Z,10,q8_9,rl,isotonic,0.020345644006138603,0.2870840512778878
patch,d3_at_q6_7/Z/r10,d3_at_q8_9/Z/r10,3,Z,10,q8_9,rl,platt,0.02674593528458409,0.2848757935604795
patch,d3_at_q6_7/Z/r10,d3_at_q8_9/Z/r10,3,Z,10,q8_9,rl,isotonic,0.031620191550510615,0.2874983491185497
patch,d3_at_q8_5/Z/r10,d3_at_q8_9/Z/r10,3,Z,10,q8_9,rl,platt,0.027805232251726993,0.2850674565617364
patch,d3_at_q8_5/Z/r10,d3_at_q8_9/Z/r10,3,Z,10,q8_9,rl,isotonic,0.0322055780951439,0.28736993374459113
pooled,pool:d3/Z/r10 without q8_9 (8 patches),d3_at_q8_9/Z/r10,3,Z,10,q8_9,rl,platt,0.02282755979857509,0.2836984423076396
pooled,pool:d3/Z/r10 without q8_9 (8 patches),d3_at_q8_9/Z/r10,3,Z,10,q8_9,rl,isotonic,0.027586481556484185,0.2878235021390022
same,d3_at_q8_9/Z/r30,d3_at_q8_9/Z/r30,3,Z,30,q8_9,rl,platt,0.02617617185872781,0.5385135808939603
same,d3_at_q8_9/Z/r30,d3_at_q8_9/Z/r30,3,Z,30,q8_9,rl,isotonic,0.01183587875913375,0.5357639875348609
sim,sim:d3_at_q8_9/Z/r30,d3_at_q8_9/Z/r30,3,Z,30,q8_9,rl,platt,0.03484985341574245,0.5398287961115342
sim,sim:d3_at_q8_9/Z/r30,d3_at_q8_9/Z/r30,3,Z,30,q8_9,rl,isotonic,0.02704864225879721,0.5381403236785599
basis,d3_at_q8_9/X/r30,d3_at_q8_9/Z/r30,3,Z,30,q8_9,rl,platt,0.08038362219498643,0.5545191688088777
basis,d3_at_q8_9/X/r30,d3_at_q8_9/Z/r30,3,Z,30,q8_9,rl,isotonic,0.07783538330081595,0.5541789979840198
patch,d3_at_q10_7/Z/r30,d3_at_q8_9/Z/r30,3,Z,30,q8_9,rl,platt,0.03233367503605687,0.5393646910925035
patch,d3_at_q10_7/Z/r30,d3_at_q8_9/Z/r30,3,Z,30,q8_9,rl,isotonic,0.051630786664076236,0.5455058802095101
patch,d3_at_q2_7/Z/r30,d3_at_q8_9/Z/r30,3,Z,30,q8_9,rl,platt,0.03545128353997047,0.5402253539199182
patch,d3_at_q2_7/Z/r30,d3_at_q8_9/Z/r30,3,Z,30,q8_9,rl,isotonic,0.04114380012605564,0.5418663861028954
patch,d3_at_q4_5/Z/r30,d3_at_q8_9/Z/r30,3,Z,30,q8_9,rl,platt,0.04667184211360281,0.542930094310554
patch,d3_at_q4_5/Z/r30,d3_at_q8_9/Z/r30,3,Z,30,q8_9,rl,isotonic,0.06819269437430145,0.5573554272293991
patch,d3_at_q4_9/Z/r30,d3_at_q8_9/Z/r30,3,Z,30,q8_9,rl,platt,0.0388202488702937,0.5407353638610141
patch,d3_at_q4_9/Z/r30,d3_at_q8_9/Z/r30,3,Z,30,q8_9,rl,isotonic,0.04608302858751061,0.5435422564633196
patch,d3_at_q6_11/Z/r30,d3_at_q8_9/Z/r30,3,Z,30,q8_9,rl,platt,0.03278760278651296,0.5392614229871695
patch,d3_at_q6_11/Z/r30,d3_at_q8_9/Z/r30,3,Z,30,q8_9,rl,isotonic,0.024726072507808994,0.5401536725007788
patch,d3_at_q6_3/Z/r30,d3_at_q8_9/Z/r30,3,Z,30,q8_9,rl,platt,0.02879603543404141,0.5402837804573705
patch,d3_at_q6_3/Z/r30,d3_at_q8_9/Z/r30,3,Z,30,q8_9,rl,isotonic,0.04659811434034218,0.5475634691051705
patch,d3_at_q6_7/Z/r30,d3_at_q8_9/Z/r30,3,Z,30,q8_9,rl,platt,0.042677776176912464,0.5417120382033423
patch,d3_at_q6_7/Z/r30,d3_at_q8_9/Z/r30,3,Z,30,q8_9,rl,isotonic,0.04245487167382061,0.5429962292151487
patch,d3_at_q8_5/Z/r30,d3_at_q8_9/Z/r30,3,Z,30,q8_9,rl,platt,0.08939242811139837,0.5581258591678335
patch,d3_at_q8_5/Z/r30,d3_at_q8_9/Z/r30,3,Z,30,q8_9,rl,isotonic,0.08167709662344323,0.5549573860798261
pooled,pool:d3/Z/r30 without q8_9 (8 patches),d3_at_q8_9/Z/r30,3,Z,30,q8_9,rl,platt,0.037246885190726456,0.5401865997504828
pooled,pool:d3/Z/r30 without q8_9 (8 patches),d3_at_q8_9/Z/r30,3,Z,30,q8_9,rl,isotonic,0.046773971324230924,0.5437485077934087
same,d3_at_q8_9/Z/r50,d3_at_q8_9/Z/r50,3,Z,50,q8_9,rl,platt,0.024765850546209497,0.6304579285336634
same,d3_at_q8_9/Z/r50,d3_at_q8_9/Z/r50,3,Z,50,q8_9,rl,isotonic,0.015115138764426278,0.6283697037500942
sim,sim:d3_at_q8_9/Z/r50,d3_at_q8_9/Z/r50,3,Z,50,q8_9,rl,platt,0.0293281944698621,0.630854788216927
sim,sim:d3_at_q8_9/Z/r50,d3_at_q8_9/Z/r50,3,Z,50,q8_9,rl,isotonic,0.02402057827833903,0.6307692879258293
basis,d3_at_q8_9/X/r50,d3_at_q8_9/Z/r50,3,Z,50,q8_9,rl,platt,0.05212506779033472,0.6356176311009624
basis,d3_at_q8_9/X/r50,d3_at_q8_9/Z/r50,3,Z,50,q8_9,rl,isotonic,0.04719788689126716,0.6384676405725356
patch,d3_at_q10_7/Z/r50,d3_at_q8_9/Z/r50,3,Z,50,q8_9,rl,platt,0.026914790234000698,0.6305225296033691
patch,d3_at_q10_7/Z/r50,d3_at_q8_9/Z/r50,3,Z,50,q8_9,rl,isotonic,0.03582120142563549,0.6351471756920626
patch,d3_at_q2_7/Z/r50,d3_at_q8_9/Z/r50,3,Z,50,q8_9,rl,platt,0.0327729094653942,0.6314819777393262
patch,d3_at_q2_7/Z/r50,d3_at_q8_9/Z/r50,3,Z,50,q8_9,rl,isotonic,0.018212270338742467,0.6330043554817263
patch,d3_at_q4_5/Z/r50,d3_at_q8_9/Z/r50,3,Z,50,q8_9,rl,platt,0.03447359878271508,0.6317538382519234
patch,d3_at_q4_5/Z/r50,d3_at_q8_9/Z/r50,3,Z,50,q8_9,rl,isotonic,0.050089994040731216,0.6419092860152602
patch,d3_at_q4_9/Z/r50,d3_at_q8_9/Z/r50,3,Z,50,q8_9,rl,platt,0.029842181570365757,0.6308403930945787
patch,d3_at_q4_9/Z/r50,d3_at_q8_9/Z/r50,3,Z,50,q8_9,rl,isotonic,0.022013278239525185,0.631243407084923
patch,d3_at_q6_11/Z/r50,d3_at_q8_9/Z/r50,3,Z,50,q8_9,rl,platt,0.025730739583230963,0.6305268208880027
patch,d3_at_q6_11/Z/r50,d3_at_q8_9/Z/r50,3,Z,50,q8_9,rl,isotonic,0.02521712356060095,0.6327738068032154
patch,d3_at_q6_3/Z/r50,d3_at_q8_9/Z/r50,3,Z,50,q8_9,rl,platt,0.057934559396885334,0.6388378749259539
patch,d3_at_q6_3/Z/r50,d3_at_q8_9/Z/r50,3,Z,50,q8_9,rl,isotonic,0.031133812748023796,0.6321917603089984
patch,d3_at_q6_7/Z/r50,d3_at_q8_9/Z/r50,3,Z,50,q8_9,rl,platt,0.02571580478257485,0.6307857018238417
patch,d3_at_q6_7/Z/r50,d3_at_q8_9/Z/r50,3,Z,50,q8_9,rl,isotonic,0.041272826351594315,0.6358814654598174
patch,d3_at_q8_5/Z/r50,d3_at_q8_9/Z/r50,3,Z,50,q8_9,rl,platt,0.027026738437866783,0.6306732783833228
patch,d3_at_q8_5/Z/r50,d3_at_q8_9/Z/r50,3,Z,50,q8_9,rl,isotonic,0.03675391971371934,0.6350939565279097
pooled,pool:d3/Z/r50 without q8_9 (8 patches),d3_at_q8_9/Z/r50,3,Z,50,q8_9,rl,platt,0.026675753963489035,0.6305463164682917
pooled,pool:d3/Z/r50 without q8_9 (8 patches),d3_at_q8_9/Z/r50,3,Z,50,q8_9,rl,isotonic,0.028536424194877286,0.6312892450645649
same,d5_at_q4_7/X/r01,d5_at_q4_7/X/r01,5,X,1,q4_7,rl,platt,0.00025697703525361207,0.008700694773130511
same,d5_at_q4_7/X/r01,d5_at_q4_7/X/r01,5,X,1,q4_7,rl,isotonic,0.00022064089864211529,0.008925014968438921
sim,sim:d5_at_q4_7/X/r01,d5_at_q4_7/X/r01,5,X,1,q4_7,rl,platt,0.001566829066146193,0.009446181690535859
sim,sim:d5_at_q4_7/X/r01,d5_at_q4_7/X/r01,5,X,1,q4_7,rl,isotonic,0.001454172547750799,0.009651224344835053
basis,d5_at_q4_7/Z/r01,d5_at_q4_7/X/r01,5,X,1,q4_7,rl,platt,0.0009631122468457848,0.008954319058385321
basis,d5_at_q4_7/Z/r01,d5_at_q4_7/X/r01,5,X,1,q4_7,rl,isotonic,0.0006133307969605785,0.009825942452343042
patch,d5_at_q6_5/X/r01,d5_at_q4_7/X/r01,5,X,1,q4_7,rl,platt,2.9157149921033147e-05,0.00862524629133495
patch,d5_at_q6_5/X/r01,d5_at_q4_7/X/r01,5,X,1,q4_7,rl,isotonic,0.00023053897700070418,0.008887065894224704
patch,d5_at_q6_9/X/r01,d5_at_q4_7/X/r01,5,X,1,q4_7,rl,platt,0.00038807661035666853,0.00865021719728947
patch,d5_at_q6_9/X/r01,d5_at_q4_7/X/r01,5,X,1,q4_7,rl,isotonic,0.0008352583572016752,0.00884362484602117
patch,d5_at_q8_7/X/r01,d5_at_q4_7/X/r01,5,X,1,q4_7,rl,platt,0.0005216921737573333,0.009088432913039002
patch,d5_at_q8_7/X/r01,d5_at_q4_7/X/r01,5,X,1,q4_7,rl,isotonic,0.00037777198469138084,0.008991400941780811
pooled,pool:d5/X/r1 without q4_7 (3 patches),d5_at_q4_7/X/r01,5,X,1,q4_7,rl,platt,5.948791084742107e-05,0.008678433738017369
pooled,pool:d5/X/r1 without q4_7 (3 patches),d5_at_q4_7/X/r01,5,X,1,q4_7,rl,isotonic,8.159221338807117e-05,0.008585769686505188
same,d5_at_q4_7/X/r10,d5_at_q4_7/X/r10,5,X,10,q4_7,rl,platt,0.002420783099873721,0.13036118865419458
same,d5_at_q4_7/X/r10,d5_at_q4_7/X/r10,5,X,10,q4_7,rl,isotonic,0.002829527289529616,0.13148608250705693
sim,sim:d5_at_q4_7/X/r10,d5_at_q4_7/X/r10,5,X,10,q4_7,rl,platt,0.006621065563528764,0.13146092834385043
sim,sim:d5_at_q4_7/X/r10,d5_at_q4_7/X/r10,5,X,10,q4_7,rl,isotonic,0.006674522553077289,0.13228778992136775
basis,d5_at_q4_7/Z/r10,d5_at_q4_7/X/r10,5,X,10,q4_7,rl,platt,0.0015290837089561174,0.1303185478910027
basis,d5_at_q4_7/Z/r10,d5_at_q4_7/X/r10,5,X,10,q4_7,rl,isotonic,0.001967545668573021,0.13152044847962668
patch,d5_at_q6_5/X/r10,d5_at_q4_7/X/r10,5,X,10,q4_7,rl,platt,0.0019671774045629154,0.1303269861250867
patch,d5_at_q6_5/X/r10,d5_at_q4_7/X/r10,5,X,10,q4_7,rl,isotonic,0.0018921088427152298,0.1311495372912543
patch,d5_at_q6_9/X/r10,d5_at_q4_7/X/r10,5,X,10,q4_7,rl,platt,0.0036547362382234635,0.13043712122145112
patch,d5_at_q6_9/X/r10,d5_at_q4_7/X/r10,5,X,10,q4_7,rl,isotonic,0.004319623719416544,0.13164314006711664
patch,d5_at_q8_7/X/r10,d5_at_q4_7/X/r10,5,X,10,q4_7,rl,platt,0.0063086821449182305,0.13075578178645317
patch,d5_at_q8_7/X/r10,d5_at_q4_7/X/r10,5,X,10,q4_7,rl,isotonic,0.006251776061081608,0.1314080341653383
pooled,pool:d5/X/r10 without q4_7 (3 patches),d5_at_q4_7/X/r10,5,X,10,q4_7,rl,platt,0.0037351350441109698,0.13045425622701637
pooled,pool:d5/X/r10 without q4_7 (3 patches),d5_at_q4_7/X/r10,5,X,10,q4_7,rl,isotonic,0.003977267952818919,0.1306299692601998
same,d5_at_q4_7/X/r30,d5_at_q4_7/X/r30,5,X,30,q4_7,rl,platt,0.007772627008888355,0.3616440661008732
same,d5_at_q4_7/X/r30,d5_at_q4_7/X/r30,5,X,30,q4_7,rl,isotonic,0.010438264755240633,0.36214760683771324
sim,sim:d5_at_q4_7/X/r30,d5_at_q4_7/X/r30,5,X,30,q4_7,rl,platt,0.026195173858783106,0.36645159557719187
sim,sim:d5_at_q4_7/X/r30,d5_at_q4_7/X/r30,5,X,30,q4_7,rl,isotonic,0.026504044969358924,0.36883798458633493
basis,d5_at_q4_7/Z/r30,d5_at_q4_7/X/r30,5,X,30,q4_7,rl,platt,0.01324847027675962,0.36250668254578716
basis,d5_at_q4_7/Z/r30,d5_at_q4_7/X/r30,5,X,30,q4_7,rl,isotonic,0.013099782011190459,0.36349693732653793
patch,d5_at_q6_5/X/r30,d5_at_q4_7/X/r30,5,X,30,q4_7,rl,platt,0.00926766569960167,0.3618088148025919
patch,d5_at_q6_5/X/r30,d5_at_q4_7/X/r30,5,X,30,q4_7,rl,isotonic,0.008543083309629003,0.3629768878912101
patch,d5_at_q6_9/X/r30,d5_at_q4_7/X/r30,5,X,30,q4_7,rl,platt,0.005543264771562495,0.36153148172540545
patch,d5_at_q6_9/X/r30,d5_at_q4_7/X/r30,5,X,30,q4_7,rl,isotonic,0.007541563450299048,0.36172385962813314
patch,d5_at_q8_7/X/r30,d5_at_q4_7/X/r30,5,X,30,q4_7,rl,platt,0.005119408587440859,0.36155483849421266
patch,d5_at_q8_7/X/r30,d5_at_q4_7/X/r30,5,X,30,q4_7,rl,isotonic,0.010004470892723473,0.3622297703321256
pooled,pool:d5/X/r30 without q4_7 (3 patches),d5_at_q4_7/X/r30,5,X,30,q4_7,rl,platt,0.005913309967522375,0.3615349152746428
pooled,pool:d5/X/r30 without q4_7 (3 patches),d5_at_q4_7/X/r30,5,X,30,q4_7,rl,isotonic,0.004541028316452323,0.36167754077650144
same,d5_at_q4_7/X/r50,d5_at_q4_7/X/r50,5,X,50,q4_7,rl,platt,0.016123415093995314,0.4619609519631692
same,d5_at_q4_7/X/r50,d5_at_q4_7/X/r50,5,X,50,q4_7,rl,isotonic,0.012576486839941382,0.4627873594155836
sim,sim:d5_at_q4_7/X/r50,d5_at_q4_7/X/r50,5,X,50,q4_7,rl,platt,0.028559224297904296,0.4651594284444981
sim,sim:d5_at_q4_7/X/r50,d5_at_q4_7/X/r50,5,X,50,q4_7,rl,isotonic,0.025127662848797822,0.4663619658756528
basis,d5_at_q4_7/Z/r50,d5_at_q4_7/X/r50,5,X,50,q4_7,rl,platt,0.021720748967696824,0.46339025729165284
basis,d5_at_q4_7/Z/r50,d5_at_q4_7/X/r50,5,X,50,q4_7,rl,isotonic,0.018571492053475767,0.4643411147739095
patch,d5_at_q6_5/X/r50,d5_at_q4_7/X/r50,5,X,50,q4_7,rl,platt,0.01537312833195523,0.4620446483318863
patch,d5_at_q6_5/X/r50,d5_at_q4_7/X/r50,5,X,50,q4_7,rl,isotonic,0.008202982811423967,0.4623784172567639
patch,d5_at_q6_9/X/r50,d5_at_q4_7/X/r50,5,X,50,q4_7,rl,platt,0.013567638716653308,0.4618573461826984
patch,d5_at_q6_9/X/r50,d5_at_q4_7/X/r50,5,X,50,q4_7,rl,isotonic,0.011053083992101585,0.4641069575236259
patch,d5_at_q8_7/X/r50,d5_at_q4_7/X/r50,5,X,50,q4_7,rl,platt,0.01336732826426046,0.46179904689412044
patch,d5_at_q8_7/X/r50,d5_at_q4_7/X/r50,5,X,50,q4_7,rl,isotonic,0.014580691089490585,0.46275577565964787
pooled,pool:d5/X/r50 without q4_7 (3 patches),d5_at_q4_7/X/r50,5,X,50,q4_7,rl,platt,0.013317770478750499,0.4617702416035299
pooled,pool:d5/X/r50 without q4_7 (3 patches),d5_at_q4_7/X/r50,5,X,50,q4_7,rl,isotonic,0.009439752678613368,0.4617784882371263
same,d5_at_q4_7/Z/r01,d5_at_q4_7/Z/r01,5,Z,1,q4_7,rl,platt,0.0002831021948910183,0.004416591295791497
same,d5_at_q4_7/Z/r01,d5_at_q4_7/Z/r01,5,Z,1,q4_7,rl,isotonic,0.00022926306591716062,0.004868742783780791
sim,sim:d5_at_q4_7/Z/r01,d5_at_q4_7/Z/r01,5,Z,1,q4_7,rl,platt,1.693030120876389e-05,0.004102516004975231
sim,sim:d5_at_q4_7/Z/r01,d5_at_q4_7/Z/r01,5,Z,1,q4_7,rl,isotonic,0.00022908278371787329,0.004393630251876945
basis,d5_at_q4_7/X/r01,d5_at_q4_7/Z/r01,5,Z,1,q4_7,rl,platt,0.00018007258064390766,0.00434227804884934
basis,d5_at_q4_7/X/r01,d5_at_q4_7/Z/r01,5,Z,1,q4_7,rl,isotonic,0.000282797678409726,0.004544470313312636
patch,d5_at_q6_5/Z/r01,d5_at_q4_7/Z/r01,5,Z,1,q4_7,rl,platt,0.0005327676052521784,0.004330070200728011
patch,d5_at_q6_5/Z/r01,d5_at_q4_7/Z/r01,5,Z,1,q4_7,rl,isotonic,0.0007318015422677382,0.004885275576766295
patch,d5_at_q6_9/Z/r01,d5_at_q4_7/Z/r01,5,Z,1,q4_7,rl,platt,0.00038969474851106053,0.004288314764829176
patch,d5_at_q6_9/Z/r01,d5_at_q4_7/Z/r01,5,Z,1,q4_7,rl,isotonic,0.0004813938059724491,0.004718029886194551
patch,d5_at_q8_7/Z/r01,d5_at_q4_7/Z/r01,5,Z,1,q4_7,rl,platt,0.00029174674084349013,0.004190734134957426
patch,d5_at_q8_7/Z/r01,d5_at_q4_7/Z/r01,5,Z,1,q4_7,rl,isotonic,0.00025970616891166656,0.004740971740027152
pooled,pool:d5/Z/r1 without q4_7 (3 patches),d5_at_q4_7/Z/r01,5,Z,1,q4_7,rl,platt,0.0002155564525511973,0.004211334504433374
pooled,pool:d5/Z/r1 without q4_7 (3 patches),d5_at_q4_7/Z/r01,5,Z,1,q4_7,rl,isotonic,0.00038121781836157414,0.00481062597209162
same,d5_at_q4_7/Z/r10,d5_at_q4_7/Z/r10,5,Z,10,q4_7,rl,platt,0.0034915607885681265,0.1111610489718669
same,d5_at_q4_7/Z/r10,d5_at_q4_7/Z/r10,5,Z,10,q4_7,rl,isotonic,0.00475719429985506,0.1119863399688841
sim,sim:d5_at_q4_7/Z/r10,d5_at_q4_7/Z/r10,5,Z,10,q4_7,rl,platt,0.0033889279773714844,0.11160231582683704
sim,sim:d5_at_q4_7/Z/r10,d5_at_q4_7/Z/r10,5,Z,10,q4_7,rl,isotonic,0.004122168096057937,0.1120030618575263
basis,d5_at_q4_7/X/r10,d5_at_q4_7/Z/r10,5,Z,10,q4_7,rl,platt,0.005437279122550742,0.11125036235516331
basis,d5_at_q4_7/X/r10,d5_at_q4_7/Z/r10,5,Z,10,q4_7,rl,isotonic,0.0066027572688071275,0.11180224141024839
patch,d5_at_q6_5/Z/r10,d5_at_q4_7/Z/r10,5,Z,10,q4_7,rl,platt,0.002660422514504607,0.11116274674703051
patch,d5_at_q6_5/Z/r10,d5_at_q4_7/Z/r10,5,Z,10,q4_7,rl,isotonic,0.0032161658955459998,0.11193601634333472
patch,d5_at_q6_9/Z/r10,d5_at_q4_7/Z/r10,5,Z,10,q4_7,rl,platt,0.002421889112969701,0.11107169652341829
patch,d5_at_q6_9/Z/r10,d5_at_q4_7/Z/r10,5,Z,10,q4_7,rl,isotonic,0.0037053350486234765,0.11220160430727583
patch,d5_at_q8_7/Z/r10,d5_at_q4_7/Z/r10,5,Z,10,q4_7,rl,platt,0.004107750601953638,0.11116180738051828
patch,d5_at_q8_7/Z/r10,d5_at_q4_7/Z/r10,5,Z,10,q4_7,rl,isotonic,0.005251335173703693,0.11149775000383624
pooled,pool:d5/Z/r10 without q4_7 (3 patches),d5_at_q4_7/Z/r10,5,Z,10,q4_7,rl,platt,0.002866247704325878,0.11110826334450595
pooled,pool:d5/Z/r10 without q4_7 (3 patches),d5_at_q4_7/Z/r10,5,Z,10,q4_7,rl,isotonic,0.003784699889427521,0.1115067343789411
same,d5_at_q4_7/Z/r30,d5_at_q4_7/Z/r30,5,Z,30,q4_7,rl,platt,0.005208483341612471,0.2960246387434118
same,d5_at_q4_7/Z/r30,d5_at_q4_7/Z/r30,5,Z,30,q4_7,rl,isotonic,0.006039252629048976,0.2964813662443499
sim,sim:d5_at_q4_7/Z/r30,d5_at_q4_7/Z/r30,5,Z,30,q4_7,rl,platt,0.01870063453414814,0.2987478168386972
sim,sim:d5_at_q4_7/Z/r30,d5_at_q4_7/Z/r30,5,Z,30,q4_7,rl,isotonic,0.018732278126366114,0.30046995420207767
basis,d5_at_q4_7/X/r30,d5_at_q4_7/Z/r30,5,Z,30,q4_7,rl,platt,0.009845797490978907,0.29700742070793035
basis,d5_at_q4_7/X/r30,d5_at_q4_7/Z/r30,5,Z,30,q4_7,rl,isotonic,0.011889435196930132,0.29738161946988956
patch,d5_at_q6_5/Z/r30,d5_at_q4_7/Z/r30,5,Z,30,q4_7,rl,platt,0.006809587070949933,0.29640807833674276
patch,d5_at_q6_5/Z/r30,d5_at_q4_7/Z/r30,5,Z,30,q4_7,rl,isotonic,0.010053945381786172,0.29849012764352373
patch,d5_at_q6_9/Z/r30,d5_at_q4_7/Z/r30,5,Z,30,q4_7,rl,platt,0.013435824614321325,0.2972732067620521
patch,d5_at_q6_9/Z/r30,d5_at_q4_7/Z/r30,5,Z,30,q4_7,rl,isotonic,0.014015020565994912,0.3007749013104461
patch,d5_at_q8_7/Z/r30,d5_at_q4_7/Z/r30,5,Z,30,q4_7,rl,platt,0.006482304143684956,0.2963650814848389
patch,d5_at_q8_7/Z/r30,d5_at_q4_7/Z/r30,5,Z,30,q4_7,rl,isotonic,0.006489550714119302,0.2990499296500133
pooled,pool:d5/Z/r30 without q4_7 (3 patches),d5_at_q4_7/Z/r30,5,Z,30,q4_7,rl,platt,0.0076517496324775,0.29658341610078326
pooled,pool:d5/Z/r30 without q4_7 (3 patches),d5_at_q4_7/Z/r30,5,Z,30,q4_7,rl,isotonic,0.008148925672187748,0.2988384207056536
same,d5_at_q4_7/Z/r50,d5_at_q4_7/Z/r50,5,Z,50,q4_7,rl,platt,0.005800163211508147,0.39900023464251694
same,d5_at_q4_7/Z/r50,d5_at_q4_7/Z/r50,5,Z,50,q4_7,rl,isotonic,0.002930419114907173,0.40074792292812367
sim,sim:d5_at_q4_7/Z/r50,d5_at_q4_7/Z/r50,5,Z,50,q4_7,rl,platt,0.016255115090103158,0.40044321855993065
sim,sim:d5_at_q4_7/Z/r50,d5_at_q4_7/Z/r50,5,Z,50,q4_7,rl,isotonic,0.016221830477750634,0.4012888754016078
basis,d5_at_q4_7/X/r50,d5_at_q4_7/Z/r50,5,Z,50,q4_7,rl,platt,0.009613170835098186,0.3997489173113656
basis,d5_at_q4_7/X/r50,d5_at_q4_7/Z/r50,5,Z,50,q4_7,rl,isotonic,0.013845813235649727,0.40107997479064883
patch,d5_at_q6_5/Z/r50,d5_at_q4_7/Z/r50,5,Z,50,q4_7,rl,platt,0.008725551655234592,0.39918897758043315
patch,d5_at_q6_5/Z/r50,d5_at_q4_7/Z/r50,5,Z,50,q4_7,rl,isotonic,0.006202790481104136,0.40118320479138175
patch,d5_at_q6_9/Z/r50,d5_at_q4_7/Z/r50,5,Z,50,q4_7,rl,platt,0.009557326955067252,0.39971714939491965
patch,d5_at_q6_9/Z/r50,d5_at_q4_7/Z/r50,5,Z,50,q4_7,rl,isotonic,0.010161896758428584,0.40019234042522706
patch,d5_at_q8_7/Z/r50,d5_at_q4_7/Z/r50,5,Z,50,q4_7,rl,platt,0.006743579616515959,0.3991799800797448
patch,d5_at_q8_7/Z/r50,d5_at_q4_7/Z/r50,5,Z,50,q4_7,rl,isotonic,0.00766922762775734,0.40093054920671345
pooled,pool:d5/Z/r50 without q4_7 (3 patches),d5_at_q4_7/Z/r50,5,Z,50,q4_7,rl,platt,0.005440655254476691,0.3991209063567753
pooled,pool:d5/Z/r50 without q4_7 (3 patches),d5_at_q4_7/Z/r50,5,Z,50,q4_7,rl,isotonic,0.0052863095710208785,0.39985041538694177
same,d5_at_q6_5/X/r01,d5_at_q6_5/X/r01,5,X,1,q6_5,rl,platt,0.00018051793118906655,0.006610358642038229
same,d5_at_q6_5/X/r01,d5_at_q6_5/X/r01,5,X,1,q6_5,rl,isotonic,0.00018909296667663324,0.006908833441651681
sim,sim:d5_at_q6_5/X/r01,d5_at_q6_5/X/r01,5,X,1,q6_5,rl,platt,0.0011999297739046122,0.007205573622251747
sim,sim:d5_at_q6_5/X/r01,d5_at_q6_5/X/r01,5,X,1,q6_5,rl,isotonic,0.0013326398135934646,0.007700641682671894
basis,d5_at_q6_5/Z/r01,d5_at_q6_5/X/r01,5,X,1,q6_5,rl,platt,0.0011299044693264435,0.007097294434665001
basis,d5_at_q6_5/Z/r01,d5_at_q6_5/X/r01,5,X,1,q6_5,rl,isotonic,0.0013737695359157117,0.0077864825361435765
patch,d5_at_q4_7/X/r01,d5_at_q6_5/X/r01,5,X,1,q6_5,rl,platt,0.0003265782539267373,0.006701681530894719
patch,d5_at_q4_7/X/r01,d5_at_q6_5/X/r01,5,X,1,q6_5,rl,isotonic,0.00038223632291818106,0.006904496203687734
patch,d5_at_q6_9/X/r01,d5_at_q6_5/X/r01,5,X,1,q6_5,rl,platt,0.00012883790583787379,0.0066054418804585525
patch,d5_at_q6_9/X/r01,d5_at_q6_5/X/r01,5,X,1,q6_5,rl,isotonic,0.00019015577165826936,0.00678877354901408
patch,d5_at_q8_7/X/r01,d5_at_q6_5/X/r01,5,X,1,q6_5,rl,platt,0.0004837071400332955,0.007029152156602538
patch,d5_at_q8_7/X/r01,d5_at_q6_5/X/r01,5,X,1,q6_5,rl,isotonic,0.0003040670525814439,0.0071555545100786405
pooled,pool:d5/X/r1 without q6_5 (3 patches),d5_at_q6_5/X/r01,5,X,1,q6_5,rl,platt,0.000240171540198853,0.006719100458030965
pooled,pool:d5/X/r1 without q6_5 (3 patches),d5_at_q6_5/X/r01,5,X,1,q6_5,rl,isotonic,0.00017503471116489424,0.006925045271628624
same,d5_at_q6_5/X/r10,d5_at_q6_5/X/r10,5,X,10,q6_5,rl,platt,0.0027506678828058025,0.13543057816658818
same,d5_at_q6_5/X/r10,d5_at_q6_5/X/r10,5,X,10,q6_5,rl,isotonic,0.003460416516553137,0.13564859900120838
sim,sim:d5_at_q6_5/X/r10,d5_at_q6_5/X/r10,5,X,10,q6_5,rl,platt,0.0037028381474429987,0.13568532847801607
sim,sim:d5_at_q6_5/X/r10,d5_at_q6_5/X/r10,5,X,10,q6_5,rl,isotonic,0.00454260052682951,0.13652270510679324
basis,d5_at_q6_5/Z/r10,d5_at_q6_5/X/r10,5,X,10,q6_5,rl,platt,0.0033630278679822926,0.13565356745750334
basis,d5_at_q6_5/Z/r10,d5_at_q6_5/X/r10,5,X,10,q6_5,rl,isotonic,0.003881956837775301,0.1358767413781781
patch,d5_at_q4_7/X/r10,d5_at_q6_5/X/r10,5,X,10,q6_5,rl,platt,0.0038696475404121264,0.13549657129672196
patch,d5_at_q4_7/X/r10,d5_at_q6_5/X/r10,5,X,10,q6_5,rl,isotonic,0.004445003880755873,0.13581931766497243
patch,d5_at_q6_9/X/r10,d5_at_q6_5/X/r10,5,X,10,q6_5,rl,platt,0.004897502963979126,0.13560355434822832
patch,d5_at_q6_9/X/r10,d5_at_q6_5/X/r10,5,X,10,q6_5,rl,isotonic,0.004962327943840553,0.13583463266818122
patch,d5_at_q8_7/X/r10,d5_at_q6_5/X/r10,5,X,10,q6_5,rl,platt,0.006901541060961873,0.13595618029042594
patch,d5_at_q8_7/X/r10,d5_at_q6_5/X/r10,5,X,10,q6_5,rl,isotonic,0.008885820088795428,0.13644615804958984
pooled,pool:d5/X/r10 without q6_5 (3 patches),d5_at_q6_5/X/r10,5,X,10,q6_5,rl,platt,0.005224308730841407,0.1356616065047081
pooled,pool:d5/X/r10 without q6_5 (3 patches),d5_at_q6_5/X/r10,5,X,10,q6_5,rl,isotonic,0.006118627090532644,0.1357481130381609
same,d5_at_q6_5/X/r30,d5_at_q6_5/X/r30,5,X,30,q6_5,rl,platt,0.010607546043803314,0.3733557358214838
same,d5_at_q6_5/X/r30,d5_at_q6_5/X/r30,5,X,30,q6_5,rl,isotonic,0.008521198128217082,0.3732638964608873
sim,sim:d5_at_q6_5/X/r30,d5_at_q6_5/X/r30,5,X,30,q6_5,rl,platt,0.022751260491864534,0.37601444622419056
sim,sim:d5_at_q6_5/X/r30,d5_at_q6_5/X/r30,5,X,30,q6_5,rl,isotonic,0.02458140741757475,0.3777630840657593
basis,d5_at_q6_5/Z/r30,d5_at_q6_5/X/r30,5,X,30,q6_5,rl,platt,0.012254441055660283,0.37350410439766474
basis,d5_at_q6_5/Z/r30,d5_at_q6_5/X/r30,5,X,30,q6_5,rl,isotonic,0.01097443600166374,0.3748751694647673
patch,d5_at_q4_7/X/r30,d5_at_q6_5/X/r30,5,X,30,q6_5,rl,platt,0.009619831320210487,0.3734634052904499
patch,d5_at_q4_7/X/r30,d5_at_q6_5/X/r30,5,X,30,q6_5,rl,isotonic,0.01092255734563817,0.3743698427359618
patch,d5_at_q6_9/X/r30,d5_at_q6_5/X/r30,5,X,30,q6_5,rl,platt,0.009678427549312448,0.37361766752192355
patch,d5_at_q6_9/X/r30,d5_at_q6_5/X/r30,5,X,30,q6_5,rl,isotonic,0.009297505508058485,0.37420898058234286
patch,d5_at_q8_7/X/r30,d5_at_q6_5/X/r30,5,X,30,q6_5,rl,platt,0.011428410078038725,0.3738612728406429
patch,d5_at_q8_7/X/r30,d5_at_q6_5/X/r30,5,X,30,q6_5,rl,isotonic,0.011358181355085956,0.3738658180282725
pooled,pool:d5/X/r30 without q6_5 (3 patches),d5_at_q6_5/X/r30,5,X,30,q6_5,rl,platt,0.009641017098121572,0.3736110040707759
pooled,pool:d5/X/r30 without q6_5 (3 patches),d5_at_q6_5/X/r30,5,X,30,q6_5,rl,isotonic,0.008159659911738884,0.3737404758634424
same,d5_at_q6_5/X/r50,d5_at_q6_5/X/r50,5,X,50,q6_5,rl,platt,0.010579474072824216,0.4601146613386901
same,d5_at_q6_5/X/r50,d5_at_q6_5/X/r50,5,X,50,q6_5,rl,isotonic,0.006888045720443472,0.4598588603767896
sim,sim:d5_at_q6_5/X/r50,d5_at_q6_5/X/r50,5,X,50,q6_5,rl,platt,0.02215437525727862,0.46274787173438975
sim,sim:d5_at_q6_5/X/r50,d5_at_q6_5/X/r50,5,X,50,q6_5,rl,isotonic,0.02366355861324844,0.46394090588673703
basis,d5_at_q6_5/Z/r50,d5_at_q6_5/X/r50,5,X,50,q6_5,rl,platt,0.017191868569188223,0.4614163740631913
basis,d5_at_q6_5/Z/r50,d5_at_q6_5/X/r50,5,X,50,q6_5,rl,isotonic,0.017169927824669834,0.46410259612048976
patch,d5_at_q4_7/X/r50,d5_at_q6_5/X/r50,5,X,50,q6_5,rl,platt,0.008671115846184404,0.4600375395501089
patch,d5_at_q4_7/X/r50,d5_at_q6_5/X/r50,5,X,50,q6_5,rl,isotonic,0.010206941641502014,0.4606451268216579
patch,d5_at_q6_9/X/r50,d5_at_q6_5/X/r50,5,X,50,q6_5,rl,platt,0.011405662663834975,0.46036281575325666
patch,d5_at_q6_9/X/r50,d5_at_q6_5/X/r50,5,X,50,q6_5,rl,isotonic,0.013720694219765494,0.4618066288452154
patch,d5_at_q8_7/X/r50,d5_at_q6_5/X/r50,5,X,50,q6_5,rl,platt,0.01036828076904493,0.4602463927041563
patch,d5_at_q8_7/X/r50,d5_at_q6_5/X/r50,5,X,50,q6_5,rl,isotonic,0.009583326058886715,0.46364509336063797
pooled,pool:d5/X/r50 without q6_5 (3 patches),d5_at_q6_5/X/r50,5,X,50,q6_5,rl,platt,0.008913695212268579,0.46009877972408036
pooled,pool:d5/X/r50 without q6_5 (3 patches),d5_at_q6_5/X/r50,5,X,50,q6_5,rl,isotonic,0.010560102885579577,0.46032620775043603
same,d5_at_q6_5/Z/r01,d5_at_q6_5/Z/r01,5,Z,1,q6_5,rl,platt,0.00043225900749492265,0.004478106204253793
same,d5_at_q6_5/Z/r01,d5_at_q6_5/Z/r01,5,Z,1,q6_5,rl,isotonic,0.0005499267149171273,0.005034979038164288
sim,sim:d5_at_q6_5/Z/r01,d5_at_q6_5/Z/r01,5,Z,1,q6_5,rl,platt,0.0001619614862012507,0.004426679438119119
sim,sim:d5_at_q6_5/Z/r01,d5_at_q6_5/Z/r01,5,Z,1,q6_5,rl,isotonic,5.797575953251467e-05,0.0054330857122973164
basis,d5_at_q6_5/X/r01,d5_at_q6_5/Z/r01,5,Z,1,q6_5,rl,platt,0.0002655823932709579,0.004410318572789343
basis,d5_at_q6_5/X/r01,d5_at_q6_5/Z/r01,5,Z,1,q6_5,rl,isotonic,0.00034708695540999876,0.0052254961502901515
patch,d5_at_q4_7/Z/r01,d5_at_q6_5/Z/r01,5,Z,1,q6_5,rl,platt,0.0002131873695848598,0.0044063094388393335
patch,d5_at_q4_7/Z/r01,d5_at_q6_5/Z/r01,5,Z,1,q6_5,rl,isotonic,7.51445589811392e-05,0.004969065503000087
patch,d5_at_q6_9/Z/r01,d5_at_q6_5/Z/r01,5,Z,1,q6_5,rl,platt,0.000308861947062285,0.004411533029650618
patch,d5_at_q6_9/Z/r01,d5_at_q6_5/Z/r01,5,Z,1,q6_5,rl,isotonic,0.00022745337986898175,0.005066204063255757
patch,d5_at_q8_7/Z/r01,d5_at_q6_5/Z/r01,5,Z,1,q6_5,rl,platt,0.00027122812457961706,0.004421326224368637
patch,d5_at_q8_7/Z/r01,d5_at_q6_5/Z/r01,5,Z,1,q6_5,rl,isotonic,0.0002225030449556117,0.005071194753687489
pooled,pool:d5/Z/r1 without q6_5 (3 patches),d5_at_q6_5/Z/r01,5,Z,1,q6_5,rl,platt,0.00010610628251893715,0.0043640875739721615
pooled,pool:d5/Z/r1 without q6_5 (3 patches),d5_at_q6_5/Z/r01,5,Z,1,q6_5,rl,isotonic,5.9694670344661576e-05,0.005084370177165857
same,d5_at_q6_5/Z/r10,d5_at_q6_5/Z/r10,5,Z,10,q6_5,rl,platt,0.0028814743425895047,0.1080539804757626
same,d5_at_q6_5/Z/r10,d5_at_q6_5/Z/r10,5,Z,10,q6_5,rl,isotonic,0.0037870016550489703,0.10887208846168744
sim,sim:d5_at_q6_5/Z/r10,d5_at_q6_5/Z/r10,5,Z,10,q6_5,rl,platt,0.003819488725893683,0.10817323334875409
sim,sim:d5_at_q6_5/Z/r10,d5_at_q6_5/Z/r10,5,Z,10,q6_5,rl,isotonic,0.0044339062873697006,0.10911576782436438
basis,d5_at_q6_5/X/r10,d5_at_q6_5/Z/r10,5,Z,10,q6_5,rl,platt,0.006409081703093446,0.10857485863327977
basis,d5_at_q6_5/X/r10,d5_at_q6_5/Z/r10,5,Z,10,q6_5,rl,isotonic,0.007127531647415195,0.10894922673009044
patch,d5_at_q4_7/Z/r10,d5_at_q6_5/Z/r10,5,Z,10,q6_5,rl,platt,0.0045634557765278265,0.10824081252678276
patch,d5_at_q4_7/Z/r10,d5_at_q6_5/Z/r10,5,Z,10,q6_5,rl,isotonic,0.006284618575334027,0.10954349417329248
patch,d5_at_q6_9/Z/r10,d5_at_q6_5/Z/r10,5,Z,10,q6_5,rl,platt,0.00323158465928093,0.10807567423413607
patch,d5_at_q6_9/Z/r10,d5_at_q6_5/Z/r10,5,Z,10,q6_5,rl,isotonic,0.004460554266963742,0.10875266870675995
patch,d5_at_q8_7/Z/r10,d5_at_q6_5/Z/r10,5,Z,10,q6_5,rl,platt,0.005398134480016983,0.10835296552346092
patch,d5_at_q8_7/Z/r10,d5_at_q6_5/Z/r10,5,Z,10,q6_5,rl,isotonic,0.0061041536954410235,0.10899989567067594
pooled,pool:d5/Z/r10 without q6_5 (3 patches),d5_at_q6_5/Z/r10,5,Z,10,q6_5,rl,platt,0.004359896438391321,0.10820462497241712
pooled,pool:d5/Z/r10 without q6_5 (3 patches),d5_at_q6_5/Z/r10,5,Z,10,q6_5,rl,isotonic,0.004827952881858005,0.10812302694849653
same,d5_at_q6_5/Z/r30,d5_at_q6_5/Z/r30,5,Z,30,q6_5,rl,platt,0.005927726734308808,0.36383834948416305
same,d5_at_q6_5/Z/r30,d5_at_q6_5/Z/r30,5,Z,30,q6_5,rl,isotonic,0.01140533179406979,0.3631407859954197
sim,sim:d5_at_q6_5/Z/r30,d5_at_q6_5/Z/r30,5,Z,30,q6_5,rl,platt,0.01787132383577893,0.36569416203675115
sim,sim:d5_at_q6_5/Z/r30,d5_at_q6_5/Z/r30,5,Z,30,q6_5,rl,isotonic,0.019229982572582446,0.3666633224921315
basis,d5_at_q6_5/X/r30,d5_at_q6_5/Z/r30,5,Z,30,q6_5,rl,platt,0.008709745757122335,0.3640429075439756
basis,d5_at_q6_5/X/r30,d5_at_q6_5/Z/r30,5,Z,30,q6_5,rl,isotonic,0.008864419739584725,0.3644369178566353
patch,d5_at_q4_7/Z/r30,d5_at_q6_5/Z/r30,5,Z,30,q6_5,rl,platt,0.008828188058451031,0.3638864540496492
patch,d5_at_q4_7/Z/r30,d5_at_q6_5/Z/r30,5,Z,30,q6_5,rl,isotonic,0.008386996226421767,0.3641363985718068
patch,d5_at_q6_9/Z/r30,d5_at_q6_5/Z/r30,5,Z,30,q6_5,rl,platt,0.01602819340696805,0.36485592412260814
patch,d5_at_q6_9/Z/r30,d5_at_q6_5/Z/r30,5,Z,30,q6_5,rl,isotonic,0.017105994760836147,0.37036578428838157
patch,d5_at_q8_7/Z/r30,d5_at_q6_5/Z/r30,5,Z,30,q6_5,rl,platt,0.008300154950330114,0.36397107993171934
patch,d5_at_q8_7/Z/r30,d5_at_q6_5/Z/r30,5,Z,30,q6_5,rl,isotonic,0.011439700525444166,0.36521823224064476
pooled,pool:d5/Z/r30 without q6_5 (3 patches),d5_at_q6_5/Z/r30,5,Z,30,q6_5,rl,platt,0.010147516223906377,0.36411657545910553
pooled,pool:d5/Z/r30 without q6_5 (3 patches),d5_at_q6_5/Z/r30,5,Z,30,q6_5,rl,isotonic,0.012781740118002902,0.36458184008012645
same,d5_at_q6_5/Z/r50,d5_at_q6_5/Z/r50,5,Z,50,q6_5,rl,platt,0.009846772998376715,0.4096704962384584
same,d5_at_q6_5/Z/r50,d5_at_q6_5/Z/r50,5,Z,50,q6_5,rl,isotonic,0.0062712224891857855,0.41069112501993976
sim,sim:d5_at_q6_5/Z/r50,d5_at_q6_5/Z/r50,5,Z,50,q6_5,rl,platt,0.010706821941067613,0.40983086736993585
sim,sim:d5_at_q6_5/Z/r50,d5_at_q6_5/Z/r50,5,Z,50,q6_5,rl,isotonic,0.014493965859622608,0.41089844750101945
basis,d5_at_q6_5/X/r50,d5_at_q6_5/Z/r50,5,Z,50,q6_5,rl,platt,0.01938803856783414,0.41095966125609246
basis,d5_at_q6_5/X/r50,d5_at_q6_5/Z/r50,5,Z,50,q6_5,rl,isotonic,0.02126565035762808,0.4115804963101432
patch,d5_at_q4_7/Z/r50,d5_at_q6_5/Z/r50,5,Z,50,q6_5,rl,platt,0.01250453178458067,0.40991031978021836
patch,d5_at_q4_7/Z/r50,d5_at_q6_5/Z/r50,5,Z,50,q6_5,rl,isotonic,0.013379710456705409,0.41044749905264366
patch,d5_at_q6_9/Z/r50,d5_at_q6_5/Z/r50,5,Z,50,q6_5,rl,platt,0.020637221361799286,0.4112854633570189
patch,d5_at_q6_9/Z/r50,d5_at_q6_5/Z/r50,5,Z,50,q6_5,rl,isotonic,0.019248327730818974,0.41281692929719715
patch,d5_at_q8_7/Z/r50,d5_at_q6_5/Z/r50,5,Z,50,q6_5,rl,platt,0.017922620466209724,0.41066234223887443
patch,d5_at_q8_7/Z/r50,d5_at_q6_5/Z/r50,5,Z,50,q6_5,rl,isotonic,0.017249580827318974,0.41229433361453244
pooled,pool:d5/Z/r50 without q6_5 (3 patches),d5_at_q6_5/Z/r50,5,Z,50,q6_5,rl,platt,0.016789241535121006,0.41047149604187
pooled,pool:d5/Z/r50 without q6_5 (3 patches),d5_at_q6_5/Z/r50,5,Z,50,q6_5,rl,isotonic,0.01609779751578586,0.4107916209344978
same,d5_at_q6_9/X/r01,d5_at_q6_9/X/r01,5,X,1,q6_9,rl,platt,0.0005081865302032501,0.00737812709153175
same,d5_at_q6_9/X/r01,d5_at_q6_9/X/r01,5,X,1,q6_9,rl,isotonic,0.0006430472911974686,0.009413966013828717
sim,sim:d5_at_q6_9/X/r01,d5_at_q6_9/X/r01,5,X,1,q6_9,rl,platt,0.00013060788377593064,0.007326032272227192
sim,sim:d5_at_q6_9/X/r01,d5_at_q6_9/X/r01,5,X,1,q6_9,rl,isotonic,0.0002085530212584417,0.008096554510557954
basis,d5_at_q6_9/Z/r01,d5_at_q6_9/X/r01,5,X,1,q6_9,rl,platt,0.0006759448824108482,0.007433442620216044
basis,d5_at_q6_9/Z/r01,d5_at_q6_9/X/r01,5,X,1,q6_9,rl,isotonic,0.000525825912192306,0.008820240952624321
patch,d5_at_q4_7/X/r01,d5_at_q6_9/X/r01,5,X,1,q6_9,rl,platt,3.045145549875025e-05,0.007240861526712821
patch,d5_at_q4_7/X/r01,d5_at_q6_9/X/r01,5,X,1,q6_9,rl,isotonic,0.0003700944554712697,0.007929275841967608
patch,d5_at_q6_5/X/r01,d5_at_q6_9/X/r01,5,X,1,q6_9,rl,platt,0.00018501120848651427,0.007349733248514333
patch,d5_at_q6_5/X/r01,d5_at_q6_9/X/r01,5,X,1,q6_9,rl,isotonic,0.00024006247590687907,0.008473279437929276
patch,d5_at_q8_7/X/r01,d5_at_q6_9/X/r01,5,X,1,q6_9,rl,platt,0.00018459848928394535,0.007383637575421312
patch,d5_at_q8_7/X/r01,d5_at_q6_9/X/r01,5,X,1,q6_9,rl,isotonic,0.0001165132242206986,0.0075860914367440555
pooled,pool:d5/X/r1 without q6_9 (3 patches),d5_at_q6_9/X/r01,5,X,1,q6_9,rl,platt,3.450314292439218e-05,0.007245545081039038
pooled,pool:d5/X/r1 without q6_9 (3 patches),d5_at_q6_9/X/r01,5,X,1,q6_9,rl,isotonic,0.00018608682657524753,0.007441077039848231
same,d5_at_q6_9/X/r10,d5_at_q6_9/X/r10,5,X,10,q6_9,rl,platt,0.0033276142343429994,0.14680684369747726
same,d5_at_q6_9/X/r10,d5_at_q6_9/X/r10,5,X,10,q6_9,rl,isotonic,0.002787915365339802,0.1481388957833364
sim,sim:d5_at_q6_9/X/r10,d5_at_q6_9/X/r10,5,X,10,q6_9,rl,platt,0.006089669939062781,0.14759661875022273
sim,sim:d5_at_q6_9/X/r10,d5_at_q6_9/X/r10,5,X,10,q6_9,rl,isotonic,0.005935572565308594,0.14808681179600916
basis,d5_at_q6_9/Z/r10,d5_at_q6_9/X/r10,5,X,10,q6_9,rl,platt,0.005779279893125234,0.14722404808034933
basis,d5_at_q6_9/Z/r10,d5_at_q6_9/X/r10,5,X,10,q6_9,rl,isotonic,0.0056268657673025435,0.1480282622690862
patch,d5_at_q4_7/X/r10,d5_at_q6_9/X/r10,5,X,10,q6_9,rl,platt,0.0029156554735795593,0.14679644415174686
patch,d5_at_q4_7/X/r10,d5_at_q6_9/X/r10,5,X,10,q6_9,rl,isotonic,0.005739286860807931,0.148022954647167
patch,d5_at_q6_5/X/r10,d5_at_q6_9/X/r10,5,X,10,q6_9,rl,platt,0.003567322678893337,0.14683903975530707
patch,d5_at_q6_5/X/r10,d5_at_q6_9/X/r10,5,X,10,q6_9,rl,isotonic,0.0036830647976366223,0.14740235415627695
patch,d5_at_q8_7/X/r10,d5_at_q6_9/X/r10,5,X,10,q6_9,rl,platt,0.005466568000624905,0.1469756876043642
patch,d5_at_q8_7/X/r10,d5_at_q6_9/X/r10,5,X,10,q6_9,rl,isotonic,0.0051015068448796224,0.14725833955754544
pooled,pool:d5/X/r10 without q6_9 (3 patches),d5_at_q6_9/X/r10,5,X,10,q6_9,rl,platt,0.002964206268995014,0.1468029803119272
pooled,pool:d5/X/r10 without q6_9 (3 patches),d5_at_q6_9/X/r10,5,X,10,q6_9,rl,isotonic,0.003192795188240867,0.14685696533476778
same,d5_at_q6_9/X/r30,d5_at_q6_9/X/r30,5,X,30,q6_9,rl,platt,0.0067225251314518165,0.3985920457121243
same,d5_at_q6_9/X/r30,d5_at_q6_9/X/r30,5,X,30,q6_9,rl,isotonic,0.006792701227871172,0.3991239329738902
sim,sim:d5_at_q6_9/X/r30,d5_at_q6_9/X/r30,5,X,30,q6_9,rl,platt,0.0326723531547648,0.40425575292371935
sim,sim:d5_at_q6_9/X/r30,d5_at_q6_9/X/r30,5,X,30,q6_9,rl,isotonic,0.03266760860802743,0.40507036414900344
basis,d5_at_q6_9/Z/r30,d5_at_q6_9/X/r30,5,X,30,q6_9,rl,platt,0.006569586248367341,0.39855062420256765
basis,d5_at_q6_9/Z/r30,d5_at_q6_9/X/r30,5,X,30,q6_9,rl,isotonic,0.00649275846570629,0.40381827394860736
patch,d5_at_q4_7/X/r30,d5_at_q6_9/X/r30,5,X,30,q6_9,rl,platt,0.009842219076525794,0.39879700276470975
patch,d5_at_q4_7/X/r30,d5_at_q6_9/X/r30,5,X,30,q6_9,rl,isotonic,0.010423079993017007,0.39936470589829803
patch,d5_at_q6_5/X/r30,d5_at_q6_9/X/r30,5,X,30,q6_9,rl,platt,0.01136852485782174,0.39899871975549545
patch,d5_at_q6_5/X/r30,d5_at_q6_9/X/r30,5,X,30,q6_9,rl,isotonic,0.011919494302119712,0.3999700355222975
patch,d5_at_q8_7/X/r30,d5_at_q6_9/X/r30,5,X,30,q6_9,rl,platt,0.005792720592049658,0.3985608915890459
patch,d5_at_q8_7/X/r30,d5_at_q6_9/X/r30,5,X,30,q6_9,rl,isotonic,0.008911375490679187,0.3995327433714967
pooled,pool:d5/X/r30 without q6_9 (3 patches),d5_at_q6_9/X/r30,5,X,30,q6_9,rl,platt,0.008053604797172929,0.3986713914793334
pooled,pool:d5/X/r30 without q6_9 (3 patches),d5_at_q6_9/X/r30,5,X,30,q6_9,rl,isotonic,0.007948517631031325,0.3990328211007048
same,d5_at_q6_9/X/r50,d5_at_q6_9/X/r50,5,X,50,q6_9,rl,platt,0.015300537023412138,0.48575694322984697
same,d5_at_q6_9/X/r50,d5_at_q6_9/X/r50,5,X,50,q6_9,rl,isotonic,0.013291011296116094,0.48708683106289397
sim,sim:d5_at_q6_9/X/r50,d5_at_q6_9/X/r50,5,X,50,q6_9,rl,platt,0.029922436569166704,0.4881392644141438
sim,sim:d5_at_q6_9/X/r50,d5_at_q6_9/X/r50,5,X,50,q6_9,rl,isotonic,0.029653227499979017,0.48932293625167905
basis,d5_at_q6_9/Z/r50,d5_at_q6_9/X/r50,5,X,50,q6_9,rl,platt,0.015458955051805936,0.48566125753543643
basis,d5_at_q6_9/Z/r50,d5_at_q6_9/X/r50,5,X,50,q6_9,rl,isotonic,0.011244285116633087,0.48599159376452145
patch,d5_at_q4_7/X/r50,d5_at_q6_9/X/r50,5,X,50,q6_9,rl,platt,0.01679580293543497,0.4858403275031428
patch,d5_at_q4_7/X/r50,d5_at_q6_9/X/r50,5,X,50,q6_9,rl,isotonic,0.012701161007599016,0.4868142937967647
patch,d5_at_q6_5/X/r50,d5_at_q6_9/X/r50,5,X,50,q6_9,rl,platt,0.015112513464824732,0.4857088520570812
patch,d5_at_q6_5/X/r50,d5_at_q6_9/X/r50,5,X,50,q6_9,rl,isotonic,0.012084547826255914,0.4861640501956776
patch,d5_at_q8_7/X/r50,d5_at_q6_9/X/r50,5,X,50,q6_9,rl,platt,0.015291125469640633,0.4856896973567337
patch,d5_at_q8_7/X/r50,d5_at_q6_9/X/r50,5,X,50,q6_9,rl,isotonic,0.009897108153719619,0.4860002980919852
pooled,pool:d5/X/r50 without q6_9 (3 patches),d5_at_q6_9/X/r50,5,X,50,q6_9,rl,platt,0.015248880472259953,0.4856222109060519
pooled,pool:d5/X/r50 without q6_9 (3 patches),d5_at_q6_9/X/r50,5,X,50,q6_9,rl,isotonic,0.009485760439236763,0.4856711310630114
same,d5_at_q6_9/Z/r01,d5_at_q6_9/Z/r01,5,Z,1,q6_9,rl,platt,0.0003646216034110407,0.004879362222062023
same,d5_at_q6_9/Z/r01,d5_at_q6_9/Z/r01,5,Z,1,q6_9,rl,isotonic,0.000303322831252167,0.0050487632875941945
sim,sim:d5_at_q6_9/Z/r01,d5_at_q6_9/Z/r01,5,Z,1,q6_9,rl,platt,0.00012773184332339854,0.00482684462478754
sim,sim:d5_at_q6_9/Z/r01,d5_at_q6_9/Z/r01,5,Z,1,q6_9,rl,isotonic,0.00046480170718344053,0.005821207403414928
basis,d5_at_q6_9/X/r01,d5_at_q6_9/Z/r01,5,Z,1,q6_9,rl,platt,0.0005721612237910426,0.004931845722250909
basis,d5_at_q6_9/X/r01,d5_at_q6_9/Z/r01,5,Z,1,q6_9,rl,isotonic,0.0007131662236441707,0.004806619669165757
patch,d5_at_q4_7/Z/r01,d5_at_q6_9/Z/r01,5,Z,1,q6_9,rl,platt,0.0002735284503775329,0.004912317360350115
patch,d5_at_q4_7/Z/r01,d5_at_q6_9/Z/r01,5,Z,1,q6_9,rl,isotonic,0.0001519769183169357,0.00518939345764851
patch,d5_at_q6_5/Z/r01,d5_at_q6_9/Z/r01,5,Z,1,q6_9,rl,platt,0.0005053618511318707,0.004945505438436082
patch,d5_at_q6_5/Z/r01,d5_at_q6_9/Z/r01,5,Z,1,q6_9,rl,isotonic,0.0005132109573991019,0.0061273220432375725
patch,d5_at_q8_7/Z/r01,d5_at_q6_9/Z/r01,5,Z,1,q6_9,rl,platt,0.00032479978890841447,0.004870027491903235
patch,d5_at_q8_7/Z/r01,d5_at_q6_9/Z/r01,5,Z,1,q6_9,rl,isotonic,0.0002658576169811705,0.00504574349604753
pooled,pool:d5/Z/r1 without q6_9 (3 patches),d5_at_q6_9/Z/r01,5,Z,1,q6_9,rl,platt,0.00015808477862407078,0.004833437591515809
pooled,pool:d5/Z/r1 without q6_9 (3 patches),d5_at_q6_9/Z/r01,5,Z,1,q6_9,rl,isotonic,0.00015321839711023572,0.004936900834406798
same,d5_at_q6_9/Z/r10,d5_at_q6_9/Z/r10,5,Z,10,q6_9,rl,platt,0.0025561740880284045,0.14223214479325366
same,d5_at_q6_9/Z/r10,d5_at_q6_9/Z/r10,5,Z,10,q6_9,rl,isotonic,0.003730916628501802,0.14237200447787604
sim,sim:d5_at_q6_9/Z/r10,d5_at_q6_9/Z/r10,5,Z,10,q6_9,rl,platt,0.0035149215908358224,0.14240175087831236
sim,sim:d5_at_q6_9/Z/r10,d5_at_q6_9/Z/r10,5,Z,10,q6_9,rl,isotonic,0.004112345650579114,0.14261424823223087
basis,d5_at_q6_9/X/r10,d5_at_q6_9/Z/r10,5,Z,10,q6_9,rl,platt,0.008164960139752452,0.14294529111733043
basis,d5_at_q6_9/X/r10,d5_at_q6_9/Z/r10,5,Z,10,q6_9,rl,isotonic,0.008833017643684273,0.14423240507562834
patch,d5_at_q4_7/Z/r10,d5_at_q6_9/Z/r10,5,Z,10,q6_9,rl,platt,0.0033186976143605904,0.14236201880110477
patch,d5_at_q4_7/Z/r10,d5_at_q6_9/Z/r10,5,Z,10,q6_9,rl,isotonic,0.004693126754034055,0.1442869417272655
patch,d5_at_q6_5/Z/r10,d5_at_q6_9/Z/r10,5,Z,10,q6_9,rl,platt,0.002893153201176989,0.14227858503212232
patch,d5_at_q6_5/Z/r10,d5_at_q6_9/Z/r10,5,Z,10,q6_9,rl,isotonic,0.004444710944323855,0.14347894173119996
patch,d5_at_q8_7/Z/r10,d5_at_q6_9/Z/r10,5,Z,10,q6_9,rl,platt,0.003886023195040549,0.1424202221285587
patch,d5_at_q8_7/Z/r10,d5_at_q6_9/Z/r10,5,Z,10,q6_9,rl,isotonic,0.004497219132300338,0.14437343788472545
pooled,pool:d5/Z/r10 without q6_9 (3 patches),d5_at_q6_9/Z/r10,5,Z,10,q6_9,rl,platt,0.0031947395616546952,0.14233386015588712
pooled,pool:d5/Z/r10 without q6_9 (3 patches),d5_at_q6_9/Z/r10,5,Z,10,q6_9,rl,isotonic,0.003701022815157533,0.14371374869665626
same,d5_at_q6_9/Z/r30,d5_at_q6_9/Z/r30,5,Z,30,q6_9,rl,platt,0.008693753531384603,0.4293866224146236
same,d5_at_q6_9/Z/r30,d5_at_q6_9/Z/r30,5,Z,30,q6_9,rl,isotonic,0.007182446605152686,0.4313652631997575
sim,sim:d5_at_q6_9/Z/r30,d5_at_q6_9/Z/r30,5,Z,30,q6_9,rl,platt,0.02403419268668138,0.43227487778394025
sim,sim:d5_at_q6_9/Z/r30,d5_at_q6_9/Z/r30,5,Z,30,q6_9,rl,isotonic,0.02314609433532663,0.4334202870675021
basis,d5_at_q6_9/X/r30,d5_at_q6_9/Z/r30,5,Z,30,q6_9,rl,platt,0.009133573034623367,0.4294352020552401
basis,d5_at_q6_9/X/r30,d5_at_q6_9/Z/r30,5,Z,30,q6_9,rl,isotonic,0.007427470946162735,0.4297807644536591
patch,d5_at_q4_7/Z/r30,d5_at_q6_9/Z/r30,5,Z,30,q6_9,rl,platt,0.014798219573295907,0.43023849331769165
patch,d5_at_q4_7/Z/r30,d5_at_q6_9/Z/r30,5,Z,30,q6_9,rl,isotonic,0.013631542460441773,0.43045403470462806
patch,d5_at_q6_5/Z/r30,d5_at_q6_9/Z/r30,5,Z,30,q6_9,rl,platt,0.01594931909248383,0.43022730014703997
patch,d5_at_q6_5/Z/r30,d5_at_q6_9/Z/r30,5,Z,30,q6_9,rl,isotonic,0.016693349630317867,0.43099220379928055
patch,d5_at_q8_7/Z/r30,d5_at_q6_9/Z/r30,5,Z,30,q6_9,rl,platt,0.011340899012924616,0.42976509881388064
patch,d5_at_q8_7/Z/r30,d5_at_q6_9/Z/r30,5,Z,30,q6_9,rl,isotonic,0.011874643631117376,0.431173221839108
pooled,pool:d5/Z/r30 without q6_9 (3 patches),d5_at_q6_9/Z/r30,5,Z,30,q6_9,rl,platt,0.014061745266739869,0.43003564500646124
pooled,pool:d5/Z/r30 without q6_9 (3 patches),d5_at_q6_9/Z/r30,5,Z,30,q6_9,rl,isotonic,0.014621650633353902,0.4300395860408778
same,d5_at_q6_9/Z/r50,d5_at_q6_9/Z/r50,5,Z,50,q6_9,rl,platt,0.010053332943904411,0.4941371953403457
same,d5_at_q6_9/Z/r50,d5_at_q6_9/Z/r50,5,Z,50,q6_9,rl,isotonic,0.009290003300346438,0.4949615038817248
sim,sim:d5_at_q6_9/Z/r50,d5_at_q6_9/Z/r50,5,Z,50,q6_9,rl,platt,0.020434941821447963,0.4954496882012288
sim,sim:d5_at_q6_9/Z/r50,d5_at_q6_9/Z/r50,5,Z,50,q6_9,rl,isotonic,0.020051599061389442,0.4968117161097754
basis,d5_at_q6_9/X/r50,d5_at_q6_9/Z/r50,5,Z,50,q6_9,rl,platt,0.007962329234398925,0.4941835101746875
basis,d5_at_q6_9/X/r50,d5_at_q6_9/Z/r50,5,Z,50,q6_9,rl,isotonic,0.011099064555689018,0.4949851310456721
patch,d5_at_q4_7/Z/r50,d5_at_q6_9/Z/r50,5,Z,50,q6_9,rl,platt,0.01852035429048395,0.49511149224549217
patch,d5_at_q4_7/Z/r50,d5_at_q6_9/Z/r50,5,Z,50,q6_9,rl,isotonic,0.016313601884517807,0.49647694575669327
patch,d5_at_q6_5/Z/r50,d5_at_q6_9/Z/r50,5,Z,50,q6_9,rl,platt,0.024564496419981464,0.4959520504427689
patch,d5_at_q6_5/Z/r50,d5_at_q6_9/Z/r50,5,Z,50,q6_9,rl,isotonic,0.022909789983675617,0.4971964230092849
patch,d5_at_q8_7/Z/r50,d5_at_q6_9/Z/r50,5,Z,50,q6_9,rl,platt,0.011472284715410208,0.49425162234375203
patch,d5_at_q8_7/Z/r50,d5_at_q6_9/Z/r50,5,Z,50,q6_9,rl,isotonic,0.012642322293569765,0.49576891026413633
pooled,pool:d5/Z/r50 without q6_9 (3 patches),d5_at_q6_9/Z/r50,5,Z,50,q6_9,rl,platt,0.01736696231130259,0.49494461003924445
pooled,pool:d5/Z/r50 without q6_9 (3 patches),d5_at_q6_9/Z/r50,5,Z,50,q6_9,rl,isotonic,0.015983547918404693,0.4962030613229128
same,d5_at_q8_7/X/r01,d5_at_q8_7/X/r01,5,X,1,q8_7,rl,platt,0.0012362429570228442,0.011352518000871554
same,d5_at_q8_7/X/r01,d5_at_q8_7/X/r01,5,X,1,q8_7,rl,isotonic,0.0011815784640247515,0.011612617984027082
sim,sim:d5_at_q8_7/X/r01,d5_at_q8_7/X/r01,5,X,1,q8_7,rl,platt,0.002178541171172373,0.013411417938917291
sim,sim:d5_at_q8_7/X/r01,d5_at_q8_7/X/r01,5,X,1,q8_7,rl,isotonic,0.0023613255995461615,0.014991211047230703
basis,d5_at_q8_7/Z/r01,d5_at_q8_7/X/r01,5,X,1,q8_7,rl,platt,0.00094678940981913,0.011731525113936752
basis,d5_at_q8_7/Z/r01,d5_at_q8_7/X/r01,5,X,1,q8_7,rl,isotonic,0.0011160232329046576,0.011794645576012402
patch,d5_at_q4_7/X/r01,d5_at_q8_7/X/r01,5,X,1,q8_7,rl,platt,0.001105105962347313,0.011349724295670579
patch,d5_at_q4_7/X/r01,d5_at_q8_7/X/r01,5,X,1,q8_7,rl,isotonic,0.0010130338475446907,0.01221761861808401
patch,d5_at_q6_5/X/r01,d5_at_q8_7/X/r01,5,X,1,q8_7,rl,platt,0.0009576308173705517,0.011667923074381671
patch,d5_at_q6_5/X/r01,d5_at_q8_7/X/r01,5,X,1,q8_7,rl,isotonic,0.0009156809159973186,0.013322637047970954
patch,d5_at_q6_9/X/r01,d5_at_q8_7/X/r01,5,X,1,q8_7,rl,platt,0.00061360271732414,0.011450368080706212
patch,d5_at_q6_9/X/r01,d5_at_q8_7/X/r01,5,X,1,q8_7,rl,isotonic,0.000507444535289566,0.013293788958347343
pooled,pool:d5/X/r1 without q8_7 (3 patches),d5_at_q8_7/X/r01,5,X,1,q8_7,rl,platt,0.0008997911505612033,0.011421482721328155
pooled,pool:d5/X/r1 without q8_7 (3 patches),d5_at_q8_7/X/r01,5,X,1,q8_7,rl,isotonic,0.0008264345601504726,0.013155303689086665
same,d5_at_q8_7/X/r10,d5_at_q8_7/X/r10,5,X,10,q8_7,rl,platt,0.006700957664358708,0.15508137084015958
same,d5_at_q8_7/X/r10,d5_at_q8_7/X/r10,5,X,10,q8_7,rl,isotonic,0.007558127903656242,0.15565521579907324
sim,sim:d5_at_q8_7/X/r10,d5_at_q8_7/X/r10,5,X,10,q8_7,rl,platt,0.009459792676687711,0.15690286145460422
sim,sim:d5_at_q8_7/X/r10,d5_at_q8_7/X/r10,5,X,10,q8_7,rl,isotonic,0.00937871509563627,0.15848428960425073
basis,d5_at_q8_7/Z/r10,d5_at_q8_7/X/r10,5,X,10,q8_7,rl,platt,0.0052025652170477185,0.15515781625951638
basis,d5_at_q8_7/Z/r10,d5_at_q8_7/X/r10,5,X,10,q8_7,rl,isotonic,0.005453686386816046,0.1569633007478893
patch,d5_at_q4_7/X/r10,d5_at_q8_7/X/r10,5,X,10,q8_7,rl,platt,0.0036741898237140805,0.15476251034176772
patch,d5_at_q4_7/X/r10,d5_at_q8_7/X/r10,5,X,10,q8_7,rl,isotonic,0.005640076331775364,0.15532410420502638
patch,d5_at_q6_5/X/r10,d5_at_q8_7/X/r10,5,X,10,q8_7,rl,platt,0.002836612297087186,0.1547205882891638
patch,d5_at_q6_5/X/r10,d5_at_q8_7/X/r10,5,X,10,q8_7,rl,isotonic,0.00391728654563214,0.15568647596516488
patch,d5_at_q6_9/X/r10,d5_at_q8_7/X/r10,5,X,10,q8_7,rl,platt,0.004717751809232808,0.15485126289235723
patch,d5_at_q6_9/X/r10,d5_at_q8_7/X/r10,5,X,10,q8_7,rl,isotonic,0.005518614722537503,0.15593686003443394
pooled,pool:d5/X/r10 without q8_7 (3 patches),d5_at_q8_7/X/r10,5,X,10,q8_7,rl,platt,0.0036514781534209596,0.15476056408327873
pooled,pool:d5/X/r10 without q8_7 (3 patches),d5_at_q8_7/X/r10,5,X,10,q8_7,rl,isotonic,0.0045303469710057205,0.1551900162884207
same,d5_at_q8_7/X/r30,d5_at_q8_7/X/r30,5,X,30,q8_7,rl,platt,0.008680785307225929,0.41825688085997753
same,d5_at_q8_7/X/r30,d5_at_q8_7/X/r30,5,X,30,q8_7,rl,isotonic,0.007506996171740388,0.4180368090853111
sim,sim:d5_at_q8_7/X/r30,d5_at_q8_7/X/r30,5,X,30,q8_7,rl,platt,0.03230360600402483,0.42398251519497676
sim,sim:d5_at_q8_7/X/r30,d5_at_q8_7/X/r30,5,X,30,q8_7,rl,isotonic,0.032315728601475815,0.424683633179373
basis,d5_at_q8_7/Z/r30,d5_at_q8_7/X/r30,5,X,30,q8_7,rl,platt,0.01606261905601311,0.4190778405039511
basis,d5_at_q8_7/Z/r30,d5_at_q8_7/X/r30,5,X,30,q8_7,rl,isotonic,0.013645226424444998,0.41916740406112235
patch,d5_at_q4_7/X/r30,d5_at_q8_7/X/r30,5,X,30,q8_7,rl,platt,0.011962843619470458,0.4185480866731776
patch,d5_at_q4_7/X/r30,d5_at_q8_7/X/r30,5,X,30,q8_7,rl,isotonic,0.008942963338869259,0.4187438394003826
patch,d5_at_q6_5/X/r30,d5_at_q8_7/X/r30,5,X,30,q8_7,rl,platt,0.014912795020417804,0.41890988891372316
patch,d5_at_q6_5/X/r30,d5_at_q8_7/X/r30,5,X,30,q8_7,rl,isotonic,0.0128988646168643,0.4195533592803411
patch,d5_at_q6_9/X/r30,d5_at_q8_7/X/r30,5,X,30,q8_7,rl,platt,0.009690135493741552,0.4183207690405757
patch,d5_at_q6_9/X/r30,d5_at_q8_7/X/r30,5,X,30,q8_7,rl,isotonic,0.006670318641234834,0.41832132683540707
pooled,pool:d5/X/r30 without q8_7 (3 patches),d5_at_q8_7/X/r30,5,X,30,q8_7,rl,platt,0.011955986240420964,0.41853623933517503
pooled,pool:d5/X/r30 without q8_7 (3 patches),d5_at_q8_7/X/r30,5,X,30,q8_7,rl,isotonic,0.009224012539788549,0.4185629962831321
same,d5_at_q8_7/X/r50,d5_at_q8_7/X/r50,5,X,50,q8_7,rl,platt,0.008016680184827749,0.48517760750902855
same,d5_at_q8_7/X/r50,d5_at_q8_7/X/r50,5,X,50,q8_7,rl,isotonic,0.008328401183494287,0.48692774348234963
sim,sim:d5_at_q8_7/X/r50,d5_at_q8_7/X/r50,5,X,50,q8_7,rl,platt,0.024634849427058795,0.48771010617354354
sim,sim:d5_at_q8_7/X/r50,d5_at_q8_7/X/r50,5,X,50,q8_7,rl,isotonic,0.022691875282783,0.48901059371070926
basis,d5_at_q8_7/Z/r50,d5_at_q8_7/X/r50,5,X,50,q8_7,rl,platt,0.012562857949761932,0.4857759177127728
basis,d5_at_q8_7/Z/r50,d5_at_q8_7/X/r50,5,X,50,q8_7,rl,isotonic,0.014146461997871089,0.4880729390721368
patch,d5_at_q4_7/X/r50,d5_at_q8_7/X/r50,5,X,50,q8_7,rl,platt,0.010219890816537845,0.48532845309556505
patch,d5_at_q4_7/X/r50,d5_at_q8_7/X/r50,5,X,50,q8_7,rl,isotonic,0.014085505721174703,0.4871895442913867
patch,d5_at_q6_5/X/r50,d5_at_q8_7/X/r50,5,X,50,q8_7,rl,platt,0.010482097167555892,0.4854084424115589
patch,d5_at_q6_5/X/r50,d5_at_q8_7/X/r50,5,X,50,q8_7,rl,isotonic,0.011957174603162495,0.48659734913829183
patch,d5_at_q6_9/X/r50,d5_at_q8_7/X/r50,5,X,50,q8_7,rl,platt,0.008617222538633416,0.4852396852071127
patch,d5_at_q6_9/X/r50,d5_at_q8_7/X/r50,5,X,50,q8_7,rl,isotonic,0.009333216891184588,0.4875224793482645
pooled,pool:d5/X/r50 without q8_7 (3 patches),d5_at_q8_7/X/r50,5,X,50,q8_7,rl,platt,0.007962241024143718,0.4851725232567821
pooled,pool:d5/X/r50 without q8_7 (3 patches),d5_at_q8_7/X/r50,5,X,50,q8_7,rl,isotonic,0.008754664062382947,0.4862261864002421
same,d5_at_q8_7/Z/r01,d5_at_q8_7/Z/r01,5,Z,1,q8_7,rl,platt,0.00011195935257550433,0.005474511130522821
same,d5_at_q8_7/Z/r01,d5_at_q8_7/Z/r01,5,Z,1,q8_7,rl,isotonic,0.0003972242114400213,0.005757145477168771
sim,sim:d5_at_q8_7/Z/r01,d5_at_q8_7/Z/r01,5,Z,1,q8_7,rl,platt,0.00015643464717198682,0.005456225610016709
sim,sim:d5_at_q8_7/Z/r01,d5_at_q8_7/Z/r01,5,Z,1,q8_7,rl,isotonic,0.0004097850445906686,0.006560481475699398
basis,d5_at_q8_7/X/r01,d5_at_q8_7/Z/r01,5,Z,1,q8_7,rl,platt,5.3401025305433854e-05,0.005469207090848175
basis,d5_at_q8_7/X/r01,d5_at_q8_7/Z/r01,5,Z,1,q8_7,rl,isotonic,0.00022631534332112396,0.005904863151765749
patch,d5_at_q4_7/Z/r01,d5_at_q8_7/Z/r01,5,Z,1,q8_7,rl,platt,0.0003584645236584542,0.005427301018817438
patch,d5_at_q4_7/Z/r01,d5_at_q8_7/Z/r01,5,Z,1,q8_7,rl,isotonic,0.00023944721793982767,0.006295809483006953
patch,d5_at_q6_5/Z/r01,d5_at_q8_7/Z/r01,5,Z,1,q8_7,rl,platt,0.000614810035340735,0.005630508000207922
patch,d5_at_q6_5/Z/r01,d5_at_q8_7/Z/r01,5,Z,1,q8_7,rl,isotonic,0.0006643200846696455,0.006213780026281928
patch,d5_at_q6_9/Z/r01,d5_at_q8_7/Z/r01,5,Z,1,q8_7,rl,platt,0.0004809671309710933,0.005515623417503177
patch,d5_at_q6_9/Z/r01,d5_at_q8_7/Z/r01,5,Z,1,q8_7,rl,isotonic,0.0004838574164009911,0.006393781022829438
pooled,pool:d5/Z/r1 without q8_7 (3 patches),d5_at_q8_7/Z/r01,5,Z,1,q8_7,rl,platt,0.0004763169759863974,0.005486572295114524
pooled,pool:d5/Z/r1 without q8_7 (3 patches),d5_at_q8_7/Z/r01,5,Z,1,q8_7,rl,isotonic,0.00046741512094313875,0.006476352527872628
same,d5_at_q8_7/Z/r10,d5_at_q8_7/Z/r10,5,Z,10,q8_7,rl,platt,0.003891808474788967,0.14080551393709287
same,d5_at_q8_7/Z/r10,d5_at_q8_7/Z/r10,5,Z,10,q8_7,rl,isotonic,0.003913307695693081,0.14223639289282142
sim,sim:d5_at_q8_7/Z/r10,d5_at_q8_7/Z/r10,5,Z,10,q8_7,rl,platt,0.005334463514405985,0.141051717615371
sim,sim:d5_at_q8_7/Z/r10,d5_at_q8_7/Z/r10,5,Z,10,q8_7,rl,isotonic,0.006458883263753263,0.14204247003643358
basis,d5_at_q8_7/X/r10,d5_at_q8_7/Z/r10,5,Z,10,q8_7,rl,platt,0.00736696514806914,0.14135135562737342
basis,d5_at_q8_7/X/r10,d5_at_q8_7/Z/r10,5,Z,10,q8_7,rl,isotonic,0.008119686890852872,0.1421228776663308
patch,d5_at_q4_7/Z/r10,d5_at_q8_7/Z/r10,5,Z,10,q8_7,rl,platt,0.004126322648842166,0.14084056467329298
patch,d5_at_q4_7/Z/r10,d5_at_q8_7/Z/r10,5,Z,10,q8_7,rl,isotonic,0.004188509238990753,0.14222671600484413
patch,d5_at_q6_5/Z/r10,d5_at_q8_7/Z/r10,5,Z,10,q8_7,rl,platt,0.003977344996527016,0.1409555125751407
patch,d5_at_q6_5/Z/r10,d5_at_q8_7/Z/r10,5,Z,10,q8_7,rl,isotonic,0.004675712378226521,0.1418169093571445
patch,d5_at_q6_9/Z/r10,d5_at_q8_7/Z/r10,5,Z,10,q8_7,rl,platt,0.0032980639882666325,0.14085379659269973
patch,d5_at_q6_9/Z/r10,d5_at_q8_7/Z/r10,5,Z,10,q8_7,rl,isotonic,0.004263969303584122,0.1420899315163869
pooled,pool:d5/Z/r10 without q8_7 (3 patches),d5_at_q8_7/Z/r10,5,Z,10,q8_7,rl,platt,0.0037533035904251835,0.1408681492400919
pooled,pool:d5/Z/r10 without q8_7 (3 patches),d5_at_q8_7/Z/r10,5,Z,10,q8_7,rl,isotonic,0.0036873728091460084,0.14134476151446318
same,d5_at_q8_7/Z/r30,d5_at_q8_7/Z/r30,5,Z,30,q8_7,rl,platt,0.003987107608344204,0.38065771015236716
same,d5_at_q8_7/Z/r30,d5_at_q8_7/Z/r30,5,Z,30,q8_7,rl,isotonic,0.004518320502438929,0.3805619279607536
sim,sim:d5_at_q8_7/Z/r30,d5_at_q8_7/Z/r30,5,Z,30,q8_7,rl,platt,0.019114154716976486,0.38256784511763536
sim,sim:d5_at_q8_7/Z/r30,d5_at_q8_7/Z/r30,5,Z,30,q8_7,rl,isotonic,0.019281824980489033,0.38387491920241634
basis,d5_at_q8_7/X/r30,d5_at_q8_7/Z/r30,5,Z,30,q8_7,rl,platt,0.012032327688448944,0.38138039304115695
basis,d5_at_q8_7/X/r30,d5_at_q8_7/Z/r30,5,Z,30,q8_7,rl,isotonic,0.012504189300455364,0.38213534785309755
patch,d5_at_q4_7/Z/r30,d5_at_q8_7/Z/r30,5,Z,30,q8_7,rl,platt,0.006890298122228116,0.3807482513799273
patch,d5_at_q4_7/Z/r30,d5_at_q8_7/Z/r30,5,Z,30,q8_7,rl,isotonic,0.0064408251743233716,0.3815766210031025
patch,d5_at_q6_5/Z/r30,d5_at_q8_7/Z/r30,5,Z,30,q8_7,rl,platt,0.006619672128195996,0.3808027636864328
patch,d5_at_q6_5/Z/r30,d5_at_q8_7/Z/r30,5,Z,30,q8_7,rl,isotonic,0.006335336438192091,0.3817818423540093
patch,d5_at_q6_9/Z/r30,d5_at_q8_7/Z/r30,5,Z,30,q8_7,rl,platt,0.008848601002968262,0.38104291558881537
patch,d5_at_q6_9/Z/r30,d5_at_q8_7/Z/r30,5,Z,30,q8_7,rl,isotonic,0.011033167206375915,0.3821824493210497
pooled,pool:d5/Z/r30 without q8_7 (3 patches),d5_at_q8_7/Z/r30,5,Z,30,q8_7,rl,platt,0.0038605860865156424,0.38065206313365973
pooled,pool:d5/Z/r30 without q8_7 (3 patches),d5_at_q8_7/Z/r30,5,Z,30,q8_7,rl,isotonic,0.004803221314301737,0.38094605222917693
same,d5_at_q8_7/Z/r50,d5_at_q8_7/Z/r50,5,Z,50,q8_7,rl,platt,0.008854286525102548,0.46650044981026906
same,d5_at_q8_7/Z/r50,d5_at_q8_7/Z/r50,5,Z,50,q8_7,rl,isotonic,0.010521125529729147,0.46928165158662416
sim,sim:d5_at_q8_7/Z/r50,d5_at_q8_7/Z/r50,5,Z,50,q8_7,rl,platt,0.01413259483568933,0.4671938460542618
sim,sim:d5_at_q8_7/Z/r50,d5_at_q8_7/Z/r50,5,Z,50,q8_7,rl,isotonic,0.013489325281370156,0.46969654238032876
basis,d5_at_q8_7/X/r50,d5_at_q8_7/Z/r50,5,Z,50,q8_7,rl,platt,0.012411131476983943,0.4670687766186414
basis,d5_at_q8_7/X/r50,d5_at_q8_7/Z/r50,5,Z,50,q8_7,rl,isotonic,0.013701543863511932,0.4699221413104899
patch,d5_at_q4_7/Z/r50,d5_at_q8_7/Z/r50,5,Z,50,q8_7,rl,platt,0.011731827210599939,0.4668268292078257
patch,d5_at_q4_7/Z/r50,d5_at_q8_7/Z/r50,5,Z,50,q8_7,rl,isotonic,0.010260558127192771,0.4689803663077912
patch,d5_at_q6_5/Z/r50,d5_at_q8_7/Z/r50,5,Z,50,q8_7,rl,platt,0.015555712696097266,0.46721679819945067
patch,d5_at_q6_5/Z/r50,d5_at_q8_7/Z/r50,5,Z,50,q8_7,rl,isotonic,0.01574700344653624,0.4691398430941226
patch,d5_at_q6_9/Z/r50,d5_at_q8_7/Z/r50,5,Z,50,q8_7,rl,platt,0.00745883014537732,0.46651349947586046
patch,d5_at_q6_9/Z/r50,d5_at_q8_7/Z/r50,5,Z,50,q8_7,rl,isotonic,0.007247442136178965,0.4680278124501546
pooled,pool:d5/Z/r50 without q8_7 (3 patches),d5_at_q8_7/Z/r50,5,Z,50,q8_7,rl,platt,0.01013928184712861,0.4666159861233249
pooled,pool:d5/Z/r50 without q8_7 (3 patches),d5_at_q8_7/Z/r50,5,Z,50,q8_7,rl,isotonic,0.010127652047909361,0.4670158621575075
same,d7_at_q6_7/X/r01,d7_at_q6_7/X/r01,7,X,1,q6_7,rl,platt,8.878793061168762e-05,0.0020170705404177315
same,d7_at_q6_7/X/r01,d7_at_q6_7/X/r01,7,X,1,q6_7,rl,isotonic,0.00012460147876987255,0.0020940261881475094
sim,sim:d7_at_q6_7/X/r01,d7_at_q6_7/X/r01,7,X,1,q6_7,rl,platt,0.0003291315987329888,0.0025518821542932176
sim,sim:d7_at_q6_7/X/r01,d7_at_q6_7/X/r01,7,X,1,q6_7,rl,isotonic,0.0004516250253354521,0.0031208256091028383
basis,d7_at_q6_7/Z/r01,d7_at_q6_7/X/r01,7,X,1,q6_7,rl,platt,2.712597084958664e-05,0.002005458223716052
basis,d7_at_q6_7/Z/r01,d7_at_q6_7/X/r01,7,X,1,q6_7,rl,isotonic,4.357937373719109e-05,0.0020021838905314236
same,d7_at_q6_7/X/r10,d7_at_q6_7/X/r10,7,X,10,q6_7,rl,platt,0.004493049590490767,0.08074056206517105
same,d7_at_q6_7/X/r10,d7_at_q6_7/X/r10,7,X,10,q6_7,rl,isotonic,0.004719989616954231,0.08122035574137193
sim,sim:d7_at_q6_7/X/r10,d7_at_q6_7/X/r10,7,X,10,q6_7,rl,platt,0.002810113304257237,0.0810176183678626
sim,sim:d7_at_q6_7/X/r10,d7_at_q6_7/X/r10,7,X,10,q6_7,rl,isotonic,0.0028825112889154306,0.08226825561494816
basis,d7_at_q6_7/Z/r10,d7_at_q6_7/X/r10,7,X,10,q6_7,rl,platt,0.0024991313272992987,0.08056810259813774
basis,d7_at_q6_7/Z/r10,d7_at_q6_7/X/r10,7,X,10,q6_7,rl,isotonic,0.002838248305918661,0.08072582674585767
same,d7_at_q6_7/X/r30,d7_at_q6_7/X/r30,7,X,30,q6_7,rl,platt,0.00592885815434358,0.26851695880995663
same,d7_at_q6_7/X/r30,d7_at_q6_7/X/r30,7,X,30,q6_7,rl,isotonic,0.006654936533722045,0.2696414474972759
sim,sim:d7_at_q6_7/X/r30,d7_at_q6_7/X/r30,7,X,30,q6_7,rl,platt,0.013589661376610858,0.27047834750252
sim,sim:d7_at_q6_7/X/r30,d7_at_q6_7/X/r30,7,X,30,q6_7,rl,isotonic,0.015148522636002661,0.2736249134012515
basis,d7_at_q6_7/Z/r30,d7_at_q6_7/X/r30,7,X,30,q6_7,rl,platt,0.004932275752987305,0.2684861184187968
basis,d7_at_q6_7/Z/r30,d7_at_q6_7/X/r30,7,X,30,q6_7,rl,isotonic,0.004044287341045567,0.2701098576924372
same,d7_at_q6_7/X/r50,d7_at_q6_7/X/r50,7,X,50,q6_7,rl,platt,0.00919954108522887,0.36922696021069074
same,d7_at_q6_7/X/r50,d7_at_q6_7/X/r50,7,X,50,q6_7,rl,isotonic,0.00840552180014183,0.3705064603089065
sim,sim:d7_at_q6_7/X/r50,d7_at_q6_7/X/r50,7,X,50,q6_7,rl,platt,0.02386532713407254,0.37297993900845033
sim,sim:d7_at_q6_7/X/r50,d7_at_q6_7/X/r50,7,X,50,q6_7,rl,isotonic,0.02398545231277124,0.37455392928913805
basis,d7_at_q6_7/Z/r50,d7_at_q6_7/X/r50,7,X,50,q6_7,rl,platt,0.015306161632587979,0.3702729927155935
basis,d7_at_q6_7/Z/r50,d7_at_q6_7/X/r50,7,X,50,q6_7,rl,isotonic,0.015666940702802806,0.37194522568478167
same,d7_at_q6_7/Z/r01,d7_at_q6_7/Z/r01,7,Z,1,q6_7,rl,platt,1.930152395942418e-05,0.0017557111890146352
same,d7_at_q6_7/Z/r01,d7_at_q6_7/Z/r01,7,Z,1,q6_7,rl,isotonic,0.00010296896961695291,0.0021726027776513453
sim,sim:d7_at_q6_7/Z/r01,d7_at_q6_7/Z/r01,7,Z,1,q6_7,rl,platt,4.963062291793999e-05,0.0019028083515192145
sim,sim:d7_at_q6_7/Z/r01,d7_at_q6_7/Z/r01,7,Z,1,q6_7,rl,isotonic,0.0001862643836799332,0.002637793581837861
basis,d7_at_q6_7/X/r01,d7_at_q6_7/Z/r01,7,Z,1,q6_7,rl,platt,2.2773431232337142e-05,0.001755702552186595
basis,d7_at_q6_7/X/r01,d7_at_q6_7/Z/r01,7,Z,1,q6_7,rl,isotonic,0.00010814129395518407,0.0020444233322174294
same,d7_at_q6_7/Z/r10,d7_at_q6_7/Z/r10,7,Z,10,q6_7,rl,platt,0.002174801337231426,0.07751898540659982
same,d7_at_q6_7/Z/r10,d7_at_q6_7/Z/r10,7,Z,10,q6_7,rl,isotonic,0.0021916337677524078,0.07840141444236794
sim,sim:d7_at_q6_7/Z/r10,d7_at_q6_7/Z/r10,7,Z,10,q6_7,rl,platt,0.0019321385050681628,0.07784999970472972
sim,sim:d7_at_q6_7/Z/r10,d7_at_q6_7/Z/r10,7,Z,10,q6_7,rl,isotonic,0.0021017934869380474,0.07942712966262488
basis,d7_at_q6_7/X/r10,d7_at_q6_7/Z/r10,7,Z,10,q6_7,rl,platt,0.004044915945515992,0.07764796533848997
basis,d7_at_q6_7/X/r10,d7_at_q6_7/Z/r10,7,Z,10,q6_7,rl,isotonic,0.004656683634906935,0.07768299770904101
same,d7_at_q6_7/Z/r30,d7_at_q6_7/Z/r30,7,Z,30,q6_7,rl,platt,0.006470978428113527,0.2659753715820329
same,d7_at_q6_7/Z/r30,d7_at_q6_7/Z/r30,7,Z,30,q6_7,rl,isotonic,0.006140201237721136,0.26725510287848797
sim,sim:d7_at_q6_7/Z/r30,d7_at_q6_7/Z/r30,7,Z,30,q6_7,rl,platt,0.01437344179318712,0.2676413794759926
sim,sim:d7_at_q6_7/Z/r30,d7_at_q6_7/Z/r30,7,Z,30,q6_7,rl,isotonic,0.012928608122236705,0.2755276779122093
basis,d7_at_q6_7/X/r30,d7_at_q6_7/Z/r30,7,Z,30,q6_7,rl,platt,0.006177333776552327,0.2658701273517514
basis,d7_at_q6_7/X/r30,d7_at_q6_7/Z/r30,7,Z,30,q6_7,rl,isotonic,0.004841195970310694,0.26648696733217947
same,d7_at_q6_7/Z/r50,d7_at_q6_7/Z/r50,7,Z,50,q6_7,rl,platt,0.009545804765196965,0.3413652376342835
same,d7_at_q6_7/Z/r50,d7_at_q6_7/Z/r50,7,Z,50,q6_7,rl,isotonic,0.00944552781230692,0.3435149278701537
sim,sim:d7_at_q6_7/Z/r50,d7_at_q6_7/Z/r50,7,Z,50,q6_7,rl,platt,0.018173235539742358,0.3431767719630511
sim,sim:d7_at_q6_7/Z/r50,d7_at_q6_7/Z/r50,7,Z,50,q6_7,rl,isotonic,0.018048410646029384,0.3451677534005111
basis,d7_at_q6_7/X/r50,d7_at_q6_7/Z/r50,7,Z,50,q6_7,rl,platt,0.008260998522482731,0.3413228209338944
basis,d7_at_q6_7/X/r50,d7_at_q6_7/Z/r50,7,Z,50,q6_7,rl,isotonic,0.007050927133369113,0.34174404931610664
